[0:39:32.091217018] [1764]  INFO Camera camera_manager.cpp:340 libcamera v0.7.1+rpt20260609
[0:39:32.143534293] [1767]  INFO RPI pipeline_base.cpp:1133 Using configuration file '/usr/share/libcamera/pipeline/rpi/vc4/rpi_apps.yaml'
[0:39:32.193380893] [1767]  INFO IPAProxy ipa_proxy.cpp:184 Using tuning file /usr/share/libcamera/ipa/rpi/vc4/imx219.json
[0:39:32.199349195] [1767]  INFO Camera camera_manager.cpp:223 Adding camera '/base/soc/i2c0mux/i2c@1/imx219@10' for pipeline handler rpi/vc4
[0:39:32.199424509] [1767]  INFO RPI vc4.cpp:445 Registered camera /base/soc/i2c0mux/i2c@1/imx219@10 to Unicam device /dev/media0 and ISP device /dev/media1
[0:39:32.206005379] [1764]  INFO Camera camera.cpp:1216 configuring streams: (0) 3280x2464-BGR888/sRGB (1) 3280x2464-SBGGR10_CSI2P/RAW
[0:39:32.206438504] [1767]  INFO RPI vc4.cpp:620 Sensor: /base/soc/i2c0mux/i2c@1/imx219@10 - Selected sensor format: 3280x2464-SBGGR10_1X10/RAW - Selected unicam format: 3280x2464-pBAA/RAW

========================================
 HYDROPONIC MULTIMODAL DATA COLLECTOR
========================================

Capture event: 2026-08-16 16:00:03

========================================
Reading ESP32 sensors...
========================================
Sensor record received:
{
  "water_temp": 30.19,
  "room_temp": 31.7,
  "humidity": 70.1,
  "ph": 6.32,
  "ph_voltage": 2.6883,
  "ec": 1.68,
  "tds": 840.2,
  "tds_voltage": 2.3745,
  "water_level": "OK"
}

========================================
Capturing camera image...
========================================
Waiting for exposure and white balance...

Image saved:
/hydroponic_project/data_collection/images/lettuce_20260816_160003.jpg

========================================
Cropping P01-P12...
========================================
P01 created
P02 created
P03 created
P04 created
P05 created
P06 created
P07 created
P08 created
P09 created
P10 created
P11 created
P12 created

========================================
Saving multimodal dataset...
========================================

12 multimodal samples saved.

CSV:
/hydroponic_project/data_collection/multimodal_dataset.csv

========================================
 COLLECTION COMPLETED
========================================

Timestamp : 2026-08-16 16:00:03
Plants    : 12
Image     : /hydroponic_project/data_collection/images/lettuce_20260816_160003.jpg
Dataset   : /hydroponic_project/data_collection/multimodal_dataset.csv

[1:39:18.293009199] [1869]  INFO Camera camera_manager.cpp:340 libcamera v0.7.1+rpt20260609
[1:39:18.345167721] [1873]  INFO RPI pipeline_base.cpp:1133 Using configuration file '/usr/share/libcamera/pipeline/rpi/vc4/rpi_apps.yaml'
[1:39:18.393971108] [1873]  INFO IPAProxy ipa_proxy.cpp:184 Using tuning file /usr/share/libcamera/ipa/rpi/vc4/imx219.json
[1:39:18.399928316] [1873]  INFO Camera camera_manager.cpp:223 Adding camera '/base/soc/i2c0mux/i2c@1/imx219@10' for pipeline handler rpi/vc4
[1:39:18.400064906] [1873]  INFO RPI vc4.cpp:445 Registered camera /base/soc/i2c0mux/i2c@1/imx219@10 to Unicam device /dev/media0 and ISP device /dev/media1
[1:39:18.406538792] [1869]  INFO Camera camera.cpp:1216 configuring streams: (0) 3280x2464-BGR888/sRGB (1) 3280x2464-SBGGR10_CSI2P/RAW
[1:39:18.406975526] [1873]  INFO RPI vc4.cpp:620 Sensor: /base/soc/i2c0mux/i2c@1/imx219@10 - Selected sensor format: 3280x2464-SBGGR10_1X10/RAW - Selected unicam format: 3280x2464-pBAA/RAW

========================================
 HYDROPONIC MULTIMODAL DATA COLLECTOR
========================================

Capture event: 2026-08-16 17:00:03

========================================
Reading ESP32 sensors...
========================================
Sensor record received:
{
  "water_temp": 30.0,
  "room_temp": 31.4,
  "humidity": 69.7,
  "ph": 6.32,
  "ph_voltage": 2.6896,
  "ec": 1.687,
  "tds": 843.5,
  "tds_voltage": 2.3718,
  "water_level": "OK"
}

========================================
Capturing camera image...
========================================
Waiting for exposure and white balance...

Image saved:
/hydroponic_project/data_collection/images/lettuce_20260816_170003.jpg

========================================
Cropping P01-P12...
========================================
P01 created
P02 created
P03 created
P04 created
P05 created
P06 created
P07 created
P08 created
P09 created
P10 created
P11 created
P12 created

========================================
Saving multimodal dataset...
========================================

12 multimodal samples saved.

CSV:
/hydroponic_project/data_collection/multimodal_dataset.csv

========================================
 COLLECTION COMPLETED
========================================

Timestamp : 2026-08-16 17:00:03
Plants    : 12
Image     : /hydroponic_project/data_collection/images/lettuce_20260816_170003.jpg
Dataset   : /hydroponic_project/data_collection/multimodal_dataset.csv

[2:39:56.278626238] [1935]  INFO Camera camera_manager.cpp:340 libcamera v0.7.1+rpt20260609
[2:39:56.330955187] [1939]  INFO RPI pipeline_base.cpp:1133 Using configuration file '/usr/share/libcamera/pipeline/rpi/vc4/rpi_apps.yaml'
[2:39:56.369194144] [1939]  INFO IPAProxy ipa_proxy.cpp:184 Using tuning file /usr/share/libcamera/ipa/rpi/vc4/imx219.json
[2:39:56.377719434] [1939]  INFO Camera camera_manager.cpp:223 Adding camera '/base/soc/i2c0mux/i2c@1/imx219@10' for pipeline handler rpi/vc4
[2:39:56.377811396] [1939]  INFO RPI vc4.cpp:445 Registered camera /base/soc/i2c0mux/i2c@1/imx219@10 to Unicam device /dev/media0 and ISP device /dev/media1
[2:39:56.387080176] [1935]  INFO Camera camera.cpp:1216 configuring streams: (0) 3280x2464-BGR888/sRGB (1) 3280x2464-SBGGR10_CSI2P/RAW
[2:39:56.387644650] [1939]  INFO RPI vc4.cpp:620 Sensor: /base/soc/i2c0mux/i2c@1/imx219@10 - Selected sensor format: 3280x2464-SBGGR10_1X10/RAW - Selected unicam format: 3280x2464-pBAA/RAW

========================================
 HYDROPONIC MULTIMODAL DATA COLLECTOR
========================================

Capture event: 2026-08-16 18:00:03

========================================
Reading ESP32 sensors...
========================================
Sensor record received:
{
  "water_temp": 29.81,
  "room_temp": 30.9,
  "humidity": 69.7,
  "ph": 6.21,
  "ph_voltage": 2.7068,
  "ec": 1.724,
  "tds": 862.2,
  "tds_voltage": 2.3934,
  "water_level": "OK"
}

========================================
Capturing camera image...
========================================
Waiting for exposure and white balance...

Image saved:
/hydroponic_project/data_collection/images/lettuce_20260816_180003.jpg

========================================
Cropping P01-P12...
========================================
P01 created
P02 created
P03 created
P04 created
P05 created
P06 created
P07 created
P08 created
P09 created
P10 created
P11 created
P12 created

========================================
Saving multimodal dataset...
========================================

12 multimodal samples saved.

CSV:
/hydroponic_project/data_collection/multimodal_dataset.csv

========================================
 COLLECTION COMPLETED
========================================

Timestamp : 2026-08-16 18:00:03
Plants    : 12
Image     : /hydroponic_project/data_collection/images/lettuce_20260816_180003.jpg
Dataset   : /hydroponic_project/data_collection/multimodal_dataset.csv

[3:40:34.192300596] [2009]  INFO Camera camera_manager.cpp:340 libcamera v0.7.1+rpt20260609
[3:40:34.236829344] [2015]  INFO RPI pipeline_base.cpp:1133 Using configuration file '/usr/share/libcamera/pipeline/rpi/vc4/rpi_apps.yaml'
[3:40:34.285871636] [2015]  INFO IPAProxy ipa_proxy.cpp:184 Using tuning file /usr/share/libcamera/ipa/rpi/vc4/imx219.json
[3:40:34.297005656] [2015]  INFO Camera camera_manager.cpp:223 Adding camera '/base/soc/i2c0mux/i2c@1/imx219@10' for pipeline handler rpi/vc4
[3:40:34.297116636] [2015]  INFO RPI vc4.cpp:445 Registered camera /base/soc/i2c0mux/i2c@1/imx219@10 to Unicam device /dev/media0 and ISP device /dev/media1
[3:40:34.308852388] [2009]  INFO Camera camera.cpp:1216 configuring streams: (0) 3280x2464-BGR888/sRGB (1) 3280x2464-SBGGR10_CSI2P/RAW
[3:40:34.309536063] [2015]  INFO RPI vc4.cpp:620 Sensor: /base/soc/i2c0mux/i2c@1/imx219@10 - Selected sensor format: 3280x2464-SBGGR10_1X10/RAW - Selected unicam format: 3280x2464-pBAA/RAW

========================================
 HYDROPONIC MULTIMODAL DATA COLLECTOR
========================================

Capture event: 2026-08-16 19:00:03

========================================
Reading ESP32 sensors...
========================================
Sensor record received:
{
  "water_temp": 29.69,
  "room_temp": 30.6,
  "humidity": 75.3,
  "ph": 6.29,
  "ph_voltage": 2.6939,
  "ec": 1.729,
  "tds": 864.6,
  "tds_voltage": 2.3916,
  "water_level": "OK"
}

========================================
Capturing camera image...
========================================
Waiting for exposure and white balance...

Image saved:
/hydroponic_project/data_collection/images/lettuce_20260816_190003.jpg

========================================
Cropping P01-P12...
========================================
P01 created
P02 created
P03 created
P04 created
P05 created
P06 created
P07 created
P08 created
P09 created
P10 created
P11 created
P12 created

========================================
Saving multimodal dataset...
========================================

12 multimodal samples saved.

CSV:
/hydroponic_project/data_collection/multimodal_dataset.csv

========================================
 COLLECTION COMPLETED
========================================

Timestamp : 2026-08-16 19:00:03
Plants    : 12
Image     : /hydroponic_project/data_collection/images/lettuce_20260816_190003.jpg
Dataset   : /hydroponic_project/data_collection/multimodal_dataset.csv

[4:40:20.333380752] [2074]  INFO Camera camera_manager.cpp:340 libcamera v0.7.1+rpt20260609
[4:40:20.386137825] [2079]  INFO RPI pipeline_base.cpp:1133 Using configuration file '/usr/share/libcamera/pipeline/rpi/vc4/rpi_apps.yaml'
[4:40:20.417167199] [2079]  INFO IPAProxy ipa_proxy.cpp:184 Using tuning file /usr/share/libcamera/ipa/rpi/vc4/imx219.json
[4:40:20.423144214] [2079]  INFO Camera camera_manager.cpp:223 Adding camera '/base/soc/i2c0mux/i2c@1/imx219@10' for pipeline handler rpi/vc4
[4:40:20.423220954] [2079]  INFO RPI vc4.cpp:445 Registered camera /base/soc/i2c0mux/i2c@1/imx219@10 to Unicam device /dev/media0 and ISP device /dev/media1
[4:40:20.429757443] [2074]  INFO Camera camera.cpp:1216 configuring streams: (0) 3280x2464-BGR888/sRGB (1) 3280x2464-SBGGR10_CSI2P/RAW
[4:40:20.430194808] [2079]  INFO RPI vc4.cpp:620 Sensor: /base/soc/i2c0mux/i2c@1/imx219@10 - Selected sensor format: 3280x2464-SBGGR10_1X10/RAW - Selected unicam format: 3280x2464-pBAA/RAW

========================================
 HYDROPONIC MULTIMODAL DATA COLLECTOR
========================================

Capture event: 2026-08-16 20:00:03

========================================
Reading ESP32 sensors...
========================================
Sensor record received:
{
  "water_temp": 29.56,
  "room_temp": 30.5,
  "humidity": 75.2,
  "ph": 6.34,
  "ph_voltage": 2.6858,
  "ec": 1.735,
  "tds": 867.5,
  "tds_voltage": 2.3908,
  "water_level": "OK"
}

========================================
Capturing camera image...
========================================
Waiting for exposure and white balance...

Image saved:
/hydroponic_project/data_collection/images/lettuce_20260816_200003.jpg

========================================
Cropping P01-P12...
========================================
P01 created
P02 created
P03 created
P04 created
P05 created
P06 created
P07 created
P08 created
P09 created
P10 created
P11 created
P12 created

========================================
Saving multimodal dataset...
========================================

12 multimodal samples saved.

CSV:
/hydroponic_project/data_collection/multimodal_dataset.csv

========================================
 COLLECTION COMPLETED
========================================

Timestamp : 2026-08-16 20:00:03
Plants    : 12
Image     : /hydroponic_project/data_collection/images/lettuce_20260816_200003.jpg
Dataset   : /hydroponic_project/data_collection/multimodal_dataset.csv

[5:39:14.741998373] [2178]  INFO Camera camera_manager.cpp:340 libcamera v0.7.1+rpt20260609
[5:39:14.794252740] [2181]  INFO RPI pipeline_base.cpp:1133 Using configuration file '/usr/share/libcamera/pipeline/rpi/vc4/rpi_apps.yaml'
[5:39:14.845330512] [2181]  INFO IPAProxy ipa_proxy.cpp:184 Using tuning file /usr/share/libcamera/ipa/rpi/vc4/imx219.json
[5:39:14.851270001] [2181]  INFO Camera camera_manager.cpp:223 Adding camera '/base/soc/i2c0mux/i2c@1/imx219@10' for pipeline handler rpi/vc4
[5:39:14.851346778] [2181]  INFO RPI vc4.cpp:445 Registered camera /base/soc/i2c0mux/i2c@1/imx219@10 to Unicam device /dev/media0 and ISP device /dev/media1
[5:39:14.857979109] [2178]  INFO Camera camera.cpp:1216 configuring streams: (0) 3280x2464-BGR888/sRGB (1) 3280x2464-SBGGR10_CSI2P/RAW
[5:39:14.858426066] [2181]  INFO RPI vc4.cpp:620 Sensor: /base/soc/i2c0mux/i2c@1/imx219@10 - Selected sensor format: 3280x2464-SBGGR10_1X10/RAW - Selected unicam format: 3280x2464-pBAA/RAW

========================================
 HYDROPONIC MULTIMODAL DATA COLLECTOR
========================================

Capture event: 2026-08-16 21:00:03

========================================
Reading ESP32 sensors...
========================================
Sensor record received:
{
  "water_temp": 29.44,
  "room_temp": 30.0,
  "humidity": 74.5,
  "ph": 6.22,
  "ph_voltage": 2.7045,
  "ec": 1.741,
  "tds": 870.3,
  "tds_voltage": 2.3896,
  "water_level": "OK"
}

========================================
Capturing camera image...
========================================
Waiting for exposure and white balance...

Image saved:
/hydroponic_project/data_collection/images/lettuce_20260816_210003.jpg

========================================
Cropping P01-P12...
========================================
P01 created
P02 created
P03 created
P04 created
P05 created
P06 created
P07 created
P08 created
P09 created
P10 created
P11 created
P12 created

========================================
Saving multimodal dataset...
========================================

12 multimodal samples saved.

CSV:
/hydroponic_project/data_collection/multimodal_dataset.csv

========================================
 COLLECTION COMPLETED
========================================

Timestamp : 2026-08-16 21:00:03
Plants    : 12
Image     : /hydroponic_project/data_collection/images/lettuce_20260816_210003.jpg
Dataset   : /hydroponic_project/data_collection/multimodal_dataset.csv

[6:39:39.805220288] [2287]  INFO Camera camera_manager.cpp:340 libcamera v0.7.1+rpt20260609
[6:39:39.857800409] [2290]  INFO RPI pipeline_base.cpp:1133 Using configuration file '/usr/share/libcamera/pipeline/rpi/vc4/rpi_apps.yaml'
[6:39:39.906636471] [2290]  INFO IPAProxy ipa_proxy.cpp:184 Using tuning file /usr/share/libcamera/ipa/rpi/vc4/imx219.json
[6:39:39.912671350] [2290]  INFO Camera camera_manager.cpp:223 Adding camera '/base/soc/i2c0mux/i2c@1/imx219@10' for pipeline handler rpi/vc4
[6:39:39.912748553] [2290]  INFO RPI vc4.cpp:445 Registered camera /base/soc/i2c0mux/i2c@1/imx219@10 to Unicam device /dev/media0 and ISP device /dev/media1
[6:39:39.919262018] [2287]  INFO Camera camera.cpp:1216 configuring streams: (0) 3280x2464-BGR888/sRGB (1) 3280x2464-SBGGR10_CSI2P/RAW
[6:39:39.919699642] [2290]  INFO RPI vc4.cpp:620 Sensor: /base/soc/i2c0mux/i2c@1/imx219@10 - Selected sensor format: 3280x2464-SBGGR10_1X10/RAW - Selected unicam format: 3280x2464-pBAA/RAW

========================================
 HYDROPONIC MULTIMODAL DATA COLLECTOR
========================================

Capture event: 2026-08-16 22:00:04

========================================
Reading ESP32 sensors...
========================================
Sensor record received:
{
  "water_temp": 29.31,
  "room_temp": 29.9,
  "humidity": 77.3,
  "ph": 6.3,
  "ph_voltage": 2.6921,
  "ec": 1.746,
  "tds": 872.9,
  "tds_voltage": 2.3881,
  "water_level": "OK"
}

========================================
Capturing camera image...
========================================
Waiting for exposure and white balance...

Image saved:
/hydroponic_project/data_collection/images/lettuce_20260816_220004.jpg

========================================
Cropping P01-P12...
========================================
P01 created
P02 created
P03 created
P04 created
P05 created
P06 created
P07 created
P08 created
P09 created
P10 created
P11 created
P12 created

========================================
Saving multimodal dataset...
========================================

12 multimodal samples saved.

CSV:
/hydroponic_project/data_collection/multimodal_dataset.csv

========================================
 COLLECTION COMPLETED
========================================

Timestamp : 2026-08-16 22:00:04
Plants    : 12
Image     : /hydroponic_project/data_collection/images/lettuce_20260816_220004.jpg
Dataset   : /hydroponic_project/data_collection/multimodal_dataset.csv

[7:40:04.860574085] [2380]  INFO Camera camera_manager.cpp:340 libcamera v0.7.1+rpt20260609
[7:40:04.912628660] [2384]  INFO RPI pipeline_base.cpp:1133 Using configuration file '/usr/share/libcamera/pipeline/rpi/vc4/rpi_apps.yaml'
[7:40:04.962732855] [2384]  INFO IPAProxy ipa_proxy.cpp:184 Using tuning file /usr/share/libcamera/ipa/rpi/vc4/imx219.json
[7:40:04.968739103] [2384]  INFO Camera camera_manager.cpp:223 Adding camera '/base/soc/i2c0mux/i2c@1/imx219@10' for pipeline handler rpi/vc4
[7:40:04.968818620] [2384]  INFO RPI vc4.cpp:445 Registered camera /base/soc/i2c0mux/i2c@1/imx219@10 to Unicam device /dev/media0 and ISP device /dev/media1
[7:40:04.975380175] [2380]  INFO Camera camera.cpp:1216 configuring streams: (0) 3280x2464-BGR888/sRGB (1) 3280x2464-SBGGR10_CSI2P/RAW
[7:40:04.975825095] [2384]  INFO RPI vc4.cpp:620 Sensor: /base/soc/i2c0mux/i2c@1/imx219@10 - Selected sensor format: 3280x2464-SBGGR10_1X10/RAW - Selected unicam format: 3280x2464-pBAA/RAW

========================================
 HYDROPONIC MULTIMODAL DATA COLLECTOR
========================================

Capture event: 2026-08-16 23:00:04

========================================
Reading ESP32 sensors...
========================================
Sensor record received:
{
  "water_temp": 29.25,
  "room_temp": 30.0,
  "humidity": 77.6,
  "ph": 6.27,
  "ph_voltage": 2.6965,
  "ec": 1.749,
  "tds": 874.3,
  "tds_voltage": 2.3875,
  "water_level": "OK"
}

========================================
Capturing camera image...
========================================
Waiting for exposure and white balance...

Image saved:
/hydroponic_project/data_collection/images/lettuce_20260816_230004.jpg

========================================
Cropping P01-P12...
========================================
P01 created
P02 created
P03 created
P04 created
P05 created
P06 created
P07 created
P08 created
P09 created
P10 created
P11 created
P12 created

========================================
Saving multimodal dataset...
========================================

12 multimodal samples saved.

CSV:
/hydroponic_project/data_collection/multimodal_dataset.csv

========================================
 COLLECTION COMPLETED
========================================

Timestamp : 2026-08-16 23:00:04
Plants    : 12
Image     : /hydroponic_project/data_collection/images/lettuce_20260816_230004.jpg
Dataset   : /hydroponic_project/data_collection/multimodal_dataset.csv

[8:39:25.225152933] [2446]  INFO Camera camera_manager.cpp:340 libcamera v0.7.1+rpt20260609
[8:39:25.270340234] [2458]  INFO RPI pipeline_base.cpp:1133 Using configuration file '/usr/share/libcamera/pipeline/rpi/vc4/rpi_apps.yaml'
[8:39:25.319290732] [2458]  INFO IPAProxy ipa_proxy.cpp:184 Using tuning file /usr/share/libcamera/ipa/rpi/vc4/imx219.json
[8:39:25.330423496] [2458]  INFO Camera camera_manager.cpp:223 Adding camera '/base/soc/i2c0mux/i2c@1/imx219@10' for pipeline handler rpi/vc4
[8:39:25.330533975] [2458]  INFO RPI vc4.cpp:445 Registered camera /base/soc/i2c0mux/i2c@1/imx219@10 to Unicam device /dev/media0 and ISP device /dev/media1
[8:39:25.342344838] [2446]  INFO Camera camera.cpp:1216 configuring streams: (0) 3280x2464-BGR888/sRGB (1) 3280x2464-SBGGR10_CSI2P/RAW
[8:39:25.343035734] [2458]  INFO RPI vc4.cpp:620 Sensor: /base/soc/i2c0mux/i2c@1/imx219@10 - Selected sensor format: 3280x2464-SBGGR10_1X10/RAW - Selected unicam format: 3280x2464-pBAA/RAW

========================================
 HYDROPONIC MULTIMODAL DATA COLLECTOR
========================================

Capture event: 2026-08-17 00:00:04

========================================
Reading ESP32 sensors...
========================================
Sensor record received:
{
  "water_temp": 29.25,
  "room_temp": 29.9,
  "humidity": 78.0,
  "ph": 6.28,
  "ph_voltage": 2.6958,
  "ec": 1.748,
  "tds": 873.8,
  "tds_voltage": 2.3868,
  "water_level": "OK"
}

========================================
Capturing camera image...
========================================
Waiting for exposure and white balance...

Image saved:
/hydroponic_project/data_collection/images/lettuce_20260817_000004.jpg

========================================
Cropping P01-P12...
========================================
P01 created
P02 created
P03 created
P04 created
P05 created
P06 created
P07 created
P08 created
P09 created
P10 created
P11 created
P12 created

========================================
Saving multimodal dataset...
========================================

12 multimodal samples saved.

CSV:
/hydroponic_project/data_collection/multimodal_dataset.csv

========================================
 COLLECTION COMPLETED
========================================

Timestamp : 2026-08-17 00:00:04
Plants    : 12
Image     : /hydroponic_project/data_collection/images/lettuce_20260817_000004.jpg
Dataset   : /hydroponic_project/data_collection/multimodal_dataset.csv

[9:39:11.491311837] [2529]  INFO Camera camera_manager.cpp:340 libcamera v0.7.1+rpt20260609
[9:39:11.543315655] [2532]  INFO RPI pipeline_base.cpp:1133 Using configuration file '/usr/share/libcamera/pipeline/rpi/vc4/rpi_apps.yaml'
[9:39:11.573284071] [2532]  INFO IPAProxy ipa_proxy.cpp:184 Using tuning file /usr/share/libcamera/ipa/rpi/vc4/imx219.json
[9:39:11.579271651] [2532]  INFO Camera camera_manager.cpp:223 Adding camera '/base/soc/i2c0mux/i2c@1/imx219@10' for pipeline handler rpi/vc4
[9:39:11.579348668] [2532]  INFO RPI vc4.cpp:445 Registered camera /base/soc/i2c0mux/i2c@1/imx219@10 to Unicam device /dev/media0 and ISP device /dev/media1
[9:39:11.585855999] [2529]  INFO Camera camera.cpp:1216 configuring streams: (0) 3280x2464-BGR888/sRGB (1) 3280x2464-SBGGR10_CSI2P/RAW
[9:39:11.586299159] [2532]  INFO RPI vc4.cpp:620 Sensor: /base/soc/i2c0mux/i2c@1/imx219@10 - Selected sensor format: 3280x2464-SBGGR10_1X10/RAW - Selected unicam format: 3280x2464-pBAA/RAW

========================================
 HYDROPONIC MULTIMODAL DATA COLLECTOR
========================================

Capture event: 2026-08-17 01:00:03

========================================
Reading ESP32 sensors...
========================================
Sensor record received:
{
  "water_temp": 29.19,
  "room_temp": 30.2,
  "humidity": 77.5,
  "ph": 6.31,
  "ph_voltage": 2.6905,
  "ec": 1.751,
  "tds": 875.3,
  "tds_voltage": 2.3863,
  "water_level": "OK"
}

========================================
Capturing camera image...
========================================
Waiting for exposure and white balance...

Image saved:
/hydroponic_project/data_collection/images/lettuce_20260817_010003.jpg

========================================
Cropping P01-P12...
========================================
P01 created
P02 created
P03 created
P04 created
P05 created
P06 created
P07 created
P08 created
P09 created
P10 created
P11 created
P12 created

========================================
Saving multimodal dataset...
========================================

12 multimodal samples saved.

CSV:
/hydroponic_project/data_collection/multimodal_dataset.csv

========================================
 COLLECTION COMPLETED
========================================

Timestamp : 2026-08-17 01:00:03
Plants    : 12
Image     : /hydroponic_project/data_collection/images/lettuce_20260817_010003.jpg
Dataset   : /hydroponic_project/data_collection/multimodal_dataset.csv

[10:40:54.259443761] [2601]  INFO Camera camera_manager.cpp:340 libcamera v0.7.1+rpt20260609
[10:40:54.311576115] [2605]  INFO RPI pipeline_base.cpp:1133 Using configuration file '/usr/share/libcamera/pipeline/rpi/vc4/rpi_apps.yaml'
[10:40:54.361841181] [2605]  INFO IPAProxy ipa_proxy.cpp:184 Using tuning file /usr/share/libcamera/ipa/rpi/vc4/imx219.json
[10:40:54.367813227] [2605]  INFO Camera camera_manager.cpp:223 Adding camera '/base/soc/i2c0mux/i2c@1/imx219@10' for pipeline handler rpi/vc4
[10:40:54.367889763] [2605]  INFO RPI vc4.cpp:445 Registered camera /base/soc/i2c0mux/i2c@1/imx219@10 to Unicam device /dev/media0 and ISP device /dev/media1
[10:40:54.374328338] [2601]  INFO Camera camera.cpp:1216 configuring streams: (0) 3280x2464-BGR888/sRGB (1) 3280x2464-SBGGR10_CSI2P/RAW
[10:40:54.374774887] [2605]  INFO RPI vc4.cpp:620 Sensor: /base/soc/i2c0mux/i2c@1/imx219@10 - Selected sensor format: 3280x2464-SBGGR10_1X10/RAW - Selected unicam format: 3280x2464-pBAA/RAW

========================================
 HYDROPONIC MULTIMODAL DATA COLLECTOR
========================================

Capture event: 2026-08-17 02:00:04

========================================
Reading ESP32 sensors...
========================================
Sensor record received:
{
  "water_temp": 29.19,
  "room_temp": 30.3,
  "humidity": 77.0,
  "ph": 6.26,
  "ph_voltage": 2.6979,
  "ec": 1.75,
  "tds": 874.9,
  "tds_voltage": 2.3858,
  "water_level": "OK"
}

========================================
Capturing camera image...
========================================
Waiting for exposure and white balance...

Image saved:
/hydroponic_project/data_collection/images/lettuce_20260817_020004.jpg

========================================
Cropping P01-P12...
========================================
P01 created
P02 created
P03 created
P04 created
P05 created
P06 created
P07 created
P08 created
P09 created
P10 created
P11 created
P12 created

========================================
Saving multimodal dataset...
========================================

12 multimodal samples saved.

CSV:
/hydroponic_project/data_collection/multimodal_dataset.csv

========================================
 COLLECTION COMPLETED
========================================

Timestamp : 2026-08-17 02:00:04
Plants    : 12
Image     : /hydroponic_project/data_collection/images/lettuce_20260817_020004.jpg
Dataset   : /hydroponic_project/data_collection/multimodal_dataset.csv

[11:39:22.946771469] [2678]  INFO Camera camera_manager.cpp:340 libcamera v0.7.1+rpt20260609
[11:39:22.999117600] [2681]  INFO RPI pipeline_base.cpp:1133 Using configuration file '/usr/share/libcamera/pipeline/rpi/vc4/rpi_apps.yaml'
[11:39:23.040068584] [2681]  INFO IPAProxy ipa_proxy.cpp:184 Using tuning file /usr/share/libcamera/ipa/rpi/vc4/imx219.json
[11:39:23.046114190] [2681]  INFO Camera camera_manager.cpp:223 Adding camera '/base/soc/i2c0mux/i2c@1/imx219@10' for pipeline handler rpi/vc4
[11:39:23.046192800] [2681]  INFO RPI vc4.cpp:445 Registered camera /base/soc/i2c0mux/i2c@1/imx219@10 to Unicam device /dev/media0 and ISP device /dev/media1
[11:39:23.052650419] [2678]  INFO Camera camera.cpp:1216 configuring streams: (0) 3280x2464-BGR888/sRGB (1) 3280x2464-SBGGR10_CSI2P/RAW
[11:39:23.053099080] [2681]  INFO RPI vc4.cpp:620 Sensor: /base/soc/i2c0mux/i2c@1/imx219@10 - Selected sensor format: 3280x2464-SBGGR10_1X10/RAW - Selected unicam format: 3280x2464-pBAA/RAW

========================================
 HYDROPONIC MULTIMODAL DATA COLLECTOR
========================================

Capture event: 2026-08-17 03:00:03

========================================
Reading ESP32 sensors...
========================================
Sensor record received:
{
  "water_temp": 29.12,
  "room_temp": 30.2,
  "humidity": 76.7,
  "ph": 6.3,
  "ph_voltage": 2.6924,
  "ec": 1.752,
  "tds": 876.2,
  "tds_voltage": 2.3849,
  "water_level": "OK"
}

========================================
Capturing camera image...
========================================
Waiting for exposure and white balance...

Image saved:
/hydroponic_project/data_collection/images/lettuce_20260817_030003.jpg

========================================
Cropping P01-P12...
========================================
P01 created
P02 created
P03 created
P04 created
P05 created
P06 created
P07 created
P08 created
P09 created
P10 created
P11 created
P12 created

========================================
Saving multimodal dataset...
========================================

12 multimodal samples saved.

CSV:
/hydroponic_project/data_collection/multimodal_dataset.csv

========================================
 COLLECTION COMPLETED
========================================

Timestamp : 2026-08-17 03:00:03
Plants    : 12
Image     : /hydroponic_project/data_collection/images/lettuce_20260817_030003.jpg
Dataset   : /hydroponic_project/data_collection/multimodal_dataset.csv

[12:39:09.312620724] [2744]  INFO Camera camera_manager.cpp:340 libcamera v0.7.1+rpt20260609
[12:39:09.364444725] [2747]  INFO RPI pipeline_base.cpp:1133 Using configuration file '/usr/share/libcamera/pipeline/rpi/vc4/rpi_apps.yaml'
[12:39:09.413926628] [2747]  INFO IPAProxy ipa_proxy.cpp:184 Using tuning file /usr/share/libcamera/ipa/rpi/vc4/imx219.json
[12:39:09.419895454] [2747]  INFO Camera camera_manager.cpp:223 Adding camera '/base/soc/i2c0mux/i2c@1/imx219@10' for pipeline handler rpi/vc4
[12:39:09.419972990] [2747]  INFO RPI vc4.cpp:445 Registered camera /base/soc/i2c0mux/i2c@1/imx219@10 to Unicam device /dev/media0 and ISP device /dev/media1
[12:39:09.426454569] [2744]  INFO Camera camera.cpp:1216 configuring streams: (0) 3280x2464-BGR888/sRGB (1) 3280x2464-SBGGR10_CSI2P/RAW
[12:39:09.426892600] [2747]  INFO RPI vc4.cpp:620 Sensor: /base/soc/i2c0mux/i2c@1/imx219@10 - Selected sensor format: 3280x2464-SBGGR10_1X10/RAW - Selected unicam format: 3280x2464-pBAA/RAW

========================================
 HYDROPONIC MULTIMODAL DATA COLLECTOR
========================================

Capture event: 2026-08-17 04:00:03

========================================
Reading ESP32 sensors...
========================================
Sensor record received:
{
  "water_temp": 29.06,
  "room_temp": 30.2,
  "humidity": 77.2,
  "ph": 6.28,
  "ph_voltage": 2.6954,
  "ec": 1.754,
  "tds": 877.0,
  "tds_voltage": 2.3834,
  "water_level": "OK"
}

========================================
Capturing camera image...
========================================
Waiting for exposure and white balance...

Image saved:
/hydroponic_project/data_collection/images/lettuce_20260817_040003.jpg

========================================
Cropping P01-P12...
========================================
P01 created
P02 created
P03 created
P04 created
P05 created
P06 created
P07 created
P08 created
P09 created
P10 created
P11 created
P12 created

========================================
Saving multimodal dataset...
========================================

12 multimodal samples saved.

CSV:
/hydroponic_project/data_collection/multimodal_dataset.csv

========================================
 COLLECTION COMPLETED
========================================

Timestamp : 2026-08-17 04:00:03
Plants    : 12
Image     : /hydroponic_project/data_collection/images/lettuce_20260817_040003.jpg
Dataset   : /hydroponic_project/data_collection/multimodal_dataset.csv

[13:39:21.456563865] [2864]  INFO Camera camera_manager.cpp:340 libcamera v0.7.1+rpt20260609
[13:39:21.508286875] [2869]  INFO RPI pipeline_base.cpp:1133 Using configuration file '/usr/share/libcamera/pipeline/rpi/vc4/rpi_apps.yaml'
[13:39:21.557792657] [2869]  INFO IPAProxy ipa_proxy.cpp:184 Using tuning file /usr/share/libcamera/ipa/rpi/vc4/imx219.json
[13:39:21.563790868] [2869]  INFO Camera camera_manager.cpp:223 Adding camera '/base/soc/i2c0mux/i2c@1/imx219@10' for pipeline handler rpi/vc4
[13:39:21.563868219] [2869]  INFO RPI vc4.cpp:445 Registered camera /base/soc/i2c0mux/i2c@1/imx219@10 to Unicam device /dev/media0 and ISP device /dev/media1
[13:39:21.570477978] [2864]  INFO Camera camera.cpp:1216 configuring streams: (0) 3280x2464-BGR888/sRGB (1) 3280x2464-SBGGR10_CSI2P/RAW
[13:39:21.570917156] [2869]  INFO RPI vc4.cpp:620 Sensor: /base/soc/i2c0mux/i2c@1/imx219@10 - Selected sensor format: 3280x2464-SBGGR10_1X10/RAW - Selected unicam format: 3280x2464-pBAA/RAW

========================================
 HYDROPONIC MULTIMODAL DATA COLLECTOR
========================================

Capture event: 2026-08-17 05:00:03

========================================
Reading ESP32 sensors...
========================================
Sensor record received:
{
  "water_temp": 29.0,
  "room_temp": 30.0,
  "humidity": 77.1,
  "ph": 6.35,
  "ph_voltage": 2.6846,
  "ec": 1.756,
  "tds": 878.1,
  "tds_voltage": 2.3823,
  "water_level": "OK"
}

========================================
Capturing camera image...
========================================
Waiting for exposure and white balance...

Image saved:
/hydroponic_project/data_collection/images/lettuce_20260817_050003.jpg

========================================
Cropping P01-P12...
========================================
P01 created
P02 created
P03 created
P04 created
P05 created
P06 created
P07 created
P08 created
P09 created
P10 created
P11 created
P12 created

========================================
Saving multimodal dataset...
========================================

12 multimodal samples saved.

CSV:
/hydroponic_project/data_collection/multimodal_dataset.csv

========================================
 COLLECTION COMPLETED
========================================

Timestamp : 2026-08-17 05:00:03
Plants    : 12
Image     : /hydroponic_project/data_collection/images/lettuce_20260817_050003.jpg
Dataset   : /hydroponic_project/data_collection/multimodal_dataset.csv

[14:39:20.650956814] [2931]  INFO Camera camera_manager.cpp:340 libcamera v0.7.1+rpt20260609
[14:39:20.703290439] [2934]  INFO RPI pipeline_base.cpp:1133 Using configuration file '/usr/share/libcamera/pipeline/rpi/vc4/rpi_apps.yaml'
[14:39:20.753415707] [2934]  INFO IPAProxy ipa_proxy.cpp:184 Using tuning file /usr/share/libcamera/ipa/rpi/vc4/imx219.json
[14:39:20.759464565] [2934]  INFO Camera camera_manager.cpp:223 Adding camera '/base/soc/i2c0mux/i2c@1/imx219@10' for pipeline handler rpi/vc4
[14:39:20.759545009] [2934]  INFO RPI vc4.cpp:445 Registered camera /base/soc/i2c0mux/i2c@1/imx219@10 to Unicam device /dev/media0 and ISP device /dev/media1
[14:39:20.766023824] [2931]  INFO Camera camera.cpp:1216 configuring streams: (0) 3280x2464-BGR888/sRGB (1) 3280x2464-SBGGR10_CSI2P/RAW
[14:39:20.766459910] [2934]  INFO RPI vc4.cpp:620 Sensor: /base/soc/i2c0mux/i2c@1/imx219@10 - Selected sensor format: 3280x2464-SBGGR10_1X10/RAW - Selected unicam format: 3280x2464-pBAA/RAW

========================================
 HYDROPONIC MULTIMODAL DATA COLLECTOR
========================================

Capture event: 2026-08-17 06:00:04

========================================
Reading ESP32 sensors...
========================================
Sensor record received:
{
  "water_temp": 28.94,
  "room_temp": 30.0,
  "humidity": 78.2,
  "ph": 6.34,
  "ph_voltage": 2.6864,
  "ec": 1.758,
  "tds": 879.2,
  "tds_voltage": 2.3813,
  "water_level": "OK"
}

========================================
Capturing camera image...
========================================
Waiting for exposure and white balance...

Image saved:
/hydroponic_project/data_collection/images/lettuce_20260817_060004.jpg

========================================
Cropping P01-P12...
========================================
P01 created
P02 created
P03 created
P04 created
P05 created
P06 created
P07 created
P08 created
P09 created
P10 created
P11 created
P12 created

========================================
Saving multimodal dataset...
========================================

12 multimodal samples saved.

CSV:
/hydroponic_project/data_collection/multimodal_dataset.csv

========================================
 COLLECTION COMPLETED
========================================

Timestamp : 2026-08-17 06:00:04
Plants    : 12
Image     : /hydroponic_project/data_collection/images/lettuce_20260817_060004.jpg
Dataset   : /hydroponic_project/data_collection/multimodal_dataset.csv

[15:39:19.923946311] [3061]  INFO Camera camera_manager.cpp:340 libcamera v0.7.1+rpt20260609
[15:39:19.976342556] [3064]  INFO RPI pipeline_base.cpp:1133 Using configuration file '/usr/share/libcamera/pipeline/rpi/vc4/rpi_apps.yaml'
[15:39:20.014417253] [3064]  INFO IPAProxy ipa_proxy.cpp:184 Using tuning file /usr/share/libcamera/ipa/rpi/vc4/imx219.json
[15:39:20.022961905] [3064]  INFO Camera camera_manager.cpp:223 Adding camera '/base/soc/i2c0mux/i2c@1/imx219@10' for pipeline handler rpi/vc4
[15:39:20.023054292] [3064]  INFO RPI vc4.cpp:445 Registered camera /base/soc/i2c0mux/i2c@1/imx219@10 to Unicam device /dev/media0 and ISP device /dev/media1
[15:39:20.032228064] [3061]  INFO Camera camera.cpp:1216 configuring streams: (0) 3280x2464-BGR888/sRGB (1) 3280x2464-SBGGR10_CSI2P/RAW
[15:39:20.034954783] [3064]  INFO RPI vc4.cpp:620 Sensor: /base/soc/i2c0mux/i2c@1/imx219@10 - Selected sensor format: 3280x2464-SBGGR10_1X10/RAW - Selected unicam format: 3280x2464-pBAA/RAW

========================================
 HYDROPONIC MULTIMODAL DATA COLLECTOR
========================================

Capture event: 2026-08-17 07:00:04

========================================
Reading ESP32 sensors...
========================================
Sensor record received:
{
  "water_temp": 28.94,
  "room_temp": 30.1,
  "humidity": 78.2,
  "ph": 6.29,
  "ph_voltage": 2.6934,
  "ec": 1.758,
  "tds": 878.9,
  "tds_voltage": 2.3808,
  "water_level": "OK"
}

========================================
Capturing camera image...
========================================
Waiting for exposure and white balance...

Image saved:
/hydroponic_project/data_collection/images/lettuce_20260817_070004.jpg

========================================
Cropping P01-P12...
========================================
P01 created
P02 created
P03 created
P04 created
P05 created
P06 created
P07 created
P08 created
P09 created
P10 created
P11 created
P12 created

========================================
Saving multimodal dataset...
========================================

12 multimodal samples saved.

CSV:
/hydroponic_project/data_collection/multimodal_dataset.csv

========================================
 COLLECTION COMPLETED
========================================

Timestamp : 2026-08-17 07:00:04
Plants    : 12
Image     : /hydroponic_project/data_collection/images/lettuce_20260817_070004.jpg
Dataset   : /hydroponic_project/data_collection/multimodal_dataset.csv

[16:39:19.170028484] [3128]  INFO Camera camera_manager.cpp:340 libcamera v0.7.1+rpt20260609
[16:39:19.222117135] [3131]  INFO RPI pipeline_base.cpp:1133 Using configuration file '/usr/share/libcamera/pipeline/rpi/vc4/rpi_apps.yaml'
[16:39:19.271978893] [3131]  INFO IPAProxy ipa_proxy.cpp:184 Using tuning file /usr/share/libcamera/ipa/rpi/vc4/imx219.json
[16:39:19.277979671] [3131]  INFO Camera camera_manager.cpp:223 Adding camera '/base/soc/i2c0mux/i2c@1/imx219@10' for pipeline handler rpi/vc4
[16:39:19.278058096] [3131]  INFO RPI vc4.cpp:445 Registered camera /base/soc/i2c0mux/i2c@1/imx219@10 to Unicam device /dev/media0 and ISP device /dev/media1
[16:39:19.284630181] [3128]  INFO Camera camera.cpp:1216 configuring streams: (0) 3280x2464-BGR888/sRGB (1) 3280x2464-SBGGR10_CSI2P/RAW
[16:39:19.285068693] [3131]  INFO RPI vc4.cpp:620 Sensor: /base/soc/i2c0mux/i2c@1/imx219@10 - Selected sensor format: 3280x2464-SBGGR10_1X10/RAW - Selected unicam format: 3280x2464-pBAA/RAW

========================================
 HYDROPONIC MULTIMODAL DATA COLLECTOR
========================================

Capture event: 2026-08-17 08:00:03

========================================
Reading ESP32 sensors...
========================================
Sensor record received:
{
  "water_temp": 29.0,
  "room_temp": 30.4,
  "humidity": 72.0,
  "ph": 6.38,
  "ph_voltage": 2.6796,
  "ec": 1.755,
  "tds": 877.7,
  "tds_voltage": 2.3818,
  "water_level": "OK"
}

========================================
Capturing camera image...
========================================
Waiting for exposure and white balance...

Image saved:
/hydroponic_project/data_collection/images/lettuce_20260817_080003.jpg

========================================
Cropping P01-P12...
========================================
P01 created
P02 created
P03 created
P04 created
P05 created
P06 created
P07 created
P08 created
P09 created
P10 created
P11 created
P12 created

========================================
Saving multimodal dataset...
========================================

12 multimodal samples saved.

CSV:
/hydroponic_project/data_collection/multimodal_dataset.csv

========================================
 COLLECTION COMPLETED
========================================

Timestamp : 2026-08-17 08:00:03
Plants    : 12
Image     : /hydroponic_project/data_collection/images/lettuce_20260817_080003.jpg
Dataset   : /hydroponic_project/data_collection/multimodal_dataset.csv

[17:39:57.053789267] [3193]  INFO Camera camera_manager.cpp:340 libcamera v0.7.1+rpt20260609
[17:39:57.106259919] [3196]  INFO RPI pipeline_base.cpp:1133 Using configuration file '/usr/share/libcamera/pipeline/rpi/vc4/rpi_apps.yaml'
[17:39:57.159686406] [3196]  INFO IPAProxy ipa_proxy.cpp:184 Using tuning file /usr/share/libcamera/ipa/rpi/vc4/imx219.json
[17:39:57.165678651] [3196]  INFO Camera camera_manager.cpp:223 Adding camera '/base/soc/i2c0mux/i2c@1/imx219@10' for pipeline handler rpi/vc4
[17:39:57.165756482] [3196]  INFO RPI vc4.cpp:445 Registered camera /base/soc/i2c0mux/i2c@1/imx219@10 to Unicam device /dev/media0 and ISP device /dev/media1
[17:39:57.172266718] [3193]  INFO Camera camera.cpp:1216 configuring streams: (0) 3280x2464-BGR888/sRGB (1) 3280x2464-SBGGR10_CSI2P/RAW
[17:39:57.172699080] [3196]  INFO RPI vc4.cpp:620 Sensor: /base/soc/i2c0mux/i2c@1/imx219@10 - Selected sensor format: 3280x2464-SBGGR10_1X10/RAW - Selected unicam format: 3280x2464-pBAA/RAW

========================================
 HYDROPONIC MULTIMODAL DATA COLLECTOR
========================================

Capture event: 2026-08-17 09:00:03

========================================
Reading ESP32 sensors...
========================================
Sensor record received:
{
  "water_temp": 29.19,
  "room_temp": 31.4,
  "humidity": 70.2,
  "ph": 6.31,
  "ph_voltage": 2.6899,
  "ec": 1.748,
  "tds": 874.0,
  "tds_voltage": 2.3843,
  "water_level": "OK"
}

========================================
Capturing camera image...
========================================
Waiting for exposure and white balance...

Image saved:
/hydroponic_project/data_collection/images/lettuce_20260817_090003.jpg

========================================
Cropping P01-P12...
========================================
P01 created
P02 created
P03 created
P04 created
P05 created
P06 created
P07 created
P08 created
P09 created
P10 created
P11 created
P12 created

========================================
Saving multimodal dataset...
========================================

12 multimodal samples saved.

CSV:
/hydroponic_project/data_collection/multimodal_dataset.csv

========================================
 COLLECTION COMPLETED
========================================

Timestamp : 2026-08-17 09:00:03
Plants    : 12
Image     : /hydroponic_project/data_collection/images/lettuce_20260817_090003.jpg
Dataset   : /hydroponic_project/data_collection/multimodal_dataset.csv

[18:39:17.214646098] [3261]  INFO Camera camera_manager.cpp:340 libcamera v0.7.1+rpt20260609
[18:39:17.232840476] [3264]  INFO RPI pipeline_base.cpp:1133 Using configuration file '/usr/share/libcamera/pipeline/rpi/vc4/rpi_apps.yaml'
[18:39:17.259419082] [3264]  INFO IPAProxy ipa_proxy.cpp:184 Using tuning file /usr/share/libcamera/ipa/rpi/vc4/imx219.json
[18:39:17.265394512] [3264]  INFO Camera camera_manager.cpp:223 Adding camera '/base/soc/i2c0mux/i2c@1/imx219@10' for pipeline handler rpi/vc4
[18:39:17.265473622] [3264]  INFO RPI vc4.cpp:445 Registered camera /base/soc/i2c0mux/i2c@1/imx219@10 to Unicam device /dev/media0 and ISP device /dev/media1
[18:39:17.271936619] [3261]  INFO Camera camera.cpp:1216 configuring streams: (0) 3280x2464-BGR888/sRGB (1) 3280x2464-SBGGR10_CSI2P/RAW
[18:39:17.272398964] [3264]  INFO RPI vc4.cpp:620 Sensor: /base/soc/i2c0mux/i2c@1/imx219@10 - Selected sensor format: 3280x2464-SBGGR10_1X10/RAW - Selected unicam format: 3280x2464-pBAA/RAW

========================================
 HYDROPONIC MULTIMODAL DATA COLLECTOR
========================================

Capture event: 2026-08-17 10:00:03

========================================
Reading ESP32 sensors...
========================================
Sensor record received:
{
  "water_temp": 29.5,
  "room_temp": 31.8,
  "humidity": 70.5,
  "ph": 6.39,
  "ph_voltage": 2.6775,
  "ec": 1.734,
  "tds": 867.2,
  "tds_voltage": 2.3875,
  "water_level": "OK"
}

========================================
Capturing camera image...
========================================
Waiting for exposure and white balance...

Image saved:
/hydroponic_project/data_collection/images/lettuce_20260817_100003.jpg

========================================
Cropping P01-P12...
========================================
P01 created
P02 created
P03 created
P04 created
P05 created
P06 created
P07 created
P08 created
P09 created
P10 created
P11 created
P12 created

========================================
Saving multimodal dataset...
========================================

12 multimodal samples saved.

CSV:
/hydroponic_project/data_collection/multimodal_dataset.csv

========================================
 COLLECTION COMPLETED
========================================

Timestamp : 2026-08-17 10:00:03
Plants    : 12
Image     : /hydroponic_project/data_collection/images/lettuce_20260817_100003.jpg
Dataset   : /hydroponic_project/data_collection/multimodal_dataset.csv

[19:40:08.043161332] [3378]  INFO Camera camera_manager.cpp:340 libcamera v0.7.1+rpt20260609
[19:40:08.095068992] [3382]  INFO RPI pipeline_base.cpp:1133 Using configuration file '/usr/share/libcamera/pipeline/rpi/vc4/rpi_apps.yaml'
[19:40:08.145789130] [3382]  INFO IPAProxy ipa_proxy.cpp:184 Using tuning file /usr/share/libcamera/ipa/rpi/vc4/imx219.json
[19:40:08.151804550] [3382]  INFO Camera camera_manager.cpp:223 Adding camera '/base/soc/i2c0mux/i2c@1/imx219@10' for pipeline handler rpi/vc4
[19:40:08.151884808] [3382]  INFO RPI vc4.cpp:445 Registered camera /base/soc/i2c0mux/i2c@1/imx219@10 to Unicam device /dev/media0 and ISP device /dev/media1
[19:40:08.158340111] [3378]  INFO Camera camera.cpp:1216 configuring streams: (0) 3280x2464-BGR888/sRGB (1) 3280x2464-SBGGR10_CSI2P/RAW
[19:40:08.158775864] [3382]  INFO RPI vc4.cpp:620 Sensor: /base/soc/i2c0mux/i2c@1/imx219@10 - Selected sensor format: 3280x2464-SBGGR10_1X10/RAW - Selected unicam format: 3280x2464-pBAA/RAW

========================================
 HYDROPONIC MULTIMODAL DATA COLLECTOR
========================================

Capture event: 2026-08-17 11:00:03

========================================
Reading ESP32 sensors...
========================================
Sensor record received:
{
  "water_temp": 29.81,
  "room_temp": 31.7,
  "humidity": 71.8,
  "ph": 6.36,
  "ph_voltage": 2.6829,
  "ec": 1.72,
  "tds": 859.9,
  "tds_voltage": 2.3898,
  "water_level": "OK"
}

========================================
Capturing camera image...
========================================
Waiting for exposure and white balance...

Image saved:
/hydroponic_project/data_collection/images/lettuce_20260817_110003.jpg

========================================
Cropping P01-P12...
========================================
P01 created
P02 created
P03 created
P04 created
P05 created
P06 created
P07 created
P08 created
P09 created
P10 created
P11 created
P12 created

========================================
Saving multimodal dataset...
========================================

12 multimodal samples saved.

CSV:
/hydroponic_project/data_collection/multimodal_dataset.csv

========================================
 COLLECTION COMPLETED
========================================

Timestamp : 2026-08-17 11:00:03
Plants    : 12
Image     : /hydroponic_project/data_collection/images/lettuce_20260817_110003.jpg
Dataset   : /hydroponic_project/data_collection/multimodal_dataset.csv

[20:39:28.271014721] [3442]  INFO Camera camera_manager.cpp:340 libcamera v0.7.1+rpt20260609
[20:39:28.315931599] [3446]  INFO RPI pipeline_base.cpp:1133 Using configuration file '/usr/share/libcamera/pipeline/rpi/vc4/rpi_apps.yaml'
[20:39:28.374373110] [3446]  INFO IPAProxy ipa_proxy.cpp:184 Using tuning file /usr/share/libcamera/ipa/rpi/vc4/imx219.json
[20:39:28.380306882] [3446]  INFO Camera camera_manager.cpp:223 Adding camera '/base/soc/i2c0mux/i2c@1/imx219@10' for pipeline handler rpi/vc4
[20:39:28.380385437] [3446]  INFO RPI vc4.cpp:445 Registered camera /base/soc/i2c0mux/i2c@1/imx219@10 to Unicam device /dev/media0 and ISP device /dev/media1
[20:39:28.386879627] [3442]  INFO Camera camera.cpp:1216 configuring streams: (0) 3280x2464-BGR888/sRGB (1) 3280x2464-SBGGR10_CSI2P/RAW
[20:39:28.387313751] [3446]  INFO RPI vc4.cpp:620 Sensor: /base/soc/i2c0mux/i2c@1/imx219@10 - Selected sensor format: 3280x2464-SBGGR10_1X10/RAW - Selected unicam format: 3280x2464-pBAA/RAW

========================================
 HYDROPONIC MULTIMODAL DATA COLLECTOR
========================================

Capture event: 2026-08-17 12:00:03

========================================
Reading ESP32 sensors...
========================================
Sensor record received:
{
  "water_temp": 30.06,
  "room_temp": 32.4,
  "humidity": 67.3,
  "ph": 6.46,
  "ph_voltage": 2.6668,
  "ec": 1.71,
  "tds": 855.0,
  "tds_voltage": 2.3929,
  "water_level": "OK"
}

========================================
Capturing camera image...
========================================
Waiting for exposure and white balance...

Image saved:
/hydroponic_project/data_collection/images/lettuce_20260817_120003.jpg

========================================
Cropping P01-P12...
========================================
P01 created
P02 created
P03 created
P04 created
P05 created
P06 created
P07 created
P08 created
P09 created
P10 created
P11 created
P12 created

========================================
Saving multimodal dataset...
========================================

12 multimodal samples saved.

CSV:
/hydroponic_project/data_collection/multimodal_dataset.csv

========================================
 COLLECTION COMPLETED
========================================

Timestamp : 2026-08-17 12:00:03
Plants    : 12
Image     : /hydroponic_project/data_collection/images/lettuce_20260817_120003.jpg
Dataset   : /hydroponic_project/data_collection/multimodal_dataset.csv

[21:39:14.449798283] [3510]  INFO Camera camera_manager.cpp:340 libcamera v0.7.1+rpt20260609
[21:39:14.501942808] [3514]  INFO RPI pipeline_base.cpp:1133 Using configuration file '/usr/share/libcamera/pipeline/rpi/vc4/rpi_apps.yaml'
[21:39:14.552834070] [3514]  INFO IPAProxy ipa_proxy.cpp:184 Using tuning file /usr/share/libcamera/ipa/rpi/vc4/imx219.json
[21:39:14.558826760] [3514]  INFO Camera camera_manager.cpp:223 Adding camera '/base/soc/i2c0mux/i2c@1/imx219@10' for pipeline handler rpi/vc4
[21:39:14.558907111] [3514]  INFO RPI vc4.cpp:445 Registered camera /base/soc/i2c0mux/i2c@1/imx219@10 to Unicam device /dev/media0 and ISP device /dev/media1
[21:39:14.565394165] [3510]  INFO Camera camera.cpp:1216 configuring streams: (0) 3280x2464-BGR888/sRGB (1) 3280x2464-SBGGR10_CSI2P/RAW
[21:39:14.565834327] [3514]  INFO RPI vc4.cpp:620 Sensor: /base/soc/i2c0mux/i2c@1/imx219@10 - Selected sensor format: 3280x2464-SBGGR10_1X10/RAW - Selected unicam format: 3280x2464-pBAA/RAW

========================================
 HYDROPONIC MULTIMODAL DATA COLLECTOR
========================================

Capture event: 2026-08-17 13:00:03

========================================
Reading ESP32 sensors...
========================================
Sensor record received:
{
  "water_temp": 30.25,
  "room_temp": 32.3,
  "humidity": 67.8,
  "ph": 6.47,
  "ph_voltage": 2.6648,
  "ec": 1.7,
  "tds": 850.2,
  "tds_voltage": 2.3933,
  "water_level": "OK"
}

========================================
Capturing camera image...
========================================
Waiting for exposure and white balance...

Image saved:
/hydroponic_project/data_collection/images/lettuce_20260817_130003.jpg

========================================
Cropping P01-P12...
========================================
P01 created
P02 created
P03 created
P04 created
P05 created
P06 created
P07 created
P08 created
P09 created
P10 created
P11 created
P12 created

========================================
Saving multimodal dataset...
========================================

12 multimodal samples saved.

CSV:
/hydroponic_project/data_collection/multimodal_dataset.csv

========================================
 COLLECTION COMPLETED
========================================

Timestamp : 2026-08-17 13:00:03
Plants    : 12
Image     : /hydroponic_project/data_collection/images/lettuce_20260817_130003.jpg
Dataset   : /hydroponic_project/data_collection/multimodal_dataset.csv

[22:39:39.461178752] [3581]  INFO Camera camera_manager.cpp:340 libcamera v0.7.1+rpt20260609
[22:39:39.513123409] [3584]  INFO RPI pipeline_base.cpp:1133 Using configuration file '/usr/share/libcamera/pipeline/rpi/vc4/rpi_apps.yaml'
[22:39:39.545313456] [3584]  INFO IPAProxy ipa_proxy.cpp:184 Using tuning file /usr/share/libcamera/ipa/rpi/vc4/imx219.json
[22:39:39.551242169] [3584]  INFO Camera camera_manager.cpp:223 Adding camera '/base/soc/i2c0mux/i2c@1/imx219@10' for pipeline handler rpi/vc4
[22:39:39.551319260] [3584]  INFO RPI vc4.cpp:445 Registered camera /base/soc/i2c0mux/i2c@1/imx219@10 to Unicam device /dev/media0 and ISP device /dev/media1
[22:39:39.557845391] [3581]  INFO Camera camera.cpp:1216 configuring streams: (0) 3280x2464-BGR888/sRGB (1) 3280x2464-SBGGR10_CSI2P/RAW
[22:39:39.558578399] [3584]  INFO RPI vc4.cpp:620 Sensor: /base/soc/i2c0mux/i2c@1/imx219@10 - Selected sensor format: 3280x2464-SBGGR10_1X10/RAW - Selected unicam format: 3280x2464-pBAA/RAW

========================================
 HYDROPONIC MULTIMODAL DATA COLLECTOR
========================================

Capture event: 2026-08-17 14:00:03

========================================
Reading ESP32 sensors...
========================================
Sensor record received:
{
  "water_temp": 29.5,
  "room_temp": 29.2,
  "humidity": 77.7,
  "ph": 6.41,
  "ph_voltage": 2.6735,
  "ec": 1.729,
  "tds": 864.7,
  "tds_voltage": 2.3836,
  "water_level": "OK"
}

========================================
Capturing camera image...
========================================
Waiting for exposure and white balance...

Image saved:
/hydroponic_project/data_collection/images/lettuce_20260817_140003.jpg

========================================
Cropping P01-P12...
========================================
P01 created
P02 created
P03 created
P04 created
P05 created
P06 created
P07 created
P08 created
P09 created
P10 created
P11 created
P12 created

========================================
Saving multimodal dataset...
========================================

12 multimodal samples saved.

CSV:
/hydroponic_project/data_collection/multimodal_dataset.csv

========================================
 COLLECTION COMPLETED
========================================

Timestamp : 2026-08-17 14:00:03
Plants    : 12
Image     : /hydroponic_project/data_collection/images/lettuce_20260817_140003.jpg
Dataset   : /hydroponic_project/data_collection/multimodal_dataset.csv

[23:40:43.252228578] [3648]  INFO Camera camera_manager.cpp:340 libcamera v0.7.1+rpt20260609
[23:40:43.304757884] [3655]  INFO RPI pipeline_base.cpp:1133 Using configuration file '/usr/share/libcamera/pipeline/rpi/vc4/rpi_apps.yaml'
[23:40:43.357131119] [3655]  INFO IPAProxy ipa_proxy.cpp:184 Using tuning file /usr/share/libcamera/ipa/rpi/vc4/imx219.json
[23:40:43.363151662] [3655]  INFO Camera camera_manager.cpp:223 Adding camera '/base/soc/i2c0mux/i2c@1/imx219@10' for pipeline handler rpi/vc4
[23:40:43.363233087] [3655]  INFO RPI vc4.cpp:445 Registered camera /base/soc/i2c0mux/i2c@1/imx219@10 to Unicam device /dev/media0 and ISP device /dev/media1
[23:40:43.369818549] [3648]  INFO Camera camera.cpp:1216 configuring streams: (0) 3280x2464-BGR888/sRGB (1) 3280x2464-SBGGR10_CSI2P/RAW
[23:40:43.370272005] [3655]  INFO RPI vc4.cpp:620 Sensor: /base/soc/i2c0mux/i2c@1/imx219@10 - Selected sensor format: 3280x2464-SBGGR10_1X10/RAW - Selected unicam format: 3280x2464-pBAA/RAW

========================================
 HYDROPONIC MULTIMODAL DATA COLLECTOR
========================================

Capture event: 2026-08-17 15:00:03

========================================
Reading ESP32 sensors...
========================================
Sensor record received:
{
  "water_temp": 29.12,
  "room_temp": 32.6,
  "humidity": 69.1,
  "ph": 6.34,
  "ph_voltage": 2.685,
  "ec": 1.747,
  "tds": 873.5,
  "tds_voltage": 2.3808,
  "water_level": "OK"
}

========================================
Capturing camera image...
========================================
Waiting for exposure and white balance...

Image saved:
/hydroponic_project/data_collection/images/lettuce_20260817_150003.jpg

========================================
Cropping P01-P12...
========================================
P01 created
P02 created
P03 created
P04 created
P05 created
P06 created
P07 created
P08 created
P09 created
P10 created
P11 created
P12 created

========================================
Saving multimodal dataset...
========================================

12 multimodal samples saved.

CSV:
/hydroponic_project/data_collection/multimodal_dataset.csv

========================================
 COLLECTION COMPLETED
========================================

Timestamp : 2026-08-17 15:00:03
Plants    : 12
Image     : /hydroponic_project/data_collection/images/lettuce_20260817_150003.jpg
Dataset   : /hydroponic_project/data_collection/multimodal_dataset.csv

[24:40:16.495718412] [3774]  INFO Camera camera_manager.cpp:340 libcamera v0.7.1+rpt20260609
[24:40:16.541328529] [3779]  INFO RPI pipeline_base.cpp:1133 Using configuration file '/usr/share/libcamera/pipeline/rpi/vc4/rpi_apps.yaml'
[24:40:16.595747684] [3779]  INFO IPAProxy ipa_proxy.cpp:184 Using tuning file /usr/share/libcamera/ipa/rpi/vc4/imx219.json
[24:40:16.608195300] [3779]  INFO Camera camera_manager.cpp:223 Adding camera '/base/soc/i2c0mux/i2c@1/imx219@10' for pipeline handler rpi/vc4
[24:40:16.608318243] [3779]  INFO RPI vc4.cpp:445 Registered camera /base/soc/i2c0mux/i2c@1/imx219@10 to Unicam device /dev/media0 and ISP device /dev/media1
[24:40:16.620694897] [3774]  INFO Camera camera.cpp:1216 configuring streams: (0) 3280x2464-BGR888/sRGB (1) 3280x2464-SBGGR10_CSI2P/RAW
[24:40:16.621140687] [3779]  INFO RPI vc4.cpp:620 Sensor: /base/soc/i2c0mux/i2c@1/imx219@10 - Selected sensor format: 3280x2464-SBGGR10_1X10/RAW - Selected unicam format: 3280x2464-pBAA/RAW

========================================
 HYDROPONIC MULTIMODAL DATA COLLECTOR
========================================

Capture event: 2026-08-17 16:00:04

========================================
Reading ESP32 sensors...
========================================
Sensor record received:
{
  "water_temp": 29.19,
  "room_temp": 33.9,
  "humidity": 67.5,
  "ph": 6.44,
  "ph_voltage": 2.6694,
  "ec": 1.746,
  "tds": 872.9,
  "tds_voltage": 2.3826,
  "water_level": "OK"
}

========================================
Capturing camera image...
========================================
Waiting for exposure and white balance...

Image saved:
/hydroponic_project/data_collection/images/lettuce_20260817_160004.jpg

========================================
Cropping P01-P12...
========================================
P01 created
P02 created
P03 created
P04 created
P05 created
P06 created
P07 created
P08 created
P09 created
P10 created
P11 created
P12 created

========================================
Saving multimodal dataset...
========================================

12 multimodal samples saved.

CSV:
/hydroponic_project/data_collection/multimodal_dataset.csv

========================================
 COLLECTION COMPLETED
========================================

Timestamp : 2026-08-17 16:00:04
Plants    : 12
Image     : /hydroponic_project/data_collection/images/lettuce_20260817_160004.jpg
Dataset   : /hydroponic_project/data_collection/multimodal_dataset.csv

[25:39:10.911984233] [3841]  INFO Camera camera_manager.cpp:340 libcamera v0.7.1+rpt20260609
[25:39:10.964425009] [3844]  INFO RPI pipeline_base.cpp:1133 Using configuration file '/usr/share/libcamera/pipeline/rpi/vc4/rpi_apps.yaml'
[25:39:11.013898774] [3844]  INFO IPAProxy ipa_proxy.cpp:184 Using tuning file /usr/share/libcamera/ipa/rpi/vc4/imx219.json
[25:39:11.019894942] [3844]  INFO Camera camera_manager.cpp:223 Adding camera '/base/soc/i2c0mux/i2c@1/imx219@10' for pipeline handler rpi/vc4
[25:39:11.019971774] [3844]  INFO RPI vc4.cpp:445 Registered camera /base/soc/i2c0mux/i2c@1/imx219@10 to Unicam device /dev/media0 and ISP device /dev/media1
[25:39:11.026423139] [3841]  INFO Camera camera.cpp:1216 configuring streams: (0) 3280x2464-BGR888/sRGB (1) 3280x2464-SBGGR10_CSI2P/RAW
[25:39:11.026860169] [3844]  INFO RPI vc4.cpp:620 Sensor: /base/soc/i2c0mux/i2c@1/imx219@10 - Selected sensor format: 3280x2464-SBGGR10_1X10/RAW - Selected unicam format: 3280x2464-pBAA/RAW

========================================
 HYDROPONIC MULTIMODAL DATA COLLECTOR
========================================

Capture event: 2026-08-17 17:00:04

========================================
Reading ESP32 sensors...
========================================
Sensor record received:
{
  "water_temp": 29.31,
  "room_temp": 34.0,
  "humidity": 65.2,
  "ph": 6.46,
  "ph_voltage": 2.6656,
  "ec": 1.74,
  "tds": 870.0,
  "tds_voltage": 2.3836,
  "water_level": "OK"
}

========================================
Capturing camera image...
========================================
Waiting for exposure and white balance...

Image saved:
/hydroponic_project/data_collection/images/lettuce_20260817_170004.jpg

========================================
Cropping P01-P12...
========================================
P01 created
P02 created
P03 created
P04 created
P05 created
P06 created
P07 created
P08 created
P09 created
P10 created
P11 created
P12 created

========================================
Saving multimodal dataset...
========================================

12 multimodal samples saved.

CSV:
/hydroponic_project/data_collection/multimodal_dataset.csv

========================================
 COLLECTION COMPLETED
========================================

Timestamp : 2026-08-17 17:00:04
Plants    : 12
Image     : /hydroponic_project/data_collection/images/lettuce_20260817_170004.jpg
Dataset   : /hydroponic_project/data_collection/multimodal_dataset.csv

[26:39:48.917318672] [3905]  INFO Camera camera_manager.cpp:340 libcamera v0.7.1+rpt20260609
[26:39:48.970160179] [3908]  INFO RPI pipeline_base.cpp:1133 Using configuration file '/usr/share/libcamera/pipeline/rpi/vc4/rpi_apps.yaml'
[26:39:49.021426209] [3908]  INFO IPAProxy ipa_proxy.cpp:184 Using tuning file /usr/share/libcamera/ipa/rpi/vc4/imx219.json
[26:39:49.027482824] [3908]  INFO Camera camera_manager.cpp:223 Adding camera '/base/soc/i2c0mux/i2c@1/imx219@10' for pipeline handler rpi/vc4
[26:39:49.027561138] [3908]  INFO RPI vc4.cpp:445 Registered camera /base/soc/i2c0mux/i2c@1/imx219@10 to Unicam device /dev/media0 and ISP device /dev/media1
[26:39:49.034090209] [3905]  INFO Camera camera.cpp:1216 configuring streams: (0) 3280x2464-BGR888/sRGB (1) 3280x2464-SBGGR10_CSI2P/RAW
[26:39:49.034533721] [3908]  INFO RPI vc4.cpp:620 Sensor: /base/soc/i2c0mux/i2c@1/imx219@10 - Selected sensor format: 3280x2464-SBGGR10_1X10/RAW - Selected unicam format: 3280x2464-pBAA/RAW

========================================
 HYDROPONIC MULTIMODAL DATA COLLECTOR
========================================

Capture event: 2026-08-17 18:00:03

========================================
Reading ESP32 sensors...
========================================
Sensor record received:
{
  "water_temp": 29.19,
  "room_temp": 33.6,
  "humidity": 67.5,
  "ph": 6.45,
  "ph_voltage": 2.6676,
  "ec": 1.745,
  "tds": 872.5,
  "tds_voltage": 2.382,
  "water_level": "OK"
}

========================================
Capturing camera image...
========================================
Waiting for exposure and white balance...

Image saved:
/hydroponic_project/data_collection/images/lettuce_20260817_180003.jpg

========================================
Cropping P01-P12...
========================================
P01 created
P02 created
P03 created
P04 created
P05 created
P06 created
P07 created
P08 created
P09 created
P10 created
P11 created
P12 created

========================================
Saving multimodal dataset...
========================================

12 multimodal samples saved.

CSV:
/hydroponic_project/data_collection/multimodal_dataset.csv

========================================
 COLLECTION COMPLETED
========================================

Timestamp : 2026-08-17 18:00:03
Plants    : 12
Image     : /hydroponic_project/data_collection/images/lettuce_20260817_180003.jpg
Dataset   : /hydroponic_project/data_collection/multimodal_dataset.csv

[27:40:01.023906086] [3975]  INFO Camera camera_manager.cpp:340 libcamera v0.7.1+rpt20260609
[27:40:01.042225916] [3979]  INFO RPI pipeline_base.cpp:1133 Using configuration file '/usr/share/libcamera/pipeline/rpi/vc4/rpi_apps.yaml'
[27:40:01.069656708] [3979]  INFO IPAProxy ipa_proxy.cpp:184 Using tuning file /usr/share/libcamera/ipa/rpi/vc4/imx219.json
[27:40:01.075656863] [3979]  INFO Camera camera_manager.cpp:223 Adding camera '/base/soc/i2c0mux/i2c@1/imx219@10' for pipeline handler rpi/vc4
[27:40:01.075738454] [3979]  INFO RPI vc4.cpp:445 Registered camera /base/soc/i2c0mux/i2c@1/imx219@10 to Unicam device /dev/media0 and ISP device /dev/media1
[27:40:01.082386674] [3975]  INFO Camera camera.cpp:1216 configuring streams: (0) 3280x2464-BGR888/sRGB (1) 3280x2464-SBGGR10_CSI2P/RAW
[27:40:01.082830464] [3979]  INFO RPI vc4.cpp:620 Sensor: /base/soc/i2c0mux/i2c@1/imx219@10 - Selected sensor format: 3280x2464-SBGGR10_1X10/RAW - Selected unicam format: 3280x2464-pBAA/RAW

========================================
 HYDROPONIC MULTIMODAL DATA COLLECTOR
========================================

Capture event: 2026-08-17 19:00:03

========================================
Reading ESP32 sensors...
========================================
Sensor record received:
{
  "water_temp": 29.06,
  "room_temp": 33.4,
  "humidity": 66.5,
  "ph": 6.37,
  "ph_voltage": 2.68,
  "ec": 1.748,
  "tds": 874.1,
  "tds_voltage": 2.379,
  "water_level": "OK"
}

========================================
Capturing camera image...
========================================
Waiting for exposure and white balance...

Image saved:
/hydroponic_project/data_collection/images/lettuce_20260817_190003.jpg

========================================
Cropping P01-P12...
========================================
P01 created
P02 created
P03 created
P04 created
P05 created
P06 created
P07 created
P08 created
P09 created
P10 created
P11 created
P12 created

========================================
Saving multimodal dataset...
========================================

12 multimodal samples saved.

CSV:
/hydroponic_project/data_collection/multimodal_dataset.csv

========================================
 COLLECTION COMPLETED
========================================

Timestamp : 2026-08-17 19:00:03
Plants    : 12
Image     : /hydroponic_project/data_collection/images/lettuce_20260817_190003.jpg
Dataset   : /hydroponic_project/data_collection/multimodal_dataset.csv

[28:41:30.828050491] [4041]  INFO Camera camera_manager.cpp:340 libcamera v0.7.1+rpt20260609
[28:41:30.880228454] [4046]  INFO RPI pipeline_base.cpp:1133 Using configuration file '/usr/share/libcamera/pipeline/rpi/vc4/rpi_apps.yaml'
[28:41:30.932394326] [4046]  INFO IPAProxy ipa_proxy.cpp:184 Using tuning file /usr/share/libcamera/ipa/rpi/vc4/imx219.json
[28:41:30.938440046] [4046]  INFO Camera camera_manager.cpp:223 Adding camera '/base/soc/i2c0mux/i2c@1/imx219@10' for pipeline handler rpi/vc4
[28:41:30.938522175] [4046]  INFO RPI vc4.cpp:445 Registered camera /base/soc/i2c0mux/i2c@1/imx219@10 to Unicam device /dev/media0 and ISP device /dev/media1
[28:41:30.945404345] [4041]  INFO Camera camera.cpp:1216 configuring streams: (0) 3280x2464-BGR888/sRGB (1) 3280x2464-SBGGR10_CSI2P/RAW
[28:41:30.945854875] [4046]  INFO RPI vc4.cpp:620 Sensor: /base/soc/i2c0mux/i2c@1/imx219@10 - Selected sensor format: 3280x2464-SBGGR10_1X10/RAW - Selected unicam format: 3280x2464-pBAA/RAW

========================================
 HYDROPONIC MULTIMODAL DATA COLLECTOR
========================================

Capture event: 2026-08-17 20:00:03

========================================
Reading ESP32 sensors...
========================================
Sensor record received:
{
  "water_temp": 28.81,
  "room_temp": 31.2,
  "humidity": 70.2,
  "ph": 6.45,
  "ph_voltage": 2.6683,
  "ec": 1.757,
  "tds": 878.6,
  "tds_voltage": 2.3749,
  "water_level": "OK"
}

========================================
Capturing camera image...
========================================
Waiting for exposure and white balance...

Image saved:
/hydroponic_project/data_collection/images/lettuce_20260817_200003.jpg

========================================
Cropping P01-P12...
========================================
P01 created
P02 created
P03 created
P04 created
P05 created
P06 created
P07 created
P08 created
P09 created
P10 created
P11 created
P12 created

========================================
Saving multimodal dataset...
========================================

12 multimodal samples saved.

CSV:
/hydroponic_project/data_collection/multimodal_dataset.csv

========================================
 COLLECTION COMPLETED
========================================

Timestamp : 2026-08-17 20:00:03
Plants    : 12
Image     : /hydroponic_project/data_collection/images/lettuce_20260817_200003.jpg
Dataset   : /hydroponic_project/data_collection/multimodal_dataset.csv

[29:39:33.449429723] [4107]  INFO Camera camera_manager.cpp:340 libcamera v0.7.1+rpt20260609
[29:39:33.467624826] [4110]  INFO RPI pipeline_base.cpp:1133 Using configuration file '/usr/share/libcamera/pipeline/rpi/vc4/rpi_apps.yaml'
[29:39:33.494063840] [4110]  INFO IPAProxy ipa_proxy.cpp:184 Using tuning file /usr/share/libcamera/ipa/rpi/vc4/imx219.json
[29:39:33.500063183] [4110]  INFO Camera camera_manager.cpp:223 Adding camera '/base/soc/i2c0mux/i2c@1/imx219@10' for pipeline handler rpi/vc4
[29:39:33.500141849] [4110]  INFO RPI vc4.cpp:445 Registered camera /base/soc/i2c0mux/i2c@1/imx219@10 to Unicam device /dev/media0 and ISP device /dev/media1
[29:39:33.506619724] [4107]  INFO Camera camera.cpp:1216 configuring streams: (0) 3280x2464-BGR888/sRGB (1) 3280x2464-SBGGR10_CSI2P/RAW
[29:39:33.507059905] [4110]  INFO RPI vc4.cpp:620 Sensor: /base/soc/i2c0mux/i2c@1/imx219@10 - Selected sensor format: 3280x2464-SBGGR10_1X10/RAW - Selected unicam format: 3280x2464-pBAA/RAW

========================================
 HYDROPONIC MULTIMODAL DATA COLLECTOR
========================================

Capture event: 2026-08-17 21:00:03

========================================
Reading ESP32 sensors...
========================================
Sensor record received:
{
  "water_temp": 28.75,
  "room_temp": 31.1,
  "humidity": 70.8,
  "ph": 6.34,
  "ph_voltage": 2.6849,
  "ec": 1.76,
  "tds": 879.8,
  "tds_voltage": 2.3739,
  "water_level": "OK"
}

========================================
Capturing camera image...
========================================
Waiting for exposure and white balance...

Image saved:
/hydroponic_project/data_collection/images/lettuce_20260817_210003.jpg

========================================
Cropping P01-P12...
========================================
P01 created
P02 created
P03 created
P04 created
P05 created
P06 created
P07 created
P08 created
P09 created
P10 created
P11 created
P12 created

========================================
Saving multimodal dataset...
========================================

12 multimodal samples saved.

CSV:
/hydroponic_project/data_collection/multimodal_dataset.csv

========================================
 COLLECTION COMPLETED
========================================

Timestamp : 2026-08-17 21:00:03
Plants    : 12
Image     : /hydroponic_project/data_collection/images/lettuce_20260817_210003.jpg
Dataset   : /hydroponic_project/data_collection/multimodal_dataset.csv

[0:18:23.477140563] [1626]  INFO Camera camera_manager.cpp:340 libcamera v0.7.1+rpt20260609
[0:18:23.530637087] [1632]  INFO RPI pipeline_base.cpp:1133 Using configuration file '/usr/share/libcamera/pipeline/rpi/vc4/rpi_apps.yaml'
[0:18:23.571586320] [1632]  INFO IPAProxy ipa_proxy.cpp:184 Using tuning file /usr/share/libcamera/ipa/rpi/vc4/imx219.json
[0:18:23.580854138] [1632]  INFO Camera camera_manager.cpp:223 Adding camera '/base/soc/i2c0mux/i2c@1/imx219@10' for pipeline handler rpi/vc4
[0:18:23.580953525] [1632]  INFO RPI vc4.cpp:445 Registered camera /base/soc/i2c0mux/i2c@1/imx219@10 to Unicam device /dev/media0 and ISP device /dev/media2
[0:18:23.590912588] [1626]  INFO Camera camera.cpp:1216 configuring streams: (0) 3280x2464-BGR888/sRGB (1) 3280x2464-SBGGR10_CSI2P/RAW
[0:18:23.591497429] [1632]  INFO RPI vc4.cpp:620 Sensor: /base/soc/i2c0mux/i2c@1/imx219@10 - Selected sensor format: 3280x2464-SBGGR10_1X10/RAW - Selected unicam format: 3280x2464-pBAA/RAW

========================================
 HYDROPONIC MULTIMODAL DATA COLLECTOR
========================================

Capture event: 2026-08-19 12:00:03

========================================
Reading ESP32 sensors...
========================================
Sensor record received:
{
  "water_temp": 30.06,
  "room_temp": 32.3,
  "humidity": 67.6,
  "ph": 6.55,
  "ph_voltage": 2.6516,
  "ec": 1.618,
  "tds": 808.8,
  "tds_voltage": 2.3173,
  "water_level": "OK"
}

========================================
Capturing camera image...
========================================
Waiting for exposure and white balance...

Image saved:
/hydroponic_project/data_collection/images/lettuce_20260819_120003.jpg

========================================
Cropping P01-P12...
========================================
P01 created
P02 created
P03 created
P04 created
P05 created
P06 created
P07 created
P08 created
P09 created
P10 created
P11 created
P12 created

========================================
Saving multimodal dataset...
========================================

12 multimodal samples saved.

CSV:
/hydroponic_project/data_collection/multimodal_dataset.csv

========================================
 COLLECTION COMPLETED
========================================

Timestamp : 2026-08-19 12:00:03
Plants    : 12
Image     : /hydroponic_project/data_collection/images/lettuce_20260819_120003.jpg
Dataset   : /hydroponic_project/data_collection/multimodal_dataset.csv

[1:19:01.462106841] [1792]  INFO Camera camera_manager.cpp:340 libcamera v0.7.1+rpt20260609
[1:19:01.514643087] [1795]  INFO RPI pipeline_base.cpp:1133 Using configuration file '/usr/share/libcamera/pipeline/rpi/vc4/rpi_apps.yaml'
[1:19:01.565430662] [1795]  INFO IPAProxy ipa_proxy.cpp:184 Using tuning file /usr/share/libcamera/ipa/rpi/vc4/imx219.json
[1:19:01.571406495] [1795]  INFO Camera camera_manager.cpp:223 Adding camera '/base/soc/i2c0mux/i2c@1/imx219@10' for pipeline handler rpi/vc4
[1:19:01.571487142] [1795]  INFO RPI vc4.cpp:445 Registered camera /base/soc/i2c0mux/i2c@1/imx219@10 to Unicam device /dev/media0 and ISP device /dev/media2
[1:19:01.577975392] [1792]  INFO Camera camera.cpp:1216 configuring streams: (0) 3280x2464-BGR888/sRGB (1) 3280x2464-SBGGR10_CSI2P/RAW
[1:19:01.578410662] [1795]  INFO RPI vc4.cpp:620 Sensor: /base/soc/i2c0mux/i2c@1/imx219@10 - Selected sensor format: 3280x2464-SBGGR10_1X10/RAW - Selected unicam format: 3280x2464-pBAA/RAW

========================================
 HYDROPONIC MULTIMODAL DATA COLLECTOR
========================================

Capture event: 2026-08-19 13:00:03

========================================
Reading ESP32 sensors...
========================================
Sensor record received:
{
  "water_temp": 30.37,
  "room_temp": 33.1,
  "humidity": 67.2,
  "ph": 6.57,
  "ph_voltage": 2.6476,
  "ec": 1.591,
  "tds": 795.4,
  "tds_voltage": 2.3076,
  "water_level": "OK"
}

========================================
Capturing camera image...
========================================
Waiting for exposure and white balance...

Image saved:
/hydroponic_project/data_collection/images/lettuce_20260819_130003.jpg

========================================
Cropping P01-P12...
========================================
P01 created
P02 created
P03 created
P04 created
P05 created
P06 created
P07 created
P08 created
P09 created
P10 created
P11 created
P12 created

========================================
Saving multimodal dataset...
========================================

12 multimodal samples saved.

CSV:
/hydroponic_project/data_collection/multimodal_dataset.csv

========================================
 COLLECTION COMPLETED
========================================

Timestamp : 2026-08-19 13:00:03
Plants    : 12
Image     : /hydroponic_project/data_collection/images/lettuce_20260819_130003.jpg
Dataset   : /hydroponic_project/data_collection/multimodal_dataset.csv

[2:19:00.633395271] [1865]  INFO Camera camera_manager.cpp:340 libcamera v0.7.1+rpt20260609
[2:19:00.681094867] [1870]  INFO RPI pipeline_base.cpp:1133 Using configuration file '/usr/share/libcamera/pipeline/rpi/vc4/rpi_apps.yaml'
[2:19:00.742869123] [1870]  INFO IPAProxy ipa_proxy.cpp:184 Using tuning file /usr/share/libcamera/ipa/rpi/vc4/imx219.json
[2:19:00.751949210] [1870]  INFO Camera camera_manager.cpp:223 Adding camera '/base/soc/i2c0mux/i2c@1/imx219@10' for pipeline handler rpi/vc4
[2:19:00.752063411] [1870]  INFO RPI vc4.cpp:445 Registered camera /base/soc/i2c0mux/i2c@1/imx219@10 to Unicam device /dev/media0 and ISP device /dev/media2
[2:19:00.758608843] [1865]  INFO Camera camera.cpp:1216 configuring streams: (0) 3280x2464-BGR888/sRGB (1) 3280x2464-SBGGR10_CSI2P/RAW
[2:19:00.759043038] [1870]  INFO RPI vc4.cpp:620 Sensor: /base/soc/i2c0mux/i2c@1/imx219@10 - Selected sensor format: 3280x2464-SBGGR10_1X10/RAW - Selected unicam format: 3280x2464-pBAA/RAW

========================================
 HYDROPONIC MULTIMODAL DATA COLLECTOR
========================================

Capture event: 2026-08-19 14:00:03

========================================
Reading ESP32 sensors...
========================================
Sensor record received:
{
  "water_temp": 30.62,
  "room_temp": 32.9,
  "humidity": 67.7,
  "ph": 6.73,
  "ph_voltage": 2.6231,
  "ec": 1.571,
  "tds": 785.7,
  "tds_voltage": 2.3013,
  "water_level": "OK"
}

========================================
Capturing camera image...
========================================
Waiting for exposure and white balance...

Image saved:
/hydroponic_project/data_collection/images/lettuce_20260819_140003.jpg

========================================
Cropping P01-P12...
========================================
P01 created
P02 created
P03 created
P04 created
P05 created
P06 created
P07 created
P08 created
P09 created
P10 created
P11 created
P12 created

========================================
Saving multimodal dataset...
========================================

12 multimodal samples saved.

CSV:
/hydroponic_project/data_collection/multimodal_dataset.csv

========================================
 COLLECTION COMPLETED
========================================

Timestamp : 2026-08-19 14:00:03
Plants    : 12
Image     : /hydroponic_project/data_collection/images/lettuce_20260819_140003.jpg
Dataset   : /hydroponic_project/data_collection/multimodal_dataset.csv

[3:19:25.649801699] [1928]  INFO Camera camera_manager.cpp:340 libcamera v0.7.1+rpt20260609
[3:19:25.702089223] [1931]  INFO RPI pipeline_base.cpp:1133 Using configuration file '/usr/share/libcamera/pipeline/rpi/vc4/rpi_apps.yaml'
[3:19:25.744320462] [1931]  INFO IPAProxy ipa_proxy.cpp:184 Using tuning file /usr/share/libcamera/ipa/rpi/vc4/imx219.json
[3:19:25.750258156] [1931]  INFO Camera camera_manager.cpp:223 Adding camera '/base/soc/i2c0mux/i2c@1/imx219@10' for pipeline handler rpi/vc4
[3:19:25.750336248] [1931]  INFO RPI vc4.cpp:445 Registered camera /base/soc/i2c0mux/i2c@1/imx219@10 to Unicam device /dev/media0 and ISP device /dev/media2
[3:19:25.756879804] [1928]  INFO Camera camera.cpp:1216 configuring streams: (0) 3280x2464-BGR888/sRGB (1) 3280x2464-SBGGR10_CSI2P/RAW
[3:19:25.757323798] [1931]  INFO RPI vc4.cpp:620 Sensor: /base/soc/i2c0mux/i2c@1/imx219@10 - Selected sensor format: 3280x2464-SBGGR10_1X10/RAW - Selected unicam format: 3280x2464-pBAA/RAW

========================================
 HYDROPONIC MULTIMODAL DATA COLLECTOR
========================================

Capture event: 2026-08-19 15:00:03

========================================
Reading ESP32 sensors...
========================================
Sensor record received:
{
  "water_temp": 30.62,
  "room_temp": 32.9,
  "humidity": 67.2,
  "ph": 6.82,
  "ph_voltage": 2.6071,
  "ec": 1.563,
  "tds": 781.5,
  "tds_voltage": 2.2939,
  "water_level": "OK"
}

========================================
Capturing camera image...
========================================
Waiting for exposure and white balance...

Image saved:
/hydroponic_project/data_collection/images/lettuce_20260819_150003.jpg

========================================
Cropping P01-P12...
========================================
P01 created
P02 created
P03 created
P04 created
P05 created
P06 created
P07 created
P08 created
P09 created
P10 created
P11 created
P12 created

========================================
Saving multimodal dataset...
========================================

12 multimodal samples saved.

CSV:
/hydroponic_project/data_collection/multimodal_dataset.csv

========================================
 COLLECTION COMPLETED
========================================

Timestamp : 2026-08-19 15:00:03
Plants    : 12
Image     : /hydroponic_project/data_collection/images/lettuce_20260819_150003.jpg
Dataset   : /hydroponic_project/data_collection/multimodal_dataset.csv

[4:18:32.909696024] [1995]  INFO Camera camera_manager.cpp:340 libcamera v0.7.1+rpt20260609
[4:18:32.955345940] [1998]  INFO RPI pipeline_base.cpp:1133 Using configuration file '/usr/share/libcamera/pipeline/rpi/vc4/rpi_apps.yaml'
[4:18:33.012173731] [1998]  INFO IPAProxy ipa_proxy.cpp:184 Using tuning file /usr/share/libcamera/ipa/rpi/vc4/imx219.json
[4:18:33.018175830] [1998]  INFO Camera camera_manager.cpp:223 Adding camera '/base/soc/i2c0mux/i2c@1/imx219@10' for pipeline handler rpi/vc4
[4:18:33.018258365] [1998]  INFO RPI vc4.cpp:445 Registered camera /base/soc/i2c0mux/i2c@1/imx219@10 to Unicam device /dev/media0 and ISP device /dev/media2
[4:18:33.024681662] [1995]  INFO Camera camera.cpp:1216 configuring streams: (0) 3280x2464-BGR888/sRGB (1) 3280x2464-SBGGR10_CSI2P/RAW
[4:18:33.025120063] [1998]  INFO RPI vc4.cpp:620 Sensor: /base/soc/i2c0mux/i2c@1/imx219@10 - Selected sensor format: 3280x2464-SBGGR10_1X10/RAW - Selected unicam format: 3280x2464-pBAA/RAW

========================================
 HYDROPONIC MULTIMODAL DATA COLLECTOR
========================================

Capture event: 2026-08-19 16:00:03

========================================
Reading ESP32 sensors...
========================================
Sensor record received:
{
  "water_temp": 30.56,
  "room_temp": 31.9,
  "humidity": 71.5,
  "ph": 6.61,
  "ph_voltage": 2.6413,
  "ec": 1.554,
  "tds": 777.0,
  "tds_voltage": 2.2834,
  "water_level": "OK"
}

========================================
Capturing camera image...
========================================
Waiting for exposure and white balance...

Image saved:
/hydroponic_project/data_collection/images/lettuce_20260819_160003.jpg

========================================
Cropping P01-P12...
========================================
P01 created
P02 created
P03 created
P04 created
P05 created
P06 created
P07 created
P08 created
P09 created
P10 created
P11 created
P12 created

========================================
Saving multimodal dataset...
========================================

12 multimodal samples saved.

CSV:
/hydroponic_project/data_collection/multimodal_dataset.csv

========================================
 COLLECTION COMPLETED
========================================

Timestamp : 2026-08-19 16:00:03
Plants    : 12
Image     : /hydroponic_project/data_collection/images/lettuce_20260819_160003.jpg
Dataset   : /hydroponic_project/data_collection/multimodal_dataset.csv

[5:20:15.468435052] [2073]  INFO Camera camera_manager.cpp:340 libcamera v0.7.1+rpt20260609
[5:20:15.521048979] [2077]  INFO RPI pipeline_base.cpp:1133 Using configuration file '/usr/share/libcamera/pipeline/rpi/vc4/rpi_apps.yaml'
[5:20:15.553103554] [2077]  INFO IPAProxy ipa_proxy.cpp:184 Using tuning file /usr/share/libcamera/ipa/rpi/vc4/imx219.json
[5:20:15.559158282] [2077]  INFO Camera camera_manager.cpp:223 Adding camera '/base/soc/i2c0mux/i2c@1/imx219@10' for pipeline handler rpi/vc4
[5:20:15.559235003] [2077]  INFO RPI vc4.cpp:445 Registered camera /base/soc/i2c0mux/i2c@1/imx219@10 to Unicam device /dev/media0 and ISP device /dev/media2
[5:20:15.565710595] [2073]  INFO Camera camera.cpp:1216 configuring streams: (0) 3280x2464-BGR888/sRGB (1) 3280x2464-SBGGR10_CSI2P/RAW
[5:20:15.566142403] [2077]  INFO RPI vc4.cpp:620 Sensor: /base/soc/i2c0mux/i2c@1/imx219@10 - Selected sensor format: 3280x2464-SBGGR10_1X10/RAW - Selected unicam format: 3280x2464-pBAA/RAW

========================================
 HYDROPONIC MULTIMODAL DATA COLLECTOR
========================================

Capture event: 2026-08-19 17:00:04

========================================
Reading ESP32 sensors...
========================================
Sensor record received:
{
  "water_temp": 30.37,
  "room_temp": 31.8,
  "humidity": 71.2,
  "ph": 6.64,
  "ph_voltage": 2.6364,
  "ec": 1.552,
  "tds": 775.9,
  "tds_voltage": 2.2739,
  "water_level": "OK"
}

========================================
Capturing camera image...
========================================
Waiting for exposure and white balance...

Image saved:
/hydroponic_project/data_collection/images/lettuce_20260819_170004.jpg

========================================
Cropping P01-P12...
========================================
P01 created
P02 created
P03 created
P04 created
P05 created
P06 created
P07 created
P08 created
P09 created
P10 created
P11 created
P12 created

========================================
Saving multimodal dataset...
========================================

12 multimodal samples saved.

CSV:
/hydroponic_project/data_collection/multimodal_dataset.csv

========================================
 COLLECTION COMPLETED
========================================

Timestamp : 2026-08-19 17:00:04
Plants    : 12
Image     : /hydroponic_project/data_collection/images/lettuce_20260819_170004.jpg
Dataset   : /hydroponic_project/data_collection/multimodal_dataset.csv

[6:18:31.025895915] [2133]  INFO Camera camera_manager.cpp:340 libcamera v0.7.1+rpt20260609
[6:18:31.044239467] [2136]  INFO RPI pipeline_base.cpp:1133 Using configuration file '/usr/share/libcamera/pipeline/rpi/vc4/rpi_apps.yaml'
[6:18:31.070551230] [2136]  INFO IPAProxy ipa_proxy.cpp:184 Using tuning file /usr/share/libcamera/ipa/rpi/vc4/imx219.json
[6:18:31.076571841] [2136]  INFO Camera camera_manager.cpp:223 Adding camera '/base/soc/i2c0mux/i2c@1/imx219@10' for pipeline handler rpi/vc4
[6:18:31.076653192] [2136]  INFO RPI vc4.cpp:445 Registered camera /base/soc/i2c0mux/i2c@1/imx219@10 to Unicam device /dev/media0 and ISP device /dev/media2
[6:18:31.083038557] [2133]  INFO Camera camera.cpp:1216 configuring streams: (0) 3280x2464-BGR888/sRGB (1) 3280x2464-SBGGR10_CSI2P/RAW
[6:18:31.083478254] [2136]  INFO RPI vc4.cpp:620 Sensor: /base/soc/i2c0mux/i2c@1/imx219@10 - Selected sensor format: 3280x2464-SBGGR10_1X10/RAW - Selected unicam format: 3280x2464-pBAA/RAW

========================================
 HYDROPONIC MULTIMODAL DATA COLLECTOR
========================================

Capture event: 2026-08-19 18:00:03

========================================
Reading ESP32 sensors...
========================================
Sensor record received:
{
  "water_temp": 30.12,
  "room_temp": 31.2,
  "humidity": 71.8,
  "ph": 6.95,
  "ph_voltage": 2.5874,
  "ec": 1.551,
  "tds": 775.7,
  "tds_voltage": 2.2631,
  "water_level": "OK"
}

========================================
Capturing camera image...
========================================
Waiting for exposure and white balance...

Image saved:
/hydroponic_project/data_collection/images/lettuce_20260819_180003.jpg

========================================
Cropping P01-P12...
========================================
P01 created
P02 created
P03 created
P04 created
P05 created
P06 created
P07 created
P08 created
P09 created
P10 created
P11 created
P12 created

========================================
Saving multimodal dataset...
========================================

12 multimodal samples saved.

CSV:
/hydroponic_project/data_collection/multimodal_dataset.csv

========================================
 COLLECTION COMPLETED
========================================

Timestamp : 2026-08-19 18:00:03
Plants    : 12
Image     : /hydroponic_project/data_collection/images/lettuce_20260819_180003.jpg
Dataset   : /hydroponic_project/data_collection/multimodal_dataset.csv

[7:18:17.210302212] [2210]  INFO Camera camera_manager.cpp:340 libcamera v0.7.1+rpt20260609
[7:18:17.255388551] [2213]  INFO RPI pipeline_base.cpp:1133 Using configuration file '/usr/share/libcamera/pipeline/rpi/vc4/rpi_apps.yaml'
[7:18:17.312194722] [2213]  INFO IPAProxy ipa_proxy.cpp:184 Using tuning file /usr/share/libcamera/ipa/rpi/vc4/imx219.json
[7:18:17.318226710] [2213]  INFO Camera camera_manager.cpp:223 Adding camera '/base/soc/i2c0mux/i2c@1/imx219@10' for pipeline handler rpi/vc4
[7:18:17.318308542] [2213]  INFO RPI vc4.cpp:445 Registered camera /base/soc/i2c0mux/i2c@1/imx219@10 to Unicam device /dev/media0 and ISP device /dev/media2
[7:18:17.324849319] [2210]  INFO Camera camera.cpp:1216 configuring streams: (0) 3280x2464-BGR888/sRGB (1) 3280x2464-SBGGR10_CSI2P/RAW
[7:18:17.325298924] [2213]  INFO RPI vc4.cpp:620 Sensor: /base/soc/i2c0mux/i2c@1/imx219@10 - Selected sensor format: 3280x2464-SBGGR10_1X10/RAW - Selected unicam format: 3280x2464-pBAA/RAW

========================================
 HYDROPONIC MULTIMODAL DATA COLLECTOR
========================================

Capture event: 2026-08-19 19:00:04

========================================
Reading ESP32 sensors...
========================================
Sensor record received:
{
  "water_temp": 29.75,
  "room_temp": 30.7,
  "humidity": 74.9,
  "ph": 6.74,
  "ph_voltage": 2.6215,
  "ec": 1.554,
  "tds": 777.1,
  "tds_voltage": 2.2503,
  "water_level": "OK"
}

========================================
Capturing camera image...
========================================
Waiting for exposure and white balance...

Image saved:
/hydroponic_project/data_collection/images/lettuce_20260819_190004.jpg

========================================
Cropping P01-P12...
========================================
P01 created
P02 created
P03 created
P04 created
P05 created
P06 created
P07 created
P08 created
P09 created
P10 created
P11 created
P12 created

========================================
Saving multimodal dataset...
========================================

12 multimodal samples saved.

CSV:
/hydroponic_project/data_collection/multimodal_dataset.csv

========================================
 COLLECTION COMPLETED
========================================

Timestamp : 2026-08-19 19:00:04
Plants    : 12
Image     : /hydroponic_project/data_collection/images/lettuce_20260819_190004.jpg
Dataset   : /hydroponic_project/data_collection/multimodal_dataset.csv

[8:18:42.242687175] [2282]  INFO Camera camera_manager.cpp:340 libcamera v0.7.1+rpt20260609
[8:18:42.290141620] [2285]  INFO RPI pipeline_base.cpp:1133 Using configuration file '/usr/share/libcamera/pipeline/rpi/vc4/rpi_apps.yaml'
[8:18:42.351029773] [2285]  INFO IPAProxy ipa_proxy.cpp:184 Using tuning file /usr/share/libcamera/ipa/rpi/vc4/imx219.json
[8:18:42.357522010] [2285]  INFO Camera camera_manager.cpp:223 Adding camera '/base/soc/i2c0mux/i2c@1/imx219@10' for pipeline handler rpi/vc4
[8:18:42.357598749] [2285]  INFO RPI vc4.cpp:445 Registered camera /base/soc/i2c0mux/i2c@1/imx219@10 to Unicam device /dev/media0 and ISP device /dev/media2
[8:18:42.363964933] [2282]  INFO Camera camera.cpp:1216 configuring streams: (0) 3280x2464-BGR888/sRGB (1) 3280x2464-SBGGR10_CSI2P/RAW
[8:18:42.364422648] [2285]  INFO RPI vc4.cpp:620 Sensor: /base/soc/i2c0mux/i2c@1/imx219@10 - Selected sensor format: 3280x2464-SBGGR10_1X10/RAW - Selected unicam format: 3280x2464-pBAA/RAW

========================================
 HYDROPONIC MULTIMODAL DATA COLLECTOR
========================================

Capture event: 2026-08-19 20:00:03

========================================
Reading ESP32 sensors...
========================================
Sensor record received:
{
  "water_temp": 29.56,
  "room_temp": 30.5,
  "humidity": 76.2,
  "ph": 7.04,
  "ph_voltage": 2.5725,
  "ec": 1.552,
  "tds": 776.1,
  "tds_voltage": 2.2408,
  "water_level": "OK"
}

========================================
Capturing camera image...
========================================
Waiting for exposure and white balance...

Image saved:
/hydroponic_project/data_collection/images/lettuce_20260819_200003.jpg

========================================
Cropping P01-P12...
========================================
P01 created
P02 created
P03 created
P04 created
P05 created
P06 created
P07 created
P08 created
P09 created
P10 created
P11 created
P12 created

========================================
Saving multimodal dataset...
========================================

12 multimodal samples saved.

CSV:
/hydroponic_project/data_collection/multimodal_dataset.csv

========================================
 COLLECTION COMPLETED
========================================

Timestamp : 2026-08-19 20:00:03
Plants    : 12
Image     : /hydroponic_project/data_collection/images/lettuce_20260819_200003.jpg
Dataset   : /hydroponic_project/data_collection/multimodal_dataset.csv

[9:18:15.437732348] [2402]  INFO Camera camera_manager.cpp:340 libcamera v0.7.1+rpt20260609
[9:18:15.456189975] [2405]  INFO RPI pipeline_base.cpp:1133 Using configuration file '/usr/share/libcamera/pipeline/rpi/vc4/rpi_apps.yaml'
[9:18:15.482744978] [2405]  INFO IPAProxy ipa_proxy.cpp:184 Using tuning file /usr/share/libcamera/ipa/rpi/vc4/imx219.json
[9:18:15.488751572] [2405]  INFO Camera camera_manager.cpp:223 Adding camera '/base/soc/i2c0mux/i2c@1/imx219@10' for pipeline handler rpi/vc4
[9:18:15.488830089] [2405]  INFO RPI vc4.cpp:445 Registered camera /base/soc/i2c0mux/i2c@1/imx219@10 to Unicam device /dev/media0 and ISP device /dev/media2
[9:18:15.495325972] [2402]  INFO Camera camera.cpp:1216 configuring streams: (0) 3280x2464-BGR888/sRGB (1) 3280x2464-SBGGR10_CSI2P/RAW
[9:18:15.495761336] [2405]  INFO RPI vc4.cpp:620 Sensor: /base/soc/i2c0mux/i2c@1/imx219@10 - Selected sensor format: 3280x2464-SBGGR10_1X10/RAW - Selected unicam format: 3280x2464-pBAA/RAW

========================================
 HYDROPONIC MULTIMODAL DATA COLLECTOR
========================================

Capture event: 2026-08-19 21:00:03

========================================
Reading ESP32 sensors...
========================================
Sensor record received:
{
  "water_temp": 29.5,
  "room_temp": 30.4,
  "humidity": 77.6,
  "ph": 6.99,
  "ph_voltage": 2.581,
  "ec": 1.547,
  "tds": 773.5,
  "tds_voltage": 2.2338,
  "water_level": "OK"
}

========================================
Capturing camera image...
========================================
Waiting for exposure and white balance...

Image saved:
/hydroponic_project/data_collection/images/lettuce_20260819_210003.jpg

========================================
Cropping P01-P12...
========================================
P01 created
P02 created
P03 created
P04 created
P05 created
P06 created
P07 created
P08 created
P09 created
P10 created
P11 created
P12 created

========================================
Saving multimodal dataset...
========================================

12 multimodal samples saved.

CSV:
/hydroponic_project/data_collection/multimodal_dataset.csv

========================================
 COLLECTION COMPLETED
========================================

Timestamp : 2026-08-19 21:00:03
Plants    : 12
Image     : /hydroponic_project/data_collection/images/lettuce_20260819_210003.jpg
Dataset   : /hydroponic_project/data_collection/multimodal_dataset.csv

[10:18:53.346578690] [2466]  INFO Camera camera_manager.cpp:340 libcamera v0.7.1+rpt20260609
[10:18:53.364973528] [2470]  INFO RPI pipeline_base.cpp:1133 Using configuration file '/usr/share/libcamera/pipeline/rpi/vc4/rpi_apps.yaml'
[10:18:53.391249628] [2470]  INFO IPAProxy ipa_proxy.cpp:184 Using tuning file /usr/share/libcamera/ipa/rpi/vc4/imx219.json
[10:18:53.397263971] [2470]  INFO Camera camera_manager.cpp:223 Adding camera '/base/soc/i2c0mux/i2c@1/imx219@10' for pipeline handler rpi/vc4
[10:18:53.397340933] [2470]  INFO RPI vc4.cpp:445 Registered camera /base/soc/i2c0mux/i2c@1/imx219@10 to Unicam device /dev/media0 and ISP device /dev/media2
[10:18:53.403747474] [2466]  INFO Camera camera.cpp:1216 configuring streams: (0) 3280x2464-BGR888/sRGB (1) 3280x2464-SBGGR10_CSI2P/RAW
[10:18:53.404178523] [2470]  INFO RPI vc4.cpp:620 Sensor: /base/soc/i2c0mux/i2c@1/imx219@10 - Selected sensor format: 3280x2464-SBGGR10_1X10/RAW - Selected unicam format: 3280x2464-pBAA/RAW

========================================
 HYDROPONIC MULTIMODAL DATA COLLECTOR
========================================

Capture event: 2026-08-19 22:00:03

========================================
Reading ESP32 sensors...
========================================
Sensor record received:
{
  "water_temp": 29.37,
  "room_temp": 30.1,
  "humidity": 79.2,
  "ph": 7.01,
  "ph_voltage": 2.5778,
  "ec": 1.544,
  "tds": 771.9,
  "tds_voltage": 2.2259,
  "water_level": "OK"
}

========================================
Capturing camera image...
========================================
Waiting for exposure and white balance...

Image saved:
/hydroponic_project/data_collection/images/lettuce_20260819_220003.jpg

========================================
Cropping P01-P12...
========================================
P01 created
P02 created
P03 created
P04 created
P05 created
P06 created
P07 created
P08 created
P09 created
P10 created
P11 created
P12 created

========================================
Saving multimodal dataset...
========================================

12 multimodal samples saved.

CSV:
/hydroponic_project/data_collection/multimodal_dataset.csv

========================================
 COLLECTION COMPLETED
========================================

Timestamp : 2026-08-19 22:00:03
Plants    : 12
Image     : /hydroponic_project/data_collection/images/lettuce_20260819_220003.jpg
Dataset   : /hydroponic_project/data_collection/multimodal_dataset.csv

[0:10:37.293899869] [1547]  INFO Camera camera_manager.cpp:340 libcamera v0.7.1+rpt20260609
[0:10:37.315293721] [1550]  INFO RPI pipeline_base.cpp:1133 Using configuration file '/usr/share/libcamera/pipeline/rpi/vc4/rpi_apps.yaml'
[0:10:37.342260573] [1550]  INFO IPAProxy ipa_proxy.cpp:184 Using tuning file /usr/share/libcamera/ipa/rpi/vc4/imx219.json
[0:10:37.348293467] [1550]  INFO Camera camera_manager.cpp:223 Adding camera '/base/soc/i2c0mux/i2c@1/imx219@10' for pipeline handler rpi/vc4
[0:10:37.348375705] [1550]  INFO RPI vc4.cpp:445 Registered camera /base/soc/i2c0mux/i2c@1/imx219@10 to Unicam device /dev/media2 and ISP device /dev/media1
[0:10:37.354841458] [1547]  INFO Camera camera.cpp:1216 configuring streams: (0) 3280x2464-BGR888/sRGB (1) 3280x2464-SBGGR10_CSI2P/RAW
[0:10:37.355290761] [1550]  INFO RPI vc4.cpp:620 Sensor: /base/soc/i2c0mux/i2c@1/imx219@10 - Selected sensor format: 3280x2464-SBGGR10_1X10/RAW - Selected unicam format: 3280x2464-pBAA/RAW

========================================
 HYDROPONIC MULTIMODAL DATA COLLECTOR
========================================

Capture event: 2026-08-29 11:15:04

========================================
Reading ESP32 sensors...
========================================
Sensor record received:
{
  "water_temp": 29.75,
  "room_temp": 32.0,
  "humidity": 72.7,
  "ph": 6.23,
  "ph_voltage": 2.7038,
  "ec": 1.447,
  "tds": 723.6,
  "tds_voltage": 2.1545,
  "water_level": "OK"
}

========================================
Capturing camera image...
========================================
Waiting for exposure and white balance...

Image saved:
/hydroponic_project/data_collection/images/lettuce_20260829_111504.jpg

========================================
Cropping P01-P12...
========================================
P01 created
P02 created
P03 created
P04 created
P05 created
P06 created
P07 created
P08 created
P09 created
P10 created
P11 created
P12 created

========================================
Saving multimodal dataset...
========================================

12 multimodal samples saved.

CSV:
/hydroponic_project/data_collection/multimodal_dataset.csv

========================================
 COLLECTION COMPLETED
========================================

Timestamp : 2026-08-29 11:15:04
Plants    : 12
Image     : /hydroponic_project/data_collection/images/lettuce_20260829_111504.jpg
Dataset   : /hydroponic_project/data_collection/multimodal_dataset.csv

[0:27:01.189330061] [1647]  INFO Camera camera_manager.cpp:340 libcamera v0.7.1+rpt20260609
[0:27:01.241547929] [1652]  INFO RPI pipeline_base.cpp:1133 Using configuration file '/usr/share/libcamera/pipeline/rpi/vc4/rpi_apps.yaml'
[0:27:01.290674634] [1652]  INFO IPAProxy ipa_proxy.cpp:184 Using tuning file /usr/share/libcamera/ipa/rpi/vc4/imx219.json
[0:27:01.296773236] [1652]  INFO Camera camera_manager.cpp:223 Adding camera '/base/soc/i2c0mux/i2c@1/imx219@10' for pipeline handler rpi/vc4
[0:27:01.296869736] [1652]  INFO RPI vc4.cpp:445 Registered camera /base/soc/i2c0mux/i2c@1/imx219@10 to Unicam device /dev/media2 and ISP device /dev/media1
[0:27:01.303409761] [1647]  INFO Camera camera.cpp:1216 configuring streams: (0) 3280x2464-BGR888/sRGB (1) 3280x2464-SBGGR10_CSI2P/RAW
[0:27:01.303875053] [1652]  INFO RPI vc4.cpp:620 Sensor: /base/soc/i2c0mux/i2c@1/imx219@10 - Selected sensor format: 3280x2464-SBGGR10_1X10/RAW - Selected unicam format: 3280x2464-pBAA/RAW

========================================
 HYDROPONIC MULTIMODAL DATA COLLECTOR
========================================

Capture event: 2026-08-29 11:30:03

========================================
Reading ESP32 sensors...
========================================
Sensor record received:
{
  "water_temp": 29.87,
  "room_temp": 32.5,
  "humidity": 70.7,
  "ph": 6.17,
  "ph_voltage": 2.7139,
  "ec": 1.431,
  "tds": 715.5,
  "tds_voltage": 2.1443,
  "water_level": "OK"
}

========================================
Capturing camera image...
========================================
Waiting for exposure and white balance...

Image saved:
/hydroponic_project/data_collection/images/lettuce_20260829_113003.jpg

========================================
Cropping P01-P12...
========================================
P01 created
P02 created
P03 created
P04 created
P05 created
P06 created
P07 created
P08 created
P09 created
P10 created
P11 created
P12 created

========================================
Saving multimodal dataset...
========================================

12 multimodal samples saved.

CSV:
/hydroponic_project/data_collection/multimodal_dataset.csv

========================================
 COLLECTION COMPLETED
========================================

Timestamp : 2026-08-29 11:30:03
Plants    : 12
Image     : /hydroponic_project/data_collection/images/lettuce_20260829_113003.jpg
Dataset   : /hydroponic_project/data_collection/multimodal_dataset.csv

[0:41:15.630670774] [1671]  INFO Camera camera_manager.cpp:340 libcamera v0.7.1+rpt20260609
[0:41:15.676555133] [1674]  INFO RPI pipeline_base.cpp:1133 Using configuration file '/usr/share/libcamera/pipeline/rpi/vc4/rpi_apps.yaml'
[0:41:15.736425588] [1674]  INFO IPAProxy ipa_proxy.cpp:184 Using tuning file /usr/share/libcamera/ipa/rpi/vc4/imx219.json
[0:41:15.742367588] [1674]  INFO Camera camera_manager.cpp:223 Adding camera '/base/soc/i2c0mux/i2c@1/imx219@10' for pipeline handler rpi/vc4
[0:41:15.742460753] [1674]  INFO RPI vc4.cpp:445 Registered camera /base/soc/i2c0mux/i2c@1/imx219@10 to Unicam device /dev/media2 and ISP device /dev/media1
[0:41:15.748965560] [1671]  INFO Camera camera.cpp:1216 configuring streams: (0) 3280x2464-BGR888/sRGB (1) 3280x2464-SBGGR10_CSI2P/RAW
[0:41:15.749428608] [1674]  INFO RPI vc4.cpp:620 Sensor: /base/soc/i2c0mux/i2c@1/imx219@10 - Selected sensor format: 3280x2464-SBGGR10_1X10/RAW - Selected unicam format: 3280x2464-pBAA/RAW

========================================
 HYDROPONIC MULTIMODAL DATA COLLECTOR
========================================

Capture event: 2026-08-29 11:45:03

========================================
Reading ESP32 sensors...
========================================
Sensor record received:
{
  "water_temp": 29.94,
  "room_temp": 32.3,
  "humidity": 71.3,
  "ph": 6.2,
  "ph_voltage": 2.7083,
  "ec": 1.424,
  "tds": 712.1,
  "tds_voltage": 2.1403,
  "water_level": "OK"
}

========================================
Capturing camera image...
========================================
Waiting for exposure and white balance...

Image saved:
/hydroponic_project/data_collection/images/lettuce_20260829_114503.jpg

========================================
Cropping P01-P12...
========================================
P01 created
P02 created
P03 created
P04 created
P05 created
P06 created
P07 created
P08 created
P09 created
P10 created
P11 created
P12 created

========================================
Saving multimodal dataset...
========================================

12 multimodal samples saved.

CSV:
/hydroponic_project/data_collection/multimodal_dataset.csv

========================================
 COLLECTION COMPLETED
========================================

Timestamp : 2026-08-29 11:45:03
Plants    : 12
Image     : /hydroponic_project/data_collection/images/lettuce_20260829_114503.jpg
Dataset   : /hydroponic_project/data_collection/multimodal_dataset.csv

[0:56:08.916638453] [1694]  INFO Camera camera_manager.cpp:340 libcamera v0.7.1+rpt20260609
[0:56:08.969651987] [1697]  INFO RPI pipeline_base.cpp:1133 Using configuration file '/usr/share/libcamera/pipeline/rpi/vc4/rpi_apps.yaml'
[0:56:09.020905408] [1697]  INFO IPAProxy ipa_proxy.cpp:184 Using tuning file /usr/share/libcamera/ipa/rpi/vc4/imx219.json
[0:56:09.026890928] [1697]  INFO Camera camera_manager.cpp:223 Adding camera '/base/soc/i2c0mux/i2c@1/imx219@10' for pipeline handler rpi/vc4
[0:56:09.026986760] [1697]  INFO RPI vc4.cpp:445 Registered camera /base/soc/i2c0mux/i2c@1/imx219@10 to Unicam device /dev/media2 and ISP device /dev/media1
[0:56:09.033499182] [1694]  INFO Camera camera.cpp:1216 configuring streams: (0) 3280x2464-BGR888/sRGB (1) 3280x2464-SBGGR10_CSI2P/RAW
[0:56:09.033955882] [1697]  INFO RPI vc4.cpp:620 Sensor: /base/soc/i2c0mux/i2c@1/imx219@10 - Selected sensor format: 3280x2464-SBGGR10_1X10/RAW - Selected unicam format: 3280x2464-pBAA/RAW

========================================
 HYDROPONIC MULTIMODAL DATA COLLECTOR
========================================

Capture event: 2026-08-29 12:00:03

========================================
Reading ESP32 sensors...
========================================
Sensor record received:
{
  "water_temp": 29.87,
  "room_temp": 32.6,
  "humidity": 69.1,
  "ph": 6.35,
  "ph_voltage": 2.6834,
  "ec": 1.422,
  "tds": 710.8,
  "tds_voltage": 2.1354,
  "water_level": "OK"
}

========================================
Capturing camera image...
========================================
Waiting for exposure and white balance...

Image saved:
/hydroponic_project/data_collection/images/lettuce_20260829_120003.jpg

========================================
Cropping P01-P12...
========================================
P01 created
P02 created
P03 created
P04 created
P05 created
P06 created
P07 created
P08 created
P09 created
P10 created
P11 created
P12 created

========================================
Saving multimodal dataset...
========================================

12 multimodal samples saved.

CSV:
/hydroponic_project/data_collection/multimodal_dataset.csv

========================================
 COLLECTION COMPLETED
========================================

Timestamp : 2026-08-29 12:00:03
Plants    : 12
Image     : /hydroponic_project/data_collection/images/lettuce_20260829_120003.jpg
Dataset   : /hydroponic_project/data_collection/multimodal_dataset.csv

[1:11:02.201250561] [1720]  INFO Camera camera_manager.cpp:340 libcamera v0.7.1+rpt20260609
[1:11:02.253786715] [1723]  INFO RPI pipeline_base.cpp:1133 Using configuration file '/usr/share/libcamera/pipeline/rpi/vc4/rpi_apps.yaml'
[1:11:02.302531677] [1723]  INFO IPAProxy ipa_proxy.cpp:184 Using tuning file /usr/share/libcamera/ipa/rpi/vc4/imx219.json
[1:11:02.308656035] [1723]  INFO Camera camera_manager.cpp:223 Adding camera '/base/soc/i2c0mux/i2c@1/imx219@10' for pipeline handler rpi/vc4
[1:11:02.308746349] [1723]  INFO RPI vc4.cpp:445 Registered camera /base/soc/i2c0mux/i2c@1/imx219@10 to Unicam device /dev/media2 and ISP device /dev/media1
[1:11:02.315217890] [1720]  INFO Camera camera.cpp:1216 configuring streams: (0) 3280x2464-BGR888/sRGB (1) 3280x2464-SBGGR10_CSI2P/RAW
[1:11:02.315683034] [1723]  INFO RPI vc4.cpp:620 Sensor: /base/soc/i2c0mux/i2c@1/imx219@10 - Selected sensor format: 3280x2464-SBGGR10_1X10/RAW - Selected unicam format: 3280x2464-pBAA/RAW

========================================
 HYDROPONIC MULTIMODAL DATA COLLECTOR
========================================

Capture event: 2026-08-29 12:15:04

========================================
Reading ESP32 sensors...
========================================
Sensor record received:
{
  "water_temp": 29.87,
  "room_temp": 32.8,
  "humidity": 70.8,
  "ph": 6.26,
  "ph_voltage": 2.6988,
  "ec": 1.418,
  "tds": 708.8,
  "tds_voltage": 2.1316,
  "water_level": "OK"
}

========================================
Capturing camera image...
========================================
Waiting for exposure and white balance...

Image saved:
/hydroponic_project/data_collection/images/lettuce_20260829_121504.jpg

========================================
Cropping P01-P12...
========================================
P01 created
P02 created
P03 created
P04 created
P05 created
P06 created
P07 created
P08 created
P09 created
P10 created
P11 created
P12 created

========================================
Saving multimodal dataset...
========================================

12 multimodal samples saved.

CSV:
/hydroponic_project/data_collection/multimodal_dataset.csv

========================================
 COLLECTION COMPLETED
========================================

Timestamp : 2026-08-29 12:15:04
Plants    : 12
Image     : /hydroponic_project/data_collection/images/lettuce_20260829_121504.jpg
Dataset   : /hydroponic_project/data_collection/multimodal_dataset.csv

[1:27:26.122372329] [1747]  INFO Camera camera_manager.cpp:340 libcamera v0.7.1+rpt20260609
[1:27:26.141516365] [1750]  INFO RPI pipeline_base.cpp:1133 Using configuration file '/usr/share/libcamera/pipeline/rpi/vc4/rpi_apps.yaml'
[1:27:26.168343304] [1750]  INFO IPAProxy ipa_proxy.cpp:184 Using tuning file /usr/share/libcamera/ipa/rpi/vc4/imx219.json
[1:27:26.174321072] [1750]  INFO Camera camera_manager.cpp:223 Adding camera '/base/soc/i2c0mux/i2c@1/imx219@10' for pipeline handler rpi/vc4
[1:27:26.174414423] [1750]  INFO RPI vc4.cpp:445 Registered camera /base/soc/i2c0mux/i2c@1/imx219@10 to Unicam device /dev/media2 and ISP device /dev/media1
[1:27:26.180913817] [1747]  INFO Camera camera.cpp:1216 configuring streams: (0) 3280x2464-BGR888/sRGB (1) 3280x2464-SBGGR10_CSI2P/RAW
[1:27:26.181384388] [1750]  INFO RPI vc4.cpp:620 Sensor: /base/soc/i2c0mux/i2c@1/imx219@10 - Selected sensor format: 3280x2464-SBGGR10_1X10/RAW - Selected unicam format: 3280x2464-pBAA/RAW

========================================
 HYDROPONIC MULTIMODAL DATA COLLECTOR
========================================

Capture event: 2026-08-29 12:30:03

========================================
Reading ESP32 sensors...
========================================
Sensor record received:
{
  "water_temp": 29.94,
  "room_temp": 32.7,
  "humidity": 68.8,
  "ph": 6.18,
  "ph_voltage": 2.7116,
  "ec": 1.412,
  "tds": 706.2,
  "tds_voltage": 2.1291,
  "water_level": "OK"
}

========================================
Capturing camera image...
========================================
Waiting for exposure and white balance...

Image saved:
/hydroponic_project/data_collection/images/lettuce_20260829_123003.jpg

========================================
Cropping P01-P12...
========================================
P01 created
P02 created
P03 created
P04 created
P05 created
P06 created
P07 created
P08 created
P09 created
P10 created
P11 created
P12 created

========================================
Saving multimodal dataset...
========================================

12 multimodal samples saved.

CSV:
/hydroponic_project/data_collection/multimodal_dataset.csv

========================================
 COLLECTION COMPLETED
========================================

Timestamp : 2026-08-29 12:30:03
Plants    : 12
Image     : /hydroponic_project/data_collection/images/lettuce_20260829_123003.jpg
Dataset   : /hydroponic_project/data_collection/multimodal_dataset.csv

[1:40:35.851492732] [1773]  INFO Camera camera_manager.cpp:340 libcamera v0.7.1+rpt20260609
[1:40:35.878056414] [1776]  INFO RPI pipeline_base.cpp:1133 Using configuration file '/usr/share/libcamera/pipeline/rpi/vc4/rpi_apps.yaml'
[1:40:35.915241774] [1776]  INFO IPAProxy ipa_proxy.cpp:184 Using tuning file /usr/share/libcamera/ipa/rpi/vc4/imx219.json
[1:40:35.923752004] [1776]  INFO Camera camera_manager.cpp:223 Adding camera '/base/soc/i2c0mux/i2c@1/imx219@10' for pipeline handler rpi/vc4
[1:40:35.923864021] [1776]  INFO RPI vc4.cpp:445 Registered camera /base/soc/i2c0mux/i2c@1/imx219@10 to Unicam device /dev/media2 and ISP device /dev/media1
[1:40:35.933068765] [1773]  INFO Camera camera.cpp:1216 configuring streams: (0) 3280x2464-BGR888/sRGB (1) 3280x2464-SBGGR10_CSI2P/RAW
[1:40:35.933678038] [1776]  INFO RPI vc4.cpp:620 Sensor: /base/soc/i2c0mux/i2c@1/imx219@10 - Selected sensor format: 3280x2464-SBGGR10_1X10/RAW - Selected unicam format: 3280x2464-pBAA/RAW

========================================
 HYDROPONIC MULTIMODAL DATA COLLECTOR
========================================

Capture event: 2026-08-29 12:45:03

========================================
Reading ESP32 sensors...
========================================
Sensor record received:
{
  "water_temp": 30.0,
  "room_temp": 32.5,
  "humidity": 69.9,
  "ph": 6.25,
  "ph_voltage": 2.7006,
  "ec": 1.408,
  "tds": 704.0,
  "tds_voltage": 2.1274,
  "water_level": "OK"
}

========================================
Capturing camera image...
========================================
Waiting for exposure and white balance...

Image saved:
/hydroponic_project/data_collection/images/lettuce_20260829_124503.jpg

========================================
Cropping P01-P12...
========================================
P01 created
P02 created
P03 created
P04 created
P05 created
P06 created
P07 created
P08 created
P09 created
P10 created
P11 created
P12 created

========================================
Saving multimodal dataset...
========================================

12 multimodal samples saved.

CSV:
/hydroponic_project/data_collection/multimodal_dataset.csv

========================================
 COLLECTION COMPLETED
========================================

Timestamp : 2026-08-29 12:45:03
Plants    : 12
Image     : /hydroponic_project/data_collection/images/lettuce_20260829_124503.jpg
Dataset   : /hydroponic_project/data_collection/multimodal_dataset.csv

[1:56:07.972118160] [1797]  INFO Camera camera_manager.cpp:340 libcamera v0.7.1+rpt20260609
[1:56:08.027778006] [1801]  INFO RPI pipeline_base.cpp:1133 Using configuration file '/usr/share/libcamera/pipeline/rpi/vc4/rpi_apps.yaml'
[1:56:08.068829039] [1801]  INFO IPAProxy ipa_proxy.cpp:184 Using tuning file /usr/share/libcamera/ipa/rpi/vc4/imx219.json
[1:56:08.075086705] [1801]  INFO Camera camera_manager.cpp:223 Adding camera '/base/soc/i2c0mux/i2c@1/imx219@10' for pipeline handler rpi/vc4
[1:56:08.075179869] [1801]  INFO RPI vc4.cpp:445 Registered camera /base/soc/i2c0mux/i2c@1/imx219@10 to Unicam device /dev/media2 and ISP device /dev/media1
[1:56:08.081596439] [1797]  INFO Camera camera.cpp:1216 configuring streams: (0) 3280x2464-BGR888/sRGB (1) 3280x2464-SBGGR10_CSI2P/RAW
[1:56:08.082067093] [1801]  INFO RPI vc4.cpp:620 Sensor: /base/soc/i2c0mux/i2c@1/imx219@10 - Selected sensor format: 3280x2464-SBGGR10_1X10/RAW - Selected unicam format: 3280x2464-pBAA/RAW

========================================
 HYDROPONIC MULTIMODAL DATA COLLECTOR
========================================

Capture event: 2026-08-29 13:00:04

========================================
Reading ESP32 sensors...
========================================
Sensor record received:
{
  "water_temp": 30.06,
  "room_temp": 32.3,
  "humidity": 70.5,
  "ph": 6.2,
  "ph_voltage": 2.7078,
  "ec": 1.402,
  "tds": 701.1,
  "tds_voltage": 2.1243,
  "water_level": "OK"
}

========================================
Capturing camera image...
========================================
Waiting for exposure and white balance...

Image saved:
/hydroponic_project/data_collection/images/lettuce_20260829_130004.jpg

========================================
Cropping P01-P12...
========================================
P01 created
P02 created
P03 created
P04 created
P05 created
P06 created
P07 created
P08 created
P09 created
P10 created
P11 created
P12 created

========================================
Saving multimodal dataset...
========================================

12 multimodal samples saved.

CSV:
/hydroponic_project/data_collection/multimodal_dataset.csv

========================================
 COLLECTION COMPLETED
========================================

Timestamp : 2026-08-29 13:00:04
Plants    : 12
Image     : /hydroponic_project/data_collection/images/lettuce_20260829_130004.jpg
Dataset   : /hydroponic_project/data_collection/multimodal_dataset.csv

[2:11:40.082310676] [1819]  INFO Camera camera_manager.cpp:340 libcamera v0.7.1+rpt20260609
[2:11:40.134219699] [1824]  INFO RPI pipeline_base.cpp:1133 Using configuration file '/usr/share/libcamera/pipeline/rpi/vc4/rpi_apps.yaml'
[2:11:40.180569469] [1824]  INFO IPAProxy ipa_proxy.cpp:184 Using tuning file /usr/share/libcamera/ipa/rpi/vc4/imx219.json
[2:11:40.186581677] [1824]  INFO Camera camera_manager.cpp:223 Adding camera '/base/soc/i2c0mux/i2c@1/imx219@10' for pipeline handler rpi/vc4
[2:11:40.186671101] [1824]  INFO RPI vc4.cpp:445 Registered camera /base/soc/i2c0mux/i2c@1/imx219@10 to Unicam device /dev/media2 and ISP device /dev/media1
[2:11:40.193210171] [1819]  INFO Camera camera.cpp:1216 configuring streams: (0) 3280x2464-BGR888/sRGB (1) 3280x2464-SBGGR10_CSI2P/RAW
[2:11:40.193695106] [1824]  INFO RPI vc4.cpp:620 Sensor: /base/soc/i2c0mux/i2c@1/imx219@10 - Selected sensor format: 3280x2464-SBGGR10_1X10/RAW - Selected unicam format: 3280x2464-pBAA/RAW

========================================
 HYDROPONIC MULTIMODAL DATA COLLECTOR
========================================

Capture event: 2026-08-29 13:15:04

========================================
Reading ESP32 sensors...
========================================
Sensor record received:
{
  "water_temp": 30.06,
  "room_temp": 32.4,
  "humidity": 69.2,
  "ph": 6.25,
  "ph_voltage": 2.6998,
  "ec": 1.408,
  "tds": 704.2,
  "tds_voltage": 2.1303,
  "water_level": "OK"
}

========================================
Capturing camera image...
========================================
Waiting for exposure and white balance...

Image saved:
/hydroponic_project/data_collection/images/lettuce_20260829_131504.jpg

========================================
Cropping P01-P12...
========================================
P01 created
P02 created
P03 created
P04 created
P05 created
P06 created
P07 created
P08 created
P09 created
P10 created
P11 created
P12 created

========================================
Saving multimodal dataset...
========================================

12 multimodal samples saved.

CSV:
/hydroponic_project/data_collection/multimodal_dataset.csv

========================================
 COLLECTION COMPLETED
========================================

Timestamp : 2026-08-29 13:15:04
Plants    : 12
Image     : /hydroponic_project/data_collection/images/lettuce_20260829_131504.jpg
Dataset   : /hydroponic_project/data_collection/multimodal_dataset.csv

[2:25:41.586598344] [1847]  INFO Camera camera_manager.cpp:340 libcamera v0.7.1+rpt20260609
[2:25:41.638539329] [1851]  INFO RPI pipeline_base.cpp:1133 Using configuration file '/usr/share/libcamera/pipeline/rpi/vc4/rpi_apps.yaml'
[2:25:41.689247313] [1851]  INFO IPAProxy ipa_proxy.cpp:184 Using tuning file /usr/share/libcamera/ipa/rpi/vc4/imx219.json
[2:25:41.695275691] [1851]  INFO Camera camera_manager.cpp:223 Adding camera '/base/soc/i2c0mux/i2c@1/imx219@10' for pipeline handler rpi/vc4
[2:25:41.695397893] [1851]  INFO RPI vc4.cpp:445 Registered camera /base/soc/i2c0mux/i2c@1/imx219@10 to Unicam device /dev/media2 and ISP device /dev/media1
[2:25:41.701903763] [1847]  INFO Camera camera.cpp:1216 configuring streams: (0) 3280x2464-BGR888/sRGB (1) 3280x2464-SBGGR10_CSI2P/RAW
[2:25:41.702352812] [1851]  INFO RPI vc4.cpp:620 Sensor: /base/soc/i2c0mux/i2c@1/imx219@10 - Selected sensor format: 3280x2464-SBGGR10_1X10/RAW - Selected unicam format: 3280x2464-pBAA/RAW

========================================
 HYDROPONIC MULTIMODAL DATA COLLECTOR
========================================

Capture event: 2026-08-29 13:30:03

========================================
Reading ESP32 sensors...
========================================
Sensor record received:
{
  "water_temp": 30.12,
  "room_temp": 32.9,
  "humidity": 69.8,
  "ph": 5.89,
  "ph_voltage": 2.7578,
  "ec": 1.621,
  "tds": 810.6,
  "tds_voltage": 2.323,
  "water_level": "OK"
}

========================================
Capturing camera image...
========================================
Waiting for exposure and white balance...

Image saved:
/hydroponic_project/data_collection/images/lettuce_20260829_133003.jpg

========================================
Cropping P01-P12...
========================================
P01 created
P02 created
P03 created
P04 created
P05 created
P06 created
P07 created
P08 created
P09 created
P10 created
P11 created
P12 created

========================================
Saving multimodal dataset...
========================================

12 multimodal samples saved.

CSV:
/hydroponic_project/data_collection/multimodal_dataset.csv

========================================
 COLLECTION COMPLETED
========================================

Timestamp : 2026-08-29 13:30:03
Plants    : 12
Image     : /hydroponic_project/data_collection/images/lettuce_20260829_133003.jpg
Dataset   : /hydroponic_project/data_collection/multimodal_dataset.csv

[2:40:47.831165683] [1873]  INFO Camera camera_manager.cpp:340 libcamera v0.7.1+rpt20260609
[2:40:47.883692675] [1876]  INFO RPI pipeline_base.cpp:1133 Using configuration file '/usr/share/libcamera/pipeline/rpi/vc4/rpi_apps.yaml'
[2:40:47.933517005] [1876]  INFO IPAProxy ipa_proxy.cpp:184 Using tuning file /usr/share/libcamera/ipa/rpi/vc4/imx219.json
[2:40:47.939528561] [1876]  INFO Camera camera_manager.cpp:223 Adding camera '/base/soc/i2c0mux/i2c@1/imx219@10' for pipeline handler rpi/vc4
[2:40:47.939622986] [1876]  INFO RPI vc4.cpp:445 Registered camera /base/soc/i2c0mux/i2c@1/imx219@10 to Unicam device /dev/media2 and ISP device /dev/media1
[2:40:47.946574861] [1873]  INFO Camera camera.cpp:1216 configuring streams: (0) 3280x2464-BGR888/sRGB (1) 3280x2464-SBGGR10_CSI2P/RAW
[2:40:47.947044798] [1876]  INFO RPI vc4.cpp:620 Sensor: /base/soc/i2c0mux/i2c@1/imx219@10 - Selected sensor format: 3280x2464-SBGGR10_1X10/RAW - Selected unicam format: 3280x2464-pBAA/RAW

========================================
 HYDROPONIC MULTIMODAL DATA COLLECTOR
========================================

Capture event: 2026-08-29 13:45:03

========================================
Reading ESP32 sensors...
========================================
Sensor record received:
{
  "water_temp": 30.12,
  "room_temp": 33.0,
  "humidity": 67.9,
  "ph": 5.89,
  "ph_voltage": 2.7585,
  "ec": 1.632,
  "tds": 816.0,
  "tds_voltage": 2.3319,
  "water_level": "OK"
}

========================================
Capturing camera image...
========================================
Waiting for exposure and white balance...

Image saved:
/hydroponic_project/data_collection/images/lettuce_20260829_134503.jpg

========================================
Cropping P01-P12...
========================================
P01 created
P02 created
P03 created
P04 created
P05 created
P06 created
P07 created
P08 created
P09 created
P10 created
P11 created
P12 created

========================================
Saving multimodal dataset...
========================================

12 multimodal samples saved.

CSV:
/hydroponic_project/data_collection/multimodal_dataset.csv

========================================
 COLLECTION COMPLETED
========================================

Timestamp : 2026-08-29 13:45:03
Plants    : 12
Image     : /hydroponic_project/data_collection/images/lettuce_20260829_134503.jpg
Dataset   : /hydroponic_project/data_collection/multimodal_dataset.csv

[2:55:41.146603529] [1897]  INFO Camera camera_manager.cpp:340 libcamera v0.7.1+rpt20260609
[2:55:41.198663727] [1900]  INFO RPI pipeline_base.cpp:1133 Using configuration file '/usr/share/libcamera/pipeline/rpi/vc4/rpi_apps.yaml'
[2:55:41.239906672] [1900]  INFO IPAProxy ipa_proxy.cpp:184 Using tuning file /usr/share/libcamera/ipa/rpi/vc4/imx219.json
[2:55:41.245962633] [1900]  INFO Camera camera_manager.cpp:223 Adding camera '/base/soc/i2c0mux/i2c@1/imx219@10' for pipeline handler rpi/vc4
[2:55:41.246054317] [1900]  INFO RPI vc4.cpp:445 Registered camera /base/soc/i2c0mux/i2c@1/imx219@10 to Unicam device /dev/media2 and ISP device /dev/media1
[2:55:41.252590494] [1897]  INFO Camera camera.cpp:1216 configuring streams: (0) 3280x2464-BGR888/sRGB (1) 3280x2464-SBGGR10_CSI2P/RAW
[2:55:41.253045988] [1900]  INFO RPI vc4.cpp:620 Sensor: /base/soc/i2c0mux/i2c@1/imx219@10 - Selected sensor format: 3280x2464-SBGGR10_1X10/RAW - Selected unicam format: 3280x2464-pBAA/RAW

========================================
 HYDROPONIC MULTIMODAL DATA COLLECTOR
========================================

Capture event: 2026-08-29 14:00:04

========================================
Reading ESP32 sensors...
========================================
Sensor record received:
{
  "water_temp": 30.25,
  "room_temp": 32.8,
  "humidity": 68.2,
  "ph": 5.98,
  "ph_voltage": 2.744,
  "ec": 1.629,
  "tds": 814.7,
  "tds_voltage": 2.3351,
  "water_level": "OK"
}

========================================
Capturing camera image...
========================================
Waiting for exposure and white balance...

Image saved:
/hydroponic_project/data_collection/images/lettuce_20260829_140004.jpg

========================================
Cropping P01-P12...
========================================
P01 created
P02 created
P03 created
P04 created
P05 created
P06 created
P07 created
P08 created
P09 created
P10 created
P11 created
P12 created

========================================
Saving multimodal dataset...
========================================

12 multimodal samples saved.

CSV:
/hydroponic_project/data_collection/multimodal_dataset.csv

========================================
 COLLECTION COMPLETED
========================================

Timestamp : 2026-08-29 14:00:04
Plants    : 12
Image     : /hydroponic_project/data_collection/images/lettuce_20260829_140004.jpg
Dataset   : /hydroponic_project/data_collection/multimodal_dataset.csv

[3:10:47.404134835] [1980]  INFO Camera camera_manager.cpp:340 libcamera v0.7.1+rpt20260609
[3:10:47.456477368] [1983]  INFO RPI pipeline_base.cpp:1133 Using configuration file '/usr/share/libcamera/pipeline/rpi/vc4/rpi_apps.yaml'
[3:10:47.485441224] [1983]  INFO IPAProxy ipa_proxy.cpp:184 Using tuning file /usr/share/libcamera/ipa/rpi/vc4/imx219.json
[3:10:47.491401396] [1983]  INFO Camera camera_manager.cpp:223 Adding camera '/base/soc/i2c0mux/i2c@1/imx219@10' for pipeline handler rpi/vc4
[3:10:47.491496858] [1983]  INFO RPI vc4.cpp:445 Registered camera /base/soc/i2c0mux/i2c@1/imx219@10 to Unicam device /dev/media2 and ISP device /dev/media1
[3:10:47.498004670] [1980]  INFO Camera camera.cpp:1216 configuring streams: (0) 3280x2464-BGR888/sRGB (1) 3280x2464-SBGGR10_CSI2P/RAW
[3:10:47.498466238] [1983]  INFO RPI vc4.cpp:620 Sensor: /base/soc/i2c0mux/i2c@1/imx219@10 - Selected sensor format: 3280x2464-SBGGR10_1X10/RAW - Selected unicam format: 3280x2464-pBAA/RAW

========================================
 HYDROPONIC MULTIMODAL DATA COLLECTOR
========================================

Capture event: 2026-08-29 14:15:03

========================================
Reading ESP32 sensors...
========================================
Sensor record received:
{
  "water_temp": 30.31,
  "room_temp": 32.8,
  "humidity": 69.6,
  "ph": 6.08,
  "ph_voltage": 2.7273,
  "ec": 1.629,
  "tds": 814.3,
  "tds_voltage": 2.337,
  "water_level": "OK"
}

========================================
Capturing camera image...
========================================
Waiting for exposure and white balance...

Image saved:
/hydroponic_project/data_collection/images/lettuce_20260829_141503.jpg

========================================
Cropping P01-P12...
========================================
P01 created
P02 created
P03 created
P04 created
P05 created
P06 created
P07 created
P08 created
P09 created
P10 created
P11 created
P12 created

========================================
Saving multimodal dataset...
========================================

12 multimodal samples saved.

CSV:
/hydroponic_project/data_collection/multimodal_dataset.csv

========================================
 COLLECTION COMPLETED
========================================

Timestamp : 2026-08-29 14:15:03
Plants    : 12
Image     : /hydroponic_project/data_collection/images/lettuce_20260829_141503.jpg
Dataset   : /hydroponic_project/data_collection/multimodal_dataset.csv

[3:25:40.699278860] [2010]  INFO Camera camera_manager.cpp:340 libcamera v0.7.1+rpt20260609
[3:25:40.751363439] [2013]  INFO RPI pipeline_base.cpp:1133 Using configuration file '/usr/share/libcamera/pipeline/rpi/vc4/rpi_apps.yaml'
[3:25:40.801617091] [2013]  INFO IPAProxy ipa_proxy.cpp:184 Using tuning file /usr/share/libcamera/ipa/rpi/vc4/imx219.json
[3:25:40.807578498] [2013]  INFO Camera camera_manager.cpp:223 Adding camera '/base/soc/i2c0mux/i2c@1/imx219@10' for pipeline handler rpi/vc4
[3:25:40.807671682] [2013]  INFO RPI vc4.cpp:445 Registered camera /base/soc/i2c0mux/i2c@1/imx219@10 to Unicam device /dev/media2 and ISP device /dev/media1
[3:25:40.814219342] [2010]  INFO Camera camera.cpp:1216 configuring streams: (0) 3280x2464-BGR888/sRGB (1) 3280x2464-SBGGR10_CSI2P/RAW
[3:25:40.814691893] [2013]  INFO RPI vc4.cpp:620 Sensor: /base/soc/i2c0mux/i2c@1/imx219@10 - Selected sensor format: 3280x2464-SBGGR10_1X10/RAW - Selected unicam format: 3280x2464-pBAA/RAW

========================================
 HYDROPONIC MULTIMODAL DATA COLLECTOR
========================================

Capture event: 2026-08-29 14:30:03

========================================
Reading ESP32 sensors...
========================================
Sensor record received:
{
  "water_temp": 30.37,
  "room_temp": 32.9,
  "humidity": 68.5,
  "ph": 6.11,
  "ph_voltage": 2.7228,
  "ec": 1.627,
  "tds": 813.5,
  "tds_voltage": 2.3384,
  "water_level": "OK"
}

========================================
Capturing camera image...
========================================
Waiting for exposure and white balance...

Image saved:
/hydroponic_project/data_collection/images/lettuce_20260829_143003.jpg

========================================
Cropping P01-P12...
========================================
P01 created
P02 created
P03 created
P04 created
P05 created
P06 created
P07 created
P08 created
P09 created
P10 created
P11 created
P12 created

========================================
Saving multimodal dataset...
========================================

12 multimodal samples saved.

CSV:
/hydroponic_project/data_collection/multimodal_dataset.csv

========================================
 COLLECTION COMPLETED
========================================

Timestamp : 2026-08-29 14:30:03
Plants    : 12
Image     : /hydroponic_project/data_collection/images/lettuce_20260829_143003.jpg
Dataset   : /hydroponic_project/data_collection/multimodal_dataset.csv

[3:40:46.950533659] [2030]  INFO Camera camera_manager.cpp:340 libcamera v0.7.1+rpt20260609
[3:40:47.002926593] [2035]  INFO RPI pipeline_base.cpp:1133 Using configuration file '/usr/share/libcamera/pipeline/rpi/vc4/rpi_apps.yaml'
[3:40:47.053122519] [2035]  INFO IPAProxy ipa_proxy.cpp:184 Using tuning file /usr/share/libcamera/ipa/rpi/vc4/imx219.json
[3:40:47.059137068] [2035]  INFO Camera camera_manager.cpp:223 Adding camera '/base/soc/i2c0mux/i2c@1/imx219@10' for pipeline handler rpi/vc4
[3:40:47.059261400] [2035]  INFO RPI vc4.cpp:445 Registered camera /base/soc/i2c0mux/i2c@1/imx219@10 to Unicam device /dev/media2 and ISP device /dev/media1
[3:40:47.065759888] [2030]  INFO Camera camera.cpp:1216 configuring streams: (0) 3280x2464-BGR888/sRGB (1) 3280x2464-SBGGR10_CSI2P/RAW
[3:40:47.066233548] [2035]  INFO RPI vc4.cpp:620 Sensor: /base/soc/i2c0mux/i2c@1/imx219@10 - Selected sensor format: 3280x2464-SBGGR10_1X10/RAW - Selected unicam format: 3280x2464-pBAA/RAW

========================================
 HYDROPONIC MULTIMODAL DATA COLLECTOR
========================================

Capture event: 2026-08-29 14:45:04

========================================
Reading ESP32 sensors...
========================================
Sensor record received:
{
  "water_temp": 30.44,
  "room_temp": 32.9,
  "humidity": 67.6,
  "ph": 6.12,
  "ph_voltage": 2.7219,
  "ec": 1.626,
  "tds": 812.9,
  "tds_voltage": 2.34,
  "water_level": "OK"
}

========================================
Capturing camera image...
========================================
Waiting for exposure and white balance...

Image saved:
/hydroponic_project/data_collection/images/lettuce_20260829_144504.jpg

========================================
Cropping P01-P12...
========================================
P01 created
P02 created
P03 created
P04 created
P05 created
P06 created
P07 created
P08 created
P09 created
P10 created
P11 created
P12 created

========================================
Saving multimodal dataset...
========================================

12 multimodal samples saved.

CSV:
/hydroponic_project/data_collection/multimodal_dataset.csv

========================================
 COLLECTION COMPLETED
========================================

Timestamp : 2026-08-29 14:45:04
Plants    : 12
Image     : /hydroponic_project/data_collection/images/lettuce_20260829_144504.jpg
Dataset   : /hydroponic_project/data_collection/multimodal_dataset.csv

[3:55:40.270428418] [2069]  INFO Camera camera_manager.cpp:340 libcamera v0.7.1+rpt20260609
[3:55:40.322399416] [2072]  INFO RPI pipeline_base.cpp:1133 Using configuration file '/usr/share/libcamera/pipeline/rpi/vc4/rpi_apps.yaml'
[3:55:40.375242328] [2072]  INFO IPAProxy ipa_proxy.cpp:184 Using tuning file /usr/share/libcamera/ipa/rpi/vc4/imx219.json
[3:55:40.381263245] [2072]  INFO Camera camera_manager.cpp:223 Adding camera '/base/soc/i2c0mux/i2c@1/imx219@10' for pipeline handler rpi/vc4
[3:55:40.381357262] [2072]  INFO RPI vc4.cpp:445 Registered camera /base/soc/i2c0mux/i2c@1/imx219@10 to Unicam device /dev/media2 and ISP device /dev/media1
[3:55:40.387886208] [2069]  INFO Camera camera.cpp:1216 configuring streams: (0) 3280x2464-BGR888/sRGB (1) 3280x2464-SBGGR10_CSI2P/RAW
[3:55:40.388364683] [2072]  INFO RPI vc4.cpp:620 Sensor: /base/soc/i2c0mux/i2c@1/imx219@10 - Selected sensor format: 3280x2464-SBGGR10_1X10/RAW - Selected unicam format: 3280x2464-pBAA/RAW

========================================
 HYDROPONIC MULTIMODAL DATA COLLECTOR
========================================

Capture event: 2026-08-29 15:00:04

========================================
Reading ESP32 sensors...
========================================
Sensor record received:
{
  "water_temp": 30.5,
  "room_temp": 32.7,
  "humidity": 69.3,
  "ph": 6.15,
  "ph_voltage": 2.7159,
  "ec": 1.622,
  "tds": 811.1,
  "tds_voltage": 2.3395,
  "water_level": "OK"
}

========================================
Capturing camera image...
========================================
Waiting for exposure and white balance...

Image saved:
/hydroponic_project/data_collection/images/lettuce_20260829_150004.jpg

========================================
Cropping P01-P12...
========================================
P01 created
P02 created
P03 created
P04 created
P05 created
P06 created
P07 created
P08 created
P09 created
P10 created
P11 created
P12 created

========================================
Saving multimodal dataset...
========================================

12 multimodal samples saved.

CSV:
/hydroponic_project/data_collection/multimodal_dataset.csv

========================================
 COLLECTION COMPLETED
========================================

Timestamp : 2026-08-29 15:00:04
Plants    : 12
Image     : /hydroponic_project/data_collection/images/lettuce_20260829_150004.jpg
Dataset   : /hydroponic_project/data_collection/multimodal_dataset.csv

[4:10:46.517354136] [2097]  INFO Camera camera_manager.cpp:340 libcamera v0.7.1+rpt20260609
[4:10:46.569555886] [2100]  INFO RPI pipeline_base.cpp:1133 Using configuration file '/usr/share/libcamera/pipeline/rpi/vc4/rpi_apps.yaml'
[4:10:46.620613782] [2100]  INFO IPAProxy ipa_proxy.cpp:184 Using tuning file /usr/share/libcamera/ipa/rpi/vc4/imx219.json
[4:10:46.626594585] [2100]  INFO Camera camera_manager.cpp:223 Adding camera '/base/soc/i2c0mux/i2c@1/imx219@10' for pipeline handler rpi/vc4
[4:10:46.626685602] [2100]  INFO RPI vc4.cpp:445 Registered camera /base/soc/i2c0mux/i2c@1/imx219@10 to Unicam device /dev/media2 and ISP device /dev/media1
[4:10:46.633150046] [2097]  INFO Camera camera.cpp:1216 configuring streams: (0) 3280x2464-BGR888/sRGB (1) 3280x2464-SBGGR10_CSI2P/RAW
[4:10:46.633608428] [2100]  INFO RPI vc4.cpp:620 Sensor: /base/soc/i2c0mux/i2c@1/imx219@10 - Selected sensor format: 3280x2464-SBGGR10_1X10/RAW - Selected unicam format: 3280x2464-pBAA/RAW

========================================
 HYDROPONIC MULTIMODAL DATA COLLECTOR
========================================

Capture event: 2026-08-29 15:15:03

========================================
Reading ESP32 sensors...
========================================
Sensor record received:
{
  "water_temp": 30.56,
  "room_temp": 32.7,
  "humidity": 68.1,
  "ph": 6.09,
  "ph_voltage": 2.726,
  "ec": 1.62,
  "tds": 809.9,
  "tds_voltage": 2.3401,
  "water_level": "OK"
}

========================================
Capturing camera image...
========================================
Waiting for exposure and white balance...

Image saved:
/hydroponic_project/data_collection/images/lettuce_20260829_151503.jpg

========================================
Cropping P01-P12...
========================================
P01 created
P02 created
P03 created
P04 created
P05 created
P06 created
P07 created
P08 created
P09 created
P10 created
P11 created
P12 created

========================================
Saving multimodal dataset...
========================================

12 multimodal samples saved.

CSV:
/hydroponic_project/data_collection/multimodal_dataset.csv

========================================
 COLLECTION COMPLETED
========================================

Timestamp : 2026-08-29 15:15:03
Plants    : 12
Image     : /hydroponic_project/data_collection/images/lettuce_20260829_151503.jpg
Dataset   : /hydroponic_project/data_collection/multimodal_dataset.csv

[4:25:39.834795304] [2126]  INFO Camera camera_manager.cpp:340 libcamera v0.7.1+rpt20260609
[4:25:39.887138024] [2129]  INFO RPI pipeline_base.cpp:1133 Using configuration file '/usr/share/libcamera/pipeline/rpi/vc4/rpi_apps.yaml'
[4:25:39.924377791] [2129]  INFO IPAProxy ipa_proxy.cpp:184 Using tuning file /usr/share/libcamera/ipa/rpi/vc4/imx219.json
[4:25:39.933076872] [2129]  INFO Camera camera_manager.cpp:223 Adding camera '/base/soc/i2c0mux/i2c@1/imx219@10' for pipeline handler rpi/vc4
[4:25:39.933173296] [2129]  INFO RPI vc4.cpp:445 Registered camera /base/soc/i2c0mux/i2c@1/imx219@10 to Unicam device /dev/media2 and ISP device /dev/media1
[4:25:39.942624088] [2126]  INFO Camera camera.cpp:1216 configuring streams: (0) 3280x2464-BGR888/sRGB (1) 3280x2464-SBGGR10_CSI2P/RAW
[4:25:39.943198135] [2129]  INFO RPI vc4.cpp:620 Sensor: /base/soc/i2c0mux/i2c@1/imx219@10 - Selected sensor format: 3280x2464-SBGGR10_1X10/RAW - Selected unicam format: 3280x2464-pBAA/RAW

========================================
 HYDROPONIC MULTIMODAL DATA COLLECTOR
========================================

Capture event: 2026-08-29 15:30:03

========================================
Reading ESP32 sensors...
========================================
Sensor record received:
{
  "water_temp": 30.5,
  "room_temp": 32.5,
  "humidity": 69.6,
  "ph": 6.14,
  "ph_voltage": 2.7185,
  "ec": 1.622,
  "tds": 810.9,
  "tds_voltage": 2.3393,
  "water_level": "OK"
}

========================================
Capturing camera image...
========================================
Waiting for exposure and white balance...

Image saved:
/hydroponic_project/data_collection/images/lettuce_20260829_153003.jpg

========================================
Cropping P01-P12...
========================================
P01 created
P02 created
P03 created
P04 created
P05 created
P06 created
P07 created
P08 created
P09 created
P10 created
P11 created
P12 created

========================================
Saving multimodal dataset...
========================================

12 multimodal samples saved.

CSV:
/hydroponic_project/data_collection/multimodal_dataset.csv

========================================
 COLLECTION COMPLETED
========================================

Timestamp : 2026-08-29 15:30:03
Plants    : 12
Image     : /hydroponic_project/data_collection/images/lettuce_20260829_153003.jpg
Dataset   : /hydroponic_project/data_collection/multimodal_dataset.csv

[4:42:16.711356925] [2152]  INFO Camera camera_manager.cpp:340 libcamera v0.7.1+rpt20260609
[4:42:16.760398015] [2155]  INFO RPI pipeline_base.cpp:1133 Using configuration file '/usr/share/libcamera/pipeline/rpi/vc4/rpi_apps.yaml'
[4:42:16.800733381] [2155]  INFO IPAProxy ipa_proxy.cpp:184 Using tuning file /usr/share/libcamera/ipa/rpi/vc4/imx219.json
[4:42:16.809997466] [2155]  INFO Camera camera_manager.cpp:223 Adding camera '/base/soc/i2c0mux/i2c@1/imx219@10' for pipeline handler rpi/vc4
[4:42:16.810099668] [2155]  INFO RPI vc4.cpp:445 Registered camera /base/soc/i2c0mux/i2c@1/imx219@10 to Unicam device /dev/media2 and ISP device /dev/media1
[4:42:16.820045299] [2152]  INFO Camera camera.cpp:1216 configuring streams: (0) 3280x2464-BGR888/sRGB (1) 3280x2464-SBGGR10_CSI2P/RAW
[4:42:16.820641864] [2155]  INFO RPI vc4.cpp:620 Sensor: /base/soc/i2c0mux/i2c@1/imx219@10 - Selected sensor format: 3280x2464-SBGGR10_1X10/RAW - Selected unicam format: 3280x2464-pBAA/RAW

========================================
 HYDROPONIC MULTIMODAL DATA COLLECTOR
========================================

Capture event: 2026-08-29 15:45:04

========================================
Reading ESP32 sensors...
========================================
Sensor record received:
{
  "water_temp": 30.56,
  "room_temp": 32.6,
  "humidity": 69.6,
  "ph": 6.18,
  "ph_voltage": 2.712,
  "ec": 1.618,
  "tds": 809.0,
  "tds_voltage": 2.3386,
  "water_level": "OK"
}

========================================
Capturing camera image...
========================================
Waiting for exposure and white balance...

Image saved:
/hydroponic_project/data_collection/images/lettuce_20260829_154504.jpg

========================================
Cropping P01-P12...
========================================
P01 created
P02 created
P03 created
P04 created
P05 created
P06 created
P07 created
P08 created
P09 created
P10 created
P11 created
P12 created

========================================
Saving multimodal dataset...
========================================

12 multimodal samples saved.

CSV:
/hydroponic_project/data_collection/multimodal_dataset.csv

========================================
 COLLECTION COMPLETED
========================================

Timestamp : 2026-08-29 15:45:04
Plants    : 12
Image     : /hydroponic_project/data_collection/images/lettuce_20260829_154504.jpg
Dataset   : /hydroponic_project/data_collection/multimodal_dataset.csv

[4:55:52.336368631] [2174]  INFO Camera camera_manager.cpp:340 libcamera v0.7.1+rpt20260609
[4:55:52.388390566] [2179]  INFO RPI pipeline_base.cpp:1133 Using configuration file '/usr/share/libcamera/pipeline/rpi/vc4/rpi_apps.yaml'
[4:55:52.440201263] [2179]  INFO IPAProxy ipa_proxy.cpp:184 Using tuning file /usr/share/libcamera/ipa/rpi/vc4/imx219.json
[4:55:52.446092938] [2179]  INFO Camera camera_manager.cpp:223 Adding camera '/base/soc/i2c0mux/i2c@1/imx219@10' for pipeline handler rpi/vc4
[4:55:52.446212658] [2179]  INFO RPI vc4.cpp:445 Registered camera /base/soc/i2c0mux/i2c@1/imx219@10 to Unicam device /dev/media2 and ISP device /dev/media1
[4:55:52.452668398] [2174]  INFO Camera camera.cpp:1216 configuring streams: (0) 3280x2464-BGR888/sRGB (1) 3280x2464-SBGGR10_CSI2P/RAW
[4:55:52.453106762] [2179]  INFO RPI vc4.cpp:620 Sensor: /base/soc/i2c0mux/i2c@1/imx219@10 - Selected sensor format: 3280x2464-SBGGR10_1X10/RAW - Selected unicam format: 3280x2464-pBAA/RAW

========================================
 HYDROPONIC MULTIMODAL DATA COLLECTOR
========================================

Capture event: 2026-08-29 16:00:04

========================================
Reading ESP32 sensors...
========================================
Sensor record received:
{
  "water_temp": 30.56,
  "room_temp": 32.5,
  "humidity": 69.4,
  "ph": 6.12,
  "ph_voltage": 2.7211,
  "ec": 1.617,
  "tds": 808.6,
  "tds_voltage": 2.338,
  "water_level": "OK"
}

========================================
Capturing camera image...
========================================
Waiting for exposure and white balance...

Image saved:
/hydroponic_project/data_collection/images/lettuce_20260829_160004.jpg

========================================
Cropping P01-P12...
========================================
P01 created
P02 created
P03 created
P04 created
P05 created
P06 created
P07 created
P08 created
P09 created
P10 created
P11 created
P12 created

========================================
Saving multimodal dataset...
========================================

12 multimodal samples saved.

CSV:
/hydroponic_project/data_collection/multimodal_dataset.csv

========================================
 COLLECTION COMPLETED
========================================

Timestamp : 2026-08-29 16:00:04
Plants    : 12
Image     : /hydroponic_project/data_collection/images/lettuce_20260829_160004.jpg
Dataset   : /hydroponic_project/data_collection/multimodal_dataset.csv

[5:10:45.647804790] [2197]  INFO Camera camera_manager.cpp:340 libcamera v0.7.1+rpt20260609
[5:10:45.691929322] [2200]  INFO RPI pipeline_base.cpp:1133 Using configuration file '/usr/share/libcamera/pipeline/rpi/vc4/rpi_apps.yaml'
[5:10:45.746220026] [2200]  INFO IPAProxy ipa_proxy.cpp:184 Using tuning file /usr/share/libcamera/ipa/rpi/vc4/imx219.json
[5:10:45.758588557] [2200]  INFO Camera camera_manager.cpp:223 Adding camera '/base/soc/i2c0mux/i2c@1/imx219@10' for pipeline handler rpi/vc4
[5:10:45.758705833] [2200]  INFO RPI vc4.cpp:445 Registered camera /base/soc/i2c0mux/i2c@1/imx219@10 to Unicam device /dev/media2 and ISP device /dev/media1
[5:10:45.770407225] [2197]  INFO Camera camera.cpp:1216 configuring streams: (0) 3280x2464-BGR888/sRGB (1) 3280x2464-SBGGR10_CSI2P/RAW
[5:10:45.770842071] [2200]  INFO RPI vc4.cpp:620 Sensor: /base/soc/i2c0mux/i2c@1/imx219@10 - Selected sensor format: 3280x2464-SBGGR10_1X10/RAW - Selected unicam format: 3280x2464-pBAA/RAW

========================================
 HYDROPONIC MULTIMODAL DATA COLLECTOR
========================================

Capture event: 2026-08-29 16:15:03

========================================
Reading ESP32 sensors...
========================================
Sensor record received:
{
  "water_temp": 30.5,
  "room_temp": 32.1,
  "humidity": 69.2,
  "ph": 6.12,
  "ph_voltage": 2.7214,
  "ec": 1.619,
  "tds": 809.3,
  "tds_voltage": 2.3365,
  "water_level": "OK"
}

========================================
Capturing camera image...
========================================
Waiting for exposure and white balance...

Image saved:
/hydroponic_project/data_collection/images/lettuce_20260829_161503.jpg

========================================
Cropping P01-P12...
========================================
P01 created
P02 created
P03 created
P04 created
P05 created
P06 created
P07 created
P08 created
P09 created
P10 created
P11 created
P12 created

========================================
Saving multimodal dataset...
========================================

12 multimodal samples saved.

CSV:
/hydroponic_project/data_collection/multimodal_dataset.csv

========================================
 COLLECTION COMPLETED
========================================

Timestamp : 2026-08-29 16:15:03
Plants    : 12
Image     : /hydroponic_project/data_collection/images/lettuce_20260829_161503.jpg
Dataset   : /hydroponic_project/data_collection/multimodal_dataset.csv

[5:25:38.947393082] [2225]  INFO Camera camera_manager.cpp:340 libcamera v0.7.1+rpt20260609
[5:25:38.992153834] [2228]  INFO RPI pipeline_base.cpp:1133 Using configuration file '/usr/share/libcamera/pipeline/rpi/vc4/rpi_apps.yaml'
[5:25:39.052165592] [2228]  INFO IPAProxy ipa_proxy.cpp:184 Using tuning file /usr/share/libcamera/ipa/rpi/vc4/imx219.json
[5:25:39.058147284] [2228]  INFO Camera camera_manager.cpp:223 Adding camera '/base/soc/i2c0mux/i2c@1/imx219@10' for pipeline handler rpi/vc4
[5:25:39.058227413] [2228]  INFO RPI vc4.cpp:445 Registered camera /base/soc/i2c0mux/i2c@1/imx219@10 to Unicam device /dev/media2 and ISP device /dev/media1
[5:25:39.064751431] [2225]  INFO Camera camera.cpp:1216 configuring streams: (0) 3280x2464-BGR888/sRGB (1) 3280x2464-SBGGR10_CSI2P/RAW
[5:25:39.065195129] [2228]  INFO RPI vc4.cpp:620 Sensor: /base/soc/i2c0mux/i2c@1/imx219@10 - Selected sensor format: 3280x2464-SBGGR10_1X10/RAW - Selected unicam format: 3280x2464-pBAA/RAW

========================================
 HYDROPONIC MULTIMODAL DATA COLLECTOR
========================================

Capture event: 2026-08-29 16:30:04

========================================
Reading ESP32 sensors...
========================================
Sensor record received:
{
  "water_temp": 30.44,
  "room_temp": 31.8,
  "humidity": 70.8,
  "ph": 6.17,
  "ph_voltage": 2.7136,
  "ec": 1.62,
  "tds": 809.8,
  "tds_voltage": 2.3348,
  "water_level": "OK"
}

========================================
Capturing camera image...
========================================
Waiting for exposure and white balance...

Image saved:
/hydroponic_project/data_collection/images/lettuce_20260829_163004.jpg

========================================
Cropping P01-P12...
========================================
P01 created
P02 created
P03 created
P04 created
P05 created
P06 created
P07 created
P08 created
P09 created
P10 created
P11 created
P12 created

========================================
Saving multimodal dataset...
========================================

12 multimodal samples saved.

CSV:
/hydroponic_project/data_collection/multimodal_dataset.csv

========================================
 COLLECTION COMPLETED
========================================

Timestamp : 2026-08-29 16:30:04
Plants    : 12
Image     : /hydroponic_project/data_collection/images/lettuce_20260829_163004.jpg
Dataset   : /hydroponic_project/data_collection/multimodal_dataset.csv

[5:42:54.671795183] [2251]  INFO Camera camera_manager.cpp:340 libcamera v0.7.1+rpt20260609
[5:42:54.724167791] [2255]  INFO RPI pipeline_base.cpp:1133 Using configuration file '/usr/share/libcamera/pipeline/rpi/vc4/rpi_apps.yaml'
[5:42:54.776381290] [2255]  INFO IPAProxy ipa_proxy.cpp:184 Using tuning file /usr/share/libcamera/ipa/rpi/vc4/imx219.json
[5:42:54.782568173] [2255]  INFO Camera camera_manager.cpp:223 Adding camera '/base/soc/i2c0mux/i2c@1/imx219@10' for pipeline handler rpi/vc4
[5:42:54.782649764] [2255]  INFO RPI vc4.cpp:445 Registered camera /base/soc/i2c0mux/i2c@1/imx219@10 to Unicam device /dev/media2 and ISP device /dev/media1
[5:42:54.789292902] [2251]  INFO Camera camera.cpp:1216 configuring streams: (0) 3280x2464-BGR888/sRGB (1) 3280x2464-SBGGR10_CSI2P/RAW
[5:42:54.789746286] [2255]  INFO RPI vc4.cpp:620 Sensor: /base/soc/i2c0mux/i2c@1/imx219@10 - Selected sensor format: 3280x2464-SBGGR10_1X10/RAW - Selected unicam format: 3280x2464-pBAA/RAW

========================================
 HYDROPONIC MULTIMODAL DATA COLLECTOR
========================================

Capture event: 2026-08-29 16:45:04

========================================
Reading ESP32 sensors...
========================================
Sensor record received:
{
  "water_temp": 30.31,
  "room_temp": 31.7,
  "humidity": 69.8,
  "ph": 6.07,
  "ph_voltage": 2.7295,
  "ec": 1.623,
  "tds": 811.7,
  "tds_voltage": 2.3328,
  "water_level": "OK"
}

========================================
Capturing camera image...
========================================
Waiting for exposure and white balance...

Image saved:
/hydroponic_project/data_collection/images/lettuce_20260829_164504.jpg

========================================
Cropping P01-P12...
========================================
P01 created
P02 created
P03 created
P04 created
P05 created
P06 created
P07 created
P08 created
P09 created
P10 created
P11 created
P12 created

========================================
Saving multimodal dataset...
========================================

12 multimodal samples saved.

CSV:
/hydroponic_project/data_collection/multimodal_dataset.csv

========================================
 COLLECTION COMPLETED
========================================

Timestamp : 2026-08-29 16:45:04
Plants    : 12
Image     : /hydroponic_project/data_collection/images/lettuce_20260829_164504.jpg
Dataset   : /hydroponic_project/data_collection/multimodal_dataset.csv

[5:57:47.977414607] [2274]  INFO Camera camera_manager.cpp:340 libcamera v0.7.1+rpt20260609
[5:57:48.022256493] [2278]  INFO RPI pipeline_base.cpp:1133 Using configuration file '/usr/share/libcamera/pipeline/rpi/vc4/rpi_apps.yaml'
[5:57:48.079482497] [2278]  INFO IPAProxy ipa_proxy.cpp:184 Using tuning file /usr/share/libcamera/ipa/rpi/vc4/imx219.json
[5:57:48.085494419] [2278]  INFO Camera camera_manager.cpp:223 Adding camera '/base/soc/i2c0mux/i2c@1/imx219@10' for pipeline handler rpi/vc4
[5:57:48.085578270] [2278]  INFO RPI vc4.cpp:445 Registered camera /base/soc/i2c0mux/i2c@1/imx219@10 to Unicam device /dev/media2 and ISP device /dev/media1
[5:57:48.092142297] [2274]  INFO Camera camera.cpp:1216 configuring streams: (0) 3280x2464-BGR888/sRGB (1) 3280x2464-SBGGR10_CSI2P/RAW
[5:57:48.092593921] [2278]  INFO RPI vc4.cpp:620 Sensor: /base/soc/i2c0mux/i2c@1/imx219@10 - Selected sensor format: 3280x2464-SBGGR10_1X10/RAW - Selected unicam format: 3280x2464-pBAA/RAW

========================================
 HYDROPONIC MULTIMODAL DATA COLLECTOR
========================================

Capture event: 2026-08-29 17:00:04

========================================
Reading ESP32 sensors...
========================================
Sensor record received:
{
  "water_temp": 30.19,
  "room_temp": 31.7,
  "humidity": 70.5,
  "ph": 6.18,
  "ph_voltage": 2.7111,
  "ec": 1.627,
  "tds": 813.3,
  "tds_voltage": 2.3301,
  "water_level": "OK"
}

========================================
Capturing camera image...
========================================
Waiting for exposure and white balance...

Image saved:
/hydroponic_project/data_collection/images/lettuce_20260829_170004.jpg

========================================
Cropping P01-P12...
========================================
P01 created
P02 created
P03 created
P04 created
P05 created
P06 created
P07 created
P08 created
P09 created
P10 created
P11 created
P12 created

========================================
Saving multimodal dataset...
========================================

12 multimodal samples saved.

CSV:
/hydroponic_project/data_collection/multimodal_dataset.csv

========================================
 COLLECTION COMPLETED
========================================

Timestamp : 2026-08-29 17:00:04
Plants    : 12
Image     : /hydroponic_project/data_collection/images/lettuce_20260829_170004.jpg
Dataset   : /hydroponic_project/data_collection/multimodal_dataset.csv

[0:13:51.491588077] [1527]  INFO Camera camera_manager.cpp:340 libcamera v0.7.1+rpt20260609
[0:13:51.541459522] [1530]  INFO RPI pipeline_base.cpp:1133 Using configuration file '/usr/share/libcamera/pipeline/rpi/vc4/rpi_apps.yaml'
[0:13:51.588132836] [1530]  INFO IPAProxy ipa_proxy.cpp:184 Using tuning file /usr/share/libcamera/ipa/rpi/vc4/imx219.json
[0:13:51.598107577] [1530]  INFO Camera camera_manager.cpp:223 Adding camera '/base/soc/i2c0mux/i2c@1/imx219@10' for pipeline handler rpi/vc4
[0:13:51.598211262] [1530]  INFO RPI vc4.cpp:445 Registered camera /base/soc/i2c0mux/i2c@1/imx219@10 to Unicam device /dev/media0 and ISP device /dev/media2
[0:13:51.609127003] [1527]  INFO Camera camera.cpp:1216 configuring streams: (0) 3280x2464-BGR888/sRGB (1) 3280x2464-SBGGR10_CSI2P/RAW
[0:13:51.609768410] [1530]  INFO RPI vc4.cpp:620 Sensor: /base/soc/i2c0mux/i2c@1/imx219@10 - Selected sensor format: 3280x2464-SBGGR10_1X10/RAW - Selected unicam format: 3280x2464-pBAA/RAW

========================================
 HYDROPONIC MULTIMODAL DATA COLLECTOR
========================================

Capture event: 2026-08-29 17:15:07

========================================
Reading ESP32 sensors...
========================================
Sensor record received:
{
  "water_temp": 30.12,
  "room_temp": 31.3,
  "humidity": 72.6,
  "ph": 6.06,
  "ph_voltage": 2.7308,
  "ec": 1.628,
  "tds": 814.2,
  "tds_voltage": 2.3289,
  "water_level": "OK"
}

========================================
Capturing camera image...
========================================
Waiting for exposure and white balance...

Image saved:
/hydroponic_project/data_collection/images/lettuce_20260829_171507.jpg

========================================
Cropping P01-P12...
========================================
P01 created
P02 created
P03 created
P04 created
P05 created
P06 created
P07 created
P08 created
P09 created
P10 created
P11 created
P12 created

========================================
Saving multimodal dataset...
========================================

12 multimodal samples saved.

CSV:
/hydroponic_project/data_collection/multimodal_dataset.csv

========================================
 COLLECTION COMPLETED
========================================

Timestamp : 2026-08-29 17:15:07
Plants    : 12
Image     : /hydroponic_project/data_collection/images/lettuce_20260829_171507.jpg
Dataset   : /hydroponic_project/data_collection/multimodal_dataset.csv

[0:29:36.595227903] [1605]  INFO Camera camera_manager.cpp:340 libcamera v0.7.1+rpt20260609
[0:29:36.647575329] [1611]  INFO RPI pipeline_base.cpp:1133 Using configuration file '/usr/share/libcamera/pipeline/rpi/vc4/rpi_apps.yaml'
[0:29:36.695093217] [1611]  INFO IPAProxy ipa_proxy.cpp:184 Using tuning file /usr/share/libcamera/ipa/rpi/vc4/imx219.json
[0:29:36.701179958] [1611]  INFO Camera camera_manager.cpp:223 Adding camera '/base/soc/i2c0mux/i2c@1/imx219@10' for pipeline handler rpi/vc4
[0:29:36.701259273] [1611]  INFO RPI vc4.cpp:445 Registered camera /base/soc/i2c0mux/i2c@1/imx219@10 to Unicam device /dev/media0 and ISP device /dev/media2
[0:29:36.707759847] [1605]  INFO Camera camera.cpp:1216 configuring streams: (0) 3280x2464-BGR888/sRGB (1) 3280x2464-SBGGR10_CSI2P/RAW
[0:29:36.708208143] [1611]  INFO RPI vc4.cpp:620 Sensor: /base/soc/i2c0mux/i2c@1/imx219@10 - Selected sensor format: 3280x2464-SBGGR10_1X10/RAW - Selected unicam format: 3280x2464-pBAA/RAW

========================================
 HYDROPONIC MULTIMODAL DATA COLLECTOR
========================================

Capture event: 2026-08-29 17:30:03

========================================
Reading ESP32 sensors...
========================================
Sensor record received:
{
  "water_temp": 30.06,
  "room_temp": 31.3,
  "humidity": 72.2,
  "ph": 6.23,
  "ph_voltage": 2.7036,
  "ec": 1.629,
  "tds": 814.5,
  "tds_voltage": 2.3268,
  "water_level": "OK"
}

========================================
Capturing camera image...
========================================
Waiting for exposure and white balance...

Image saved:
/hydroponic_project/data_collection/images/lettuce_20260829_173003.jpg

========================================
Cropping P01-P12...
========================================
P01 created
P02 created
P03 created
P04 created
P05 created
P06 created
P07 created
P08 created
P09 created
P10 created
P11 created
P12 created

========================================
Saving multimodal dataset...
========================================

12 multimodal samples saved.

CSV:
/hydroponic_project/data_collection/multimodal_dataset.csv

========================================
 COLLECTION COMPLETED
========================================

Timestamp : 2026-08-29 17:30:03
Plants    : 12
Image     : /hydroponic_project/data_collection/images/lettuce_20260829_173003.jpg
Dataset   : /hydroponic_project/data_collection/multimodal_dataset.csv

[0:44:29.907338148] [1674]  INFO Camera camera_manager.cpp:340 libcamera v0.7.1+rpt20260609
[0:44:29.962809204] [1681]  INFO RPI pipeline_base.cpp:1133 Using configuration file '/usr/share/libcamera/pipeline/rpi/vc4/rpi_apps.yaml'
[0:44:30.011063370] [1681]  INFO IPAProxy ipa_proxy.cpp:184 Using tuning file /usr/share/libcamera/ipa/rpi/vc4/imx219.json
[0:44:30.017099166] [1681]  INFO Camera camera_manager.cpp:223 Adding camera '/base/soc/i2c0mux/i2c@1/imx219@10' for pipeline handler rpi/vc4
[0:44:30.017179815] [1681]  INFO RPI vc4.cpp:445 Registered camera /base/soc/i2c0mux/i2c@1/imx219@10 to Unicam device /dev/media0 and ISP device /dev/media2
[0:44:30.023665778] [1674]  INFO Camera camera.cpp:1216 configuring streams: (0) 3280x2464-BGR888/sRGB (1) 3280x2464-SBGGR10_CSI2P/RAW
[0:44:30.025208963] [1681]  INFO RPI vc4.cpp:620 Sensor: /base/soc/i2c0mux/i2c@1/imx219@10 - Selected sensor format: 3280x2464-SBGGR10_1X10/RAW - Selected unicam format: 3280x2464-pBAA/RAW

========================================
 HYDROPONIC MULTIMODAL DATA COLLECTOR
========================================

Capture event: 2026-08-29 17:45:04

========================================
Reading ESP32 sensors...
========================================
Sensor record received:
{
  "water_temp": 30.0,
  "room_temp": 31.2,
  "humidity": 72.1,
  "ph": 6.19,
  "ph_voltage": 2.7096,
  "ec": 1.63,
  "tds": 814.9,
  "tds_voltage": 2.3249,
  "water_level": "OK"
}

========================================
Capturing camera image...
========================================
Waiting for exposure and white balance...

Image saved:
/hydroponic_project/data_collection/images/lettuce_20260829_174504.jpg

========================================
Cropping P01-P12...
========================================
P01 created
P02 created
P03 created
P04 created
P05 created
P06 created
P07 created
P08 created
P09 created
P10 created
P11 created
P12 created

========================================
Saving multimodal dataset...
========================================

12 multimodal samples saved.

CSV:
/hydroponic_project/data_collection/multimodal_dataset.csv

========================================
 COLLECTION COMPLETED
========================================

Timestamp : 2026-08-29 17:45:04
Plants    : 12
Image     : /hydroponic_project/data_collection/images/lettuce_20260829_174504.jpg
Dataset   : /hydroponic_project/data_collection/multimodal_dataset.csv

[1:00:53.834662524] [1743]  INFO Camera camera_manager.cpp:340 libcamera v0.7.1+rpt20260609
[1:00:53.887267580] [1753]  INFO RPI pipeline_base.cpp:1133 Using configuration file '/usr/share/libcamera/pipeline/rpi/vc4/rpi_apps.yaml'
[1:00:53.939972987] [1753]  INFO IPAProxy ipa_proxy.cpp:184 Using tuning file /usr/share/libcamera/ipa/rpi/vc4/imx219.json
[1:00:53.946017358] [1753]  INFO Camera camera_manager.cpp:223 Adding camera '/base/soc/i2c0mux/i2c@1/imx219@10' for pipeline handler rpi/vc4
[1:00:53.946098617] [1753]  INFO RPI vc4.cpp:445 Registered camera /base/soc/i2c0mux/i2c@1/imx219@10 to Unicam device /dev/media0 and ISP device /dev/media2
[1:00:53.952621561] [1743]  INFO Camera camera.cpp:1216 configuring streams: (0) 3280x2464-BGR888/sRGB (1) 3280x2464-SBGGR10_CSI2P/RAW
[1:00:53.953976987] [1753]  INFO RPI vc4.cpp:620 Sensor: /base/soc/i2c0mux/i2c@1/imx219@10 - Selected sensor format: 3280x2464-SBGGR10_1X10/RAW - Selected unicam format: 3280x2464-pBAA/RAW

========================================
 HYDROPONIC MULTIMODAL DATA COLLECTOR
========================================

Capture event: 2026-08-29 18:00:04

========================================
Reading ESP32 sensors...
========================================
Sensor record received:
{
  "water_temp": 29.94,
  "room_temp": 31.0,
  "humidity": 72.9,
  "ph": 6.2,
  "ph_voltage": 2.7084,
  "ec": 1.63,
  "tds": 815.2,
  "tds_voltage": 2.3226,
  "water_level": "OK"
}

========================================
Capturing camera image...
========================================
Waiting for exposure and white balance...

Image saved:
/hydroponic_project/data_collection/images/lettuce_20260829_180004.jpg

========================================
Cropping P01-P12...
========================================
P01 created
P02 created
P03 created
P04 created
P05 created
P06 created
P07 created
P08 created
P09 created
P10 created
P11 created
P12 created

========================================
Saving multimodal dataset...
========================================

12 multimodal samples saved.

CSV:
/hydroponic_project/data_collection/multimodal_dataset.csv

========================================
 COLLECTION COMPLETED
========================================

Timestamp : 2026-08-29 18:00:04
Plants    : 12
Image     : /hydroponic_project/data_collection/images/lettuce_20260829_180004.jpg
Dataset   : /hydroponic_project/data_collection/multimodal_dataset.csv

[1:13:50.641578080] [1815]  INFO Camera camera_manager.cpp:340 libcamera v0.7.1+rpt20260609
[1:13:50.659966228] [1818]  INFO RPI pipeline_base.cpp:1133 Using configuration file '/usr/share/libcamera/pipeline/rpi/vc4/rpi_apps.yaml'
[1:13:50.686383839] [1818]  INFO IPAProxy ipa_proxy.cpp:184 Using tuning file /usr/share/libcamera/ipa/rpi/vc4/imx219.json
[1:13:50.692419876] [1818]  INFO Camera camera_manager.cpp:223 Adding camera '/base/soc/i2c0mux/i2c@1/imx219@10' for pipeline handler rpi/vc4
[1:13:50.692498636] [1818]  INFO RPI vc4.cpp:445 Registered camera /base/soc/i2c0mux/i2c@1/imx219@10 to Unicam device /dev/media0 and ISP device /dev/media2
[1:13:50.698990543] [1815]  INFO Camera camera.cpp:1216 configuring streams: (0) 3280x2464-BGR888/sRGB (1) 3280x2464-SBGGR10_CSI2P/RAW
[1:13:50.699444173] [1818]  INFO RPI vc4.cpp:620 Sensor: /base/soc/i2c0mux/i2c@1/imx219@10 - Selected sensor format: 3280x2464-SBGGR10_1X10/RAW - Selected unicam format: 3280x2464-pBAA/RAW

========================================
 HYDROPONIC MULTIMODAL DATA COLLECTOR
========================================

Capture event: 2026-08-29 18:15:04

========================================
Reading ESP32 sensors...
========================================
Sensor record received:
{
  "water_temp": 29.87,
  "room_temp": 31.0,
  "humidity": 73.7,
  "ph": 6.08,
  "ph_voltage": 2.7283,
  "ec": 1.632,
  "tds": 815.8,
  "tds_voltage": 2.3211,
  "water_level": "OK"
}

========================================
Capturing camera image...
========================================
Waiting for exposure and white balance...

Image saved:
/hydroponic_project/data_collection/images/lettuce_20260829_181504.jpg

========================================
Cropping P01-P12...
========================================
P01 created
P02 created
P03 created
P04 created
P05 created
P06 created
P07 created
P08 created
P09 created
P10 created
P11 created
P12 created

========================================
Saving multimodal dataset...
========================================

12 multimodal samples saved.

CSV:
/hydroponic_project/data_collection/multimodal_dataset.csv

========================================
 COLLECTION COMPLETED
========================================

Timestamp : 2026-08-29 18:15:04
Plants    : 12
Image     : /hydroponic_project/data_collection/images/lettuce_20260829_181504.jpg
Dataset   : /hydroponic_project/data_collection/multimodal_dataset.csv

[1:28:43.967745455] [1887]  INFO Camera camera_manager.cpp:340 libcamera v0.7.1+rpt20260609
[1:28:43.985992659] [1890]  INFO RPI pipeline_base.cpp:1133 Using configuration file '/usr/share/libcamera/pipeline/rpi/vc4/rpi_apps.yaml'
[1:28:44.012401473] [1890]  INFO IPAProxy ipa_proxy.cpp:184 Using tuning file /usr/share/libcamera/ipa/rpi/vc4/imx219.json
[1:28:44.018362066] [1890]  INFO Camera camera_manager.cpp:223 Adding camera '/base/soc/i2c0mux/i2c@1/imx219@10' for pipeline handler rpi/vc4
[1:28:44.018442622] [1890]  INFO RPI vc4.cpp:445 Registered camera /base/soc/i2c0mux/i2c@1/imx219@10 to Unicam device /dev/media0 and ISP device /dev/media2
[1:28:44.025040140] [1887]  INFO Camera camera.cpp:1216 configuring streams: (0) 3280x2464-BGR888/sRGB (1) 3280x2464-SBGGR10_CSI2P/RAW
[1:28:44.025471473] [1890]  INFO RPI vc4.cpp:620 Sensor: /base/soc/i2c0mux/i2c@1/imx219@10 - Selected sensor format: 3280x2464-SBGGR10_1X10/RAW - Selected unicam format: 3280x2464-pBAA/RAW

========================================
 HYDROPONIC MULTIMODAL DATA COLLECTOR
========================================

Capture event: 2026-08-29 18:30:04

========================================
Reading ESP32 sensors...
========================================
Sensor record received:
{
  "water_temp": 29.87,
  "room_temp": 31.0,
  "humidity": 74.2,
  "ph": 6.19,
  "ph_voltage": 2.7094,
  "ec": 1.629,
  "tds": 814.6,
  "tds_voltage": 2.3191,
  "water_level": "OK"
}

========================================
Capturing camera image...
========================================
Waiting for exposure and white balance...

Image saved:
/hydroponic_project/data_collection/images/lettuce_20260829_183004.jpg

========================================
Cropping P01-P12...
========================================
P01 created
P02 created
P03 created
P04 created
P05 created
P06 created
P07 created
P08 created
P09 created
P10 created
P11 created
P12 created

========================================
Saving multimodal dataset...
========================================

12 multimodal samples saved.

CSV:
/hydroponic_project/data_collection/multimodal_dataset.csv

========================================
 COLLECTION COMPLETED
========================================

Timestamp : 2026-08-29 18:30:04
Plants    : 12
Image     : /hydroponic_project/data_collection/images/lettuce_20260829_183004.jpg
Dataset   : /hydroponic_project/data_collection/multimodal_dataset.csv

[1:44:54.981627098] [1961]  INFO Camera camera_manager.cpp:340 libcamera v0.7.1+rpt20260609
[1:44:55.034568006] [1967]  INFO RPI pipeline_base.cpp:1133 Using configuration file '/usr/share/libcamera/pipeline/rpi/vc4/rpi_apps.yaml'
[1:44:55.069532154] [1967]  INFO IPAProxy ipa_proxy.cpp:184 Using tuning file /usr/share/libcamera/ipa/rpi/vc4/imx219.json
[1:44:55.075455691] [1967]  INFO Camera camera_manager.cpp:223 Adding camera '/base/soc/i2c0mux/i2c@1/imx219@10' for pipeline handler rpi/vc4
[1:44:55.075537821] [1967]  INFO RPI vc4.cpp:445 Registered camera /base/soc/i2c0mux/i2c@1/imx219@10 to Unicam device /dev/media0 and ISP device /dev/media2
[1:44:55.082065969] [1961]  INFO Camera camera.cpp:1216 configuring streams: (0) 3280x2464-BGR888/sRGB (1) 3280x2464-SBGGR10_CSI2P/RAW
[1:44:55.082506302] [1967]  INFO RPI vc4.cpp:620 Sensor: /base/soc/i2c0mux/i2c@1/imx219@10 - Selected sensor format: 3280x2464-SBGGR10_1X10/RAW - Selected unicam format: 3280x2464-pBAA/RAW

========================================
 HYDROPONIC MULTIMODAL DATA COLLECTOR
========================================

Capture event: 2026-08-29 18:45:04

========================================
Reading ESP32 sensors...
========================================
Sensor record received:
{
  "water_temp": 29.81,
  "room_temp": 31.0,
  "humidity": 74.7,
  "ph": 6.16,
  "ph_voltage": 2.7146,
  "ec": 1.631,
  "tds": 815.3,
  "tds_voltage": 2.3176,
  "water_level": "OK"
}

========================================
Capturing camera image...
========================================
Waiting for exposure and white balance...

Image saved:
/hydroponic_project/data_collection/images/lettuce_20260829_184504.jpg

========================================
Cropping P01-P12...
========================================
P01 created
P02 created
P03 created
P04 created
P05 created
P06 created
P07 created
P08 created
P09 created
P10 created
P11 created
P12 created

========================================
Saving multimodal dataset...
========================================

12 multimodal samples saved.

CSV:
/hydroponic_project/data_collection/multimodal_dataset.csv

========================================
 COLLECTION COMPLETED
========================================

Timestamp : 2026-08-29 18:45:04
Plants    : 12
Image     : /hydroponic_project/data_collection/images/lettuce_20260829_184504.jpg
Dataset   : /hydroponic_project/data_collection/multimodal_dataset.csv

[1:59:22.409957544] [2032]  INFO Camera camera_manager.cpp:340 libcamera v0.7.1+rpt20260609
[1:59:22.462414341] [2038]  INFO RPI pipeline_base.cpp:1133 Using configuration file '/usr/share/libcamera/pipeline/rpi/vc4/rpi_apps.yaml'
[1:59:22.500666785] [2038]  INFO IPAProxy ipa_proxy.cpp:184 Using tuning file /usr/share/libcamera/ipa/rpi/vc4/imx219.json
[1:59:22.506645637] [2038]  INFO Camera camera_manager.cpp:223 Adding camera '/base/soc/i2c0mux/i2c@1/imx219@10' for pipeline handler rpi/vc4
[1:59:22.506723211] [2038]  INFO RPI vc4.cpp:445 Registered camera /base/soc/i2c0mux/i2c@1/imx219@10 to Unicam device /dev/media0 and ISP device /dev/media2
[1:59:22.513173748] [2032]  INFO Camera camera.cpp:1216 configuring streams: (0) 3280x2464-BGR888/sRGB (1) 3280x2464-SBGGR10_CSI2P/RAW
[1:59:22.513608581] [2038]  INFO RPI vc4.cpp:620 Sensor: /base/soc/i2c0mux/i2c@1/imx219@10 - Selected sensor format: 3280x2464-SBGGR10_1X10/RAW - Selected unicam format: 3280x2464-pBAA/RAW

========================================
 HYDROPONIC MULTIMODAL DATA COLLECTOR
========================================

Capture event: 2026-08-29 19:00:04

========================================
Reading ESP32 sensors...
========================================
Sensor record received:
{
  "water_temp": 29.81,
  "room_temp": 30.9,
  "humidity": 75.2,
  "ph": 6.09,
  "ph_voltage": 2.7255,
  "ec": 1.63,
  "tds": 814.9,
  "tds_voltage": 2.3169,
  "water_level": "OK"
}

========================================
Capturing camera image...
========================================
Waiting for exposure and white balance...

Image saved:
/hydroponic_project/data_collection/images/lettuce_20260829_190004.jpg

========================================
Cropping P01-P12...
========================================
P01 created
P02 created
P03 created
P04 created
P05 created
P06 created
P07 created
P08 created
P09 created
P10 created
P11 created
P12 created

========================================
Saving multimodal dataset...
========================================

12 multimodal samples saved.

CSV:
/hydroponic_project/data_collection/multimodal_dataset.csv

========================================
 COLLECTION COMPLETED
========================================

Timestamp : 2026-08-29 19:00:04
Plants    : 12
Image     : /hydroponic_project/data_collection/images/lettuce_20260829_190004.jpg
Dataset   : /hydroponic_project/data_collection/multimodal_dataset.csv

[2:14:28.680036226] [2103]  INFO Camera camera_manager.cpp:340 libcamera v0.7.1+rpt20260609
[2:14:28.732609856] [2109]  INFO RPI pipeline_base.cpp:1133 Using configuration file '/usr/share/libcamera/pipeline/rpi/vc4/rpi_apps.yaml'
[2:14:28.781878208] [2109]  INFO IPAProxy ipa_proxy.cpp:184 Using tuning file /usr/share/libcamera/ipa/rpi/vc4/imx219.json
[2:14:28.787840486] [2109]  INFO Camera camera_manager.cpp:223 Adding camera '/base/soc/i2c0mux/i2c@1/imx219@10' for pipeline handler rpi/vc4
[2:14:28.787918615] [2109]  INFO RPI vc4.cpp:445 Registered camera /base/soc/i2c0mux/i2c@1/imx219@10 to Unicam device /dev/media0 and ISP device /dev/media2
[2:14:28.794391171] [2103]  INFO Camera camera.cpp:1216 configuring streams: (0) 3280x2464-BGR888/sRGB (1) 3280x2464-SBGGR10_CSI2P/RAW
[2:14:28.794834967] [2109]  INFO RPI vc4.cpp:620 Sensor: /base/soc/i2c0mux/i2c@1/imx219@10 - Selected sensor format: 3280x2464-SBGGR10_1X10/RAW - Selected unicam format: 3280x2464-pBAA/RAW

========================================
 HYDROPONIC MULTIMODAL DATA COLLECTOR
========================================

Capture event: 2026-08-29 19:15:03

========================================
Reading ESP32 sensors...
========================================
Sensor record received:
{
  "water_temp": 29.81,
  "room_temp": 30.9,
  "humidity": 74.6,
  "ph": 6.09,
  "ph_voltage": 2.7264,
  "ec": 1.627,
  "tds": 813.4,
  "tds_voltage": 2.3144,
  "water_level": "OK"
}

========================================
Capturing camera image...
========================================
Waiting for exposure and white balance...

Image saved:
/hydroponic_project/data_collection/images/lettuce_20260829_191503.jpg

========================================
Cropping P01-P12...
========================================
P01 created
P02 created
P03 created
P04 created
P05 created
P06 created
P07 created
P08 created
P09 created
P10 created
P11 created
P12 created

========================================
Saving multimodal dataset...
========================================

12 multimodal samples saved.

CSV:
/hydroponic_project/data_collection/multimodal_dataset.csv

========================================
 COLLECTION COMPLETED
========================================

Timestamp : 2026-08-29 19:15:03
Plants    : 12
Image     : /hydroponic_project/data_collection/images/lettuce_20260829_191503.jpg
Dataset   : /hydroponic_project/data_collection/multimodal_dataset.csv

[2:31:44.414886998] [2175]  INFO Camera camera_manager.cpp:340 libcamera v0.7.1+rpt20260609
[2:31:44.467250553] [2191]  INFO RPI pipeline_base.cpp:1133 Using configuration file '/usr/share/libcamera/pipeline/rpi/vc4/rpi_apps.yaml'
[2:31:44.517341609] [2191]  INFO IPAProxy ipa_proxy.cpp:184 Using tuning file /usr/share/libcamera/ipa/rpi/vc4/imx219.json
[2:31:44.523313220] [2191]  INFO Camera camera_manager.cpp:223 Adding camera '/base/soc/i2c0mux/i2c@1/imx219@10' for pipeline handler rpi/vc4
[2:31:44.523394035] [2191]  INFO RPI vc4.cpp:445 Registered camera /base/soc/i2c0mux/i2c@1/imx219@10 to Unicam device /dev/media0 and ISP device /dev/media2
[2:31:44.530007461] [2175]  INFO Camera camera.cpp:1216 configuring streams: (0) 3280x2464-BGR888/sRGB (1) 3280x2464-SBGGR10_CSI2P/RAW
[2:31:44.530462239] [2191]  INFO RPI vc4.cpp:620 Sensor: /base/soc/i2c0mux/i2c@1/imx219@10 - Selected sensor format: 3280x2464-SBGGR10_1X10/RAW - Selected unicam format: 3280x2464-pBAA/RAW

========================================
 HYDROPONIC MULTIMODAL DATA COLLECTOR
========================================

Capture event: 2026-08-29 19:30:04

========================================
Reading ESP32 sensors...
========================================
Sensor record received:
{
  "water_temp": 29.75,
  "room_temp": 30.8,
  "humidity": 74.4,
  "ph": 5.86,
  "ph_voltage": 2.7639,
  "ec": 1.629,
  "tds": 814.5,
  "tds_voltage": 2.3136,
  "water_level": "OK"
}

========================================
Capturing camera image...
========================================
Waiting for exposure and white balance...

Image saved:
/hydroponic_project/data_collection/images/lettuce_20260829_193004.jpg

========================================
Cropping P01-P12...
========================================
P01 created
P02 created
P03 created
P04 created
P05 created
P06 created
P07 created
P08 created
P09 created
P10 created
P11 created
P12 created

========================================
Saving multimodal dataset...
========================================

12 multimodal samples saved.

CSV:
/hydroponic_project/data_collection/multimodal_dataset.csv

========================================
 COLLECTION COMPLETED
========================================

Timestamp : 2026-08-29 19:30:04
Plants    : 12
Image     : /hydroponic_project/data_collection/images/lettuce_20260829_193004.jpg
Dataset   : /hydroponic_project/data_collection/multimodal_dataset.csv

[2:44:15.324395476] [2249]  INFO Camera camera_manager.cpp:340 libcamera v0.7.1+rpt20260609
[2:44:15.369290884] [2252]  INFO RPI pipeline_base.cpp:1133 Using configuration file '/usr/share/libcamera/pipeline/rpi/vc4/rpi_apps.yaml'
[2:44:15.426939791] [2252]  INFO IPAProxy ipa_proxy.cpp:184 Using tuning file /usr/share/libcamera/ipa/rpi/vc4/imx219.json
[2:44:15.432968143] [2252]  INFO Camera camera_manager.cpp:223 Adding camera '/base/soc/i2c0mux/i2c@1/imx219@10' for pipeline handler rpi/vc4
[2:44:15.433048735] [2252]  INFO RPI vc4.cpp:445 Registered camera /base/soc/i2c0mux/i2c@1/imx219@10 to Unicam device /dev/media0 and ISP device /dev/media2
[2:44:15.439599921] [2249]  INFO Camera camera.cpp:1216 configuring streams: (0) 3280x2464-BGR888/sRGB (1) 3280x2464-SBGGR10_CSI2P/RAW
[2:44:15.440058032] [2252]  INFO RPI vc4.cpp:620 Sensor: /base/soc/i2c0mux/i2c@1/imx219@10 - Selected sensor format: 3280x2464-SBGGR10_1X10/RAW - Selected unicam format: 3280x2464-pBAA/RAW

========================================
 HYDROPONIC MULTIMODAL DATA COLLECTOR
========================================

Capture event: 2026-08-29 19:45:03

========================================
Reading ESP32 sensors...
========================================
Sensor record received:
{
  "water_temp": 29.75,
  "room_temp": 30.7,
  "humidity": 74.0,
  "ph": 6.08,
  "ph_voltage": 2.727,
  "ec": 1.626,
  "tds": 813.2,
  "tds_voltage": 2.3115,
  "water_level": "OK"
}

========================================
Capturing camera image...
========================================
Waiting for exposure and white balance...

Image saved:
/hydroponic_project/data_collection/images/lettuce_20260829_194503.jpg

========================================
Cropping P01-P12...
========================================
P01 created
P02 created
P03 created
P04 created
P05 created
P06 created
P07 created
P08 created
P09 created
P10 created
P11 created
P12 created

========================================
Saving multimodal dataset...
========================================

12 multimodal samples saved.

CSV:
/hydroponic_project/data_collection/multimodal_dataset.csv

========================================
 COLLECTION COMPLETED
========================================

Timestamp : 2026-08-29 19:45:03
Plants    : 12
Image     : /hydroponic_project/data_collection/images/lettuce_20260829_194503.jpg
Dataset   : /hydroponic_project/data_collection/multimodal_dataset.csv

[0:03:55.995201503] [1516]  INFO Camera camera_manager.cpp:340 libcamera v0.7.1+rpt20260609
[0:03:56.048969951] [1519]  INFO RPI pipeline_base.cpp:1133 Using configuration file '/usr/share/libcamera/pipeline/rpi/vc4/rpi_apps.yaml'
[0:03:56.089367116] [1519]  INFO IPAProxy ipa_proxy.cpp:184 Using tuning file /usr/share/libcamera/ipa/rpi/vc4/imx219.json
[0:03:56.097997193] [1519]  INFO Camera camera_manager.cpp:223 Adding camera '/base/soc/i2c0mux/i2c@1/imx219@10' for pipeline handler rpi/vc4
[0:03:56.098114082] [1519]  INFO RPI vc4.cpp:445 Registered camera /base/soc/i2c0mux/i2c@1/imx219@10 to Unicam device /dev/media0 and ISP device /dev/media2
[0:03:56.107287808] [1516]  INFO Camera camera.cpp:1216 configuring streams: (0) 3280x2464-BGR888/sRGB (1) 3280x2464-SBGGR10_CSI2P/RAW
[0:03:56.107886346] [1519]  INFO RPI vc4.cpp:620 Sensor: /base/soc/i2c0mux/i2c@1/imx219@10 - Selected sensor format: 3280x2464-SBGGR10_1X10/RAW - Selected unicam format: 3280x2464-pBAA/RAW

========================================
 HYDROPONIC MULTIMODAL DATA COLLECTOR
========================================

Capture event: 2026-08-30 06:30:07

========================================
Reading ESP32 sensors...
========================================
Sensor record received:
{
  "water_temp": 28.87,
  "room_temp": 27.6,
  "humidity": 85.8,
  "ph": 6.32,
  "ph_voltage": 2.6896,
  "ec": 1.623,
  "tds": 811.3,
  "tds_voltage": 2.2714,
  "water_level": "OK"
}

========================================
Capturing camera image...
========================================
Waiting for exposure and white balance...

Image saved:
/hydroponic_project/data_collection/images/lettuce_20260830_063007.jpg

========================================
Cropping P01-P12...
========================================
P01 created
P02 created
P03 created
P04 created
P05 created
P06 created
P07 created
P08 created
P09 created
P10 created
P11 created
P12 created

========================================
Saving multimodal dataset...
========================================

12 multimodal samples saved.

CSV:
/hydroponic_project/data_collection/multimodal_dataset.csv

========================================
 COLLECTION COMPLETED
========================================

Timestamp : 2026-08-30 06:30:07
Plants    : 12
Image     : /hydroponic_project/data_collection/images/lettuce_20260830_063007.jpg
Dataset   : /hydroponic_project/data_collection/multimodal_dataset.csv

[0:19:28.138746174] [1555]  INFO Camera camera_manager.cpp:340 libcamera v0.7.1+rpt20260609
[0:19:28.157006535] [1558]  INFO RPI pipeline_base.cpp:1133 Using configuration file '/usr/share/libcamera/pipeline/rpi/vc4/rpi_apps.yaml'
[0:19:28.183710540] [1558]  INFO IPAProxy ipa_proxy.cpp:184 Using tuning file /usr/share/libcamera/ipa/rpi/vc4/imx219.json
[0:19:28.189763766] [1558]  INFO Camera camera_manager.cpp:223 Adding camera '/base/soc/i2c0mux/i2c@1/imx219@10' for pipeline handler rpi/vc4
[0:19:28.189855821] [1558]  INFO RPI vc4.cpp:445 Registered camera /base/soc/i2c0mux/i2c@1/imx219@10 to Unicam device /dev/media0 and ISP device /dev/media2
[0:19:28.196415434] [1555]  INFO Camera camera.cpp:1216 configuring streams: (0) 3280x2464-BGR888/sRGB (1) 3280x2464-SBGGR10_CSI2P/RAW
[0:19:28.196866748] [1558]  INFO RPI vc4.cpp:620 Sensor: /base/soc/i2c0mux/i2c@1/imx219@10 - Selected sensor format: 3280x2464-SBGGR10_1X10/RAW - Selected unicam format: 3280x2464-pBAA/RAW

========================================
 HYDROPONIC MULTIMODAL DATA COLLECTOR
========================================

Capture event: 2026-08-30 06:45:04

========================================
Reading ESP32 sensors...
========================================
Sensor record received:
{
  "water_temp": 28.87,
  "room_temp": 29.1,
  "humidity": 80.0,
  "ph": 6.21,
  "ph_voltage": 2.7064,
  "ec": 1.552,
  "tds": 776.2,
  "tds_voltage": 2.2128,
  "water_level": "OK"
}

========================================
Capturing camera image...
========================================
Waiting for exposure and white balance...

Image saved:
/hydroponic_project/data_collection/images/lettuce_20260830_064504.jpg

========================================
Cropping P01-P12...
========================================
P01 created
P02 created
P03 created
P04 created
P05 created
P06 created
P07 created
P08 created
P09 created
P10 created
P11 created
P12 created

========================================
Saving multimodal dataset...
========================================

12 multimodal samples saved.

CSV:
/hydroponic_project/data_collection/multimodal_dataset.csv

========================================
 COLLECTION COMPLETED
========================================

Timestamp : 2026-08-30 06:45:04
Plants    : 12
Image     : /hydroponic_project/data_collection/images/lettuce_20260830_064504.jpg
Dataset   : /hydroponic_project/data_collection/multimodal_dataset.csv

[0:33:42.591455571] [1585]  INFO Camera camera_manager.cpp:340 libcamera v0.7.1+rpt20260609
[0:33:42.643397364] [1589]  INFO RPI pipeline_base.cpp:1133 Using configuration file '/usr/share/libcamera/pipeline/rpi/vc4/rpi_apps.yaml'
[0:33:42.686583050] [1589]  INFO IPAProxy ipa_proxy.cpp:184 Using tuning file /usr/share/libcamera/ipa/rpi/vc4/imx219.json
[0:33:42.692661794] [1589]  INFO Camera camera_manager.cpp:223 Adding camera '/base/soc/i2c0mux/i2c@1/imx219@10' for pipeline handler rpi/vc4
[0:33:42.692755904] [1589]  INFO RPI vc4.cpp:445 Registered camera /base/soc/i2c0mux/i2c@1/imx219@10 to Unicam device /dev/media0 and ISP device /dev/media2
[0:33:42.699207073] [1585]  INFO Camera camera.cpp:1216 configuring streams: (0) 3280x2464-BGR888/sRGB (1) 3280x2464-SBGGR10_CSI2P/RAW
[0:33:42.699663628] [1589]  INFO RPI vc4.cpp:620 Sensor: /base/soc/i2c0mux/i2c@1/imx219@10 - Selected sensor format: 3280x2464-SBGGR10_1X10/RAW - Selected unicam format: 3280x2464-pBAA/RAW

========================================
 HYDROPONIC MULTIMODAL DATA COLLECTOR
========================================

Capture event: 2026-08-30 07:00:04

========================================
Reading ESP32 sensors...
========================================
Sensor record received:
{
  "water_temp": 28.87,
  "room_temp": 29.6,
  "humidity": 77.1,
  "ph": 6.21,
  "ph_voltage": 2.7064,
  "ec": 1.546,
  "tds": 772.9,
  "tds_voltage": 2.207,
  "water_level": "OK"
}

========================================
Capturing camera image...
========================================
Waiting for exposure and white balance...

Image saved:
/hydroponic_project/data_collection/images/lettuce_20260830_070004.jpg

========================================
Cropping P01-P12...
========================================
P01 created
P02 created
P03 created
P04 created
P05 created
P06 created
P07 created
P08 created
P09 created
P10 created
P11 created
P12 created

========================================
Saving multimodal dataset...
========================================

12 multimodal samples saved.

CSV:
/hydroponic_project/data_collection/multimodal_dataset.csv

========================================
 COLLECTION COMPLETED
========================================

Timestamp : 2026-08-30 07:00:04
Plants    : 12
Image     : /hydroponic_project/data_collection/images/lettuce_20260830_070004.jpg
Dataset   : /hydroponic_project/data_collection/multimodal_dataset.csv

[0:48:22.937903310] [1671]  INFO Camera camera_manager.cpp:340 libcamera v0.7.1+rpt20260609
[0:48:22.986163151] [1675]  INFO RPI pipeline_base.cpp:1133 Using configuration file '/usr/share/libcamera/pipeline/rpi/vc4/rpi_apps.yaml'
[0:48:23.030564469] [1675]  INFO IPAProxy ipa_proxy.cpp:184 Using tuning file /usr/share/libcamera/ipa/rpi/vc4/imx219.json
[0:48:23.040695997] [1675]  INFO Camera camera_manager.cpp:223 Adding camera '/base/soc/i2c0mux/i2c@1/imx219@10' for pipeline handler rpi/vc4
[0:48:23.040802399] [1675]  INFO RPI vc4.cpp:445 Registered camera /base/soc/i2c0mux/i2c@1/imx219@10 to Unicam device /dev/media0 and ISP device /dev/media2
[0:48:23.051559768] [1671]  INFO Camera camera.cpp:1216 configuring streams: (0) 3280x2464-BGR888/sRGB (1) 3280x2464-SBGGR10_CSI2P/RAW
[0:48:23.052196294] [1675]  INFO RPI vc4.cpp:620 Sensor: /base/soc/i2c0mux/i2c@1/imx219@10 - Selected sensor format: 3280x2464-SBGGR10_1X10/RAW - Selected unicam format: 3280x2464-pBAA/RAW

========================================
 HYDROPONIC MULTIMODAL DATA COLLECTOR
========================================

Capture event: 2026-08-30 07:15:03

========================================
Reading ESP32 sensors...
========================================
Sensor record received:
{
  "water_temp": 28.94,
  "room_temp": 30.0,
  "humidity": 77.0,
  "ph": 6.35,
  "ph_voltage": 2.6833,
  "ec": 1.576,
  "tds": 788.2,
  "tds_voltage": 2.2356,
  "water_level": "OK"
}

========================================
Capturing camera image...
========================================
Waiting for exposure and white balance...

Image saved:
/hydroponic_project/data_collection/images/lettuce_20260830_071503.jpg

========================================
Cropping P01-P12...
========================================
P01 created
P02 created
P03 created
P04 created
P05 created
P06 created
P07 created
P08 created
P09 created
P10 created
P11 created
P12 created

========================================
Saving multimodal dataset...
========================================

12 multimodal samples saved.

CSV:
/hydroponic_project/data_collection/multimodal_dataset.csv

========================================
 COLLECTION COMPLETED
========================================

Timestamp : 2026-08-30 07:15:03
Plants    : 12
Image     : /hydroponic_project/data_collection/images/lettuce_20260830_071503.jpg
Dataset   : /hydroponic_project/data_collection/multimodal_dataset.csv

[1:03:29.173747085] [1737]  INFO Camera camera_manager.cpp:340 libcamera v0.7.1+rpt20260609
[1:03:29.223414724] [1740]  INFO RPI pipeline_base.cpp:1133 Using configuration file '/usr/share/libcamera/pipeline/rpi/vc4/rpi_apps.yaml'
[1:03:29.264526496] [1740]  INFO IPAProxy ipa_proxy.cpp:184 Using tuning file /usr/share/libcamera/ipa/rpi/vc4/imx219.json
[1:03:29.273834685] [1740]  INFO Camera camera_manager.cpp:223 Adding camera '/base/soc/i2c0mux/i2c@1/imx219@10' for pipeline handler rpi/vc4
[1:03:29.273953276] [1740]  INFO RPI vc4.cpp:445 Registered camera /base/soc/i2c0mux/i2c@1/imx219@10 to Unicam device /dev/media0 and ISP device /dev/media2
[1:03:29.283956640] [1737]  INFO Camera camera.cpp:1216 configuring streams: (0) 3280x2464-BGR888/sRGB (1) 3280x2464-SBGGR10_CSI2P/RAW
[1:03:29.284649851] [1740]  INFO RPI vc4.cpp:620 Sensor: /base/soc/i2c0mux/i2c@1/imx219@10 - Selected sensor format: 3280x2464-SBGGR10_1X10/RAW - Selected unicam format: 3280x2464-pBAA/RAW

========================================
 HYDROPONIC MULTIMODAL DATA COLLECTOR
========================================

Capture event: 2026-08-30 07:30:04

========================================
Reading ESP32 sensors...
========================================
Sensor record received:
{
  "water_temp": 29.0,
  "room_temp": 30.4,
  "humidity": 77.3,
  "ph": 6.26,
  "ph_voltage": 2.6986,
  "ec": 1.623,
  "tds": 811.7,
  "tds_voltage": 2.2773,
  "water_level": "OK"
}

========================================
Capturing camera image...
========================================
Waiting for exposure and white balance...

Image saved:
/hydroponic_project/data_collection/images/lettuce_20260830_073004.jpg

========================================
Cropping P01-P12...
========================================
P01 created
P02 created
P03 created
P04 created
P05 created
P06 created
P07 created
P08 created
P09 created
P10 created
P11 created
P12 created

========================================
Saving multimodal dataset...
========================================

12 multimodal samples saved.

CSV:
/hydroponic_project/data_collection/multimodal_dataset.csv

========================================
 COLLECTION COMPLETED
========================================

Timestamp : 2026-08-30 07:30:04
Plants    : 12
Image     : /hydroponic_project/data_collection/images/lettuce_20260830_073004.jpg
Dataset   : /hydroponic_project/data_collection/multimodal_dataset.csv

[1:18:22.484858410] [1762]  INFO Camera camera_manager.cpp:340 libcamera v0.7.1+rpt20260609
[1:18:22.530311924] [1765]  INFO RPI pipeline_base.cpp:1133 Using configuration file '/usr/share/libcamera/pipeline/rpi/vc4/rpi_apps.yaml'
[1:18:22.584562579] [1765]  INFO IPAProxy ipa_proxy.cpp:184 Using tuning file /usr/share/libcamera/ipa/rpi/vc4/imx219.json
[1:18:22.597145913] [1765]  INFO Camera camera_manager.cpp:223 Adding camera '/base/soc/i2c0mux/i2c@1/imx219@10' for pipeline handler rpi/vc4
[1:18:22.597284632] [1765]  INFO RPI vc4.cpp:445 Registered camera /base/soc/i2c0mux/i2c@1/imx219@10 to Unicam device /dev/media0 and ISP device /dev/media2
[1:18:22.609310661] [1762]  INFO Camera camera.cpp:1216 configuring streams: (0) 3280x2464-BGR888/sRGB (1) 3280x2464-SBGGR10_CSI2P/RAW
[1:18:22.609769579] [1765]  INFO RPI vc4.cpp:620 Sensor: /base/soc/i2c0mux/i2c@1/imx219@10 - Selected sensor format: 3280x2464-SBGGR10_1X10/RAW - Selected unicam format: 3280x2464-pBAA/RAW

========================================
 HYDROPONIC MULTIMODAL DATA COLLECTOR
========================================

Capture event: 2026-08-30 07:45:04

========================================
Reading ESP32 sensors...
========================================
Sensor record received:
{
  "water_temp": 28.94,
  "room_temp": 30.6,
  "humidity": 75.5,
  "ph": 6.3,
  "ph_voltage": 2.6929,
  "ec": 1.622,
  "tds": 811.1,
  "tds_voltage": 2.2736,
  "water_level": "OK"
}

========================================
Capturing camera image...
========================================
Waiting for exposure and white balance...

Image saved:
/hydroponic_project/data_collection/images/lettuce_20260830_074504.jpg

========================================
Cropping P01-P12...
========================================
P01 created
P02 created
P03 created
P04 created
P05 created
P06 created
P07 created
P08 created
P09 created
P10 created
P11 created
P12 created

========================================
Saving multimodal dataset...
========================================

12 multimodal samples saved.

CSV:
/hydroponic_project/data_collection/multimodal_dataset.csv

========================================
 COLLECTION COMPLETED
========================================

Timestamp : 2026-08-30 07:45:04
Plants    : 12
Image     : /hydroponic_project/data_collection/images/lettuce_20260830_074504.jpg
Dataset   : /hydroponic_project/data_collection/multimodal_dataset.csv

[1:33:15.778696329] [1790]  INFO Camera camera_manager.cpp:340 libcamera v0.7.1+rpt20260609
[1:33:15.796764948] [1793]  INFO RPI pipeline_base.cpp:1133 Using configuration file '/usr/share/libcamera/pipeline/rpi/vc4/rpi_apps.yaml'
[1:33:15.823835350] [1793]  INFO IPAProxy ipa_proxy.cpp:184 Using tuning file /usr/share/libcamera/ipa/rpi/vc4/imx219.json
[1:33:15.829882037] [1793]  INFO Camera camera_manager.cpp:223 Adding camera '/base/soc/i2c0mux/i2c@1/imx219@10' for pipeline handler rpi/vc4
[1:33:15.829978054] [1793]  INFO RPI vc4.cpp:445 Registered camera /base/soc/i2c0mux/i2c@1/imx219@10 to Unicam device /dev/media0 and ISP device /dev/media2
[1:33:15.836524177] [1790]  INFO Camera camera.cpp:1216 configuring streams: (0) 3280x2464-BGR888/sRGB (1) 3280x2464-SBGGR10_CSI2P/RAW
[1:33:15.836985558] [1793]  INFO RPI vc4.cpp:620 Sensor: /base/soc/i2c0mux/i2c@1/imx219@10 - Selected sensor format: 3280x2464-SBGGR10_1X10/RAW - Selected unicam format: 3280x2464-pBAA/RAW

========================================
 HYDROPONIC MULTIMODAL DATA COLLECTOR
========================================

Capture event: 2026-08-30 08:00:03

========================================
Reading ESP32 sensors...
========================================
Sensor record received:
{
  "water_temp": 28.94,
  "room_temp": 30.4,
  "humidity": 76.5,
  "ph": 6.22,
  "ph_voltage": 2.7045,
  "ec": 1.618,
  "tds": 809.1,
  "tds_voltage": 2.2704,
  "water_level": "OK"
}

========================================
Capturing camera image...
========================================
Waiting for exposure and white balance...

Image saved:
/hydroponic_project/data_collection/images/lettuce_20260830_080003.jpg

========================================
Cropping P01-P12...
========================================
P01 created
P02 created
P03 created
P04 created
P05 created
P06 created
P07 created
P08 created
P09 created
P10 created
P11 created
P12 created

========================================
Saving multimodal dataset...
========================================

12 multimodal samples saved.

CSV:
/hydroponic_project/data_collection/multimodal_dataset.csv

========================================
 COLLECTION COMPLETED
========================================

Timestamp : 2026-08-30 08:00:03
Plants    : 12
Image     : /hydroponic_project/data_collection/images/lettuce_20260830_080003.jpg
Dataset   : /hydroponic_project/data_collection/multimodal_dataset.csv

[1:48:47.937936706] [1815]  INFO Camera camera_manager.cpp:340 libcamera v0.7.1+rpt20260609
[1:48:47.956375101] [1819]  INFO RPI pipeline_base.cpp:1133 Using configuration file '/usr/share/libcamera/pipeline/rpi/vc4/rpi_apps.yaml'
[1:48:47.983171767] [1819]  INFO IPAProxy ipa_proxy.cpp:184 Using tuning file /usr/share/libcamera/ipa/rpi/vc4/imx219.json
[1:48:47.989136420] [1819]  INFO Camera camera_manager.cpp:223 Adding camera '/base/soc/i2c0mux/i2c@1/imx219@10' for pipeline handler rpi/vc4
[1:48:47.989232345] [1819]  INFO RPI vc4.cpp:445 Registered camera /base/soc/i2c0mux/i2c@1/imx219@10 to Unicam device /dev/media0 and ISP device /dev/media2
[1:48:47.995837878] [1815]  INFO Camera camera.cpp:1216 configuring streams: (0) 3280x2464-BGR888/sRGB (1) 3280x2464-SBGGR10_CSI2P/RAW
[1:48:47.996332965] [1819]  INFO RPI vc4.cpp:620 Sensor: /base/soc/i2c0mux/i2c@1/imx219@10 - Selected sensor format: 3280x2464-SBGGR10_1X10/RAW - Selected unicam format: 3280x2464-pBAA/RAW

========================================
 HYDROPONIC MULTIMODAL DATA COLLECTOR
========================================

Capture event: 2026-08-30 08:15:03

========================================
Reading ESP32 sensors...
========================================
Sensor record received:
{
  "water_temp": 29.0,
  "room_temp": 30.5,
  "humidity": 75.2,
  "ph": 6.3,
  "ph_voltage": 2.6921,
  "ec": 1.612,
  "tds": 805.8,
  "tds_voltage": 2.2676,
  "water_level": "OK"
}

========================================
Capturing camera image...
========================================
Waiting for exposure and white balance...

Image saved:
/hydroponic_project/data_collection/images/lettuce_20260830_081503.jpg

========================================
Cropping P01-P12...
========================================
P01 created
P02 created
P03 created
P04 created
P05 created
P06 created
P07 created
P08 created
P09 created
P10 created
P11 created
P12 created

========================================
Saving multimodal dataset...
========================================

12 multimodal samples saved.

CSV:
/hydroponic_project/data_collection/multimodal_dataset.csv

========================================
 COLLECTION COMPLETED
========================================

Timestamp : 2026-08-30 08:15:03
Plants    : 12
Image     : /hydroponic_project/data_collection/images/lettuce_20260830_081503.jpg
Dataset   : /hydroponic_project/data_collection/multimodal_dataset.csv

[2:04:07.127960967] [1843]  INFO Camera camera_manager.cpp:340 libcamera v0.7.1+rpt20260609
[2:04:07.180433846] [1846]  INFO RPI pipeline_base.cpp:1133 Using configuration file '/usr/share/libcamera/pipeline/rpi/vc4/rpi_apps.yaml'
[2:04:07.222721982] [1846]  INFO IPAProxy ipa_proxy.cpp:184 Using tuning file /usr/share/libcamera/ipa/rpi/vc4/imx219.json
[2:04:07.228790692] [1846]  INFO Camera camera_manager.cpp:223 Adding camera '/base/soc/i2c0mux/i2c@1/imx219@10' for pipeline handler rpi/vc4
[2:04:07.228886487] [1846]  INFO RPI vc4.cpp:445 Registered camera /base/soc/i2c0mux/i2c@1/imx219@10 to Unicam device /dev/media0 and ISP device /dev/media2
[2:04:07.235469689] [1843]  INFO Camera camera.cpp:1216 configuring streams: (0) 3280x2464-BGR888/sRGB (1) 3280x2464-SBGGR10_CSI2P/RAW
[2:04:07.235939867] [1846]  INFO RPI vc4.cpp:620 Sensor: /base/soc/i2c0mux/i2c@1/imx219@10 - Selected sensor format: 3280x2464-SBGGR10_1X10/RAW - Selected unicam format: 3280x2464-pBAA/RAW

========================================
 HYDROPONIC MULTIMODAL DATA COLLECTOR
========================================

Capture event: 2026-08-30 08:30:04

========================================
Reading ESP32 sensors...
========================================
Sensor record received:
{
  "water_temp": 28.94,
  "room_temp": 30.7,
  "humidity": 74.6,
  "ph": 6.24,
  "ph_voltage": 2.701,
  "ec": 1.611,
  "tds": 805.7,
  "tds_voltage": 2.2648,
  "water_level": "OK"
}

========================================
Capturing camera image...
========================================
Waiting for exposure and white balance...

Image saved:
/hydroponic_project/data_collection/images/lettuce_20260830_083004.jpg

========================================
Cropping P01-P12...
========================================
P01 created
P02 created
P03 created
P04 created
P05 created
P06 created
P07 created
P08 created
P09 created
P10 created
P11 created
P12 created

========================================
Saving multimodal dataset...
========================================

12 multimodal samples saved.

CSV:
/hydroponic_project/data_collection/multimodal_dataset.csv

========================================
 COLLECTION COMPLETED
========================================

Timestamp : 2026-08-30 08:30:04
Plants    : 12
Image     : /hydroponic_project/data_collection/images/lettuce_20260830_083004.jpg
Dataset   : /hydroponic_project/data_collection/multimodal_dataset.csv

[2:19:00.428527078] [1866]  INFO Camera camera_manager.cpp:340 libcamera v0.7.1+rpt20260609
[2:19:00.446706345] [1869]  INFO RPI pipeline_base.cpp:1133 Using configuration file '/usr/share/libcamera/pipeline/rpi/vc4/rpi_apps.yaml'
[2:19:00.473150507] [1869]  INFO IPAProxy ipa_proxy.cpp:184 Using tuning file /usr/share/libcamera/ipa/rpi/vc4/imx219.json
[2:19:00.479103659] [1869]  INFO Camera camera_manager.cpp:223 Adding camera '/base/soc/i2c0mux/i2c@1/imx219@10' for pipeline handler rpi/vc4
[2:19:00.479198898] [1869]  INFO RPI vc4.cpp:445 Registered camera /base/soc/i2c0mux/i2c@1/imx219@10 to Unicam device /dev/media0 and ISP device /dev/media2
[2:19:00.485747634] [1866]  INFO Camera camera.cpp:1216 configuring streams: (0) 3280x2464-BGR888/sRGB (1) 3280x2464-SBGGR10_CSI2P/RAW
[2:19:00.486260756] [1869]  INFO RPI vc4.cpp:620 Sensor: /base/soc/i2c0mux/i2c@1/imx219@10 - Selected sensor format: 3280x2464-SBGGR10_1X10/RAW - Selected unicam format: 3280x2464-pBAA/RAW

========================================
 HYDROPONIC MULTIMODAL DATA COLLECTOR
========================================

Capture event: 2026-08-30 08:45:04

========================================
Reading ESP32 sensors...
========================================
Sensor record received:
{
  "water_temp": 29.0,
  "room_temp": 31.0,
  "humidity": 74.0,
  "ph": 6.25,
  "ph_voltage": 2.6996,
  "ec": 1.606,
  "tds": 803.2,
  "tds_voltage": 2.2633,
  "water_level": "OK"
}

========================================
Capturing camera image...
========================================
Waiting for exposure and white balance...

Image saved:
/hydroponic_project/data_collection/images/lettuce_20260830_084504.jpg

========================================
Cropping P01-P12...
========================================
P01 created
P02 created
P03 created
P04 created
P05 created
P06 created
P07 created
P08 created
P09 created
P10 created
P11 created
P12 created

========================================
Saving multimodal dataset...
========================================

12 multimodal samples saved.

CSV:
/hydroponic_project/data_collection/multimodal_dataset.csv

========================================
 COLLECTION COMPLETED
========================================

Timestamp : 2026-08-30 08:45:04
Plants    : 12
Image     : /hydroponic_project/data_collection/images/lettuce_20260830_084504.jpg
Dataset   : /hydroponic_project/data_collection/multimodal_dataset.csv

[2:34:06.691462854] [1944]  INFO Camera camera_manager.cpp:340 libcamera v0.7.1+rpt20260609
[2:34:06.743762782] [1947]  INFO RPI pipeline_base.cpp:1133 Using configuration file '/usr/share/libcamera/pipeline/rpi/vc4/rpi_apps.yaml'
[2:34:06.793708485] [1947]  INFO IPAProxy ipa_proxy.cpp:184 Using tuning file /usr/share/libcamera/ipa/rpi/vc4/imx219.json
[2:34:06.799991689] [1947]  INFO Camera camera_manager.cpp:223 Adding camera '/base/soc/i2c0mux/i2c@1/imx219@10' for pipeline handler rpi/vc4
[2:34:06.800123983] [1947]  INFO RPI vc4.cpp:445 Registered camera /base/soc/i2c0mux/i2c@1/imx219@10 to Unicam device /dev/media0 and ISP device /dev/media2
[2:34:06.806595517] [1944]  INFO Camera camera.cpp:1216 configuring streams: (0) 3280x2464-BGR888/sRGB (1) 3280x2464-SBGGR10_CSI2P/RAW
[2:34:06.807053787] [1947]  INFO RPI vc4.cpp:620 Sensor: /base/soc/i2c0mux/i2c@1/imx219@10 - Selected sensor format: 3280x2464-SBGGR10_1X10/RAW - Selected unicam format: 3280x2464-pBAA/RAW

========================================
 HYDROPONIC MULTIMODAL DATA COLLECTOR
========================================

Capture event: 2026-08-30 09:00:03

========================================
Reading ESP32 sensors...
========================================
Sensor record received:
{
  "water_temp": 29.06,
  "room_temp": 31.2,
  "humidity": 73.0,
  "ph": 6.34,
  "ph_voltage": 2.6853,
  "ec": 1.601,
  "tds": 800.6,
  "tds_voltage": 2.2616,
  "water_level": "OK"
}

========================================
Capturing camera image...
========================================
Waiting for exposure and white balance...

Image saved:
/hydroponic_project/data_collection/images/lettuce_20260830_090003.jpg

========================================
Cropping P01-P12...
========================================
P01 created
P02 created
P03 created
P04 created
P05 created
P06 created
P07 created
P08 created
P09 created
P10 created
P11 created
P12 created

========================================
Saving multimodal dataset...
========================================

12 multimodal samples saved.

CSV:
/hydroponic_project/data_collection/multimodal_dataset.csv

========================================
 COLLECTION COMPLETED
========================================

Timestamp : 2026-08-30 09:00:03
Plants    : 12
Image     : /hydroponic_project/data_collection/images/lettuce_20260830_090003.jpg
Dataset   : /hydroponic_project/data_collection/multimodal_dataset.csv

[2:49:12.922679692] [1965]  INFO Camera camera_manager.cpp:340 libcamera v0.7.1+rpt20260609
[2:49:12.975346460] [1968]  INFO RPI pipeline_base.cpp:1133 Using configuration file '/usr/share/libcamera/pipeline/rpi/vc4/rpi_apps.yaml'
[2:49:13.022730449] [1968]  INFO IPAProxy ipa_proxy.cpp:184 Using tuning file /usr/share/libcamera/ipa/rpi/vc4/imx219.json
[2:49:13.028716885] [1968]  INFO Camera camera_manager.cpp:223 Adding camera '/base/soc/i2c0mux/i2c@1/imx219@10' for pipeline handler rpi/vc4
[2:49:13.028811902] [1968]  INFO RPI vc4.cpp:445 Registered camera /base/soc/i2c0mux/i2c@1/imx219@10 to Unicam device /dev/media0 and ISP device /dev/media2
[2:49:13.035389496] [1965]  INFO Camera camera.cpp:1216 configuring streams: (0) 3280x2464-BGR888/sRGB (1) 3280x2464-SBGGR10_CSI2P/RAW
[2:49:13.035846285] [1968]  INFO RPI vc4.cpp:620 Sensor: /base/soc/i2c0mux/i2c@1/imx219@10 - Selected sensor format: 3280x2464-SBGGR10_1X10/RAW - Selected unicam format: 3280x2464-pBAA/RAW

========================================
 HYDROPONIC MULTIMODAL DATA COLLECTOR
========================================

Capture event: 2026-08-30 09:15:03

========================================
Reading ESP32 sensors...
========================================
Sensor record received:
{
  "water_temp": 29.12,
  "room_temp": 31.4,
  "humidity": 71.1,
  "ph": 6.26,
  "ph_voltage": 2.698,
  "ec": 1.597,
  "tds": 798.4,
  "tds_voltage": 2.2606,
  "water_level": "OK"
}

========================================
Capturing camera image...
========================================
Waiting for exposure and white balance...

Image saved:
/hydroponic_project/data_collection/images/lettuce_20260830_091503.jpg

========================================
Cropping P01-P12...
========================================
P01 created
P02 created
P03 created
P04 created
P05 created
P06 created
P07 created
P08 created
P09 created
P10 created
P11 created
P12 created

========================================
Saving multimodal dataset...
========================================

12 multimodal samples saved.

CSV:
/hydroponic_project/data_collection/multimodal_dataset.csv

========================================
 COLLECTION COMPLETED
========================================

Timestamp : 2026-08-30 09:15:03
Plants    : 12
Image     : /hydroponic_project/data_collection/images/lettuce_20260830_091503.jpg
Dataset   : /hydroponic_project/data_collection/multimodal_dataset.csv

[3:03:27.365003875] [1999]  INFO Camera camera_manager.cpp:340 libcamera v0.7.1+rpt20260609
[3:03:27.417217248] [2003]  INFO RPI pipeline_base.cpp:1133 Using configuration file '/usr/share/libcamera/pipeline/rpi/vc4/rpi_apps.yaml'
[3:03:27.466067911] [2003]  INFO IPAProxy ipa_proxy.cpp:184 Using tuning file /usr/share/libcamera/ipa/rpi/vc4/imx219.json
[3:03:27.472126453] [2003]  INFO Camera camera_manager.cpp:223 Adding camera '/base/soc/i2c0mux/i2c@1/imx219@10' for pipeline handler rpi/vc4
[3:03:27.472218729] [2003]  INFO RPI vc4.cpp:445 Registered camera /base/soc/i2c0mux/i2c@1/imx219@10 to Unicam device /dev/media0 and ISP device /dev/media2
[3:03:27.478758949] [1999]  INFO Camera camera.cpp:1216 configuring streams: (0) 3280x2464-BGR888/sRGB (1) 3280x2464-SBGGR10_CSI2P/RAW
[3:03:27.479235035] [2003]  INFO RPI vc4.cpp:620 Sensor: /base/soc/i2c0mux/i2c@1/imx219@10 - Selected sensor format: 3280x2464-SBGGR10_1X10/RAW - Selected unicam format: 3280x2464-pBAA/RAW

========================================
 HYDROPONIC MULTIMODAL DATA COLLECTOR
========================================

Capture event: 2026-08-30 09:30:03

========================================
Reading ESP32 sensors...
========================================
Sensor record received:
{
  "water_temp": 29.25,
  "room_temp": 31.4,
  "humidity": 71.0,
  "ph": 6.25,
  "ph_voltage": 2.7003,
  "ec": 1.589,
  "tds": 794.7,
  "tds_voltage": 2.2595,
  "water_level": "OK"
}

========================================
Capturing camera image...
========================================
Waiting for exposure and white balance...

Image saved:
/hydroponic_project/data_collection/images/lettuce_20260830_093003.jpg

========================================
Cropping P01-P12...
========================================
P01 created
P02 created
P03 created
P04 created
P05 created
P06 created
P07 created
P08 created
P09 created
P10 created
P11 created
P12 created

========================================
Saving multimodal dataset...
========================================

12 multimodal samples saved.

CSV:
/hydroponic_project/data_collection/multimodal_dataset.csv

========================================
 COLLECTION COMPLETED
========================================

Timestamp : 2026-08-30 09:30:03
Plants    : 12
Image     : /hydroponic_project/data_collection/images/lettuce_20260830_093003.jpg
Dataset   : /hydroponic_project/data_collection/multimodal_dataset.csv

[3:18:20.668351357] [2025]  INFO Camera camera_manager.cpp:340 libcamera v0.7.1+rpt20260609
[3:18:20.720376265] [2028]  INFO RPI pipeline_base.cpp:1133 Using configuration file '/usr/share/libcamera/pipeline/rpi/vc4/rpi_apps.yaml'
[3:18:20.769577397] [2028]  INFO IPAProxy ipa_proxy.cpp:184 Using tuning file /usr/share/libcamera/ipa/rpi/vc4/imx219.json
[3:18:20.775601223] [2028]  INFO Camera camera_manager.cpp:223 Adding camera '/base/soc/i2c0mux/i2c@1/imx219@10' for pipeline handler rpi/vc4
[3:18:20.775696240] [2028]  INFO RPI vc4.cpp:445 Registered camera /base/soc/i2c0mux/i2c@1/imx219@10 to Unicam device /dev/media0 and ISP device /dev/media2
[3:18:20.782428890] [2025]  INFO Camera camera.cpp:1216 configuring streams: (0) 3280x2464-BGR888/sRGB (1) 3280x2464-SBGGR10_CSI2P/RAW
[3:18:20.782882846] [2028]  INFO RPI vc4.cpp:620 Sensor: /base/soc/i2c0mux/i2c@1/imx219@10 - Selected sensor format: 3280x2464-SBGGR10_1X10/RAW - Selected unicam format: 3280x2464-pBAA/RAW

========================================
 HYDROPONIC MULTIMODAL DATA COLLECTOR
========================================

Capture event: 2026-08-30 09:45:04

========================================
Reading ESP32 sensors...
========================================
Sensor record received:
{
  "water_temp": 29.12,
  "room_temp": 31.6,
  "humidity": 71.1,
  "ph": 6.28,
  "ph_voltage": 2.6955,
  "ec": 1.592,
  "tds": 795.8,
  "tds_voltage": 2.2561,
  "water_level": "OK"
}

========================================
Capturing camera image...
========================================
Waiting for exposure and white balance...

Image saved:
/hydroponic_project/data_collection/images/lettuce_20260830_094504.jpg

========================================
Cropping P01-P12...
========================================
P01 created
P02 created
P03 created
P04 created
P05 created
P06 created
P07 created
P08 created
P09 created
P10 created
P11 created
P12 created

========================================
Saving multimodal dataset...
========================================

12 multimodal samples saved.

CSV:
/hydroponic_project/data_collection/multimodal_dataset.csv

========================================
 COLLECTION COMPLETED
========================================

Timestamp : 2026-08-30 09:45:04
Plants    : 12
Image     : /hydroponic_project/data_collection/images/lettuce_20260830_094504.jpg
Dataset   : /hydroponic_project/data_collection/multimodal_dataset.csv

[3:33:26.927659106] [2049]  INFO Camera camera_manager.cpp:340 libcamera v0.7.1+rpt20260609
[3:33:26.981278450] [2052]  INFO RPI pipeline_base.cpp:1133 Using configuration file '/usr/share/libcamera/pipeline/rpi/vc4/rpi_apps.yaml'
[3:33:27.030488746] [2052]  INFO IPAProxy ipa_proxy.cpp:184 Using tuning file /usr/share/libcamera/ipa/rpi/vc4/imx219.json
[3:33:27.036613269] [2052]  INFO Camera camera_manager.cpp:223 Adding camera '/base/soc/i2c0mux/i2c@1/imx219@10' for pipeline handler rpi/vc4
[3:33:27.036705453] [2052]  INFO RPI vc4.cpp:445 Registered camera /base/soc/i2c0mux/i2c@1/imx219@10 to Unicam device /dev/media0 and ISP device /dev/media2
[3:33:27.043349821] [2049]  INFO Camera camera.cpp:1216 configuring streams: (0) 3280x2464-BGR888/sRGB (1) 3280x2464-SBGGR10_CSI2P/RAW
[3:33:27.043870184] [2052]  INFO RPI vc4.cpp:620 Sensor: /base/soc/i2c0mux/i2c@1/imx219@10 - Selected sensor format: 3280x2464-SBGGR10_1X10/RAW - Selected unicam format: 3280x2464-pBAA/RAW

========================================
 HYDROPONIC MULTIMODAL DATA COLLECTOR
========================================

Capture event: 2026-08-30 10:00:03

========================================
Reading ESP32 sensors...
========================================
Sensor record received:
{
  "water_temp": 29.25,
  "room_temp": 32.1,
  "humidity": 68.8,
  "ph": 6.31,
  "ph_voltage": 2.6899,
  "ec": 1.584,
  "tds": 792.0,
  "tds_voltage": 2.255,
  "water_level": "OK"
}

========================================
Capturing camera image...
========================================
Waiting for exposure and white balance...

Image saved:
/hydroponic_project/data_collection/images/lettuce_20260830_100003.jpg

========================================
Cropping P01-P12...
========================================
P01 created
P02 created
P03 created
P04 created
P05 created
P06 created
P07 created
P08 created
P09 created
P10 created
P11 created
P12 created

========================================
Saving multimodal dataset...
========================================

12 multimodal samples saved.

CSV:
/hydroponic_project/data_collection/multimodal_dataset.csv

========================================
 COLLECTION COMPLETED
========================================

Timestamp : 2026-08-30 10:00:03
Plants    : 12
Image     : /hydroponic_project/data_collection/images/lettuce_20260830_100003.jpg
Dataset   : /hydroponic_project/data_collection/multimodal_dataset.csv

[3:48:20.240970436] [2074]  INFO Camera camera_manager.cpp:340 libcamera v0.7.1+rpt20260609
[3:48:20.285142131] [2077]  INFO RPI pipeline_base.cpp:1133 Using configuration file '/usr/share/libcamera/pipeline/rpi/vc4/rpi_apps.yaml'
[3:48:20.338786134] [2077]  INFO IPAProxy ipa_proxy.cpp:184 Using tuning file /usr/share/libcamera/ipa/rpi/vc4/imx219.json
[3:48:20.351155807] [2077]  INFO Camera camera_manager.cpp:223 Adding camera '/base/soc/i2c0mux/i2c@1/imx219@10' for pipeline handler rpi/vc4
[3:48:20.351294379] [2077]  INFO RPI vc4.cpp:445 Registered camera /base/soc/i2c0mux/i2c@1/imx219@10 to Unicam device /dev/media0 and ISP device /dev/media2
[3:48:20.362071020] [2074]  INFO Camera camera.cpp:1216 configuring streams: (0) 3280x2464-BGR888/sRGB (1) 3280x2464-SBGGR10_CSI2P/RAW
[3:48:20.362552735] [2077]  INFO RPI vc4.cpp:620 Sensor: /base/soc/i2c0mux/i2c@1/imx219@10 - Selected sensor format: 3280x2464-SBGGR10_1X10/RAW - Selected unicam format: 3280x2464-pBAA/RAW

========================================
 HYDROPONIC MULTIMODAL DATA COLLECTOR
========================================

Capture event: 2026-08-30 10:15:03

========================================
Reading ESP32 sensors...
========================================
Sensor record received:
{
  "water_temp": 29.31,
  "room_temp": 32.2,
  "humidity": 68.2,
  "ph": 6.35,
  "ph_voltage": 2.6846,
  "ec": 1.579,
  "tds": 789.3,
  "tds_voltage": 2.2531,
  "water_level": "OK"
}

========================================
Capturing camera image...
========================================
Waiting for exposure and white balance...

Image saved:
/hydroponic_project/data_collection/images/lettuce_20260830_101503.jpg

========================================
Cropping P01-P12...
========================================
P01 created
P02 created
P03 created
P04 created
P05 created
P06 created
P07 created
P08 created
P09 created
P10 created
P11 created
P12 created

========================================
Saving multimodal dataset...
========================================

12 multimodal samples saved.

CSV:
/hydroponic_project/data_collection/multimodal_dataset.csv

========================================
 COLLECTION COMPLETED
========================================

Timestamp : 2026-08-30 10:15:03
Plants    : 12
Image     : /hydroponic_project/data_collection/images/lettuce_20260830_101503.jpg
Dataset   : /hydroponic_project/data_collection/multimodal_dataset.csv

[4:04:44.188605024] [2097]  INFO Camera camera_manager.cpp:340 libcamera v0.7.1+rpt20260609
[4:04:44.206836290] [2100]  INFO RPI pipeline_base.cpp:1133 Using configuration file '/usr/share/libcamera/pipeline/rpi/vc4/rpi_apps.yaml'
[4:04:44.233786879] [2100]  INFO IPAProxy ipa_proxy.cpp:184 Using tuning file /usr/share/libcamera/ipa/rpi/vc4/imx219.json
[4:04:44.239833036] [2100]  INFO Camera camera_manager.cpp:223 Adding camera '/base/soc/i2c0mux/i2c@1/imx219@10' for pipeline handler rpi/vc4
[4:04:44.239929627] [2100]  INFO RPI vc4.cpp:445 Registered camera /base/soc/i2c0mux/i2c@1/imx219@10 to Unicam device /dev/media0 and ISP device /dev/media2
[4:04:44.246524240] [2097]  INFO Camera camera.cpp:1216 configuring streams: (0) 3280x2464-BGR888/sRGB (1) 3280x2464-SBGGR10_CSI2P/RAW
[4:04:44.246976011] [2100]  INFO RPI vc4.cpp:620 Sensor: /base/soc/i2c0mux/i2c@1/imx219@10 - Selected sensor format: 3280x2464-SBGGR10_1X10/RAW - Selected unicam format: 3280x2464-pBAA/RAW

========================================
 HYDROPONIC MULTIMODAL DATA COLLECTOR
========================================

Capture event: 2026-08-30 10:30:04

========================================
Reading ESP32 sensors...
========================================
Sensor record received:
{
  "water_temp": 29.44,
  "room_temp": 32.2,
  "humidity": 68.7,
  "ph": 6.24,
  "ph_voltage": 2.701,
  "ec": 1.571,
  "tds": 785.5,
  "tds_voltage": 2.2517,
  "water_level": "OK"
}

========================================
Capturing camera image...
========================================
Waiting for exposure and white balance...

Image saved:
/hydroponic_project/data_collection/images/lettuce_20260830_103004.jpg

========================================
Cropping P01-P12...
========================================
P01 created
P02 created
P03 created
P04 created
P05 created
P06 created
P07 created
P08 created
P09 created
P10 created
P11 created
P12 created

========================================
Saving multimodal dataset...
========================================

12 multimodal samples saved.

CSV:
/hydroponic_project/data_collection/multimodal_dataset.csv

========================================
 COLLECTION COMPLETED
========================================

Timestamp : 2026-08-30 10:30:04
Plants    : 12
Image     : /hydroponic_project/data_collection/images/lettuce_20260830_103004.jpg
Dataset   : /hydroponic_project/data_collection/multimodal_dataset.csv

[4:18:32.778233288] [2120]  INFO Camera camera_manager.cpp:340 libcamera v0.7.1+rpt20260609
[4:18:32.830803991] [2123]  INFO RPI pipeline_base.cpp:1133 Using configuration file '/usr/share/libcamera/pipeline/rpi/vc4/rpi_apps.yaml'
[4:18:32.878995014] [2123]  INFO IPAProxy ipa_proxy.cpp:184 Using tuning file /usr/share/libcamera/ipa/rpi/vc4/imx219.json
[4:18:32.885142965] [2123]  INFO Camera camera_manager.cpp:223 Adding camera '/base/soc/i2c0mux/i2c@1/imx219@10' for pipeline handler rpi/vc4
[4:18:32.885236815] [2123]  INFO RPI vc4.cpp:445 Registered camera /base/soc/i2c0mux/i2c@1/imx219@10 to Unicam device /dev/media0 and ISP device /dev/media2
[4:18:32.891722427] [2120]  INFO Camera camera.cpp:1216 configuring streams: (0) 3280x2464-BGR888/sRGB (1) 3280x2464-SBGGR10_CSI2P/RAW
[4:18:32.892206439] [2123]  INFO RPI vc4.cpp:620 Sensor: /base/soc/i2c0mux/i2c@1/imx219@10 - Selected sensor format: 3280x2464-SBGGR10_1X10/RAW - Selected unicam format: 3280x2464-pBAA/RAW

========================================
 HYDROPONIC MULTIMODAL DATA COLLECTOR
========================================

Capture event: 2026-08-30 10:45:04

========================================
Reading ESP32 sensors...
========================================
Sensor record received:
{
  "water_temp": 29.5,
  "room_temp": 32.2,
  "humidity": 68.9,
  "ph": 6.3,
  "ph_voltage": 2.6919,
  "ec": 1.566,
  "tds": 782.8,
  "tds_voltage": 2.2498,
  "water_level": "OK"
}

========================================
Capturing camera image...
========================================
Waiting for exposure and white balance...

Image saved:
/hydroponic_project/data_collection/images/lettuce_20260830_104504.jpg

========================================
Cropping P01-P12...
========================================
P01 created
P02 created
P03 created
P04 created
P05 created
P06 created
P07 created
P08 created
P09 created
P10 created
P11 created
P12 created

========================================
Saving multimodal dataset...
========================================

12 multimodal samples saved.

CSV:
/hydroponic_project/data_collection/multimodal_dataset.csv

========================================
 COLLECTION COMPLETED
========================================

Timestamp : 2026-08-30 10:45:04
Plants    : 12
Image     : /hydroponic_project/data_collection/images/lettuce_20260830_104504.jpg
Dataset   : /hydroponic_project/data_collection/multimodal_dataset.csv

[4:33:26.081749752] [2146]  INFO Camera camera_manager.cpp:340 libcamera v0.7.1+rpt20260609
[4:33:26.134021679] [2149]  INFO RPI pipeline_base.cpp:1133 Using configuration file '/usr/share/libcamera/pipeline/rpi/vc4/rpi_apps.yaml'
[4:33:26.172850111] [2149]  INFO IPAProxy ipa_proxy.cpp:184 Using tuning file /usr/share/libcamera/ipa/rpi/vc4/imx219.json
[4:33:26.178832174] [2149]  INFO Camera camera_manager.cpp:223 Adding camera '/base/soc/i2c0mux/i2c@1/imx219@10' for pipeline handler rpi/vc4
[4:33:26.178926543] [2149]  INFO RPI vc4.cpp:445 Registered camera /base/soc/i2c0mux/i2c@1/imx219@10 to Unicam device /dev/media0 and ISP device /dev/media2
[4:33:26.185512172] [2146]  INFO Camera camera.cpp:1216 configuring streams: (0) 3280x2464-BGR888/sRGB (1) 3280x2464-SBGGR10_CSI2P/RAW
[4:33:26.185968851] [2149]  INFO RPI vc4.cpp:620 Sensor: /base/soc/i2c0mux/i2c@1/imx219@10 - Selected sensor format: 3280x2464-SBGGR10_1X10/RAW - Selected unicam format: 3280x2464-pBAA/RAW

========================================
 HYDROPONIC MULTIMODAL DATA COLLECTOR
========================================

Capture event: 2026-08-30 11:00:03

========================================
Reading ESP32 sensors...
========================================
Sensor record received:
{
  "water_temp": 29.5,
  "room_temp": 32.2,
  "humidity": 67.5,
  "ph": 6.29,
  "ph_voltage": 2.6941,
  "ec": 1.562,
  "tds": 781.1,
  "tds_voltage": 2.2469,
  "water_level": "OK"
}

========================================
Capturing camera image...
========================================
Waiting for exposure and white balance...

Image saved:
/hydroponic_project/data_collection/images/lettuce_20260830_110003.jpg

========================================
Cropping P01-P12...
========================================
P01 created
P02 created
P03 created
P04 created
P05 created
P06 created
P07 created
P08 created
P09 created
P10 created
P11 created
P12 created

========================================
Saving multimodal dataset...
========================================

12 multimodal samples saved.

CSV:
/hydroponic_project/data_collection/multimodal_dataset.csv

========================================
 COLLECTION COMPLETED
========================================

Timestamp : 2026-08-30 11:00:03
Plants    : 12
Image     : /hydroponic_project/data_collection/images/lettuce_20260830_110003.jpg
Dataset   : /hydroponic_project/data_collection/multimodal_dataset.csv

[4:48:19.395294338] [2168]  INFO Camera camera_manager.cpp:340 libcamera v0.7.1+rpt20260609
[4:48:19.440272756] [2171]  INFO RPI pipeline_base.cpp:1133 Using configuration file '/usr/share/libcamera/pipeline/rpi/vc4/rpi_apps.yaml'
[4:48:19.500651827] [2171]  INFO IPAProxy ipa_proxy.cpp:184 Using tuning file /usr/share/libcamera/ipa/rpi/vc4/imx219.json
[4:48:19.506645612] [2171]  INFO Camera camera_manager.cpp:223 Adding camera '/base/soc/i2c0mux/i2c@1/imx219@10' for pipeline handler rpi/vc4
[4:48:19.506738074] [2171]  INFO RPI vc4.cpp:445 Registered camera /base/soc/i2c0mux/i2c@1/imx219@10 to Unicam device /dev/media0 and ISP device /dev/media2
[4:48:19.513349073] [2168]  INFO Camera camera.cpp:1216 configuring streams: (0) 3280x2464-BGR888/sRGB (1) 3280x2464-SBGGR10_CSI2P/RAW
[4:48:19.513831547] [2171]  INFO RPI vc4.cpp:620 Sensor: /base/soc/i2c0mux/i2c@1/imx219@10 - Selected sensor format: 3280x2464-SBGGR10_1X10/RAW - Selected unicam format: 3280x2464-pBAA/RAW

========================================
 HYDROPONIC MULTIMODAL DATA COLLECTOR
========================================

Capture event: 2026-08-30 11:15:04

========================================
Reading ESP32 sensors...
========================================
Sensor record received:
{
  "water_temp": 29.56,
  "room_temp": 32.5,
  "humidity": 68.3,
  "ph": 6.29,
  "ph_voltage": 2.6943,
  "ec": 1.556,
  "tds": 778.2,
  "tds_voltage": 2.2444,
  "water_level": "OK"
}

========================================
Capturing camera image...
========================================
Waiting for exposure and white balance...

Image saved:
/hydroponic_project/data_collection/images/lettuce_20260830_111504.jpg

========================================
Cropping P01-P12...
========================================
P01 created
P02 created
P03 created
P04 created
P05 created
P06 created
P07 created
P08 created
P09 created
P10 created
P11 created
P12 created

========================================
Saving multimodal dataset...
========================================

12 multimodal samples saved.

CSV:
/hydroponic_project/data_collection/multimodal_dataset.csv

========================================
 COLLECTION COMPLETED
========================================

Timestamp : 2026-08-30 11:15:04
Plants    : 12
Image     : /hydroponic_project/data_collection/images/lettuce_20260830_111504.jpg
Dataset   : /hydroponic_project/data_collection/multimodal_dataset.csv

[5:04:43.334483426] [2195]  INFO Camera camera_manager.cpp:340 libcamera v0.7.1+rpt20260609
[5:04:43.352644638] [2199]  INFO RPI pipeline_base.cpp:1133 Using configuration file '/usr/share/libcamera/pipeline/rpi/vc4/rpi_apps.yaml'
[5:04:43.379385176] [2199]  INFO IPAProxy ipa_proxy.cpp:184 Using tuning file /usr/share/libcamera/ipa/rpi/vc4/imx219.json
[5:04:43.385440629] [2199]  INFO Camera camera_manager.cpp:223 Adding camera '/base/soc/i2c0mux/i2c@1/imx219@10' for pipeline handler rpi/vc4
[5:04:43.385535332] [2199]  INFO RPI vc4.cpp:445 Registered camera /base/soc/i2c0mux/i2c@1/imx219@10 to Unicam device /dev/media0 and ISP device /dev/media2
[5:04:43.392125148] [2195]  INFO Camera camera.cpp:1216 configuring streams: (0) 3280x2464-BGR888/sRGB (1) 3280x2464-SBGGR10_CSI2P/RAW
[5:04:43.392595512] [2199]  INFO RPI vc4.cpp:620 Sensor: /base/soc/i2c0mux/i2c@1/imx219@10 - Selected sensor format: 3280x2464-SBGGR10_1X10/RAW - Selected unicam format: 3280x2464-pBAA/RAW

========================================
 HYDROPONIC MULTIMODAL DATA COLLECTOR
========================================

Capture event: 2026-08-30 11:30:04

========================================
Reading ESP32 sensors...
========================================
Sensor record received:
{
  "water_temp": 29.69,
  "room_temp": 32.6,
  "humidity": 67.3,
  "ph": 6.31,
  "ph_voltage": 2.6904,
  "ec": 1.549,
  "tds": 774.3,
  "tds_voltage": 2.2429,
  "water_level": "OK"
}

========================================
Capturing camera image...
========================================
Waiting for exposure and white balance...

Image saved:
/hydroponic_project/data_collection/images/lettuce_20260830_113004.jpg

========================================
Cropping P01-P12...
========================================
P01 created
P02 created
P03 created
P04 created
P05 created
P06 created
P07 created
P08 created
P09 created
P10 created
P11 created
P12 created

========================================
Saving multimodal dataset...
========================================

12 multimodal samples saved.

CSV:
/hydroponic_project/data_collection/multimodal_dataset.csv

========================================
 COLLECTION COMPLETED
========================================

Timestamp : 2026-08-30 11:30:04
Plants    : 12
Image     : /hydroponic_project/data_collection/images/lettuce_20260830_113004.jpg
Dataset   : /hydroponic_project/data_collection/multimodal_dataset.csv

[5:18:57.815528217] [2221]  INFO Camera camera_manager.cpp:340 libcamera v0.7.1+rpt20260609
[5:18:57.868225088] [2224]  INFO RPI pipeline_base.cpp:1133 Using configuration file '/usr/share/libcamera/pipeline/rpi/vc4/rpi_apps.yaml'
[5:18:57.917968612] [2224]  INFO IPAProxy ipa_proxy.cpp:184 Using tuning file /usr/share/libcamera/ipa/rpi/vc4/imx219.json
[5:18:57.924064360] [2224]  INFO Camera camera_manager.cpp:223 Adding camera '/base/soc/i2c0mux/i2c@1/imx219@10' for pipeline handler rpi/vc4
[5:18:57.924155933] [2224]  INFO RPI vc4.cpp:445 Registered camera /base/soc/i2c0mux/i2c@1/imx219@10 to Unicam device /dev/media0 and ISP device /dev/media2
[5:18:57.930656323] [2221]  INFO Camera camera.cpp:1216 configuring streams: (0) 3280x2464-BGR888/sRGB (1) 3280x2464-SBGGR10_CSI2P/RAW
[5:18:57.931128631] [2224]  INFO RPI vc4.cpp:620 Sensor: /base/soc/i2c0mux/i2c@1/imx219@10 - Selected sensor format: 3280x2464-SBGGR10_1X10/RAW - Selected unicam format: 3280x2464-pBAA/RAW

========================================
 HYDROPONIC MULTIMODAL DATA COLLECTOR
========================================

Capture event: 2026-08-30 11:45:04

========================================
Reading ESP32 sensors...
========================================
Sensor record received:
{
  "water_temp": 29.75,
  "room_temp": 32.7,
  "humidity": 65.6,
  "ph": 6.34,
  "ph_voltage": 2.6859,
  "ec": 1.545,
  "tds": 772.7,
  "tds_voltage": 2.2425,
  "water_level": "OK"
}

========================================
Capturing camera image...
========================================
Waiting for exposure and white balance...

Image saved:
/hydroponic_project/data_collection/images/lettuce_20260830_114504.jpg

========================================
Cropping P01-P12...
========================================
P01 created
P02 created
P03 created
P04 created
P05 created
P06 created
P07 created
P08 created
P09 created
P10 created
P11 created
P12 created

========================================
Saving multimodal dataset...
========================================

12 multimodal samples saved.

CSV:
/hydroponic_project/data_collection/multimodal_dataset.csv

========================================
 COLLECTION COMPLETED
========================================

Timestamp : 2026-08-30 11:45:04
Plants    : 12
Image     : /hydroponic_project/data_collection/images/lettuce_20260830_114504.jpg
Dataset   : /hydroponic_project/data_collection/multimodal_dataset.csv

[5:33:51.113064577] [2246]  INFO Camera camera_manager.cpp:340 libcamera v0.7.1+rpt20260609
[5:33:51.158617517] [2249]  INFO RPI pipeline_base.cpp:1133 Using configuration file '/usr/share/libcamera/pipeline/rpi/vc4/rpi_apps.yaml'
[5:33:51.207525568] [2249]  INFO IPAProxy ipa_proxy.cpp:184 Using tuning file /usr/share/libcamera/ipa/rpi/vc4/imx219.json
[5:33:51.218740806] [2249]  INFO Camera camera_manager.cpp:223 Adding camera '/base/soc/i2c0mux/i2c@1/imx219@10' for pipeline handler rpi/vc4
[5:33:51.218870359] [2249]  INFO RPI vc4.cpp:445 Registered camera /base/soc/i2c0mux/i2c@1/imx219@10 to Unicam device /dev/media0 and ISP device /dev/media2
[5:33:51.230583755] [2246]  INFO Camera camera.cpp:1216 configuring streams: (0) 3280x2464-BGR888/sRGB (1) 3280x2464-SBGGR10_CSI2P/RAW
[5:33:51.231308521] [2249]  INFO RPI vc4.cpp:620 Sensor: /base/soc/i2c0mux/i2c@1/imx219@10 - Selected sensor format: 3280x2464-SBGGR10_1X10/RAW - Selected unicam format: 3280x2464-pBAA/RAW

========================================
 HYDROPONIC MULTIMODAL DATA COLLECTOR
========================================

Capture event: 2026-08-30 12:00:03

========================================
Reading ESP32 sensors...
========================================
Sensor record received:
{
  "water_temp": 29.87,
  "room_temp": 33.0,
  "humidity": 63.7,
  "ph": 6.43,
  "ph_voltage": 2.6718,
  "ec": 1.539,
  "tds": 769.5,
  "tds_voltage": 2.2421,
  "water_level": "OK"
}

========================================
Capturing camera image...
========================================
Waiting for exposure and white balance...

Image saved:
/hydroponic_project/data_collection/images/lettuce_20260830_120003.jpg

========================================
Cropping P01-P12...
========================================
P01 created
P02 created
P03 created
P04 created
P05 created
P06 created
P07 created
P08 created
P09 created
P10 created
P11 created
P12 created

========================================
Saving multimodal dataset...
========================================

12 multimodal samples saved.

CSV:
/hydroponic_project/data_collection/multimodal_dataset.csv

========================================
 COLLECTION COMPLETED
========================================

Timestamp : 2026-08-30 12:00:03
Plants    : 12
Image     : /hydroponic_project/data_collection/images/lettuce_20260830_120003.jpg
Dataset   : /hydroponic_project/data_collection/multimodal_dataset.csv

[5:48:31.459438639] [2268]  INFO Camera camera_manager.cpp:340 libcamera v0.7.1+rpt20260609
[5:48:31.477643461] [2271]  INFO RPI pipeline_base.cpp:1133 Using configuration file '/usr/share/libcamera/pipeline/rpi/vc4/rpi_apps.yaml'
[5:48:31.504052569] [2271]  INFO IPAProxy ipa_proxy.cpp:184 Using tuning file /usr/share/libcamera/ipa/rpi/vc4/imx219.json
[5:48:31.510044443] [2271]  INFO Camera camera_manager.cpp:223 Adding camera '/base/soc/i2c0mux/i2c@1/imx219@10' for pipeline handler rpi/vc4
[5:48:31.510138998] [2271]  INFO RPI vc4.cpp:445 Registered camera /base/soc/i2c0mux/i2c@1/imx219@10 to Unicam device /dev/media0 and ISP device /dev/media2
[5:48:31.516796047] [2268]  INFO Camera camera.cpp:1216 configuring streams: (0) 3280x2464-BGR888/sRGB (1) 3280x2464-SBGGR10_CSI2P/RAW
[5:48:31.517257781] [2271]  INFO RPI vc4.cpp:620 Sensor: /base/soc/i2c0mux/i2c@1/imx219@10 - Selected sensor format: 3280x2464-SBGGR10_1X10/RAW - Selected unicam format: 3280x2464-pBAA/RAW

========================================
 HYDROPONIC MULTIMODAL DATA COLLECTOR
========================================

Capture event: 2026-08-30 12:15:04

========================================
Reading ESP32 sensors...
========================================
Sensor record received:
{
  "water_temp": 29.94,
  "room_temp": 32.9,
  "humidity": 64.5,
  "ph": 6.42,
  "ph_voltage": 2.6723,
  "ec": 1.533,
  "tds": 766.4,
  "tds_voltage": 2.2393,
  "water_level": "OK"
}

========================================
Capturing camera image...
========================================
Waiting for exposure and white balance...

Image saved:
/hydroponic_project/data_collection/images/lettuce_20260830_121504.jpg

========================================
Cropping P01-P12...
========================================
P01 created
P02 created
P03 created
P04 created
P05 created
P06 created
P07 created
P08 created
P09 created
P10 created
P11 created
P12 created

========================================
Saving multimodal dataset...
========================================

12 multimodal samples saved.

CSV:
/hydroponic_project/data_collection/multimodal_dataset.csv

========================================
 COLLECTION COMPLETED
========================================

Timestamp : 2026-08-30 12:15:04
Plants    : 12
Image     : /hydroponic_project/data_collection/images/lettuce_20260830_121504.jpg
Dataset   : /hydroponic_project/data_collection/multimodal_dataset.csv

[6:03:24.755078504] [2294]  INFO Camera camera_manager.cpp:340 libcamera v0.7.1+rpt20260609
[6:03:24.802815257] [2298]  INFO RPI pipeline_base.cpp:1133 Using configuration file '/usr/share/libcamera/pipeline/rpi/vc4/rpi_apps.yaml'
[6:03:24.846547993] [2298]  INFO IPAProxy ipa_proxy.cpp:184 Using tuning file /usr/share/libcamera/ipa/rpi/vc4/imx219.json
[6:03:24.856752605] [2298]  INFO Camera camera_manager.cpp:223 Adding camera '/base/soc/i2c0mux/i2c@1/imx219@10' for pipeline handler rpi/vc4
[6:03:24.856878622] [2298]  INFO RPI vc4.cpp:445 Registered camera /base/soc/i2c0mux/i2c@1/imx219@10 to Unicam device /dev/media0 and ISP device /dev/media2
[6:03:24.867564208] [2294]  INFO Camera camera.cpp:1216 configuring streams: (0) 3280x2464-BGR888/sRGB (1) 3280x2464-SBGGR10_CSI2P/RAW
[6:03:24.868210698] [2298]  INFO RPI vc4.cpp:620 Sensor: /base/soc/i2c0mux/i2c@1/imx219@10 - Selected sensor format: 3280x2464-SBGGR10_1X10/RAW - Selected unicam format: 3280x2464-pBAA/RAW

========================================
 HYDROPONIC MULTIMODAL DATA COLLECTOR
========================================

Capture event: 2026-08-30 12:30:04

========================================
Reading ESP32 sensors...
========================================
Sensor record received:
{
  "water_temp": 30.0,
  "room_temp": 32.9,
  "humidity": 64.2,
  "ph": 6.44,
  "ph_voltage": 2.6691,
  "ec": 1.527,
  "tds": 763.6,
  "tds_voltage": 2.2369,
  "water_level": "OK"
}

========================================
Capturing camera image...
========================================
Waiting for exposure and white balance...

Image saved:
/hydroponic_project/data_collection/images/lettuce_20260830_123004.jpg

========================================
Cropping P01-P12...
========================================
P01 created
P02 created
P03 created
P04 created
P05 created
P06 created
P07 created
P08 created
P09 created
P10 created
P11 created
P12 created

========================================
Saving multimodal dataset...
========================================

12 multimodal samples saved.

CSV:
/hydroponic_project/data_collection/multimodal_dataset.csv

========================================
 COLLECTION COMPLETED
========================================

Timestamp : 2026-08-30 12:30:04
Plants    : 12
Image     : /hydroponic_project/data_collection/images/lettuce_20260830_123004.jpg
Dataset   : /hydroponic_project/data_collection/multimodal_dataset.csv

[6:18:18.039594319] [2318]  INFO Camera camera_manager.cpp:340 libcamera v0.7.1+rpt20260609
[6:18:18.085641280] [2321]  INFO RPI pipeline_base.cpp:1133 Using configuration file '/usr/share/libcamera/pipeline/rpi/vc4/rpi_apps.yaml'
[6:18:18.146446711] [2321]  INFO IPAProxy ipa_proxy.cpp:184 Using tuning file /usr/share/libcamera/ipa/rpi/vc4/imx219.json
[6:18:18.153319583] [2321]  INFO Camera camera_manager.cpp:223 Adding camera '/base/soc/i2c0mux/i2c@1/imx219@10' for pipeline handler rpi/vc4
[6:18:18.153414248] [2321]  INFO RPI vc4.cpp:445 Registered camera /base/soc/i2c0mux/i2c@1/imx219@10 to Unicam device /dev/media0 and ISP device /dev/media2
[6:18:18.159842774] [2318]  INFO Camera camera.cpp:1216 configuring streams: (0) 3280x2464-BGR888/sRGB (1) 3280x2464-SBGGR10_CSI2P/RAW
[6:18:18.160338119] [2321]  INFO RPI vc4.cpp:620 Sensor: /base/soc/i2c0mux/i2c@1/imx219@10 - Selected sensor format: 3280x2464-SBGGR10_1X10/RAW - Selected unicam format: 3280x2464-pBAA/RAW

========================================
 HYDROPONIC MULTIMODAL DATA COLLECTOR
========================================

Capture event: 2026-08-30 12:45:03

========================================
Reading ESP32 sensors...
========================================
Sensor record received:
{
  "water_temp": 30.06,
  "room_temp": 32.9,
  "humidity": 64.1,
  "ph": 6.42,
  "ph_voltage": 2.6726,
  "ec": 1.521,
  "tds": 760.6,
  "tds_voltage": 2.234,
  "water_level": "OK"
}

========================================
Capturing camera image...
========================================
Waiting for exposure and white balance...

Image saved:
/hydroponic_project/data_collection/images/lettuce_20260830_124503.jpg

========================================
Cropping P01-P12...
========================================
P01 created
P02 created
P03 created
P04 created
P05 created
P06 created
P07 created
P08 created
P09 created
P10 created
P11 created
P12 created

========================================
Saving multimodal dataset...
========================================

12 multimodal samples saved.

CSV:
/hydroponic_project/data_collection/multimodal_dataset.csv

========================================
 COLLECTION COMPLETED
========================================

Timestamp : 2026-08-30 12:45:03
Plants    : 12
Image     : /hydroponic_project/data_collection/images/lettuce_20260830_124503.jpg
Dataset   : /hydroponic_project/data_collection/multimodal_dataset.csv

[6:33:37.221010961] [2344]  INFO Camera camera_manager.cpp:340 libcamera v0.7.1+rpt20260609
[6:33:37.273323459] [2347]  INFO RPI pipeline_base.cpp:1133 Using configuration file '/usr/share/libcamera/pipeline/rpi/vc4/rpi_apps.yaml'
[6:33:37.321837324] [2347]  INFO IPAProxy ipa_proxy.cpp:184 Using tuning file /usr/share/libcamera/ipa/rpi/vc4/imx219.json
[6:33:37.327853740] [2347]  INFO Camera camera_manager.cpp:223 Adding camera '/base/soc/i2c0mux/i2c@1/imx219@10' for pipeline handler rpi/vc4
[6:33:37.327945072] [2347]  INFO RPI vc4.cpp:445 Registered camera /base/soc/i2c0mux/i2c@1/imx219@10 to Unicam device /dev/media0 and ISP device /dev/media2
[6:33:37.334436612] [2344]  INFO Camera camera.cpp:1216 configuring streams: (0) 3280x2464-BGR888/sRGB (1) 3280x2464-SBGGR10_CSI2P/RAW
[6:33:37.334892513] [2347]  INFO RPI vc4.cpp:620 Sensor: /base/soc/i2c0mux/i2c@1/imx219@10 - Selected sensor format: 3280x2464-SBGGR10_1X10/RAW - Selected unicam format: 3280x2464-pBAA/RAW

========================================
 HYDROPONIC MULTIMODAL DATA COLLECTOR
========================================

Capture event: 2026-08-30 13:00:04

========================================
Reading ESP32 sensors...
========================================
Sensor record received:
{
  "water_temp": 30.06,
  "room_temp": 32.7,
  "humidity": 64.4,
  "ph": 6.43,
  "ph_voltage": 2.6709,
  "ec": 1.517,
  "tds": 758.5,
  "tds_voltage": 2.2303,
  "water_level": "OK"
}

========================================
Capturing camera image...
========================================
Waiting for exposure and white balance...

Image saved:
/hydroponic_project/data_collection/images/lettuce_20260830_130004.jpg

========================================
Cropping P01-P12...
========================================
P01 created
P02 created
P03 created
P04 created
P05 created
P06 created
P07 created
P08 created
P09 created
P10 created
P11 created
P12 created

========================================
Saving multimodal dataset...
========================================

12 multimodal samples saved.

CSV:
/hydroponic_project/data_collection/multimodal_dataset.csv

========================================
 COLLECTION COMPLETED
========================================

Timestamp : 2026-08-30 13:00:04
Plants    : 12
Image     : /hydroponic_project/data_collection/images/lettuce_20260830_130004.jpg
Dataset   : /hydroponic_project/data_collection/multimodal_dataset.csv

[6:49:09.347998453] [2369]  INFO Camera camera_manager.cpp:340 libcamera v0.7.1+rpt20260609
[6:49:09.366249735] [2373]  INFO RPI pipeline_base.cpp:1133 Using configuration file '/usr/share/libcamera/pipeline/rpi/vc4/rpi_apps.yaml'
[6:49:09.392917603] [2373]  INFO IPAProxy ipa_proxy.cpp:184 Using tuning file /usr/share/libcamera/ipa/rpi/vc4/imx219.json
[6:49:09.398945673] [2373]  INFO Camera camera_manager.cpp:223 Adding camera '/base/soc/i2c0mux/i2c@1/imx219@10' for pipeline handler rpi/vc4
[6:49:09.399041598] [2373]  INFO RPI vc4.cpp:445 Registered camera /base/soc/i2c0mux/i2c@1/imx219@10 to Unicam device /dev/media0 and ISP device /dev/media2
[6:49:09.405638899] [2369]  INFO Camera camera.cpp:1216 configuring streams: (0) 3280x2464-BGR888/sRGB (1) 3280x2464-SBGGR10_CSI2P/RAW
[6:49:09.406110318] [2373]  INFO RPI vc4.cpp:620 Sensor: /base/soc/i2c0mux/i2c@1/imx219@10 - Selected sensor format: 3280x2464-SBGGR10_1X10/RAW - Selected unicam format: 3280x2464-pBAA/RAW

========================================
 HYDROPONIC MULTIMODAL DATA COLLECTOR
========================================

Capture event: 2026-08-30 13:15:04

========================================
Reading ESP32 sensors...
========================================
Sensor record received:
{
  "water_temp": 30.12,
  "room_temp": 32.9,
  "humidity": 64.1,
  "ph": 6.36,
  "ph_voltage": 2.6826,
  "ec": 1.511,
  "tds": 755.5,
  "tds_voltage": 2.2275,
  "water_level": "OK"
}

========================================
Capturing camera image...
========================================
Waiting for exposure and white balance...

Image saved:
/hydroponic_project/data_collection/images/lettuce_20260830_131504.jpg

========================================
Cropping P01-P12...
========================================
P01 created
P02 created
P03 created
P04 created
P05 created
P06 created
P07 created
P08 created
P09 created
P10 created
P11 created
P12 created

========================================
Saving multimodal dataset...
========================================

12 multimodal samples saved.

CSV:
/hydroponic_project/data_collection/multimodal_dataset.csv

========================================
 COLLECTION COMPLETED
========================================

Timestamp : 2026-08-30 13:15:04
Plants    : 12
Image     : /hydroponic_project/data_collection/images/lettuce_20260830_131504.jpg
Dataset   : /hydroponic_project/data_collection/multimodal_dataset.csv

[7:04:02.640960663] [2399]  INFO Camera camera_manager.cpp:340 libcamera v0.7.1+rpt20260609
[7:04:02.685976908] [2402]  INFO RPI pipeline_base.cpp:1133 Using configuration file '/usr/share/libcamera/pipeline/rpi/vc4/rpi_apps.yaml'
[7:04:02.745634936] [2402]  INFO IPAProxy ipa_proxy.cpp:184 Using tuning file /usr/share/libcamera/ipa/rpi/vc4/imx219.json
[7:04:02.751650051] [2402]  INFO Camera camera_manager.cpp:223 Adding camera '/base/soc/i2c0mux/i2c@1/imx219@10' for pipeline handler rpi/vc4
[7:04:02.751745624] [2402]  INFO RPI vc4.cpp:445 Registered camera /base/soc/i2c0mux/i2c@1/imx219@10 to Unicam device /dev/media0 and ISP device /dev/media2
[7:04:02.758450340] [2399]  INFO Camera camera.cpp:1216 configuring streams: (0) 3280x2464-BGR888/sRGB (1) 3280x2464-SBGGR10_CSI2P/RAW
[7:04:02.758922610] [2402]  INFO RPI vc4.cpp:620 Sensor: /base/soc/i2c0mux/i2c@1/imx219@10 - Selected sensor format: 3280x2464-SBGGR10_1X10/RAW - Selected unicam format: 3280x2464-pBAA/RAW

========================================
 HYDROPONIC MULTIMODAL DATA COLLECTOR
========================================

Capture event: 2026-08-30 13:30:04

========================================
Reading ESP32 sensors...
========================================
Sensor record received:
{
  "water_temp": 30.19,
  "room_temp": 33.1,
  "humidity": 64.0,
  "ph": 6.35,
  "ph_voltage": 2.6848,
  "ec": 1.504,
  "tds": 752.2,
  "tds_voltage": 2.2241,
  "water_level": "OK"
}

========================================
Capturing camera image...
========================================
Waiting for exposure and white balance...

Image saved:
/hydroponic_project/data_collection/images/lettuce_20260830_133004.jpg

========================================
Cropping P01-P12...
========================================
P01 created
P02 created
P03 created
P04 created
P05 created
P06 created
P07 created
P08 created
P09 created
P10 created
P11 created
P12 created

========================================
Saving multimodal dataset...
========================================

12 multimodal samples saved.

CSV:
/hydroponic_project/data_collection/multimodal_dataset.csv

========================================
 COLLECTION COMPLETED
========================================

Timestamp : 2026-08-30 13:30:04
Plants    : 12
Image     : /hydroponic_project/data_collection/images/lettuce_20260830_133004.jpg
Dataset   : /hydroponic_project/data_collection/multimodal_dataset.csv

[7:19:08.902530722] [2423]  INFO Camera camera_manager.cpp:340 libcamera v0.7.1+rpt20260609
[7:19:08.954904131] [2426]  INFO RPI pipeline_base.cpp:1133 Using configuration file '/usr/share/libcamera/pipeline/rpi/vc4/rpi_apps.yaml'
[7:19:09.005574876] [2426]  INFO IPAProxy ipa_proxy.cpp:184 Using tuning file /usr/share/libcamera/ipa/rpi/vc4/imx219.json
[7:19:09.011568579] [2426]  INFO Camera camera_manager.cpp:223 Adding camera '/base/soc/i2c0mux/i2c@1/imx219@10' for pipeline handler rpi/vc4
[7:19:09.011665838] [2426]  INFO RPI vc4.cpp:445 Registered camera /base/soc/i2c0mux/i2c@1/imx219@10 to Unicam device /dev/media0 and ISP device /dev/media2
[7:19:09.018308978] [2423]  INFO Camera camera.cpp:1216 configuring streams: (0) 3280x2464-BGR888/sRGB (1) 3280x2464-SBGGR10_CSI2P/RAW
[7:19:09.018765639] [2426]  INFO RPI vc4.cpp:620 Sensor: /base/soc/i2c0mux/i2c@1/imx219@10 - Selected sensor format: 3280x2464-SBGGR10_1X10/RAW - Selected unicam format: 3280x2464-pBAA/RAW

========================================
 HYDROPONIC MULTIMODAL DATA COLLECTOR
========================================

Capture event: 2026-08-30 13:45:03

========================================
Reading ESP32 sensors...
========================================
Sensor record received:
{
  "water_temp": 30.19,
  "room_temp": 33.2,
  "humidity": 61.5,
  "ph": 6.46,
  "ph_voltage": 2.6663,
  "ec": 1.503,
  "tds": 751.7,
  "tds_voltage": 2.2233,
  "water_level": "OK"
}

========================================
Capturing camera image...
========================================
Waiting for exposure and white balance...

Image saved:
/hydroponic_project/data_collection/images/lettuce_20260830_134503.jpg

========================================
Cropping P01-P12...
========================================
P01 created
P02 created
P03 created
P04 created
P05 created
P06 created
P07 created
P08 created
P09 created
P10 created
P11 created
P12 created

========================================
Saving multimodal dataset...
========================================

12 multimodal samples saved.

CSV:
/hydroponic_project/data_collection/multimodal_dataset.csv

========================================
 COLLECTION COMPLETED
========================================

Timestamp : 2026-08-30 13:45:03
Plants    : 12
Image     : /hydroponic_project/data_collection/images/lettuce_20260830_134503.jpg
Dataset   : /hydroponic_project/data_collection/multimodal_dataset.csv

[7:34:28.098282721] [2447]  INFO Camera camera_manager.cpp:340 libcamera v0.7.1+rpt20260609
[7:34:28.150329761] [2451]  INFO RPI pipeline_base.cpp:1133 Using configuration file '/usr/share/libcamera/pipeline/rpi/vc4/rpi_apps.yaml'
[7:34:28.198679463] [2451]  INFO IPAProxy ipa_proxy.cpp:184 Using tuning file /usr/share/libcamera/ipa/rpi/vc4/imx219.json
[7:34:28.204684176] [2451]  INFO Camera camera_manager.cpp:223 Adding camera '/base/soc/i2c0mux/i2c@1/imx219@10' for pipeline handler rpi/vc4
[7:34:28.204777101] [2451]  INFO RPI vc4.cpp:445 Registered camera /base/soc/i2c0mux/i2c@1/imx219@10 to Unicam device /dev/media0 and ISP device /dev/media2
[7:34:28.211407620] [2447]  INFO Camera camera.cpp:1216 configuring streams: (0) 3280x2464-BGR888/sRGB (1) 3280x2464-SBGGR10_CSI2P/RAW
[7:34:28.211857744] [2451]  INFO RPI vc4.cpp:620 Sensor: /base/soc/i2c0mux/i2c@1/imx219@10 - Selected sensor format: 3280x2464-SBGGR10_1X10/RAW - Selected unicam format: 3280x2464-pBAA/RAW

========================================
 HYDROPONIC MULTIMODAL DATA COLLECTOR
========================================

Capture event: 2026-08-30 14:00:03

========================================
Reading ESP32 sensors...
========================================
Sensor record received:
{
  "water_temp": 30.19,
  "room_temp": 32.9,
  "humidity": 64.5,
  "ph": 6.41,
  "ph_voltage": 2.674,
  "ec": 1.497,
  "tds": 748.3,
  "tds_voltage": 2.217,
  "water_level": "OK"
}

========================================
Capturing camera image...
========================================
Waiting for exposure and white balance...

Image saved:
/hydroponic_project/data_collection/images/lettuce_20260830_140003.jpg

========================================
Cropping P01-P12...
========================================
P01 created
P02 created
P03 created
P04 created
P05 created
P06 created
P07 created
P08 created
P09 created
P10 created
P11 created
P12 created

========================================
Saving multimodal dataset...
========================================

12 multimodal samples saved.

CSV:
/hydroponic_project/data_collection/multimodal_dataset.csv

========================================
 COLLECTION COMPLETED
========================================

Timestamp : 2026-08-30 14:00:03
Plants    : 12
Image     : /hydroponic_project/data_collection/images/lettuce_20260830_140003.jpg
Dataset   : /hydroponic_project/data_collection/multimodal_dataset.csv

[7:49:21.384058816] [2470]  INFO Camera camera_manager.cpp:340 libcamera v0.7.1+rpt20260609
[7:49:21.436863888] [2475]  INFO RPI pipeline_base.cpp:1133 Using configuration file '/usr/share/libcamera/pipeline/rpi/vc4/rpi_apps.yaml'
[7:49:21.486217453] [2475]  INFO IPAProxy ipa_proxy.cpp:184 Using tuning file /usr/share/libcamera/ipa/rpi/vc4/imx219.json
[7:49:21.492315682] [2475]  INFO Camera camera_manager.cpp:223 Adding camera '/base/soc/i2c0mux/i2c@1/imx219@10' for pipeline handler rpi/vc4
[7:49:21.492408181] [2475]  INFO RPI vc4.cpp:445 Registered camera /base/soc/i2c0mux/i2c@1/imx219@10 to Unicam device /dev/media0 and ISP device /dev/media2
[7:49:21.499013459] [2470]  INFO Camera camera.cpp:1216 configuring streams: (0) 3280x2464-BGR888/sRGB (1) 3280x2464-SBGGR10_CSI2P/RAW
[7:49:21.499480156] [2475]  INFO RPI vc4.cpp:620 Sensor: /base/soc/i2c0mux/i2c@1/imx219@10 - Selected sensor format: 3280x2464-SBGGR10_1X10/RAW - Selected unicam format: 3280x2464-pBAA/RAW

========================================
 HYDROPONIC MULTIMODAL DATA COLLECTOR
========================================

Capture event: 2026-08-30 14:15:04

========================================
Reading ESP32 sensors...
========================================
Sensor record received:
{
  "water_temp": 30.25,
  "room_temp": 33.1,
  "humidity": 64.6,
  "ph": 6.36,
  "ph_voltage": 2.682,
  "ec": 1.49,
  "tds": 745.2,
  "tds_voltage": 2.2139,
  "water_level": "OK"
}

========================================
Capturing camera image...
========================================
Waiting for exposure and white balance...

Image saved:
/hydroponic_project/data_collection/images/lettuce_20260830_141504.jpg

========================================
Cropping P01-P12...
========================================
P01 created
P02 created
P03 created
P04 created
P05 created
P06 created
P07 created
P08 created
P09 created
P10 created
P11 created
P12 created

========================================
Saving multimodal dataset...
========================================

12 multimodal samples saved.

CSV:
/hydroponic_project/data_collection/multimodal_dataset.csv

========================================
 COLLECTION COMPLETED
========================================

Timestamp : 2026-08-30 14:15:04
Plants    : 12
Image     : /hydroponic_project/data_collection/images/lettuce_20260830_141504.jpg
Dataset   : /hydroponic_project/data_collection/multimodal_dataset.csv

[8:03:22.892908727] [2500]  INFO Camera camera_manager.cpp:340 libcamera v0.7.1+rpt20260609
[8:03:22.938038572] [2503]  INFO RPI pipeline_base.cpp:1133 Using configuration file '/usr/share/libcamera/pipeline/rpi/vc4/rpi_apps.yaml'
[8:03:22.993091932] [2503]  INFO IPAProxy ipa_proxy.cpp:184 Using tuning file /usr/share/libcamera/ipa/rpi/vc4/imx219.json
[8:03:23.005606944] [2503]  INFO Camera camera_manager.cpp:223 Adding camera '/base/soc/i2c0mux/i2c@1/imx219@10' for pipeline handler rpi/vc4
[8:03:23.005750201] [2503]  INFO RPI vc4.cpp:445 Registered camera /base/soc/i2c0mux/i2c@1/imx219@10 to Unicam device /dev/media0 and ISP device /dev/media2
[8:03:23.018334508] [2500]  INFO Camera camera.cpp:1216 configuring streams: (0) 3280x2464-BGR888/sRGB (1) 3280x2464-SBGGR10_CSI2P/RAW
[8:03:23.018791538] [2503]  INFO RPI vc4.cpp:620 Sensor: /base/soc/i2c0mux/i2c@1/imx219@10 - Selected sensor format: 3280x2464-SBGGR10_1X10/RAW - Selected unicam format: 3280x2464-pBAA/RAW

========================================
 HYDROPONIC MULTIMODAL DATA COLLECTOR
========================================

Capture event: 2026-08-30 14:30:04

========================================
Reading ESP32 sensors...
========================================
Sensor record received:
{
  "water_temp": 30.31,
  "room_temp": 32.8,
  "humidity": 65.3,
  "ph": 6.44,
  "ph_voltage": 2.6686,
  "ec": 1.484,
  "tds": 741.9,
  "tds_voltage": 2.2104,
  "water_level": "OK"
}

========================================
Capturing camera image...
========================================
Waiting for exposure and white balance...

Image saved:
/hydroponic_project/data_collection/images/lettuce_20260830_143004.jpg

========================================
Cropping P01-P12...
========================================
P01 created
P02 created
P03 created
P04 created
P05 created
P06 created
P07 created
P08 created
P09 created
P10 created
P11 created
P12 created

========================================
Saving multimodal dataset...
========================================

12 multimodal samples saved.

CSV:
/hydroponic_project/data_collection/multimodal_dataset.csv

========================================
 COLLECTION COMPLETED
========================================

Timestamp : 2026-08-30 14:30:04
Plants    : 12
Image     : /hydroponic_project/data_collection/images/lettuce_20260830_143004.jpg
Dataset   : /hydroponic_project/data_collection/multimodal_dataset.csv

[8:18:16.203378519] [2523]  INFO Camera camera_manager.cpp:340 libcamera v0.7.1+rpt20260609
[8:18:16.221555863] [2526]  INFO RPI pipeline_base.cpp:1133 Using configuration file '/usr/share/libcamera/pipeline/rpi/vc4/rpi_apps.yaml'
[8:18:16.247729589] [2526]  INFO IPAProxy ipa_proxy.cpp:184 Using tuning file /usr/share/libcamera/ipa/rpi/vc4/imx219.json
[8:18:16.253782740] [2526]  INFO Camera camera_manager.cpp:223 Adding camera '/base/soc/i2c0mux/i2c@1/imx219@10' for pipeline handler rpi/vc4
[8:18:16.253877072] [2526]  INFO RPI vc4.cpp:445 Registered camera /base/soc/i2c0mux/i2c@1/imx219@10 to Unicam device /dev/media0 and ISP device /dev/media2
[8:18:16.260455105] [2523]  INFO Camera camera.cpp:1216 configuring streams: (0) 3280x2464-BGR888/sRGB (1) 3280x2464-SBGGR10_CSI2P/RAW
[8:18:16.260934283] [2526]  INFO RPI vc4.cpp:620 Sensor: /base/soc/i2c0mux/i2c@1/imx219@10 - Selected sensor format: 3280x2464-SBGGR10_1X10/RAW - Selected unicam format: 3280x2464-pBAA/RAW

========================================
 HYDROPONIC MULTIMODAL DATA COLLECTOR
========================================

Capture event: 2026-08-30 14:45:03

========================================
Reading ESP32 sensors...
========================================
Sensor record received:
{
  "water_temp": 30.31,
  "room_temp": 33.0,
  "humidity": 65.2,
  "ph": 6.35,
  "ph_voltage": 2.6833,
  "ec": 1.485,
  "tds": 742.4,
  "tds_voltage": 2.2114,
  "water_level": "OK"
}

========================================
Capturing camera image...
========================================
Waiting for exposure and white balance...

Image saved:
/hydroponic_project/data_collection/images/lettuce_20260830_144503.jpg

========================================
Cropping P01-P12...
========================================
P01 created
P02 created
P03 created
P04 created
P05 created
P06 created
P07 created
P08 created
P09 created
P10 created
P11 created
P12 created

========================================
Saving multimodal dataset...
========================================

12 multimodal samples saved.

CSV:
/hydroponic_project/data_collection/multimodal_dataset.csv

========================================
 COLLECTION COMPLETED
========================================

Timestamp : 2026-08-30 14:45:03
Plants    : 12
Image     : /hydroponic_project/data_collection/images/lettuce_20260830_144503.jpg
Dataset   : /hydroponic_project/data_collection/multimodal_dataset.csv

[8:33:48.346796025] [2549]  INFO Camera camera_manager.cpp:340 libcamera v0.7.1+rpt20260609
[8:33:48.399032956] [2552]  INFO RPI pipeline_base.cpp:1133 Using configuration file '/usr/share/libcamera/pipeline/rpi/vc4/rpi_apps.yaml'
[8:33:48.449644464] [2552]  INFO IPAProxy ipa_proxy.cpp:184 Using tuning file /usr/share/libcamera/ipa/rpi/vc4/imx219.json
[8:33:48.455700159] [2552]  INFO Camera camera_manager.cpp:223 Adding camera '/base/soc/i2c0mux/i2c@1/imx219@10' for pipeline handler rpi/vc4
[8:33:48.455793972] [2552]  INFO RPI vc4.cpp:445 Registered camera /base/soc/i2c0mux/i2c@1/imx219@10 to Unicam device /dev/media0 and ISP device /dev/media2
[8:33:48.462331049] [2549]  INFO Camera camera.cpp:1216 configuring streams: (0) 3280x2464-BGR888/sRGB (1) 3280x2464-SBGGR10_CSI2P/RAW
[8:33:48.462813635] [2552]  INFO RPI vc4.cpp:620 Sensor: /base/soc/i2c0mux/i2c@1/imx219@10 - Selected sensor format: 3280x2464-SBGGR10_1X10/RAW - Selected unicam format: 3280x2464-pBAA/RAW

========================================
 HYDROPONIC MULTIMODAL DATA COLLECTOR
========================================

Capture event: 2026-08-30 15:00:04

========================================
Reading ESP32 sensors...
========================================
Sensor record received:
{
  "water_temp": 30.31,
  "room_temp": 32.9,
  "humidity": 66.7,
  "ph": 6.36,
  "ph_voltage": 2.6825,
  "ec": 1.479,
  "tds": 739.6,
  "tds_voltage": 2.2061,
  "water_level": "OK"
}

========================================
Capturing camera image...
========================================
Waiting for exposure and white balance...

Image saved:
/hydroponic_project/data_collection/images/lettuce_20260830_150004.jpg

========================================
Cropping P01-P12...
========================================
P01 created
P02 created
P03 created
P04 created
P05 created
P06 created
P07 created
P08 created
P09 created
P10 created
P11 created
P12 created

========================================
Saving multimodal dataset...
========================================

12 multimodal samples saved.

CSV:
/hydroponic_project/data_collection/multimodal_dataset.csv

========================================
 COLLECTION COMPLETED
========================================

Timestamp : 2026-08-30 15:00:04
Plants    : 12
Image     : /hydroponic_project/data_collection/images/lettuce_20260830_150004.jpg
Dataset   : /hydroponic_project/data_collection/multimodal_dataset.csv

[8:50:51.113478584] [2572]  INFO Camera camera_manager.cpp:340 libcamera v0.7.1+rpt20260609
[8:50:51.165930080] [2582]  INFO RPI pipeline_base.cpp:1133 Using configuration file '/usr/share/libcamera/pipeline/rpi/vc4/rpi_apps.yaml'
[8:50:51.197814035] [2582]  INFO IPAProxy ipa_proxy.cpp:184 Using tuning file /usr/share/libcamera/ipa/rpi/vc4/imx219.json
[8:50:51.203918319] [2582]  INFO Camera camera_manager.cpp:223 Adding camera '/base/soc/i2c0mux/i2c@1/imx219@10' for pipeline handler rpi/vc4
[8:50:51.204050909] [2582]  INFO RPI vc4.cpp:445 Registered camera /base/soc/i2c0mux/i2c@1/imx219@10 to Unicam device /dev/media0 and ISP device /dev/media2
[8:50:51.210635427] [2572]  INFO Camera camera.cpp:1216 configuring streams: (0) 3280x2464-BGR888/sRGB (1) 3280x2464-SBGGR10_CSI2P/RAW
[8:50:51.211126420] [2582]  INFO RPI vc4.cpp:620 Sensor: /base/soc/i2c0mux/i2c@1/imx219@10 - Selected sensor format: 3280x2464-SBGGR10_1X10/RAW - Selected unicam format: 3280x2464-pBAA/RAW

========================================
 HYDROPONIC MULTIMODAL DATA COLLECTOR
========================================

Capture event: 2026-08-30 15:15:03

========================================
Reading ESP32 sensors...
========================================
Sensor record received:
{
  "water_temp": 30.37,
  "room_temp": 32.8,
  "humidity": 66.6,
  "ph": 6.36,
  "ph_voltage": 2.6821,
  "ec": 1.472,
  "tds": 735.9,
  "tds_voltage": 2.2019,
  "water_level": "OK"
}

========================================
Capturing camera image...
========================================
Waiting for exposure and white balance...

Image saved:
/hydroponic_project/data_collection/images/lettuce_20260830_151503.jpg

========================================
Cropping P01-P12...
========================================
P01 created
P02 created
P03 created
P04 created
P05 created
P06 created
P07 created
P08 created
P09 created
P10 created
P11 created
P12 created

========================================
Saving multimodal dataset...
========================================

12 multimodal samples saved.

CSV:
/hydroponic_project/data_collection/multimodal_dataset.csv

========================================
 COLLECTION COMPLETED
========================================

Timestamp : 2026-08-30 15:15:03
Plants    : 12
Image     : /hydroponic_project/data_collection/images/lettuce_20260830_151503.jpg
Dataset   : /hydroponic_project/data_collection/multimodal_dataset.csv

[9:04:00.841915494] [2600]  INFO Camera camera_manager.cpp:340 libcamera v0.7.1+rpt20260609
[9:04:00.894096478] [2603]  INFO RPI pipeline_base.cpp:1133 Using configuration file '/usr/share/libcamera/pipeline/rpi/vc4/rpi_apps.yaml'
[9:04:00.947719345] [2603]  INFO IPAProxy ipa_proxy.cpp:184 Using tuning file /usr/share/libcamera/ipa/rpi/vc4/imx219.json
[9:04:00.953761333] [2603]  INFO Camera camera_manager.cpp:223 Adding camera '/base/soc/i2c0mux/i2c@1/imx219@10' for pipeline handler rpi/vc4
[9:04:00.953852221] [2603]  INFO RPI vc4.cpp:445 Registered camera /base/soc/i2c0mux/i2c@1/imx219@10 to Unicam device /dev/media0 and ISP device /dev/media2
[9:04:00.960520401] [2600]  INFO Camera camera.cpp:1216 configuring streams: (0) 3280x2464-BGR888/sRGB (1) 3280x2464-SBGGR10_CSI2P/RAW
[9:04:00.961000152] [2603]  INFO RPI vc4.cpp:620 Sensor: /base/soc/i2c0mux/i2c@1/imx219@10 - Selected sensor format: 3280x2464-SBGGR10_1X10/RAW - Selected unicam format: 3280x2464-pBAA/RAW

========================================
 HYDROPONIC MULTIMODAL DATA COLLECTOR
========================================

Capture event: 2026-08-30 15:30:04

========================================
Reading ESP32 sensors...
========================================
Sensor record received:
{
  "water_temp": 30.37,
  "room_temp": 32.8,
  "humidity": 65.9,
  "ph": 6.39,
  "ph_voltage": 2.6769,
  "ec": 1.469,
  "tds": 734.5,
  "tds_voltage": 2.1994,
  "water_level": "OK"
}

========================================
Capturing camera image...
========================================
Waiting for exposure and white balance...

Image saved:
/hydroponic_project/data_collection/images/lettuce_20260830_153004.jpg

========================================
Cropping P01-P12...
========================================
P01 created
P02 created
P03 created
P04 created
P05 created
P06 created
P07 created
P08 created
P09 created
P10 created
P11 created
P12 created

========================================
Saving multimodal dataset...
========================================

12 multimodal samples saved.

CSV:
/hydroponic_project/data_collection/multimodal_dataset.csv

========================================
 COLLECTION COMPLETED
========================================

Timestamp : 2026-08-30 15:30:04
Plants    : 12
Image     : /hydroponic_project/data_collection/images/lettuce_20260830_153004.jpg
Dataset   : /hydroponic_project/data_collection/multimodal_dataset.csv

[9:18:28.264100786] [2622]  INFO Camera camera_manager.cpp:340 libcamera v0.7.1+rpt20260609
[9:18:28.282443171] [2625]  INFO RPI pipeline_base.cpp:1133 Using configuration file '/usr/share/libcamera/pipeline/rpi/vc4/rpi_apps.yaml'
[9:18:28.309171187] [2625]  INFO IPAProxy ipa_proxy.cpp:184 Using tuning file /usr/share/libcamera/ipa/rpi/vc4/imx219.json
[9:18:28.315141484] [2625]  INFO Camera camera_manager.cpp:223 Adding camera '/base/soc/i2c0mux/i2c@1/imx219@10' for pipeline handler rpi/vc4
[9:18:28.315236427] [2625]  INFO RPI vc4.cpp:445 Registered camera /base/soc/i2c0mux/i2c@1/imx219@10 to Unicam device /dev/media0 and ISP device /dev/media2
[9:18:28.321921639] [2622]  INFO Camera camera.cpp:1216 configuring streams: (0) 3280x2464-BGR888/sRGB (1) 3280x2464-SBGGR10_CSI2P/RAW
[9:18:28.322381854] [2625]  INFO RPI vc4.cpp:620 Sensor: /base/soc/i2c0mux/i2c@1/imx219@10 - Selected sensor format: 3280x2464-SBGGR10_1X10/RAW - Selected unicam format: 3280x2464-pBAA/RAW

========================================
 HYDROPONIC MULTIMODAL DATA COLLECTOR
========================================

Capture event: 2026-08-30 15:45:03

========================================
Reading ESP32 sensors...
========================================
Sensor record received:
{
  "water_temp": 30.37,
  "room_temp": 32.6,
  "humidity": 65.2,
  "ph": 6.43,
  "ph_voltage": 2.6718,
  "ec": 1.465,
  "tds": 732.4,
  "tds_voltage": 2.1955,
  "water_level": "OK"
}

========================================
Capturing camera image...
========================================
Waiting for exposure and white balance...

Image saved:
/hydroponic_project/data_collection/images/lettuce_20260830_154503.jpg

========================================
Cropping P01-P12...
========================================
P01 created
P02 created
P03 created
P04 created
P05 created
P06 created
P07 created
P08 created
P09 created
P10 created
P11 created
P12 created

========================================
Saving multimodal dataset...
========================================

12 multimodal samples saved.

CSV:
/hydroponic_project/data_collection/multimodal_dataset.csv

========================================
 COLLECTION COMPLETED
========================================

Timestamp : 2026-08-30 15:45:03
Plants    : 12
Image     : /hydroponic_project/data_collection/images/lettuce_20260830_154503.jpg
Dataset   : /hydroponic_project/data_collection/multimodal_dataset.csv

[9:33:21.573192193] [2645]  INFO Camera camera_manager.cpp:340 libcamera v0.7.1+rpt20260609
[9:33:21.625610408] [2648]  INFO RPI pipeline_base.cpp:1133 Using configuration file '/usr/share/libcamera/pipeline/rpi/vc4/rpi_apps.yaml'
[9:33:21.676887121] [2648]  INFO IPAProxy ipa_proxy.cpp:184 Using tuning file /usr/share/libcamera/ipa/rpi/vc4/imx219.json
[9:33:21.682983938] [2648]  INFO Camera camera_manager.cpp:223 Adding camera '/base/soc/i2c0mux/i2c@1/imx219@10' for pipeline handler rpi/vc4
[9:33:21.683079047] [2648]  INFO RPI vc4.cpp:445 Registered camera /base/soc/i2c0mux/i2c@1/imx219@10 to Unicam device /dev/media0 and ISP device /dev/media2
[9:33:21.689652634] [2645]  INFO Camera camera.cpp:1216 configuring streams: (0) 3280x2464-BGR888/sRGB (1) 3280x2464-SBGGR10_CSI2P/RAW
[9:33:21.690113146] [2648]  INFO RPI vc4.cpp:620 Sensor: /base/soc/i2c0mux/i2c@1/imx219@10 - Selected sensor format: 3280x2464-SBGGR10_1X10/RAW - Selected unicam format: 3280x2464-pBAA/RAW

========================================
 HYDROPONIC MULTIMODAL DATA COLLECTOR
========================================

Capture event: 2026-08-30 16:00:04

========================================
Reading ESP32 sensors...
========================================
Sensor record received:
{
  "water_temp": 30.37,
  "room_temp": 32.8,
  "humidity": 64.8,
  "ph": 6.38,
  "ph_voltage": 2.6793,
  "ec": 1.461,
  "tds": 730.4,
  "tds_voltage": 2.1916,
  "water_level": "OK"
}

========================================
Capturing camera image...
========================================
Waiting for exposure and white balance...

Image saved:
/hydroponic_project/data_collection/images/lettuce_20260830_160004.jpg

========================================
Cropping P01-P12...
========================================
P01 created
P02 created
P03 created
P04 created
P05 created
P06 created
P07 created
P08 created
P09 created
P10 created
P11 created
P12 created

========================================
Saving multimodal dataset...
========================================

12 multimodal samples saved.

CSV:
/hydroponic_project/data_collection/multimodal_dataset.csv

========================================
 COLLECTION COMPLETED
========================================

Timestamp : 2026-08-30 16:00:04
Plants    : 12
Image     : /hydroponic_project/data_collection/images/lettuce_20260830_160004.jpg
Dataset   : /hydroponic_project/data_collection/multimodal_dataset.csv

[9:48:27.827798590] [2669]  INFO Camera camera_manager.cpp:340 libcamera v0.7.1+rpt20260609
[9:48:27.874116529] [2672]  INFO RPI pipeline_base.cpp:1133 Using configuration file '/usr/share/libcamera/pipeline/rpi/vc4/rpi_apps.yaml'
[9:48:27.936296824] [2672]  INFO IPAProxy ipa_proxy.cpp:184 Using tuning file /usr/share/libcamera/ipa/rpi/vc4/imx219.json
[9:48:27.942501787] [2672]  INFO Camera camera_manager.cpp:223 Adding camera '/base/soc/i2c0mux/i2c@1/imx219@10' for pipeline handler rpi/vc4
[9:48:27.942591767] [2672]  INFO RPI vc4.cpp:445 Registered camera /base/soc/i2c0mux/i2c@1/imx219@10 to Unicam device /dev/media0 and ISP device /dev/media2
[9:48:27.949209927] [2669]  INFO Camera camera.cpp:1216 configuring streams: (0) 3280x2464-BGR888/sRGB (1) 3280x2464-SBGGR10_CSI2P/RAW
[9:48:27.949661087] [2672]  INFO RPI vc4.cpp:620 Sensor: /base/soc/i2c0mux/i2c@1/imx219@10 - Selected sensor format: 3280x2464-SBGGR10_1X10/RAW - Selected unicam format: 3280x2464-pBAA/RAW

========================================
 HYDROPONIC MULTIMODAL DATA COLLECTOR
========================================

Capture event: 2026-08-30 16:15:03

========================================
Reading ESP32 sensors...
========================================
Sensor record received:
{
  "water_temp": 30.37,
  "room_temp": 32.4,
  "humidity": 66.4,
  "ph": 6.38,
  "ph_voltage": 2.6784,
  "ec": 1.479,
  "tds": 739.4,
  "tds_voltage": 2.2083,
  "water_level": "OK"
}

========================================
Capturing camera image...
========================================
Waiting for exposure and white balance...

Image saved:
/hydroponic_project/data_collection/images/lettuce_20260830_161503.jpg

========================================
Cropping P01-P12...
========================================
P01 created
P02 created
P03 created
P04 created
P05 created
P06 created
P07 created
P08 created
P09 created
P10 created
P11 created
P12 created

========================================
Saving multimodal dataset...
========================================

12 multimodal samples saved.

CSV:
/hydroponic_project/data_collection/multimodal_dataset.csv

========================================
 COLLECTION COMPLETED
========================================

Timestamp : 2026-08-30 16:15:03
Plants    : 12
Image     : /hydroponic_project/data_collection/images/lettuce_20260830_161503.jpg
Dataset   : /hydroponic_project/data_collection/multimodal_dataset.csv

[10:03:21.134671651] [2697]  INFO Camera camera_manager.cpp:340 libcamera v0.7.1+rpt20260609
[10:03:21.179141489] [2702]  INFO RPI pipeline_base.cpp:1133 Using configuration file '/usr/share/libcamera/pipeline/rpi/vc4/rpi_apps.yaml'
[10:03:21.232717172] [2702]  INFO IPAProxy ipa_proxy.cpp:184 Using tuning file /usr/share/libcamera/ipa/rpi/vc4/imx219.json
[10:03:21.245141265] [2702]  INFO Camera camera_manager.cpp:223 Adding camera '/base/soc/i2c0mux/i2c@1/imx219@10' for pipeline handler rpi/vc4
[10:03:21.245283855] [2702]  INFO RPI vc4.cpp:445 Registered camera /base/soc/i2c0mux/i2c@1/imx219@10 to Unicam device /dev/media0 and ISP device /dev/media2
[10:03:21.258475603] [2697]  INFO Camera camera.cpp:1216 configuring streams: (0) 3280x2464-BGR888/sRGB (1) 3280x2464-SBGGR10_CSI2P/RAW
[10:03:21.259355516] [2702]  INFO RPI vc4.cpp:620 Sensor: /base/soc/i2c0mux/i2c@1/imx219@10 - Selected sensor format: 3280x2464-SBGGR10_1X10/RAW - Selected unicam format: 3280x2464-pBAA/RAW

========================================
 HYDROPONIC MULTIMODAL DATA COLLECTOR
========================================

Capture event: 2026-08-30 16:30:03

========================================
Reading ESP32 sensors...
========================================
Sensor record received:
{
  "water_temp": 30.31,
  "room_temp": 32.3,
  "humidity": 66.9,
  "ph": 6.37,
  "ph_voltage": 2.6804,
  "ec": 1.504,
  "tds": 751.8,
  "tds_voltage": 2.2284,
  "water_level": "OK"
}

========================================
Capturing camera image...
========================================
Waiting for exposure and white balance...

Image saved:
/hydroponic_project/data_collection/images/lettuce_20260830_163003.jpg

========================================
Cropping P01-P12...
========================================
P01 created
P02 created
P03 created
P04 created
P05 created
P06 created
P07 created
P08 created
P09 created
P10 created
P11 created
P12 created

========================================
Saving multimodal dataset...
========================================

12 multimodal samples saved.

CSV:
/hydroponic_project/data_collection/multimodal_dataset.csv

========================================
 COLLECTION COMPLETED
========================================

Timestamp : 2026-08-30 16:30:03
Plants    : 12
Image     : /hydroponic_project/data_collection/images/lettuce_20260830_163003.jpg
Dataset   : /hydroponic_project/data_collection/multimodal_dataset.csv

[10:18:27.380581622] [2721]  INFO Camera camera_manager.cpp:340 libcamera v0.7.1+rpt20260609
[10:18:27.432997693] [2724]  INFO RPI pipeline_base.cpp:1133 Using configuration file '/usr/share/libcamera/pipeline/rpi/vc4/rpi_apps.yaml'
[10:18:27.482266193] [2724]  INFO IPAProxy ipa_proxy.cpp:184 Using tuning file /usr/share/libcamera/ipa/rpi/vc4/imx219.json
[10:18:27.488382654] [2724]  INFO Camera camera_manager.cpp:223 Adding camera '/base/soc/i2c0mux/i2c@1/imx219@10' for pipeline handler rpi/vc4
[10:18:27.488473819] [2724]  INFO RPI vc4.cpp:445 Registered camera /base/soc/i2c0mux/i2c@1/imx219@10 to Unicam device /dev/media0 and ISP device /dev/media2
[10:18:27.495022238] [2721]  INFO Camera camera.cpp:1216 configuring streams: (0) 3280x2464-BGR888/sRGB (1) 3280x2464-SBGGR10_CSI2P/RAW
[10:18:27.495478307] [2724]  INFO RPI vc4.cpp:620 Sensor: /base/soc/i2c0mux/i2c@1/imx219@10 - Selected sensor format: 3280x2464-SBGGR10_1X10/RAW - Selected unicam format: 3280x2464-pBAA/RAW

========================================
 HYDROPONIC MULTIMODAL DATA COLLECTOR
========================================

Capture event: 2026-08-30 16:45:04

========================================
Reading ESP32 sensors...
========================================
Sensor record received:
{
  "water_temp": 30.25,
  "room_temp": 32.0,
  "humidity": 67.5,
  "ph": 6.35,
  "ph_voltage": 2.6844,
  "ec": 1.504,
  "tds": 751.9,
  "tds_voltage": 2.226,
  "water_level": "OK"
}

========================================
Capturing camera image...
========================================
Waiting for exposure and white balance...

Image saved:
/hydroponic_project/data_collection/images/lettuce_20260830_164504.jpg

========================================
Cropping P01-P12...
========================================
P01 created
P02 created
P03 created
P04 created
P05 created
P06 created
P07 created
P08 created
P09 created
P10 created
P11 created
P12 created

========================================
Saving multimodal dataset...
========================================

12 multimodal samples saved.

CSV:
/hydroponic_project/data_collection/multimodal_dataset.csv

========================================
 COLLECTION COMPLETED
========================================

Timestamp : 2026-08-30 16:45:04
Plants    : 12
Image     : /hydroponic_project/data_collection/images/lettuce_20260830_164504.jpg
Dataset   : /hydroponic_project/data_collection/multimodal_dataset.csv

[10:33:20.696980279] [2754]  INFO Camera camera_manager.cpp:340 libcamera v0.7.1+rpt20260609
[10:33:20.744984125] [2757]  INFO RPI pipeline_base.cpp:1133 Using configuration file '/usr/share/libcamera/pipeline/rpi/vc4/rpi_apps.yaml'
[10:33:20.785539257] [2757]  INFO IPAProxy ipa_proxy.cpp:184 Using tuning file /usr/share/libcamera/ipa/rpi/vc4/imx219.json
[10:33:20.794747761] [2757]  INFO Camera camera_manager.cpp:223 Adding camera '/base/soc/i2c0mux/i2c@1/imx219@10' for pipeline handler rpi/vc4
[10:33:20.794867833] [2757]  INFO RPI vc4.cpp:445 Registered camera /base/soc/i2c0mux/i2c@1/imx219@10 to Unicam device /dev/media0 and ISP device /dev/media2
[10:33:20.804927455] [2754]  INFO Camera camera.cpp:1216 configuring streams: (0) 3280x2464-BGR888/sRGB (1) 3280x2464-SBGGR10_CSI2P/RAW
[10:33:20.805533725] [2757]  INFO RPI vc4.cpp:620 Sensor: /base/soc/i2c0mux/i2c@1/imx219@10 - Selected sensor format: 3280x2464-SBGGR10_1X10/RAW - Selected unicam format: 3280x2464-pBAA/RAW

========================================
 HYDROPONIC MULTIMODAL DATA COLLECTOR
========================================

Capture event: 2026-08-30 17:00:03

========================================
Reading ESP32 sensors...
========================================
Sensor record received:
{
  "water_temp": 30.25,
  "room_temp": 31.9,
  "humidity": 68.7,
  "ph": 6.4,
  "ph_voltage": 2.6756,
  "ec": 1.5,
  "tds": 750.1,
  "tds_voltage": 2.2229,
  "water_level": "OK"
}

========================================
Capturing camera image...
========================================
Waiting for exposure and white balance...

Image saved:
/hydroponic_project/data_collection/images/lettuce_20260830_170003.jpg

========================================
Cropping P01-P12...
========================================
P01 created
P02 created
P03 created
P04 created
P05 created
P06 created
P07 created
P08 created
P09 created
P10 created
P11 created
P12 created

========================================
Saving multimodal dataset...
========================================

12 multimodal samples saved.

CSV:
/hydroponic_project/data_collection/multimodal_dataset.csv

========================================
 COLLECTION COMPLETED
========================================

Timestamp : 2026-08-30 17:00:03
Plants    : 12
Image     : /hydroponic_project/data_collection/images/lettuce_20260830_170003.jpg
Dataset   : /hydroponic_project/data_collection/multimodal_dataset.csv

[10:48:26.958749495] [2779]  INFO Camera camera_manager.cpp:340 libcamera v0.7.1+rpt20260609
[10:48:27.011084965] [2782]  INFO RPI pipeline_base.cpp:1133 Using configuration file '/usr/share/libcamera/pipeline/rpi/vc4/rpi_apps.yaml'
[10:48:27.058481702] [2782]  INFO IPAProxy ipa_proxy.cpp:184 Using tuning file /usr/share/libcamera/ipa/rpi/vc4/imx219.json
[10:48:27.064458196] [2782]  INFO Camera camera_manager.cpp:223 Adding camera '/base/soc/i2c0mux/i2c@1/imx219@10' for pipeline handler rpi/vc4
[10:48:27.064553454] [2782]  INFO RPI vc4.cpp:445 Registered camera /base/soc/i2c0mux/i2c@1/imx219@10 to Unicam device /dev/media0 and ISP device /dev/media2
[10:48:27.071140716] [2779]  INFO Camera camera.cpp:1216 configuring streams: (0) 3280x2464-BGR888/sRGB (1) 3280x2464-SBGGR10_CSI2P/RAW
[10:48:27.071611060] [2782]  INFO RPI vc4.cpp:620 Sensor: /base/soc/i2c0mux/i2c@1/imx219@10 - Selected sensor format: 3280x2464-SBGGR10_1X10/RAW - Selected unicam format: 3280x2464-pBAA/RAW

========================================
 HYDROPONIC MULTIMODAL DATA COLLECTOR
========================================

Capture event: 2026-08-30 17:15:03

========================================
Reading ESP32 sensors...
========================================
Sensor record received:
{
  "water_temp": 30.19,
  "room_temp": 31.8,
  "humidity": 68.6,
  "ph": 6.28,
  "ph_voltage": 2.6949,
  "ec": 1.494,
  "tds": 747.1,
  "tds_voltage": 2.2149,
  "water_level": "OK"
}

========================================
Capturing camera image...
========================================
Waiting for exposure and white balance...

Image saved:
/hydroponic_project/data_collection/images/lettuce_20260830_171503.jpg

========================================
Cropping P01-P12...
========================================
P01 created
P02 created
P03 created
P04 created
P05 created
P06 created
P07 created
P08 created
P09 created
P10 created
P11 created
P12 created

========================================
Saving multimodal dataset...
========================================

12 multimodal samples saved.

CSV:
/hydroponic_project/data_collection/multimodal_dataset.csv

========================================
 COLLECTION COMPLETED
========================================

Timestamp : 2026-08-30 17:15:03
Plants    : 12
Image     : /hydroponic_project/data_collection/images/lettuce_20260830_171503.jpg
Dataset   : /hydroponic_project/data_collection/multimodal_dataset.csv

[11:03:20.278978179] [2807]  INFO Camera camera_manager.cpp:340 libcamera v0.7.1+rpt20260609
[11:03:20.328087513] [2810]  INFO RPI pipeline_base.cpp:1133 Using configuration file '/usr/share/libcamera/pipeline/rpi/vc4/rpi_apps.yaml'
[11:03:20.368694753] [2810]  INFO IPAProxy ipa_proxy.cpp:184 Using tuning file /usr/share/libcamera/ipa/rpi/vc4/imx219.json
[11:03:20.378011483] [2810]  INFO Camera camera_manager.cpp:223 Adding camera '/base/soc/i2c0mux/i2c@1/imx219@10' for pipeline handler rpi/vc4
[11:03:20.378132593] [2810]  INFO RPI vc4.cpp:445 Registered camera /base/soc/i2c0mux/i2c@1/imx219@10 to Unicam device /dev/media0 and ISP device /dev/media2
[11:03:20.388182238] [2807]  INFO Camera camera.cpp:1216 configuring streams: (0) 3280x2464-BGR888/sRGB (1) 3280x2464-SBGGR10_CSI2P/RAW
[11:03:20.388779766] [2810]  INFO RPI vc4.cpp:620 Sensor: /base/soc/i2c0mux/i2c@1/imx219@10 - Selected sensor format: 3280x2464-SBGGR10_1X10/RAW - Selected unicam format: 3280x2464-pBAA/RAW

========================================
 HYDROPONIC MULTIMODAL DATA COLLECTOR
========================================

Capture event: 2026-08-30 17:30:04

========================================
Reading ESP32 sensors...
========================================
Sensor record received:
{
  "water_temp": 30.06,
  "room_temp": 31.5,
  "humidity": 69.3,
  "ph": 6.35,
  "ph_voltage": 2.6834,
  "ec": 1.495,
  "tds": 747.7,
  "tds_voltage": 2.2109,
  "water_level": "OK"
}

========================================
Capturing camera image...
========================================
Waiting for exposure and white balance...

Image saved:
/hydroponic_project/data_collection/images/lettuce_20260830_173004.jpg

========================================
Cropping P01-P12...
========================================
P01 created
P02 created
P03 created
P04 created
P05 created
P06 created
P07 created
P08 created
P09 created
P10 created
P11 created
P12 created

========================================
Saving multimodal dataset...
========================================

12 multimodal samples saved.

CSV:
/hydroponic_project/data_collection/multimodal_dataset.csv

========================================
 COLLECTION COMPLETED
========================================

Timestamp : 2026-08-30 17:30:04
Plants    : 12
Image     : /hydroponic_project/data_collection/images/lettuce_20260830_173004.jpg
Dataset   : /hydroponic_project/data_collection/multimodal_dataset.csv

[11:18:26.546540719] [2833]  INFO Camera camera_manager.cpp:340 libcamera v0.7.1+rpt20260609
[11:18:26.590384556] [2837]  INFO RPI pipeline_base.cpp:1133 Using configuration file '/usr/share/libcamera/pipeline/rpi/vc4/rpi_apps.yaml'
[11:18:26.644629604] [2837]  INFO IPAProxy ipa_proxy.cpp:184 Using tuning file /usr/share/libcamera/ipa/rpi/vc4/imx219.json
[11:18:26.657216753] [2837]  INFO Camera camera_manager.cpp:223 Adding camera '/base/soc/i2c0mux/i2c@1/imx219@10' for pipeline handler rpi/vc4
[11:18:26.657358010] [2837]  INFO RPI vc4.cpp:445 Registered camera /base/soc/i2c0mux/i2c@1/imx219@10 to Unicam device /dev/media0 and ISP device /dev/media2
[11:18:26.666990156] [2833]  INFO Camera camera.cpp:1216 configuring streams: (0) 3280x2464-BGR888/sRGB (1) 3280x2464-SBGGR10_CSI2P/RAW
[11:18:26.667463873] [2837]  INFO RPI vc4.cpp:620 Sensor: /base/soc/i2c0mux/i2c@1/imx219@10 - Selected sensor format: 3280x2464-SBGGR10_1X10/RAW - Selected unicam format: 3280x2464-pBAA/RAW

========================================
 HYDROPONIC MULTIMODAL DATA COLLECTOR
========================================

Capture event: 2026-08-30 17:45:03

========================================
Reading ESP32 sensors...
========================================
Sensor record received:
{
  "water_temp": 30.0,
  "room_temp": 31.3,
  "humidity": 70.5,
  "ph": 6.39,
  "ph_voltage": 2.6783,
  "ec": 1.494,
  "tds": 746.9,
  "tds_voltage": 2.207,
  "water_level": "OK"
}

========================================
Capturing camera image...
========================================
Waiting for exposure and white balance...

Image saved:
/hydroponic_project/data_collection/images/lettuce_20260830_174503.jpg

========================================
Cropping P01-P12...
========================================
P01 created
P02 created
P03 created
P04 created
P05 created
P06 created
P07 created
P08 created
P09 created
P10 created
P11 created
P12 created

========================================
Saving multimodal dataset...
========================================

12 multimodal samples saved.

CSV:
/hydroponic_project/data_collection/multimodal_dataset.csv

========================================
 COLLECTION COMPLETED
========================================

Timestamp : 2026-08-30 17:45:03
Plants    : 12
Image     : /hydroponic_project/data_collection/images/lettuce_20260830_174503.jpg
Dataset   : /hydroponic_project/data_collection/multimodal_dataset.csv

[11:33:19.861111606] [2858]  INFO Camera camera_manager.cpp:340 libcamera v0.7.1+rpt20260609
[11:33:19.914565757] [2861]  INFO RPI pipeline_base.cpp:1133 Using configuration file '/usr/share/libcamera/pipeline/rpi/vc4/rpi_apps.yaml'
[11:33:19.958908255] [2861]  INFO IPAProxy ipa_proxy.cpp:184 Using tuning file /usr/share/libcamera/ipa/rpi/vc4/imx219.json
[11:33:19.965021097] [2861]  INFO Camera camera_manager.cpp:223 Adding camera '/base/soc/i2c0mux/i2c@1/imx219@10' for pipeline handler rpi/vc4
[11:33:19.965114966] [2861]  INFO RPI vc4.cpp:445 Registered camera /base/soc/i2c0mux/i2c@1/imx219@10 to Unicam device /dev/media0 and ISP device /dev/media2
[11:33:19.971569599] [2858]  INFO Camera camera.cpp:1216 configuring streams: (0) 3280x2464-BGR888/sRGB (1) 3280x2464-SBGGR10_CSI2P/RAW
[11:33:19.972056296] [2861]  INFO RPI vc4.cpp:620 Sensor: /base/soc/i2c0mux/i2c@1/imx219@10 - Selected sensor format: 3280x2464-SBGGR10_1X10/RAW - Selected unicam format: 3280x2464-pBAA/RAW

========================================
 HYDROPONIC MULTIMODAL DATA COLLECTOR
========================================

Capture event: 2026-08-30 18:00:03

========================================
Reading ESP32 sensors...
========================================
Sensor record received:
{
  "water_temp": 29.94,
  "room_temp": 31.2,
  "humidity": 70.5,
  "ph": 6.41,
  "ph_voltage": 2.6736,
  "ec": 1.493,
  "tds": 746.3,
  "tds_voltage": 2.2034,
  "water_level": "OK"
}

========================================
Capturing camera image...
========================================
Waiting for exposure and white balance...

Image saved:
/hydroponic_project/data_collection/images/lettuce_20260830_180003.jpg

========================================
Cropping P01-P12...
========================================
P01 created
P02 created
P03 created
P04 created
P05 created
P06 created
P07 created
P08 created
P09 created
P10 created
P11 created
P12 created

========================================
Saving multimodal dataset...
========================================

12 multimodal samples saved.

CSV:
/hydroponic_project/data_collection/multimodal_dataset.csv

========================================
 COLLECTION COMPLETED
========================================

Timestamp : 2026-08-30 18:00:03
Plants    : 12
Image     : /hydroponic_project/data_collection/images/lettuce_20260830_180003.jpg
Dataset   : /hydroponic_project/data_collection/multimodal_dataset.csv

[11:48:26.094095494] [2881]  INFO Camera camera_manager.cpp:340 libcamera v0.7.1+rpt20260609
[11:48:26.112361346] [2884]  INFO RPI pipeline_base.cpp:1133 Using configuration file '/usr/share/libcamera/pipeline/rpi/vc4/rpi_apps.yaml'
[11:48:26.139213965] [2884]  INFO IPAProxy ipa_proxy.cpp:184 Using tuning file /usr/share/libcamera/ipa/rpi/vc4/imx219.json
[11:48:26.145211084] [2884]  INFO Camera camera_manager.cpp:223 Adding camera '/base/soc/i2c0mux/i2c@1/imx219@10' for pipeline handler rpi/vc4
[11:48:26.145309323] [2884]  INFO RPI vc4.cpp:445 Registered camera /base/soc/i2c0mux/i2c@1/imx219@10 to Unicam device /dev/media0 and ISP device /dev/media2
[11:48:26.151851212] [2881]  INFO Camera camera.cpp:1216 configuring streams: (0) 3280x2464-BGR888/sRGB (1) 3280x2464-SBGGR10_CSI2P/RAW
[11:48:26.152359927] [2884]  INFO RPI vc4.cpp:620 Sensor: /base/soc/i2c0mux/i2c@1/imx219@10 - Selected sensor format: 3280x2464-SBGGR10_1X10/RAW - Selected unicam format: 3280x2464-pBAA/RAW

========================================
 HYDROPONIC MULTIMODAL DATA COLLECTOR
========================================

Capture event: 2026-08-30 18:15:04

========================================
Reading ESP32 sensors...
========================================
Sensor record received:
{
  "water_temp": 29.87,
  "room_temp": 31.1,
  "humidity": 71.1,
  "ph": 6.41,
  "ph_voltage": 2.6744,
  "ec": 1.492,
  "tds": 745.9,
  "tds_voltage": 2.2001,
  "water_level": "OK"
}

========================================
Capturing camera image...
========================================
Waiting for exposure and white balance...

Image saved:
/hydroponic_project/data_collection/images/lettuce_20260830_181504.jpg

========================================
Cropping P01-P12...
========================================
P01 created
P02 created
P03 created
P04 created
P05 created
P06 created
P07 created
P08 created
P09 created
P10 created
P11 created
P12 created

========================================
Saving multimodal dataset...
========================================

12 multimodal samples saved.

CSV:
/hydroponic_project/data_collection/multimodal_dataset.csv

========================================
 COLLECTION COMPLETED
========================================

Timestamp : 2026-08-30 18:15:04
Plants    : 12
Image     : /hydroponic_project/data_collection/images/lettuce_20260830_181504.jpg
Dataset   : /hydroponic_project/data_collection/multimodal_dataset.csv

[12:03:19.380043999] [2909]  INFO Camera camera_manager.cpp:340 libcamera v0.7.1+rpt20260609
[12:03:19.432244571] [2912]  INFO RPI pipeline_base.cpp:1133 Using configuration file '/usr/share/libcamera/pipeline/rpi/vc4/rpi_apps.yaml'
[12:03:19.484333626] [2912]  INFO IPAProxy ipa_proxy.cpp:184 Using tuning file /usr/share/libcamera/ipa/rpi/vc4/imx219.json
[12:03:19.490372447] [2912]  INFO Camera camera_manager.cpp:223 Adding camera '/base/soc/i2c0mux/i2c@1/imx219@10' for pipeline handler rpi/vc4
[12:03:19.490467594] [2912]  INFO RPI vc4.cpp:445 Registered camera /base/soc/i2c0mux/i2c@1/imx219@10 to Unicam device /dev/media0 and ISP device /dev/media2
[12:03:19.497035871] [2909]  INFO Camera camera.cpp:1216 configuring streams: (0) 3280x2464-BGR888/sRGB (1) 3280x2464-SBGGR10_CSI2P/RAW
[12:03:19.497521345] [2912]  INFO RPI vc4.cpp:620 Sensor: /base/soc/i2c0mux/i2c@1/imx219@10 - Selected sensor format: 3280x2464-SBGGR10_1X10/RAW - Selected unicam format: 3280x2464-pBAA/RAW

========================================
 HYDROPONIC MULTIMODAL DATA COLLECTOR
========================================

Capture event: 2026-08-30 18:30:04

========================================
Reading ESP32 sensors...
========================================
Sensor record received:
{
  "water_temp": 29.81,
  "room_temp": 31.0,
  "humidity": 71.9,
  "ph": 6.3,
  "ph_voltage": 2.6921,
  "ec": 1.49,
  "tds": 745.0,
  "tds_voltage": 2.196,
  "water_level": "OK"
}

========================================
Capturing camera image...
========================================
Waiting for exposure and white balance...

Image saved:
/hydroponic_project/data_collection/images/lettuce_20260830_183004.jpg

========================================
Cropping P01-P12...
========================================
P01 created
P02 created
P03 created
P04 created
P05 created
P06 created
P07 created
P08 created
P09 created
P10 created
P11 created
P12 created

========================================
Saving multimodal dataset...
========================================

12 multimodal samples saved.

CSV:
/hydroponic_project/data_collection/multimodal_dataset.csv

========================================
 COLLECTION COMPLETED
========================================

Timestamp : 2026-08-30 18:30:04
Plants    : 12
Image     : /hydroponic_project/data_collection/images/lettuce_20260830_183004.jpg
Dataset   : /hydroponic_project/data_collection/multimodal_dataset.csv

[12:18:38.556900995] [2931]  INFO Camera camera_manager.cpp:340 libcamera v0.7.1+rpt20260609
[12:18:38.608846274] [2935]  INFO RPI pipeline_base.cpp:1133 Using configuration file '/usr/share/libcamera/pipeline/rpi/vc4/rpi_apps.yaml'
[12:18:38.657432952] [2935]  INFO IPAProxy ipa_proxy.cpp:184 Using tuning file /usr/share/libcamera/ipa/rpi/vc4/imx219.json
[12:18:38.663406867] [2935]  INFO Camera camera_manager.cpp:223 Adding camera '/base/soc/i2c0mux/i2c@1/imx219@10' for pipeline handler rpi/vc4
[12:18:38.663499088] [2935]  INFO RPI vc4.cpp:445 Registered camera /base/soc/i2c0mux/i2c@1/imx219@10 to Unicam device /dev/media0 and ISP device /dev/media2
[12:18:38.670014662] [2931]  INFO Camera camera.cpp:1216 configuring streams: (0) 3280x2464-BGR888/sRGB (1) 3280x2464-SBGGR10_CSI2P/RAW
[12:18:38.670476062] [2935]  INFO RPI vc4.cpp:620 Sensor: /base/soc/i2c0mux/i2c@1/imx219@10 - Selected sensor format: 3280x2464-SBGGR10_1X10/RAW - Selected unicam format: 3280x2464-pBAA/RAW

========================================
 HYDROPONIC MULTIMODAL DATA COLLECTOR
========================================

Capture event: 2026-08-30 18:45:03

========================================
Reading ESP32 sensors...
========================================
Sensor record received:
{
  "water_temp": 29.81,
  "room_temp": 30.8,
  "humidity": 71.9,
  "ph": 6.32,
  "ph_voltage": 2.6896,
  "ec": 1.487,
  "tds": 743.5,
  "tds_voltage": 2.1933,
  "water_level": "OK"
}

========================================
Capturing camera image...
========================================
Waiting for exposure and white balance...

Image saved:
/hydroponic_project/data_collection/images/lettuce_20260830_184503.jpg

========================================
Cropping P01-P12...
========================================
P01 created
P02 created
P03 created
P04 created
P05 created
P06 created
P07 created
P08 created
P09 created
P10 created
P11 created
P12 created

========================================
Saving multimodal dataset...
========================================

12 multimodal samples saved.

CSV:
/hydroponic_project/data_collection/multimodal_dataset.csv

========================================
 COLLECTION COMPLETED
========================================

Timestamp : 2026-08-30 18:45:03
Plants    : 12
Image     : /hydroponic_project/data_collection/images/lettuce_20260830_184503.jpg
Dataset   : /hydroponic_project/data_collection/multimodal_dataset.csv

[12:33:44.787177220] [2956]  INFO Camera camera_manager.cpp:340 libcamera v0.7.1+rpt20260609
[12:33:44.839322082] [2959]  INFO RPI pipeline_base.cpp:1133 Using configuration file '/usr/share/libcamera/pipeline/rpi/vc4/rpi_apps.yaml'
[12:33:44.889295829] [2959]  INFO IPAProxy ipa_proxy.cpp:184 Using tuning file /usr/share/libcamera/ipa/rpi/vc4/imx219.json
[12:33:44.895256999] [2959]  INFO Camera camera_manager.cpp:223 Adding camera '/base/soc/i2c0mux/i2c@1/imx219@10' for pipeline handler rpi/vc4
[12:33:44.895353497] [2959]  INFO RPI vc4.cpp:445 Registered camera /base/soc/i2c0mux/i2c@1/imx219@10 to Unicam device /dev/media0 and ISP device /dev/media2
[12:33:44.901992990] [2956]  INFO Camera camera.cpp:1216 configuring streams: (0) 3280x2464-BGR888/sRGB (1) 3280x2464-SBGGR10_CSI2P/RAW
[12:33:44.902453187] [2959]  INFO RPI vc4.cpp:620 Sensor: /base/soc/i2c0mux/i2c@1/imx219@10 - Selected sensor format: 3280x2464-SBGGR10_1X10/RAW - Selected unicam format: 3280x2464-pBAA/RAW

========================================
 HYDROPONIC MULTIMODAL DATA COLLECTOR
========================================

Capture event: 2026-08-30 19:00:03

========================================
Reading ESP32 sensors...
========================================
Sensor record received:
{
  "water_temp": 29.75,
  "room_temp": 30.9,
  "humidity": 72.5,
  "ph": 6.39,
  "ph_voltage": 2.678,
  "ec": 1.486,
  "tds": 743.1,
  "tds_voltage": 2.19,
  "water_level": "OK"
}

========================================
Capturing camera image...
========================================
Waiting for exposure and white balance...

Image saved:
/hydroponic_project/data_collection/images/lettuce_20260830_190003.jpg

========================================
Cropping P01-P12...
========================================
P01 created
P02 created
P03 created
P04 created
P05 created
P06 created
P07 created
P08 created
P09 created
P10 created
P11 created
P12 created

========================================
Saving multimodal dataset...
========================================

12 multimodal samples saved.

CSV:
/hydroponic_project/data_collection/multimodal_dataset.csv

========================================
 COLLECTION COMPLETED
========================================

Timestamp : 2026-08-30 19:00:03
Plants    : 12
Image     : /hydroponic_project/data_collection/images/lettuce_20260830_190003.jpg
Dataset   : /hydroponic_project/data_collection/multimodal_dataset.csv


========================================
 HYDROPONIC MULTIMODAL DATA COLLECTOR
========================================

Capture event: 2026-08-30 19:15:03

========================================
Reading ESP32 sensors...
========================================
Traceback (most recent call last):
  File "/hydroponic_project/data_collection/collect_sample.py", line 643, in <module>
    main()
    ~~~~^^
  File "/hydroponic_project/data_collection/collect_sample.py", line 576, in main
    sensor = read_sensor_record()
  File "/hydroponic_project/data_collection/collect_sample.py", line 99, in read_sensor_record
    line = ser.readline().decode(
           ~~~~~~~~~~~~^^
  File "/usr/lib/python3/dist-packages/serial/serialposix.py", line 595, in read
    raise SerialException(
        'device reports readiness to read but returned no data '
        '(device disconnected or multiple access on port?)')
serial.serialutil.SerialException: device reports readiness to read but returned no data (device disconnected or multiple access on port?)
[13:03:31.349060266] [3008]  INFO Camera camera_manager.cpp:340 libcamera v0.7.1+rpt20260609
[13:03:31.401241584] [3011]  INFO RPI pipeline_base.cpp:1133 Using configuration file '/usr/share/libcamera/pipeline/rpi/vc4/rpi_apps.yaml'
[13:03:31.445446450] [3011]  INFO IPAProxy ipa_proxy.cpp:184 Using tuning file /usr/share/libcamera/ipa/rpi/vc4/imx219.json
[13:03:31.451399637] [3011]  INFO Camera camera_manager.cpp:223 Adding camera '/base/soc/i2c0mux/i2c@1/imx219@10' for pipeline handler rpi/vc4
[13:03:31.451479932] [3011]  INFO RPI vc4.cpp:445 Registered camera /base/soc/i2c0mux/i2c@1/imx219@10 to Unicam device /dev/media0 and ISP device /dev/media2
[13:03:31.457984796] [3008]  INFO Camera camera.cpp:1216 configuring streams: (0) 3280x2464-BGR888/sRGB (1) 3280x2464-SBGGR10_CSI2P/RAW
[13:03:31.458421030] [3011]  INFO RPI vc4.cpp:620 Sensor: /base/soc/i2c0mux/i2c@1/imx219@10 - Selected sensor format: 3280x2464-SBGGR10_1X10/RAW - Selected unicam format: 3280x2464-pBAA/RAW

========================================
 HYDROPONIC MULTIMODAL DATA COLLECTOR
========================================

Capture event: 2026-08-30 19:30:03

========================================
Reading ESP32 sensors...
========================================
Sensor record received:
{
  "water_temp": 29.62,
  "room_temp": 30.9,
  "humidity": 72.5,
  "ph": 6.32,
  "ph_voltage": 2.6885,
  "ec": 1.54,
  "tds": 770.1,
  "tds_voltage": 2.2329,
  "water_level": "OK"
}

========================================
Capturing camera image...
========================================
Waiting for exposure and white balance...

Image saved:
/hydroponic_project/data_collection/images/lettuce_20260830_193003.jpg

========================================
Cropping P01-P12...
========================================
P01 created
P02 created
P03 created
P04 created
P05 created
P06 created
P07 created
P08 created
P09 created
P10 created
P11 created
P12 created

========================================
Saving multimodal dataset...
========================================

12 multimodal samples saved.

CSV:
/hydroponic_project/data_collection/multimodal_dataset.csv

========================================
 COLLECTION COMPLETED
========================================

Timestamp : 2026-08-30 19:30:03
Plants    : 12
Image     : /hydroponic_project/data_collection/images/lettuce_20260830_193003.jpg
Dataset   : /hydroponic_project/data_collection/multimodal_dataset.csv

[13:18:37.589114150] [3035]  INFO Camera camera_manager.cpp:340 libcamera v0.7.1+rpt20260609
[13:18:37.640932549] [3038]  INFO RPI pipeline_base.cpp:1133 Using configuration file '/usr/share/libcamera/pipeline/rpi/vc4/rpi_apps.yaml'
[13:18:37.676501448] [3038]  INFO IPAProxy ipa_proxy.cpp:184 Using tuning file /usr/share/libcamera/ipa/rpi/vc4/imx219.json
[13:18:37.682425379] [3038]  INFO Camera camera_manager.cpp:223 Adding camera '/base/soc/i2c0mux/i2c@1/imx219@10' for pipeline handler rpi/vc4
[13:18:37.682504489] [3038]  INFO RPI vc4.cpp:445 Registered camera /base/soc/i2c0mux/i2c@1/imx219@10 to Unicam device /dev/media0 and ISP device /dev/media2
[13:18:37.688999689] [3035]  INFO Camera camera.cpp:1216 configuring streams: (0) 3280x2464-BGR888/sRGB (1) 3280x2464-SBGGR10_CSI2P/RAW
[13:18:37.689442534] [3038]  INFO RPI vc4.cpp:620 Sensor: /base/soc/i2c0mux/i2c@1/imx219@10 - Selected sensor format: 3280x2464-SBGGR10_1X10/RAW - Selected unicam format: 3280x2464-pBAA/RAW

========================================
 HYDROPONIC MULTIMODAL DATA COLLECTOR
========================================

Capture event: 2026-08-30 19:45:04

========================================
Reading ESP32 sensors...
========================================
Sensor record received:
{
  "water_temp": 29.56,
  "room_temp": 30.8,
  "humidity": 73.8,
  "ph": 6.24,
  "ph_voltage": 2.702,
  "ec": 1.601,
  "tds": 800.6,
  "tds_voltage": 2.2825,
  "water_level": "OK"
}

========================================
Capturing camera image...
========================================
Waiting for exposure and white balance...

Image saved:
/hydroponic_project/data_collection/images/lettuce_20260830_194504.jpg

========================================
Cropping P01-P12...
========================================
P01 created
P02 created
P03 created
P04 created
P05 created
P06 created
P07 created
P08 created
P09 created
P10 created
P11 created
P12 created

========================================
Saving multimodal dataset...
========================================

12 multimodal samples saved.

CSV:
/hydroponic_project/data_collection/multimodal_dataset.csv

========================================
 COLLECTION COMPLETED
========================================

Timestamp : 2026-08-30 19:45:04
Plants    : 12
Image     : /hydroponic_project/data_collection/images/lettuce_20260830_194504.jpg
Dataset   : /hydroponic_project/data_collection/multimodal_dataset.csv

[0:09:45.544939082] [1520]  INFO Camera camera_manager.cpp:340 libcamera v0.7.1+rpt20260609
[0:09:45.563355726] [1523]  INFO RPI pipeline_base.cpp:1133 Using configuration file '/usr/share/libcamera/pipeline/rpi/vc4/rpi_apps.yaml'
[0:09:45.592759002] [1523]  INFO IPAProxy ipa_proxy.cpp:184 Using tuning file /usr/share/libcamera/ipa/rpi/vc4/imx219.json
[0:09:45.598748225] [1523]  INFO Camera camera_manager.cpp:223 Adding camera '/base/soc/i2c0mux/i2c@1/imx219@10' for pipeline handler rpi/vc4
[0:09:45.598844557] [1523]  INFO RPI vc4.cpp:445 Registered camera /base/soc/i2c0mux/i2c@1/imx219@10 to Unicam device /dev/media1 and ISP device /dev/media2
[0:09:45.605451436] [1520]  INFO Camera camera.cpp:1216 configuring streams: (0) 3280x2464-BGR888/sRGB (1) 3280x2464-SBGGR10_CSI2P/RAW
[0:09:45.605937260] [1523]  INFO RPI vc4.cpp:620 Sensor: /base/soc/i2c0mux/i2c@1/imx219@10 - Selected sensor format: 3280x2464-SBGGR10_1X10/RAW - Selected unicam format: 3280x2464-pBAA/RAW

========================================
 HYDROPONIC MULTIMODAL DATA COLLECTOR
========================================

Capture event: 2026-08-31 07:45:07

========================================
Reading ESP32 sensors...
========================================
Sensor record received:
{
  "water_temp": 29.0,
  "room_temp": 29.1,
  "humidity": 81.2,
  "ph": 6.22,
  "ph_voltage": 2.7051,
  "ec": 1.664,
  "tds": 831.9,
  "tds_voltage": 2.3101,
  "water_level": "OK"
}

========================================
Capturing camera image...
========================================
Waiting for exposure and white balance...

Image saved:
/hydroponic_project/data_collection/images/lettuce_20260831_074507.jpg

========================================
Cropping P01-P12...
========================================
P01 created
P02 created
P03 created
P04 created
P05 created
P06 created
P07 created
P08 created
P09 created
P10 created
P11 created
P12 created

========================================
Saving multimodal dataset...
========================================

12 multimodal samples saved.

CSV:
/hydroponic_project/data_collection/multimodal_dataset.csv

========================================
 COLLECTION COMPLETED
========================================

Timestamp : 2026-08-31 07:45:07
Plants    : 12
Image     : /hydroponic_project/data_collection/images/lettuce_20260831_074507.jpg
Dataset   : /hydroponic_project/data_collection/multimodal_dataset.csv

[0:25:04.742790265] [1549]  INFO Camera camera_manager.cpp:340 libcamera v0.7.1+rpt20260609
[0:25:04.795144651] [1552]  INFO RPI pipeline_base.cpp:1133 Using configuration file '/usr/share/libcamera/pipeline/rpi/vc4/rpi_apps.yaml'
[0:25:04.843230311] [1552]  INFO IPAProxy ipa_proxy.cpp:184 Using tuning file /usr/share/libcamera/ipa/rpi/vc4/imx219.json
[0:25:04.849317349] [1552]  INFO Camera camera_manager.cpp:223 Adding camera '/base/soc/i2c0mux/i2c@1/imx219@10' for pipeline handler rpi/vc4
[0:25:04.849409885] [1552]  INFO RPI vc4.cpp:445 Registered camera /base/soc/i2c0mux/i2c@1/imx219@10 to Unicam device /dev/media1 and ISP device /dev/media2
[0:25:04.855995527] [1549]  INFO Camera camera.cpp:1216 configuring streams: (0) 3280x2464-BGR888/sRGB (1) 3280x2464-SBGGR10_CSI2P/RAW
[0:25:04.856493762] [1552]  INFO RPI vc4.cpp:620 Sensor: /base/soc/i2c0mux/i2c@1/imx219@10 - Selected sensor format: 3280x2464-SBGGR10_1X10/RAW - Selected unicam format: 3280x2464-pBAA/RAW

========================================
 HYDROPONIC MULTIMODAL DATA COLLECTOR
========================================

Capture event: 2026-08-31 08:00:04

========================================
Reading ESP32 sensors...
========================================
Sensor record received:
{
  "water_temp": 29.0,
  "room_temp": 30.2,
  "humidity": 77.6,
  "ph": 6.24,
  "ph_voltage": 2.7013,
  "ec": 1.659,
  "tds": 829.3,
  "tds_voltage": 2.3059,
  "water_level": "OK"
}

========================================
Capturing camera image...
========================================
Waiting for exposure and white balance...

Image saved:
/hydroponic_project/data_collection/images/lettuce_20260831_080004.jpg

========================================
Cropping P01-P12...
========================================
P01 created
P02 created
P03 created
P04 created
P05 created
P06 created
P07 created
P08 created
P09 created
P10 created
P11 created
P12 created

========================================
Saving multimodal dataset...
========================================

12 multimodal samples saved.

CSV:
/hydroponic_project/data_collection/multimodal_dataset.csv

========================================
 COLLECTION COMPLETED
========================================

Timestamp : 2026-08-31 08:00:04
Plants    : 12
Image     : /hydroponic_project/data_collection/images/lettuce_20260831_080004.jpg
Dataset   : /hydroponic_project/data_collection/multimodal_dataset.csv

[0:39:58.063804520] [1633]  INFO Camera camera_manager.cpp:340 libcamera v0.7.1+rpt20260609
[0:39:58.116666080] [1636]  INFO RPI pipeline_base.cpp:1133 Using configuration file '/usr/share/libcamera/pipeline/rpi/vc4/rpi_apps.yaml'
[0:39:58.166234037] [1636]  INFO IPAProxy ipa_proxy.cpp:184 Using tuning file /usr/share/libcamera/ipa/rpi/vc4/imx219.json
[0:39:58.172360657] [1636]  INFO Camera camera_manager.cpp:223 Adding camera '/base/soc/i2c0mux/i2c@1/imx219@10' for pipeline handler rpi/vc4
[0:39:58.172453897] [1636]  INFO RPI vc4.cpp:445 Registered camera /base/soc/i2c0mux/i2c@1/imx219@10 to Unicam device /dev/media1 and ISP device /dev/media2
[0:39:58.179037363] [1633]  INFO Camera camera.cpp:1216 configuring streams: (0) 3280x2464-BGR888/sRGB (1) 3280x2464-SBGGR10_CSI2P/RAW
[0:39:58.179491209] [1636]  INFO RPI vc4.cpp:620 Sensor: /base/soc/i2c0mux/i2c@1/imx219@10 - Selected sensor format: 3280x2464-SBGGR10_1X10/RAW - Selected unicam format: 3280x2464-pBAA/RAW

========================================
 HYDROPONIC MULTIMODAL DATA COLLECTOR
========================================

Capture event: 2026-08-31 08:15:03

========================================
Reading ESP32 sensors...
========================================
Sensor record received:
{
  "water_temp": 29.06,
  "room_temp": 30.7,
  "humidity": 75.3,
  "ph": 6.23,
  "ph_voltage": 2.7036,
  "ec": 1.655,
  "tds": 827.5,
  "tds_voltage": 2.3056,
  "water_level": "OK"
}

========================================
Capturing camera image...
========================================
Waiting for exposure and white balance...

Image saved:
/hydroponic_project/data_collection/images/lettuce_20260831_081503.jpg

========================================
Cropping P01-P12...
========================================
P01 created
P02 created
P03 created
P04 created
P05 created
P06 created
P07 created
P08 created
P09 created
P10 created
P11 created
P12 created

========================================
Saving multimodal dataset...
========================================

12 multimodal samples saved.

CSV:
/hydroponic_project/data_collection/multimodal_dataset.csv

========================================
 COLLECTION COMPLETED
========================================

Timestamp : 2026-08-31 08:15:03
Plants    : 12
Image     : /hydroponic_project/data_collection/images/lettuce_20260831_081503.jpg
Dataset   : /hydroponic_project/data_collection/multimodal_dataset.csv

[0:54:51.371039485] [1671]  INFO Camera camera_manager.cpp:340 libcamera v0.7.1+rpt20260609
[0:54:51.423547847] [1675]  INFO RPI pipeline_base.cpp:1133 Using configuration file '/usr/share/libcamera/pipeline/rpi/vc4/rpi_apps.yaml'
[0:54:51.473971400] [1675]  INFO IPAProxy ipa_proxy.cpp:184 Using tuning file /usr/share/libcamera/ipa/rpi/vc4/imx219.json
[0:54:51.480064404] [1675]  INFO Camera camera_manager.cpp:223 Adding camera '/base/soc/i2c0mux/i2c@1/imx219@10' for pipeline handler rpi/vc4
[0:54:51.480158385] [1675]  INFO RPI vc4.cpp:445 Registered camera /base/soc/i2c0mux/i2c@1/imx219@10 to Unicam device /dev/media1 and ISP device /dev/media2
[0:54:51.486691680] [1671]  INFO Camera camera.cpp:1216 configuring streams: (0) 3280x2464-BGR888/sRGB (1) 3280x2464-SBGGR10_CSI2P/RAW
[0:54:51.487152842] [1675]  INFO RPI vc4.cpp:620 Sensor: /base/soc/i2c0mux/i2c@1/imx219@10 - Selected sensor format: 3280x2464-SBGGR10_1X10/RAW - Selected unicam format: 3280x2464-pBAA/RAW

========================================
 HYDROPONIC MULTIMODAL DATA COLLECTOR
========================================

Capture event: 2026-08-31 08:30:04

========================================
Reading ESP32 sensors...
========================================
Sensor record received:
{
  "water_temp": 29.12,
  "room_temp": 31.0,
  "humidity": 74.3,
  "ph": 6.16,
  "ph_voltage": 2.7143,
  "ec": 1.652,
  "tds": 826.0,
  "tds_voltage": 2.3059,
  "water_level": "OK"
}

========================================
Capturing camera image...
========================================
Waiting for exposure and white balance...

Image saved:
/hydroponic_project/data_collection/images/lettuce_20260831_083004.jpg

========================================
Cropping P01-P12...
========================================
P01 created
P02 created
P03 created
P04 created
P05 created
P06 created
P07 created
P08 created
P09 created
P10 created
P11 created
P12 created

========================================
Saving multimodal dataset...
========================================

12 multimodal samples saved.

CSV:
/hydroponic_project/data_collection/multimodal_dataset.csv

========================================
 COLLECTION COMPLETED
========================================

Timestamp : 2026-08-31 08:30:04
Plants    : 12
Image     : /hydroponic_project/data_collection/images/lettuce_20260831_083004.jpg
Dataset   : /hydroponic_project/data_collection/multimodal_dataset.csv

[1:09:44.691914866] [1695]  INFO Camera camera_manager.cpp:340 libcamera v0.7.1+rpt20260609
[1:09:44.743969163] [1698]  INFO RPI pipeline_base.cpp:1133 Using configuration file '/usr/share/libcamera/pipeline/rpi/vc4/rpi_apps.yaml'
[1:09:44.773900304] [1698]  INFO IPAProxy ipa_proxy.cpp:184 Using tuning file /usr/share/libcamera/ipa/rpi/vc4/imx219.json
[1:09:44.779937223] [1698]  INFO Camera camera_manager.cpp:223 Adding camera '/base/soc/i2c0mux/i2c@1/imx219@10' for pipeline handler rpi/vc4
[1:09:44.780093219] [1698]  INFO RPI vc4.cpp:445 Registered camera /base/soc/i2c0mux/i2c@1/imx219@10 to Unicam device /dev/media1 and ISP device /dev/media2
[1:09:44.786607553] [1695]  INFO Camera camera.cpp:1216 configuring streams: (0) 3280x2464-BGR888/sRGB (1) 3280x2464-SBGGR10_CSI2P/RAW
[1:09:44.787086577] [1698]  INFO RPI vc4.cpp:620 Sensor: /base/soc/i2c0mux/i2c@1/imx219@10 - Selected sensor format: 3280x2464-SBGGR10_1X10/RAW - Selected unicam format: 3280x2464-pBAA/RAW

========================================
 HYDROPONIC MULTIMODAL DATA COLLECTOR
========================================

Capture event: 2026-08-31 08:45:04

========================================
Reading ESP32 sensors...
========================================
Sensor record received:
{
  "water_temp": 29.19,
  "room_temp": 31.1,
  "humidity": 74.1,
  "ph": 6.16,
  "ph_voltage": 2.7153,
  "ec": 1.649,
  "tds": 824.5,
  "tds_voltage": 2.3061,
  "water_level": "OK"
}

========================================
Capturing camera image...
========================================
Waiting for exposure and white balance...

Image saved:
/hydroponic_project/data_collection/images/lettuce_20260831_084504.jpg

========================================
Cropping P01-P12...
========================================
P01 created
P02 created
P03 created
P04 created
P05 created
P06 created
P07 created
P08 created
P09 created
P10 created
P11 created
P12 created

========================================
Saving multimodal dataset...
========================================

12 multimodal samples saved.

CSV:
/hydroponic_project/data_collection/multimodal_dataset.csv

========================================
 COLLECTION COMPLETED
========================================

Timestamp : 2026-08-31 08:45:04
Plants    : 12
Image     : /hydroponic_project/data_collection/images/lettuce_20260831_084504.jpg
Dataset   : /hydroponic_project/data_collection/multimodal_dataset.csv

[1:26:21.580717889] [1720]  INFO Camera camera_manager.cpp:340 libcamera v0.7.1+rpt20260609
[1:26:21.624951092] [1725]  INFO RPI pipeline_base.cpp:1133 Using configuration file '/usr/share/libcamera/pipeline/rpi/vc4/rpi_apps.yaml'
[1:26:21.674043686] [1725]  INFO IPAProxy ipa_proxy.cpp:184 Using tuning file /usr/share/libcamera/ipa/rpi/vc4/imx219.json
[1:26:21.685260244] [1725]  INFO Camera camera_manager.cpp:223 Adding camera '/base/soc/i2c0mux/i2c@1/imx219@10' for pipeline handler rpi/vc4
[1:26:21.685405686] [1725]  INFO RPI vc4.cpp:445 Registered camera /base/soc/i2c0mux/i2c@1/imx219@10 to Unicam device /dev/media1 and ISP device /dev/media2
[1:26:21.697237827] [1720]  INFO Camera camera.cpp:1216 configuring streams: (0) 3280x2464-BGR888/sRGB (1) 3280x2464-SBGGR10_CSI2P/RAW
[1:26:21.697965150] [1725]  INFO RPI vc4.cpp:620 Sensor: /base/soc/i2c0mux/i2c@1/imx219@10 - Selected sensor format: 3280x2464-SBGGR10_1X10/RAW - Selected unicam format: 3280x2464-pBAA/RAW

========================================
 HYDROPONIC MULTIMODAL DATA COLLECTOR
========================================

Capture event: 2026-08-31 09:00:03

========================================
Reading ESP32 sensors...
========================================
Sensor record received:
{
  "water_temp": 29.25,
  "room_temp": 31.5,
  "humidity": 72.0,
  "ph": 6.2,
  "ph_voltage": 2.7079,
  "ec": 1.648,
  "tds": 823.8,
  "tds_voltage": 2.3078,
  "water_level": "OK"
}

========================================
Capturing camera image...
========================================
Waiting for exposure and white balance...

Image saved:
/hydroponic_project/data_collection/images/lettuce_20260831_090003.jpg

========================================
Cropping P01-P12...
========================================
P01 created
P02 created
P03 created
P04 created
P05 created
P06 created
P07 created
P08 created
P09 created
P10 created
P11 created
P12 created

========================================
Saving multimodal dataset...
========================================

12 multimodal samples saved.

CSV:
/hydroponic_project/data_collection/multimodal_dataset.csv

========================================
 COLLECTION COMPLETED
========================================

Timestamp : 2026-08-31 09:00:03
Plants    : 12
Image     : /hydroponic_project/data_collection/images/lettuce_20260831_090003.jpg
Dataset   : /hydroponic_project/data_collection/multimodal_dataset.csv

[1:41:53.707781285] [1743]  INFO Camera camera_manager.cpp:340 libcamera v0.7.1+rpt20260609
[1:41:53.760281205] [1752]  INFO RPI pipeline_base.cpp:1133 Using configuration file '/usr/share/libcamera/pipeline/rpi/vc4/rpi_apps.yaml'
[1:41:53.809986033] [1752]  INFO IPAProxy ipa_proxy.cpp:184 Using tuning file /usr/share/libcamera/ipa/rpi/vc4/imx219.json
[1:41:53.816097767] [1752]  INFO Camera camera_manager.cpp:223 Adding camera '/base/soc/i2c0mux/i2c@1/imx219@10' for pipeline handler rpi/vc4
[1:41:53.816194414] [1752]  INFO RPI vc4.cpp:445 Registered camera /base/soc/i2c0mux/i2c@1/imx219@10 to Unicam device /dev/media1 and ISP device /dev/media2
[1:41:53.822777180] [1743]  INFO Camera camera.cpp:1216 configuring streams: (0) 3280x2464-BGR888/sRGB (1) 3280x2464-SBGGR10_CSI2P/RAW
[1:41:53.823276117] [1752]  INFO RPI vc4.cpp:620 Sensor: /base/soc/i2c0mux/i2c@1/imx219@10 - Selected sensor format: 3280x2464-SBGGR10_1X10/RAW - Selected unicam format: 3280x2464-pBAA/RAW

========================================
 HYDROPONIC MULTIMODAL DATA COLLECTOR
========================================

Capture event: 2026-08-31 09:15:03

========================================
Reading ESP32 sensors...
========================================
Sensor record received:
{
  "water_temp": 29.37,
  "room_temp": 31.4,
  "humidity": 71.4,
  "ph": 6.13,
  "ph_voltage": 2.7204,
  "ec": 1.642,
  "tds": 820.9,
  "tds_voltage": 2.3083,
  "water_level": "OK"
}

========================================
Capturing camera image...
========================================
Waiting for exposure and white balance...

Image saved:
/hydroponic_project/data_collection/images/lettuce_20260831_091503.jpg

========================================
Cropping P01-P12...
========================================
P01 created
P02 created
P03 created
P04 created
P05 created
P06 created
P07 created
P08 created
P09 created
P10 created
P11 created
P12 created

========================================
Saving multimodal dataset...
========================================

12 multimodal samples saved.

CSV:
/hydroponic_project/data_collection/multimodal_dataset.csv

========================================
 COLLECTION COMPLETED
========================================

Timestamp : 2026-08-31 09:15:03
Plants    : 12
Image     : /hydroponic_project/data_collection/images/lettuce_20260831_091503.jpg
Dataset   : /hydroponic_project/data_collection/multimodal_dataset.csv

[1:54:50.503251626] [1774]  INFO Camera camera_manager.cpp:340 libcamera v0.7.1+rpt20260609
[1:54:50.521509673] [1777]  INFO RPI pipeline_base.cpp:1133 Using configuration file '/usr/share/libcamera/pipeline/rpi/vc4/rpi_apps.yaml'
[1:54:50.548197921] [1777]  INFO IPAProxy ipa_proxy.cpp:184 Using tuning file /usr/share/libcamera/ipa/rpi/vc4/imx219.json
[1:54:50.554220678] [1777]  INFO Camera camera_manager.cpp:223 Adding camera '/base/soc/i2c0mux/i2c@1/imx219@10' for pipeline handler rpi/vc4
[1:54:50.554315251] [1777]  INFO RPI vc4.cpp:445 Registered camera /base/soc/i2c0mux/i2c@1/imx219@10 to Unicam device /dev/media1 and ISP device /dev/media2
[1:54:50.560884518] [1774]  INFO Camera camera.cpp:1216 configuring streams: (0) 3280x2464-BGR888/sRGB (1) 3280x2464-SBGGR10_CSI2P/RAW
[1:54:50.561366548] [1777]  INFO RPI vc4.cpp:620 Sensor: /base/soc/i2c0mux/i2c@1/imx219@10 - Selected sensor format: 3280x2464-SBGGR10_1X10/RAW - Selected unicam format: 3280x2464-pBAA/RAW

========================================
 HYDROPONIC MULTIMODAL DATA COLLECTOR
========================================

Capture event: 2026-08-31 09:30:03

========================================
Reading ESP32 sensors...
========================================
Sensor record received:
{
  "water_temp": 29.44,
  "room_temp": 31.7,
  "humidity": 69.0,
  "ph": 6.15,
  "ph_voltage": 2.7163,
  "ec": 1.641,
  "tds": 820.7,
  "tds_voltage": 2.3105,
  "water_level": "OK"
}

========================================
Capturing camera image...
========================================
Waiting for exposure and white balance...

Image saved:
/hydroponic_project/data_collection/images/lettuce_20260831_093003.jpg

========================================
Cropping P01-P12...
========================================
P01 created
P02 created
P03 created
P04 created
P05 created
P06 created
P07 created
P08 created
P09 created
P10 created
P11 created
P12 created

========================================
Saving multimodal dataset...
========================================

12 multimodal samples saved.

CSV:
/hydroponic_project/data_collection/multimodal_dataset.csv

========================================
 COLLECTION COMPLETED
========================================

Timestamp : 2026-08-31 09:30:03
Plants    : 12
Image     : /hydroponic_project/data_collection/images/lettuce_20260831_093003.jpg
Dataset   : /hydroponic_project/data_collection/multimodal_dataset.csv

[2:09:43.792604050] [1798]  INFO Camera camera_manager.cpp:340 libcamera v0.7.1+rpt20260609
[2:09:43.844862799] [1801]  INFO RPI pipeline_base.cpp:1133 Using configuration file '/usr/share/libcamera/pipeline/rpi/vc4/rpi_apps.yaml'
[2:09:43.879760797] [1801]  INFO IPAProxy ipa_proxy.cpp:184 Using tuning file /usr/share/libcamera/ipa/rpi/vc4/imx219.json
[2:09:43.885818691] [1801]  INFO Camera camera_manager.cpp:223 Adding camera '/base/soc/i2c0mux/i2c@1/imx219@10' for pipeline handler rpi/vc4
[2:09:43.885912597] [1801]  INFO RPI vc4.cpp:445 Registered camera /base/soc/i2c0mux/i2c@1/imx219@10 to Unicam device /dev/media1 and ISP device /dev/media2
[2:09:43.892590057] [1798]  INFO Camera camera.cpp:1216 configuring streams: (0) 3280x2464-BGR888/sRGB (1) 3280x2464-SBGGR10_CSI2P/RAW
[2:09:43.893084716] [1801]  INFO RPI vc4.cpp:620 Sensor: /base/soc/i2c0mux/i2c@1/imx219@10 - Selected sensor format: 3280x2464-SBGGR10_1X10/RAW - Selected unicam format: 3280x2464-pBAA/RAW

========================================
 HYDROPONIC MULTIMODAL DATA COLLECTOR
========================================

Capture event: 2026-08-31 09:45:04

========================================
Reading ESP32 sensors...
========================================
Sensor record received:
{
  "water_temp": 29.44,
  "room_temp": 32.1,
  "humidity": 68.9,
  "ph": 7.13,
  "ph_voltage": 2.558,
  "ec": 1.636,
  "tds": 817.9,
  "tds_voltage": 2.306,
  "water_level": "OK"
}

========================================
Capturing camera image...
========================================
Waiting for exposure and white balance...

Image saved:
/hydroponic_project/data_collection/images/lettuce_20260831_094504.jpg

========================================
Cropping P01-P12...
========================================
P01 created
P02 created
P03 created
P04 created
P05 created
P06 created
P07 created
P08 created
P09 created
P10 created
P11 created
P12 created

========================================
Saving multimodal dataset...
========================================

12 multimodal samples saved.

CSV:
/hydroponic_project/data_collection/multimodal_dataset.csv

========================================
 COLLECTION COMPLETED
========================================

Timestamp : 2026-08-31 09:45:04
Plants    : 12
Image     : /hydroponic_project/data_collection/images/lettuce_20260831_094504.jpg
Dataset   : /hydroponic_project/data_collection/multimodal_dataset.csv

[2:26:07.737556802] [1823]  INFO Camera camera_manager.cpp:340 libcamera v0.7.1+rpt20260609
[2:26:07.789952703] [1827]  INFO RPI pipeline_base.cpp:1133 Using configuration file '/usr/share/libcamera/pipeline/rpi/vc4/rpi_apps.yaml'
[2:26:07.840879089] [1827]  INFO IPAProxy ipa_proxy.cpp:184 Using tuning file /usr/share/libcamera/ipa/rpi/vc4/imx219.json
[2:26:07.846921483] [1827]  INFO Camera camera_manager.cpp:223 Adding camera '/base/soc/i2c0mux/i2c@1/imx219@10' for pipeline handler rpi/vc4
[2:26:07.847018018] [1827]  INFO RPI vc4.cpp:445 Registered camera /base/soc/i2c0mux/i2c@1/imx219@10 to Unicam device /dev/media1 and ISP device /dev/media2
[2:26:07.853630903] [1823]  INFO Camera camera.cpp:1216 configuring streams: (0) 3280x2464-BGR888/sRGB (1) 3280x2464-SBGGR10_CSI2P/RAW
[2:26:07.854113100] [1827]  INFO RPI vc4.cpp:620 Sensor: /base/soc/i2c0mux/i2c@1/imx219@10 - Selected sensor format: 3280x2464-SBGGR10_1X10/RAW - Selected unicam format: 3280x2464-pBAA/RAW

========================================
 HYDROPONIC MULTIMODAL DATA COLLECTOR
========================================

Capture event: 2026-08-31 10:00:03

========================================
Reading ESP32 sensors...
========================================
Sensor record received:
{
  "water_temp": 29.5,
  "room_temp": 32.4,
  "humidity": 69.7,
  "ph": 6.25,
  "ph_voltage": 2.7004,
  "ec": 1.637,
  "tds": 818.4,
  "tds_voltage": 2.3095,
  "water_level": "OK"
}

========================================
Capturing camera image...
========================================
Waiting for exposure and white balance...

Image saved:
/hydroponic_project/data_collection/images/lettuce_20260831_100003.jpg

========================================
Cropping P01-P12...
========================================
P01 created
P02 created
P03 created
P04 created
P05 created
P06 created
P07 created
P08 created
P09 created
P10 created
P11 created
P12 created

========================================
Saving multimodal dataset...
========================================

12 multimodal samples saved.

CSV:
/hydroponic_project/data_collection/multimodal_dataset.csv

========================================
 COLLECTION COMPLETED
========================================

Timestamp : 2026-08-31 10:00:03
Plants    : 12
Image     : /hydroponic_project/data_collection/images/lettuce_20260831_100003.jpg
Dataset   : /hydroponic_project/data_collection/multimodal_dataset.csv

[2:40:22.197874064] [1858]  INFO Camera camera_manager.cpp:340 libcamera v0.7.1+rpt20260609
[2:40:22.249995540] [1862]  INFO RPI pipeline_base.cpp:1133 Using configuration file '/usr/share/libcamera/pipeline/rpi/vc4/rpi_apps.yaml'
[2:40:22.301203104] [1862]  INFO IPAProxy ipa_proxy.cpp:184 Using tuning file /usr/share/libcamera/ipa/rpi/vc4/imx219.json
[2:40:22.307167889] [1862]  INFO Camera camera_manager.cpp:223 Adding camera '/base/soc/i2c0mux/i2c@1/imx219@10' for pipeline handler rpi/vc4
[2:40:22.307260221] [1862]  INFO RPI vc4.cpp:445 Registered camera /base/soc/i2c0mux/i2c@1/imx219@10 to Unicam device /dev/media1 and ISP device /dev/media2
[2:40:22.313941903] [1858]  INFO Camera camera.cpp:1216 configuring streams: (0) 3280x2464-BGR888/sRGB (1) 3280x2464-SBGGR10_CSI2P/RAW
[2:40:22.314408378] [1862]  INFO RPI vc4.cpp:620 Sensor: /base/soc/i2c0mux/i2c@1/imx219@10 - Selected sensor format: 3280x2464-SBGGR10_1X10/RAW - Selected unicam format: 3280x2464-pBAA/RAW

========================================
 HYDROPONIC MULTIMODAL DATA COLLECTOR
========================================

Capture event: 2026-08-31 10:15:03

========================================
Reading ESP32 sensors...
========================================
Sensor record received:
{
  "water_temp": 29.56,
  "room_temp": 32.2,
  "humidity": 66.7,
  "ph": 6.17,
  "ph_voltage": 2.7124,
  "ec": 1.637,
  "tds": 818.7,
  "tds_voltage": 2.3126,
  "water_level": "OK"
}

========================================
Capturing camera image...
========================================
Waiting for exposure and white balance...

Image saved:
/hydroponic_project/data_collection/images/lettuce_20260831_101503.jpg

========================================
Cropping P01-P12...
========================================
P01 created
P02 created
P03 created
P04 created
P05 created
P06 created
P07 created
P08 created
P09 created
P10 created
P11 created
P12 created

========================================
Saving multimodal dataset...
========================================

12 multimodal samples saved.

CSV:
/hydroponic_project/data_collection/multimodal_dataset.csv

========================================
 COLLECTION COMPLETED
========================================

Timestamp : 2026-08-31 10:15:03
Plants    : 12
Image     : /hydroponic_project/data_collection/images/lettuce_20260831_101503.jpg
Dataset   : /hydroponic_project/data_collection/multimodal_dataset.csv

[2:55:54.340480200] [1939]  INFO Camera camera_manager.cpp:340 libcamera v0.7.1+rpt20260609
[2:55:54.392766497] [1943]  INFO RPI pipeline_base.cpp:1133 Using configuration file '/usr/share/libcamera/pipeline/rpi/vc4/rpi_apps.yaml'
[2:55:54.432649525] [1943]  INFO IPAProxy ipa_proxy.cpp:184 Using tuning file /usr/share/libcamera/ipa/rpi/vc4/imx219.json
[2:55:54.438659588] [1943]  INFO Camera camera_manager.cpp:223 Adding camera '/base/soc/i2c0mux/i2c@1/imx219@10' for pipeline handler rpi/vc4
[2:55:54.438750327] [1943]  INFO RPI vc4.cpp:445 Registered camera /base/soc/i2c0mux/i2c@1/imx219@10 to Unicam device /dev/media1 and ISP device /dev/media2
[2:55:54.445266624] [1939]  INFO Camera camera.cpp:1216 configuring streams: (0) 3280x2464-BGR888/sRGB (1) 3280x2464-SBGGR10_CSI2P/RAW
[2:55:54.445751783] [1943]  INFO RPI vc4.cpp:620 Sensor: /base/soc/i2c0mux/i2c@1/imx219@10 - Selected sensor format: 3280x2464-SBGGR10_1X10/RAW - Selected unicam format: 3280x2464-pBAA/RAW

========================================
 HYDROPONIC MULTIMODAL DATA COLLECTOR
========================================

Capture event: 2026-08-31 10:30:04

========================================
Reading ESP32 sensors...
========================================
Sensor record received:
{
  "water_temp": 28.87,
  "room_temp": 32.7,
  "humidity": 66.8,
  "ph": 6.23,
  "ph_voltage": 2.704,
  "ec": 1.66,
  "tds": 830.0,
  "tds_voltage": 2.3016,
  "water_level": "OK"
}

========================================
Capturing camera image...
========================================
Waiting for exposure and white balance...

Image saved:
/hydroponic_project/data_collection/images/lettuce_20260831_103004.jpg

========================================
Cropping P01-P12...
========================================
P01 created
P02 created
P03 created
P04 created
P05 created
P06 created
P07 created
P08 created
P09 created
P10 created
P11 created
P12 created

========================================
Saving multimodal dataset...
========================================

12 multimodal samples saved.

CSV:
/hydroponic_project/data_collection/multimodal_dataset.csv

========================================
 COLLECTION COMPLETED
========================================

Timestamp : 2026-08-31 10:30:04
Plants    : 12
Image     : /hydroponic_project/data_collection/images/lettuce_20260831_103004.jpg
Dataset   : /hydroponic_project/data_collection/multimodal_dataset.csv

[3:10:47.643668892] [1966]  INFO Camera camera_manager.cpp:340 libcamera v0.7.1+rpt20260609
[3:10:47.661853467] [1970]  INFO RPI pipeline_base.cpp:1133 Using configuration file '/usr/share/libcamera/pipeline/rpi/vc4/rpi_apps.yaml'
[3:10:47.688740011] [1970]  INFO IPAProxy ipa_proxy.cpp:184 Using tuning file /usr/share/libcamera/ipa/rpi/vc4/imx219.json
[3:10:47.694741999] [1970]  INFO Camera camera_manager.cpp:223 Adding camera '/base/soc/i2c0mux/i2c@1/imx219@10' for pipeline handler rpi/vc4
[3:10:47.694835887] [1970]  INFO RPI vc4.cpp:445 Registered camera /base/soc/i2c0mux/i2c@1/imx219@10 to Unicam device /dev/media1 and ISP device /dev/media2
[3:10:47.701401738] [1966]  INFO Camera camera.cpp:1216 configuring streams: (0) 3280x2464-BGR888/sRGB (1) 3280x2464-SBGGR10_CSI2P/RAW
[3:10:47.701920027] [1970]  INFO RPI vc4.cpp:620 Sensor: /base/soc/i2c0mux/i2c@1/imx219@10 - Selected sensor format: 3280x2464-SBGGR10_1X10/RAW - Selected unicam format: 3280x2464-pBAA/RAW

========================================
 HYDROPONIC MULTIMODAL DATA COLLECTOR
========================================

Capture event: 2026-08-31 10:45:04

========================================
Reading ESP32 sensors...
========================================
Sensor record received:
{
  "water_temp": 27.75,
  "room_temp": 33.1,
  "humidity": 63.9,
  "ph": 6.15,
  "ph_voltage": 2.7169,
  "ec": 1.701,
  "tds": 850.5,
  "tds_voltage": 2.2855,
  "water_level": "OK"
}

========================================
Capturing camera image...
========================================
Waiting for exposure and white balance...

Image saved:
/hydroponic_project/data_collection/images/lettuce_20260831_104504.jpg

========================================
Cropping P01-P12...
========================================
P01 created
P02 created
P03 created
P04 created
P05 created
P06 created
P07 created
P08 created
P09 created
P10 created
P11 created
P12 created

========================================
Saving multimodal dataset...
========================================

12 multimodal samples saved.

CSV:
/hydroponic_project/data_collection/multimodal_dataset.csv

========================================
 COLLECTION COMPLETED
========================================

Timestamp : 2026-08-31 10:45:04
Plants    : 12
Image     : /hydroponic_project/data_collection/images/lettuce_20260831_104504.jpg
Dataset   : /hydroponic_project/data_collection/multimodal_dataset.csv

[3:24:49.162823502] [1992]  INFO Camera camera_manager.cpp:340 libcamera v0.7.1+rpt20260609
[3:24:49.207677272] [1995]  INFO RPI pipeline_base.cpp:1133 Using configuration file '/usr/share/libcamera/pipeline/rpi/vc4/rpi_apps.yaml'
[3:24:49.255831809] [1995]  INFO IPAProxy ipa_proxy.cpp:184 Using tuning file /usr/share/libcamera/ipa/rpi/vc4/imx219.json
[3:24:49.266946484] [1995]  INFO Camera camera_manager.cpp:223 Adding camera '/base/soc/i2c0mux/i2c@1/imx219@10' for pipeline handler rpi/vc4
[3:24:49.267078871] [1995]  INFO RPI vc4.cpp:445 Registered camera /base/soc/i2c0mux/i2c@1/imx219@10 to Unicam device /dev/media1 and ISP device /dev/media2
[3:24:49.278898240] [1992]  INFO Camera camera.cpp:1216 configuring streams: (0) 3280x2464-BGR888/sRGB (1) 3280x2464-SBGGR10_CSI2P/RAW
[3:24:49.282151675] [1995]  INFO RPI vc4.cpp:620 Sensor: /base/soc/i2c0mux/i2c@1/imx219@10 - Selected sensor format: 3280x2464-SBGGR10_1X10/RAW - Selected unicam format: 3280x2464-pBAA/RAW

========================================
 HYDROPONIC MULTIMODAL DATA COLLECTOR
========================================

Capture event: 2026-08-31 11:00:03

========================================
Reading ESP32 sensors...
========================================
Sensor record received:
{
  "water_temp": 27.94,
  "room_temp": 33.1,
  "humidity": 65.4,
  "ph": 6.13,
  "ph_voltage": 2.7193,
  "ec": 1.698,
  "tds": 848.9,
  "tds_voltage": 2.2911,
  "water_level": "OK"
}

========================================
Capturing camera image...
========================================
Waiting for exposure and white balance...

Image saved:
/hydroponic_project/data_collection/images/lettuce_20260831_110003.jpg

========================================
Cropping P01-P12...
========================================
P01 created
P02 created
P03 created
P04 created
P05 created
P06 created
P07 created
P08 created
P09 created
P10 created
P11 created
P12 created

========================================
Saving multimodal dataset...
========================================

12 multimodal samples saved.

CSV:
/hydroponic_project/data_collection/multimodal_dataset.csv

========================================
 COLLECTION COMPLETED
========================================

Timestamp : 2026-08-31 11:00:03
Plants    : 12
Image     : /hydroponic_project/data_collection/images/lettuce_20260831_110003.jpg
Dataset   : /hydroponic_project/data_collection/multimodal_dataset.csv

[3:39:42.464258207] [2014]  INFO Camera camera_manager.cpp:340 libcamera v0.7.1+rpt20260609
[3:39:42.511339833] [2017]  INFO RPI pipeline_base.cpp:1133 Using configuration file '/usr/share/libcamera/pipeline/rpi/vc4/rpi_apps.yaml'
[3:39:42.572125283] [2017]  INFO IPAProxy ipa_proxy.cpp:184 Using tuning file /usr/share/libcamera/ipa/rpi/vc4/imx219.json
[3:39:42.582696361] [2017]  INFO Camera camera_manager.cpp:223 Adding camera '/base/soc/i2c0mux/i2c@1/imx219@10' for pipeline handler rpi/vc4
[3:39:42.582790174] [2017]  INFO RPI vc4.cpp:445 Registered camera /base/soc/i2c0mux/i2c@1/imx219@10 to Unicam device /dev/media1 and ISP device /dev/media2
[3:39:42.589344370] [2014]  INFO Camera camera.cpp:1216 configuring streams: (0) 3280x2464-BGR888/sRGB (1) 3280x2464-SBGGR10_CSI2P/RAW
[3:39:42.589812862] [2017]  INFO RPI vc4.cpp:620 Sensor: /base/soc/i2c0mux/i2c@1/imx219@10 - Selected sensor format: 3280x2464-SBGGR10_1X10/RAW - Selected unicam format: 3280x2464-pBAA/RAW

========================================
 HYDROPONIC MULTIMODAL DATA COLLECTOR
========================================

Capture event: 2026-08-31 11:15:04

========================================
Reading ESP32 sensors...
========================================
Sensor record received:
{
  "water_temp": 28.25,
  "room_temp": 33.4,
  "humidity": 63.8,
  "ph": 7.15,
  "ph_voltage": 2.5545,
  "ec": 1.676,
  "tds": 838.2,
  "tds_voltage": 2.2879,
  "water_level": "OK"
}

========================================
Capturing camera image...
========================================
Waiting for exposure and white balance...

Image saved:
/hydroponic_project/data_collection/images/lettuce_20260831_111504.jpg

========================================
Cropping P01-P12...
========================================
P01 created
P02 created
P03 created
P04 created
P05 created
P06 created
P07 created
P08 created
P09 created
P10 created
P11 created
P12 created

========================================
Saving multimodal dataset...
========================================

12 multimodal samples saved.

CSV:
/hydroponic_project/data_collection/multimodal_dataset.csv

========================================
 COLLECTION COMPLETED
========================================

Timestamp : 2026-08-31 11:15:04
Plants    : 12
Image     : /hydroponic_project/data_collection/images/lettuce_20260831_111504.jpg
Dataset   : /hydroponic_project/data_collection/multimodal_dataset.csv

[3:55:01.666444007] [2042]  INFO Camera camera_manager.cpp:340 libcamera v0.7.1+rpt20260609
[3:55:01.713053019] [2046]  INFO RPI pipeline_base.cpp:1133 Using configuration file '/usr/share/libcamera/pipeline/rpi/vc4/rpi_apps.yaml'
[3:55:01.774216537] [2046]  INFO IPAProxy ipa_proxy.cpp:184 Using tuning file /usr/share/libcamera/ipa/rpi/vc4/imx219.json
[3:55:01.781209600] [2046]  INFO Camera camera_manager.cpp:223 Adding camera '/base/soc/i2c0mux/i2c@1/imx219@10' for pipeline handler rpi/vc4
[3:55:01.781304932] [2046]  INFO RPI vc4.cpp:445 Registered camera /base/soc/i2c0mux/i2c@1/imx219@10 to Unicam device /dev/media1 and ISP device /dev/media2
[3:55:01.787752447] [2042]  INFO Camera camera.cpp:1216 configuring streams: (0) 3280x2464-BGR888/sRGB (1) 3280x2464-SBGGR10_CSI2P/RAW
[3:55:01.788253792] [2046]  INFO RPI vc4.cpp:620 Sensor: /base/soc/i2c0mux/i2c@1/imx219@10 - Selected sensor format: 3280x2464-SBGGR10_1X10/RAW - Selected unicam format: 3280x2464-pBAA/RAW

========================================
 HYDROPONIC MULTIMODAL DATA COLLECTOR
========================================

Capture event: 2026-08-31 11:30:04

========================================
Reading ESP32 sensors...
========================================
Sensor record received:
{
  "water_temp": 28.56,
  "room_temp": 33.1,
  "humidity": 64.2,
  "ph": 6.12,
  "ph_voltage": 2.7213,
  "ec": 1.671,
  "tds": 835.6,
  "tds_voltage": 2.2973,
  "water_level": "OK"
}

========================================
Capturing camera image...
========================================
Waiting for exposure and white balance...

Image saved:
/hydroponic_project/data_collection/images/lettuce_20260831_113004.jpg

========================================
Cropping P01-P12...
========================================
P01 created
P02 created
P03 created
P04 created
P05 created
P06 created
P07 created
P08 created
P09 created
P10 created
P11 created
P12 created

========================================
Saving multimodal dataset...
========================================

12 multimodal samples saved.

CSV:
/hydroponic_project/data_collection/multimodal_dataset.csv

========================================
 COLLECTION COMPLETED
========================================

Timestamp : 2026-08-31 11:30:04
Plants    : 12
Image     : /hydroponic_project/data_collection/images/lettuce_20260831_113004.jpg
Dataset   : /hydroponic_project/data_collection/multimodal_dataset.csv

[4:10:46.767262264] [2066]  INFO Camera camera_manager.cpp:340 libcamera v0.7.1+rpt20260609
[4:10:46.785616701] [2070]  INFO RPI pipeline_base.cpp:1133 Using configuration file '/usr/share/libcamera/pipeline/rpi/vc4/rpi_apps.yaml'
[4:10:46.812983831] [2070]  INFO IPAProxy ipa_proxy.cpp:184 Using tuning file /usr/share/libcamera/ipa/rpi/vc4/imx219.json
[4:10:46.819096526] [2070]  INFO Camera camera_manager.cpp:223 Adding camera '/base/soc/i2c0mux/i2c@1/imx219@10' for pipeline handler rpi/vc4
[4:10:46.819192414] [2070]  INFO RPI vc4.cpp:445 Registered camera /base/soc/i2c0mux/i2c@1/imx219@10 to Unicam device /dev/media1 and ISP device /dev/media2
[4:10:46.825884823] [2066]  INFO Camera camera.cpp:1216 configuring streams: (0) 3280x2464-BGR888/sRGB (1) 3280x2464-SBGGR10_CSI2P/RAW
[4:10:46.826369687] [2070]  INFO RPI vc4.cpp:620 Sensor: /base/soc/i2c0mux/i2c@1/imx219@10 - Selected sensor format: 3280x2464-SBGGR10_1X10/RAW - Selected unicam format: 3280x2464-pBAA/RAW

========================================
 HYDROPONIC MULTIMODAL DATA COLLECTOR
========================================

Capture event: 2026-08-31 11:45:03

========================================
Reading ESP32 sensors...
========================================
Sensor record received:
{
  "water_temp": 28.87,
  "room_temp": 33.5,
  "humidity": 63.6,
  "ph": 6.11,
  "ph_voltage": 2.7228,
  "ec": 1.659,
  "tds": 829.6,
  "tds_voltage": 2.301,
  "water_level": "OK"
}

========================================
Capturing camera image...
========================================
Waiting for exposure and white balance...

Image saved:
/hydroponic_project/data_collection/images/lettuce_20260831_114503.jpg

========================================
Cropping P01-P12...
========================================
P01 created
P02 created
P03 created
P04 created
P05 created
P06 created
P07 created
P08 created
P09 created
P10 created
P11 created
P12 created

========================================
Saving multimodal dataset...
========================================

12 multimodal samples saved.

CSV:
/hydroponic_project/data_collection/multimodal_dataset.csv

========================================
 COLLECTION COMPLETED
========================================

Timestamp : 2026-08-31 11:45:03
Plants    : 12
Image     : /hydroponic_project/data_collection/images/lettuce_20260831_114503.jpg
Dataset   : /hydroponic_project/data_collection/multimodal_dataset.csv

[4:24:48.282700613] [2089]  INFO Camera camera_manager.cpp:340 libcamera v0.7.1+rpt20260609
[4:24:48.335165615] [2092]  INFO RPI pipeline_base.cpp:1133 Using configuration file '/usr/share/libcamera/pipeline/rpi/vc4/rpi_apps.yaml'
[4:24:48.385710607] [2092]  INFO IPAProxy ipa_proxy.cpp:184 Using tuning file /usr/share/libcamera/ipa/rpi/vc4/imx219.json
[4:24:48.391675875] [2092]  INFO Camera camera_manager.cpp:223 Adding camera '/base/soc/i2c0mux/i2c@1/imx219@10' for pipeline handler rpi/vc4
[4:24:48.391770003] [2092]  INFO RPI vc4.cpp:445 Registered camera /base/soc/i2c0mux/i2c@1/imx219@10 to Unicam device /dev/media1 and ISP device /dev/media2
[4:24:48.398293985] [2089]  INFO Camera camera.cpp:1216 configuring streams: (0) 3280x2464-BGR888/sRGB (1) 3280x2464-SBGGR10_CSI2P/RAW
[4:24:48.398753719] [2092]  INFO RPI vc4.cpp:620 Sensor: /base/soc/i2c0mux/i2c@1/imx219@10 - Selected sensor format: 3280x2464-SBGGR10_1X10/RAW - Selected unicam format: 3280x2464-pBAA/RAW

========================================
 HYDROPONIC MULTIMODAL DATA COLLECTOR
========================================

Capture event: 2026-08-31 12:00:03

========================================
Reading ESP32 sensors...
========================================
Sensor record received:
{
  "water_temp": 29.06,
  "room_temp": 33.3,
  "humidity": 64.9,
  "ph": 7.23,
  "ph_voltage": 2.5416,
  "ec": 1.637,
  "tds": 818.7,
  "tds_voltage": 2.2914,
  "water_level": "OK"
}

========================================
Capturing camera image...
========================================
Waiting for exposure and white balance...

Image saved:
/hydroponic_project/data_collection/images/lettuce_20260831_120003.jpg

========================================
Cropping P01-P12...
========================================
P01 created
P02 created
P03 created
P04 created
P05 created
P06 created
P07 created
P08 created
P09 created
P10 created
P11 created
P12 created

========================================
Saving multimodal dataset...
========================================

12 multimodal samples saved.

CSV:
/hydroponic_project/data_collection/multimodal_dataset.csv

========================================
 COLLECTION COMPLETED
========================================

Timestamp : 2026-08-31 12:00:03
Plants    : 12
Image     : /hydroponic_project/data_collection/images/lettuce_20260831_120003.jpg
Dataset   : /hydroponic_project/data_collection/multimodal_dataset.csv

[4:39:41.592094114] [2113]  INFO Camera camera_manager.cpp:340 libcamera v0.7.1+rpt20260609
[4:39:41.610265953] [2116]  INFO RPI pipeline_base.cpp:1133 Using configuration file '/usr/share/libcamera/pipeline/rpi/vc4/rpi_apps.yaml'
[4:39:41.636764640] [2116]  INFO IPAProxy ipa_proxy.cpp:184 Using tuning file /usr/share/libcamera/ipa/rpi/vc4/imx219.json
[4:39:41.642783889] [2116]  INFO Camera camera_manager.cpp:223 Adding camera '/base/soc/i2c0mux/i2c@1/imx219@10' for pipeline handler rpi/vc4
[4:39:41.642877481] [2116]  INFO RPI vc4.cpp:445 Registered camera /base/soc/i2c0mux/i2c@1/imx219@10 to Unicam device /dev/media1 and ISP device /dev/media2
[4:39:41.649396353] [2113]  INFO Camera camera.cpp:1216 configuring streams: (0) 3280x2464-BGR888/sRGB (1) 3280x2464-SBGGR10_CSI2P/RAW
[4:39:41.649865587] [2116]  INFO RPI vc4.cpp:620 Sensor: /base/soc/i2c0mux/i2c@1/imx219@10 - Selected sensor format: 3280x2464-SBGGR10_1X10/RAW - Selected unicam format: 3280x2464-pBAA/RAW

========================================
 HYDROPONIC MULTIMODAL DATA COLLECTOR
========================================

Capture event: 2026-08-31 12:15:04

========================================
Reading ESP32 sensors...
========================================
Sensor record received:
{
  "water_temp": 29.31,
  "room_temp": 33.5,
  "humidity": 63.7,
  "ph": 6.18,
  "ph_voltage": 2.711,
  "ec": 1.64,
  "tds": 820.1,
  "tds_voltage": 2.3044,
  "water_level": "OK"
}

========================================
Capturing camera image...
========================================
Waiting for exposure and white balance...

Image saved:
/hydroponic_project/data_collection/images/lettuce_20260831_121504.jpg

========================================
Cropping P01-P12...
========================================
P01 created
P02 created
P03 created
P04 created
P05 created
P06 created
P07 created
P08 created
P09 created
P10 created
P11 created
P12 created

========================================
Saving multimodal dataset...
========================================

12 multimodal samples saved.

CSV:
/hydroponic_project/data_collection/multimodal_dataset.csv

========================================
 COLLECTION COMPLETED
========================================

Timestamp : 2026-08-31 12:15:04
Plants    : 12
Image     : /hydroponic_project/data_collection/images/lettuce_20260831_121504.jpg
Dataset   : /hydroponic_project/data_collection/multimodal_dataset.csv

[4:55:26.696998538] [2142]  INFO Camera camera_manager.cpp:340 libcamera v0.7.1+rpt20260609
[4:55:26.749485390] [2145]  INFO RPI pipeline_base.cpp:1133 Using configuration file '/usr/share/libcamera/pipeline/rpi/vc4/rpi_apps.yaml'
[4:55:26.786380480] [2145]  INFO IPAProxy ipa_proxy.cpp:184 Using tuning file /usr/share/libcamera/ipa/rpi/vc4/imx219.json
[4:55:26.792432302] [2145]  INFO Camera camera_manager.cpp:223 Adding camera '/base/soc/i2c0mux/i2c@1/imx219@10' for pipeline handler rpi/vc4
[4:55:26.792526226] [2145]  INFO RPI vc4.cpp:445 Registered camera /base/soc/i2c0mux/i2c@1/imx219@10 to Unicam device /dev/media1 and ISP device /dev/media2
[4:55:26.799100560] [2142]  INFO Camera camera.cpp:1216 configuring streams: (0) 3280x2464-BGR888/sRGB (1) 3280x2464-SBGGR10_CSI2P/RAW
[4:55:26.799580831] [2145]  INFO RPI vc4.cpp:620 Sensor: /base/soc/i2c0mux/i2c@1/imx219@10 - Selected sensor format: 3280x2464-SBGGR10_1X10/RAW - Selected unicam format: 3280x2464-pBAA/RAW

========================================
 HYDROPONIC MULTIMODAL DATA COLLECTOR
========================================

Capture event: 2026-08-31 12:30:03

========================================
Reading ESP32 sensors...
========================================
Sensor record received:
{
  "water_temp": 29.5,
  "room_temp": 33.7,
  "humidity": 63.9,
  "ph": 7.11,
  "ph_voltage": 2.5613,
  "ec": 1.622,
  "tds": 810.8,
  "tds_voltage": 2.2969,
  "water_level": "OK"
}

========================================
Capturing camera image...
========================================
Waiting for exposure and white balance...

Image saved:
/hydroponic_project/data_collection/images/lettuce_20260831_123003.jpg

========================================
Cropping P01-P12...
========================================
P01 created
P02 created
P03 created
P04 created
P05 created
P06 created
P07 created
P08 created
P09 created
P10 created
P11 created
P12 created

========================================
Saving multimodal dataset...
========================================

12 multimodal samples saved.

CSV:
/hydroponic_project/data_collection/multimodal_dataset.csv

========================================
 COLLECTION COMPLETED
========================================

Timestamp : 2026-08-31 12:30:03
Plants    : 12
Image     : /hydroponic_project/data_collection/images/lettuce_20260831_123003.jpg
Dataset   : /hydroponic_project/data_collection/multimodal_dataset.csv

[5:10:07.048711906] [2166]  INFO Camera camera_manager.cpp:340 libcamera v0.7.1+rpt20260609
[5:10:07.100795152] [2169]  INFO RPI pipeline_base.cpp:1133 Using configuration file '/usr/share/libcamera/pipeline/rpi/vc4/rpi_apps.yaml'
[5:10:07.152714844] [2169]  INFO IPAProxy ipa_proxy.cpp:184 Using tuning file /usr/share/libcamera/ipa/rpi/vc4/imx219.json
[5:10:07.158697661] [2169]  INFO Camera camera_manager.cpp:223 Adding camera '/base/soc/i2c0mux/i2c@1/imx219@10' for pipeline handler rpi/vc4
[5:10:07.158791233] [2169]  INFO RPI vc4.cpp:445 Registered camera /base/soc/i2c0mux/i2c@1/imx219@10 to Unicam device /dev/media1 and ISP device /dev/media2
[5:10:07.165335227] [2166]  INFO Camera camera.cpp:1216 configuring streams: (0) 3280x2464-BGR888/sRGB (1) 3280x2464-SBGGR10_CSI2P/RAW
[5:10:07.165818608] [2169]  INFO RPI vc4.cpp:620 Sensor: /base/soc/i2c0mux/i2c@1/imx219@10 - Selected sensor format: 3280x2464-SBGGR10_1X10/RAW - Selected unicam format: 3280x2464-pBAA/RAW

========================================
 HYDROPONIC MULTIMODAL DATA COLLECTOR
========================================

Capture event: 2026-08-31 12:45:03

========================================
Reading ESP32 sensors...
========================================
Sensor record received:
{
  "water_temp": 28.75,
  "room_temp": 33.5,
  "humidity": 63.0,
  "ph": 6.21,
  "ph_voltage": 2.7065,
  "ec": 1.654,
  "tds": 827.0,
  "tds_voltage": 2.2916,
  "water_level": "OK"
}

========================================
Capturing camera image...
========================================
Waiting for exposure and white balance...

Image saved:
/hydroponic_project/data_collection/images/lettuce_20260831_124503.jpg

========================================
Cropping P01-P12...
========================================
P01 created
P02 created
P03 created
P04 created
P05 created
P06 created
P07 created
P08 created
P09 created
P10 created
P11 created
P12 created

========================================
Saving multimodal dataset...
========================================

12 multimodal samples saved.

CSV:
/hydroponic_project/data_collection/multimodal_dataset.csv

========================================
 COLLECTION COMPLETED
========================================

Timestamp : 2026-08-31 12:45:03
Plants    : 12
Image     : /hydroponic_project/data_collection/images/lettuce_20260831_124503.jpg
Dataset   : /hydroponic_project/data_collection/multimodal_dataset.csv

[5:26:05.095869031] [2190]  INFO Camera camera_manager.cpp:340 libcamera v0.7.1+rpt20260609
[5:26:05.114195878] [2194]  INFO RPI pipeline_base.cpp:1133 Using configuration file '/usr/share/libcamera/pipeline/rpi/vc4/rpi_apps.yaml'
[5:26:05.141185210] [2194]  INFO IPAProxy ipa_proxy.cpp:184 Using tuning file /usr/share/libcamera/ipa/rpi/vc4/imx219.json
[5:26:05.147311288] [2194]  INFO Camera camera_manager.cpp:223 Adding camera '/base/soc/i2c0mux/i2c@1/imx219@10' for pipeline handler rpi/vc4
[5:26:05.147407750] [2194]  INFO RPI vc4.cpp:445 Registered camera /base/soc/i2c0mux/i2c@1/imx219@10 to Unicam device /dev/media1 and ISP device /dev/media2
[5:26:05.154080302] [2190]  INFO Camera camera.cpp:1216 configuring streams: (0) 3280x2464-BGR888/sRGB (1) 3280x2464-SBGGR10_CSI2P/RAW
[5:26:05.154623775] [2194]  INFO RPI vc4.cpp:620 Sensor: /base/soc/i2c0mux/i2c@1/imx219@10 - Selected sensor format: 3280x2464-SBGGR10_1X10/RAW - Selected unicam format: 3280x2464-pBAA/RAW

========================================
 HYDROPONIC MULTIMODAL DATA COLLECTOR
========================================

Capture event: 2026-08-31 13:00:03

========================================
Reading ESP32 sensors...
========================================
Sensor record received:
{
  "water_temp": 28.94,
  "room_temp": 33.3,
  "humidity": 64.8,
  "ph": 7.14,
  "ph_voltage": 2.5568,
  "ec": 1.639,
  "tds": 819.6,
  "tds_voltage": 2.2876,
  "water_level": "OK"
}

========================================
Capturing camera image...
========================================
Waiting for exposure and white balance...

Image saved:
/hydroponic_project/data_collection/images/lettuce_20260831_130003.jpg

========================================
Cropping P01-P12...
========================================
P01 created
P02 created
P03 created
P04 created
P05 created
P06 created
P07 created
P08 created
P09 created
P10 created
P11 created
P12 created

========================================
Saving multimodal dataset...
========================================

12 multimodal samples saved.

CSV:
/hydroponic_project/data_collection/multimodal_dataset.csv

========================================
 COLLECTION COMPLETED
========================================

Timestamp : 2026-08-31 13:00:03
Plants    : 12
Image     : /hydroponic_project/data_collection/images/lettuce_20260831_130003.jpg
Dataset   : /hydroponic_project/data_collection/multimodal_dataset.csv

[5:40:06.626922851] [2216]  INFO Camera camera_manager.cpp:340 libcamera v0.7.1+rpt20260609
[5:40:06.679043585] [2219]  INFO RPI pipeline_base.cpp:1133 Using configuration file '/usr/share/libcamera/pipeline/rpi/vc4/rpi_apps.yaml'
[5:40:06.729524214] [2219]  INFO IPAProxy ipa_proxy.cpp:184 Using tuning file /usr/share/libcamera/ipa/rpi/vc4/imx219.json
[5:40:06.735558961] [2219]  INFO Camera camera_manager.cpp:223 Adding camera '/base/soc/i2c0mux/i2c@1/imx219@10' for pipeline handler rpi/vc4
[5:40:06.735652589] [2219]  INFO RPI vc4.cpp:445 Registered camera /base/soc/i2c0mux/i2c@1/imx219@10 to Unicam device /dev/media1 and ISP device /dev/media2
[5:40:06.742423807] [2216]  INFO Camera camera.cpp:1216 configuring streams: (0) 3280x2464-BGR888/sRGB (1) 3280x2464-SBGGR10_CSI2P/RAW
[5:40:06.742915837] [2219]  INFO RPI vc4.cpp:620 Sensor: /base/soc/i2c0mux/i2c@1/imx219@10 - Selected sensor format: 3280x2464-SBGGR10_1X10/RAW - Selected unicam format: 3280x2464-pBAA/RAW

========================================
 HYDROPONIC MULTIMODAL DATA COLLECTOR
========================================

Capture event: 2026-08-31 13:15:03

========================================
Reading ESP32 sensors...
========================================
Sensor record received:
{
  "water_temp": 29.12,
  "room_temp": 33.3,
  "humidity": 62.7,
  "ph": 6.23,
  "ph_voltage": 2.7034,
  "ec": 1.642,
  "tds": 821.1,
  "tds_voltage": 2.298,
  "water_level": "OK"
}

========================================
Capturing camera image...
========================================
Waiting for exposure and white balance...

Image saved:
/hydroponic_project/data_collection/images/lettuce_20260831_131503.jpg

========================================
Cropping P01-P12...
========================================
P01 created
P02 created
P03 created
P04 created
P05 created
P06 created
P07 created
P08 created
P09 created
P10 created
P11 created
P12 created

========================================
Saving multimodal dataset...
========================================

12 multimodal samples saved.

CSV:
/hydroponic_project/data_collection/multimodal_dataset.csv

========================================
 COLLECTION COMPLETED
========================================

Timestamp : 2026-08-31 13:15:03
Plants    : 12
Image     : /hydroponic_project/data_collection/images/lettuce_20260831_131503.jpg
Dataset   : /hydroponic_project/data_collection/multimodal_dataset.csv

[5:55:38.768038026] [2244]  INFO Camera camera_manager.cpp:340 libcamera v0.7.1+rpt20260609
[5:55:38.815957982] [2248]  INFO RPI pipeline_base.cpp:1133 Using configuration file '/usr/share/libcamera/pipeline/rpi/vc4/rpi_apps.yaml'
[5:55:38.878825731] [2248]  INFO IPAProxy ipa_proxy.cpp:184 Using tuning file /usr/share/libcamera/ipa/rpi/vc4/imx219.json
[5:55:38.887828168] [2248]  INFO Camera camera_manager.cpp:223 Adding camera '/base/soc/i2c0mux/i2c@1/imx219@10' for pipeline handler rpi/vc4
[5:55:38.887919648] [2248]  INFO RPI vc4.cpp:445 Registered camera /base/soc/i2c0mux/i2c@1/imx219@10 to Unicam device /dev/media1 and ISP device /dev/media2
[5:55:38.894524603] [2244]  INFO Camera camera.cpp:1216 configuring streams: (0) 3280x2464-BGR888/sRGB (1) 3280x2464-SBGGR10_CSI2P/RAW
[5:55:38.894990318] [2248]  INFO RPI vc4.cpp:620 Sensor: /base/soc/i2c0mux/i2c@1/imx219@10 - Selected sensor format: 3280x2464-SBGGR10_1X10/RAW - Selected unicam format: 3280x2464-pBAA/RAW

========================================
 HYDROPONIC MULTIMODAL DATA COLLECTOR
========================================

Capture event: 2026-08-31 13:30:03

========================================
Reading ESP32 sensors...
========================================
Sensor record received:
{
  "water_temp": 29.37,
  "room_temp": 33.2,
  "humidity": 64.8,
  "ph": 7.23,
  "ph_voltage": 2.5408,
  "ec": 1.617,
  "tds": 808.7,
  "tds_voltage": 2.2881,
  "water_level": "OK"
}

========================================
Capturing camera image...
========================================
Waiting for exposure and white balance...

Image saved:
/hydroponic_project/data_collection/images/lettuce_20260831_133003.jpg

========================================
Cropping P01-P12...
========================================
P01 created
P02 created
P03 created
P04 created
P05 created
P06 created
P07 created
P08 created
P09 created
P10 created
P11 created
P12 created

========================================
Saving multimodal dataset...
========================================

12 multimodal samples saved.

CSV:
/hydroponic_project/data_collection/multimodal_dataset.csv

========================================
 COLLECTION COMPLETED
========================================

Timestamp : 2026-08-31 13:30:03
Plants    : 12
Image     : /hydroponic_project/data_collection/images/lettuce_20260831_133003.jpg
Dataset   : /hydroponic_project/data_collection/multimodal_dataset.csv

[6:09:53.233912531] [2270]  INFO Camera camera_manager.cpp:340 libcamera v0.7.1+rpt20260609
[6:09:53.286506922] [2273]  INFO RPI pipeline_base.cpp:1133 Using configuration file '/usr/share/libcamera/pipeline/rpi/vc4/rpi_apps.yaml'
[6:09:53.335154314] [2273]  INFO IPAProxy ipa_proxy.cpp:184 Using tuning file /usr/share/libcamera/ipa/rpi/vc4/imx219.json
[6:09:53.341191485] [2273]  INFO Camera camera_manager.cpp:223 Adding camera '/base/soc/i2c0mux/i2c@1/imx219@10' for pipeline handler rpi/vc4
[6:09:53.341284983] [2273]  INFO RPI vc4.cpp:445 Registered camera /base/soc/i2c0mux/i2c@1/imx219@10 to Unicam device /dev/media1 and ISP device /dev/media2
[6:09:53.347821331] [2270]  INFO Camera camera.cpp:1216 configuring streams: (0) 3280x2464-BGR888/sRGB (1) 3280x2464-SBGGR10_CSI2P/RAW
[6:09:53.348313639] [2273]  INFO RPI vc4.cpp:620 Sensor: /base/soc/i2c0mux/i2c@1/imx219@10 - Selected sensor format: 3280x2464-SBGGR10_1X10/RAW - Selected unicam format: 3280x2464-pBAA/RAW

========================================
 HYDROPONIC MULTIMODAL DATA COLLECTOR
========================================

Capture event: 2026-08-31 13:45:03

========================================
Reading ESP32 sensors...
========================================
Sensor record received:
{
  "water_temp": 29.56,
  "room_temp": 33.4,
  "humidity": 65.4,
  "ph": 7.24,
  "ph_voltage": 2.5399,
  "ec": 1.607,
  "tds": 803.6,
  "tds_voltage": 2.2875,
  "water_level": "OK"
}

========================================
Capturing camera image...
========================================
Waiting for exposure and white balance...

Image saved:
/hydroponic_project/data_collection/images/lettuce_20260831_134503.jpg

========================================
Cropping P01-P12...
========================================
P01 created
P02 created
P03 created
P04 created
P05 created
P06 created
P07 created
P08 created
P09 created
P10 created
P11 created
P12 created

========================================
Saving multimodal dataset...
========================================

12 multimodal samples saved.

CSV:
/hydroponic_project/data_collection/multimodal_dataset.csv

========================================
 COLLECTION COMPLETED
========================================

Timestamp : 2026-08-31 13:45:03
Plants    : 12
Image     : /hydroponic_project/data_collection/images/lettuce_20260831_134503.jpg
Dataset   : /hydroponic_project/data_collection/multimodal_dataset.csv

[6:24:46.546522804] [2297]  INFO Camera camera_manager.cpp:340 libcamera v0.7.1+rpt20260609
[6:24:46.598811671] [2300]  INFO RPI pipeline_base.cpp:1133 Using configuration file '/usr/share/libcamera/pipeline/rpi/vc4/rpi_apps.yaml'
[6:24:46.649410208] [2300]  INFO IPAProxy ipa_proxy.cpp:184 Using tuning file /usr/share/libcamera/ipa/rpi/vc4/imx219.json
[6:24:46.655426631] [2300]  INFO Camera camera_manager.cpp:223 Adding camera '/base/soc/i2c0mux/i2c@1/imx219@10' for pipeline handler rpi/vc4
[6:24:46.655522074] [2300]  INFO RPI vc4.cpp:445 Registered camera /base/soc/i2c0mux/i2c@1/imx219@10 to Unicam device /dev/media1 and ISP device /dev/media2
[6:24:46.662045787] [2297]  INFO Camera camera.cpp:1216 configuring streams: (0) 3280x2464-BGR888/sRGB (1) 3280x2464-SBGGR10_CSI2P/RAW
[6:24:46.662533336] [2300]  INFO RPI vc4.cpp:620 Sensor: /base/soc/i2c0mux/i2c@1/imx219@10 - Selected sensor format: 3280x2464-SBGGR10_1X10/RAW - Selected unicam format: 3280x2464-pBAA/RAW

========================================
 HYDROPONIC MULTIMODAL DATA COLLECTOR
========================================

Capture event: 2026-08-31 14:00:04

========================================
Reading ESP32 sensors...
========================================
Sensor record received:
{
  "water_temp": 29.75,
  "room_temp": 33.4,
  "humidity": 64.4,
  "ph": 7.16,
  "ph_voltage": 2.553,
  "ec": 1.601,
  "tds": 800.4,
  "tds_voltage": 2.29,
  "water_level": "OK"
}

========================================
Capturing camera image...
========================================
Waiting for exposure and white balance...

Image saved:
/hydroponic_project/data_collection/images/lettuce_20260831_140004.jpg

========================================
Cropping P01-P12...
========================================
P01 created
P02 created
P03 created
P04 created
P05 created
P06 created
P07 created
P08 created
P09 created
P10 created
P11 created
P12 created

========================================
Saving multimodal dataset...
========================================

12 multimodal samples saved.

CSV:
/hydroponic_project/data_collection/multimodal_dataset.csv

========================================
 COLLECTION COMPLETED
========================================

Timestamp : 2026-08-31 14:00:04
Plants    : 12
Image     : /hydroponic_project/data_collection/images/lettuce_20260831_140004.jpg
Dataset   : /hydroponic_project/data_collection/multimodal_dataset.csv

[6:39:52.808524608] [2323]  INFO Camera camera_manager.cpp:340 libcamera v0.7.1+rpt20260609
[6:39:52.861004698] [2326]  INFO RPI pipeline_base.cpp:1133 Using configuration file '/usr/share/libcamera/pipeline/rpi/vc4/rpi_apps.yaml'
[6:39:52.905765729] [2326]  INFO IPAProxy ipa_proxy.cpp:184 Using tuning file /usr/share/libcamera/ipa/rpi/vc4/imx219.json
[6:39:52.911830367] [2326]  INFO Camera camera_manager.cpp:223 Adding camera '/base/soc/i2c0mux/i2c@1/imx219@10' for pipeline handler rpi/vc4
[6:39:52.911932643] [2326]  INFO RPI vc4.cpp:445 Registered camera /base/soc/i2c0mux/i2c@1/imx219@10 to Unicam device /dev/media1 and ISP device /dev/media2
[6:39:52.918565570] [2323]  INFO Camera camera.cpp:1216 configuring streams: (0) 3280x2464-BGR888/sRGB (1) 3280x2464-SBGGR10_CSI2P/RAW
[6:39:52.919024194] [2326]  INFO RPI vc4.cpp:620 Sensor: /base/soc/i2c0mux/i2c@1/imx219@10 - Selected sensor format: 3280x2464-SBGGR10_1X10/RAW - Selected unicam format: 3280x2464-pBAA/RAW

========================================
 HYDROPONIC MULTIMODAL DATA COLLECTOR
========================================

Capture event: 2026-08-31 14:15:04

========================================
Reading ESP32 sensors...
========================================
Sensor record received:
{
  "water_temp": 29.87,
  "room_temp": 33.4,
  "humidity": 64.3,
  "ph": 7.24,
  "ph_voltage": 2.5394,
  "ec": 1.592,
  "tds": 796.0,
  "tds_voltage": 2.2878,
  "water_level": "OK"
}

========================================
Capturing camera image...
========================================
Waiting for exposure and white balance...

Image saved:
/hydroponic_project/data_collection/images/lettuce_20260831_141504.jpg

========================================
Cropping P01-P12...
========================================
P01 created
P02 created
P03 created
P04 created
P05 created
P06 created
P07 created
P08 created
P09 created
P10 created
P11 created
P12 created

========================================
Saving multimodal dataset...
========================================

12 multimodal samples saved.

CSV:
/hydroponic_project/data_collection/multimodal_dataset.csv

========================================
 COLLECTION COMPLETED
========================================

Timestamp : 2026-08-31 14:15:04
Plants    : 12
Image     : /hydroponic_project/data_collection/images/lettuce_20260831_141504.jpg
Dataset   : /hydroponic_project/data_collection/multimodal_dataset.csv

[6:54:46.119308348] [2353]  INFO Camera camera_manager.cpp:340 libcamera v0.7.1+rpt20260609
[6:54:46.171629224] [2357]  INFO RPI pipeline_base.cpp:1133 Using configuration file '/usr/share/libcamera/pipeline/rpi/vc4/rpi_apps.yaml'
[6:54:46.222169112] [2357]  INFO IPAProxy ipa_proxy.cpp:184 Using tuning file /usr/share/libcamera/ipa/rpi/vc4/imx219.json
[6:54:46.228167161] [2357]  INFO Camera camera_manager.cpp:223 Adding camera '/base/soc/i2c0mux/i2c@1/imx219@10' for pipeline handler rpi/vc4
[6:54:46.228259585] [2357]  INFO RPI vc4.cpp:445 Registered camera /base/soc/i2c0mux/i2c@1/imx219@10 to Unicam device /dev/media1 and ISP device /dev/media2
[6:54:46.234852699] [2353]  INFO Camera camera.cpp:1216 configuring streams: (0) 3280x2464-BGR888/sRGB (1) 3280x2464-SBGGR10_CSI2P/RAW
[6:54:46.235326283] [2357]  INFO RPI vc4.cpp:620 Sensor: /base/soc/i2c0mux/i2c@1/imx219@10 - Selected sensor format: 3280x2464-SBGGR10_1X10/RAW - Selected unicam format: 3280x2464-pBAA/RAW

========================================
 HYDROPONIC MULTIMODAL DATA COLLECTOR
========================================

Capture event: 2026-08-31 14:30:03

========================================
Reading ESP32 sensors...
========================================
Sensor record received:
{
  "water_temp": 29.31,
  "room_temp": 33.5,
  "humidity": 63.8,
  "ph": 7.12,
  "ph_voltage": 2.5591,
  "ec": 1.605,
  "tds": 802.5,
  "tds_voltage": 2.2753,
  "water_level": "OK"
}

========================================
Capturing camera image...
========================================
Waiting for exposure and white balance...

Image saved:
/hydroponic_project/data_collection/images/lettuce_20260831_143003.jpg

========================================
Cropping P01-P12...
========================================
P01 created
P02 created
P03 created
P04 created
P05 created
P06 created
P07 created
P08 created
P09 created
P10 created
P11 created
P12 created

========================================
Saving multimodal dataset...
========================================

12 multimodal samples saved.

CSV:
/hydroponic_project/data_collection/multimodal_dataset.csv

========================================
 COLLECTION COMPLETED
========================================

Timestamp : 2026-08-31 14:30:03
Plants    : 12
Image     : /hydroponic_project/data_collection/images/lettuce_20260831_143003.jpg
Dataset   : /hydroponic_project/data_collection/multimodal_dataset.csv

[7:09:52.383460891] [2377]  INFO Camera camera_manager.cpp:340 libcamera v0.7.1+rpt20260609
[7:09:52.435585396] [2380]  INFO RPI pipeline_base.cpp:1133 Using configuration file '/usr/share/libcamera/pipeline/rpi/vc4/rpi_apps.yaml'
[7:09:52.485584359] [2380]  INFO IPAProxy ipa_proxy.cpp:184 Using tuning file /usr/share/libcamera/ipa/rpi/vc4/imx219.json
[7:09:52.491575659] [2380]  INFO Camera camera_manager.cpp:223 Adding camera '/base/soc/i2c0mux/i2c@1/imx219@10' for pipeline handler rpi/vc4
[7:09:52.491670565] [2380]  INFO RPI vc4.cpp:445 Registered camera /base/soc/i2c0mux/i2c@1/imx219@10 to Unicam device /dev/media1 and ISP device /dev/media2
[7:09:52.498363910] [2377]  INFO Camera camera.cpp:1216 configuring streams: (0) 3280x2464-BGR888/sRGB (1) 3280x2464-SBGGR10_CSI2P/RAW
[7:09:52.498826533] [2380]  INFO RPI vc4.cpp:620 Sensor: /base/soc/i2c0mux/i2c@1/imx219@10 - Selected sensor format: 3280x2464-SBGGR10_1X10/RAW - Selected unicam format: 3280x2464-pBAA/RAW

========================================
 HYDROPONIC MULTIMODAL DATA COLLECTOR
========================================

Capture event: 2026-08-31 14:45:04

========================================
Reading ESP32 sensors...
========================================
Sensor record received:
{
  "water_temp": 28.81,
  "room_temp": 33.4,
  "humidity": 65.4,
  "ph": 7.2,
  "ph_voltage": 2.547,
  "ec": 1.62,
  "tds": 810.0,
  "tds_voltage": 2.2666,
  "water_level": "OK"
}

========================================
Capturing camera image...
========================================
Waiting for exposure and white balance...

Image saved:
/hydroponic_project/data_collection/images/lettuce_20260831_144504.jpg

========================================
Cropping P01-P12...
========================================
P01 created
P02 created
P03 created
P04 created
P05 created
P06 created
P07 created
P08 created
P09 created
P10 created
P11 created
P12 created

========================================
Saving multimodal dataset...
========================================

12 multimodal samples saved.

CSV:
/hydroponic_project/data_collection/multimodal_dataset.csv

========================================
 COLLECTION COMPLETED
========================================

Timestamp : 2026-08-31 14:45:04
Plants    : 12
Image     : /hydroponic_project/data_collection/images/lettuce_20260831_144504.jpg
Dataset   : /hydroponic_project/data_collection/multimodal_dataset.csv

[7:24:45.698575045] [2403]  INFO Camera camera_manager.cpp:340 libcamera v0.7.1+rpt20260609
[7:24:45.745468735] [2406]  INFO RPI pipeline_base.cpp:1133 Using configuration file '/usr/share/libcamera/pipeline/rpi/vc4/rpi_apps.yaml'
[7:24:45.790035944] [2406]  INFO IPAProxy ipa_proxy.cpp:184 Using tuning file /usr/share/libcamera/ipa/rpi/vc4/imx219.json
[7:24:45.800440207] [2406]  INFO Camera camera_manager.cpp:223 Adding camera '/base/soc/i2c0mux/i2c@1/imx219@10' for pipeline handler rpi/vc4
[7:24:45.800562760] [2406]  INFO RPI vc4.cpp:445 Registered camera /base/soc/i2c0mux/i2c@1/imx219@10 to Unicam device /dev/media1 and ISP device /dev/media2
[7:24:45.811196057] [2403]  INFO Camera camera.cpp:1216 configuring streams: (0) 3280x2464-BGR888/sRGB (1) 3280x2464-SBGGR10_CSI2P/RAW
[7:24:45.811852102] [2406]  INFO RPI vc4.cpp:620 Sensor: /base/soc/i2c0mux/i2c@1/imx219@10 - Selected sensor format: 3280x2464-SBGGR10_1X10/RAW - Selected unicam format: 3280x2464-pBAA/RAW

========================================
 HYDROPONIC MULTIMODAL DATA COLLECTOR
========================================

Capture event: 2026-08-31 15:00:04

========================================
Reading ESP32 sensors...
========================================
Sensor record received:
{
  "water_temp": 29.06,
  "room_temp": 33.5,
  "humidity": 64.1,
  "ph": 7.11,
  "ph_voltage": 2.5604,
  "ec": 1.613,
  "tds": 806.3,
  "tds_voltage": 2.2711,
  "water_level": "OK"
}

========================================
Capturing camera image...
========================================
Waiting for exposure and white balance...

Image saved:
/hydroponic_project/data_collection/images/lettuce_20260831_150004.jpg

========================================
Cropping P01-P12...
========================================
P01 created
P02 created
P03 created
P04 created
P05 created
P06 created
P07 created
P08 created
P09 created
P10 created
P11 created
P12 created

========================================
Saving multimodal dataset...
========================================

12 multimodal samples saved.

CSV:
/hydroponic_project/data_collection/multimodal_dataset.csv

========================================
 COLLECTION COMPLETED
========================================

Timestamp : 2026-08-31 15:00:04
Plants    : 12
Image     : /hydroponic_project/data_collection/images/lettuce_20260831_150004.jpg
Dataset   : /hydroponic_project/data_collection/multimodal_dataset.csv

[7:39:51.955016052] [2429]  INFO Camera camera_manager.cpp:340 libcamera v0.7.1+rpt20260609
[7:39:51.999511097] [2432]  INFO RPI pipeline_base.cpp:1133 Using configuration file '/usr/share/libcamera/pipeline/rpi/vc4/rpi_apps.yaml'
[7:39:52.054038587] [2432]  INFO IPAProxy ipa_proxy.cpp:184 Using tuning file /usr/share/libcamera/ipa/rpi/vc4/imx219.json
[7:39:52.066417292] [2432]  INFO Camera camera_manager.cpp:223 Adding camera '/base/soc/i2c0mux/i2c@1/imx219@10' for pipeline handler rpi/vc4
[7:39:52.066556179] [2432]  INFO RPI vc4.cpp:445 Registered camera /base/soc/i2c0mux/i2c@1/imx219@10 to Unicam device /dev/media1 and ISP device /dev/media2
[7:39:52.078474892] [2429]  INFO Camera camera.cpp:1216 configuring streams: (0) 3280x2464-BGR888/sRGB (1) 3280x2464-SBGGR10_CSI2P/RAW
[7:39:52.078935996] [2432]  INFO RPI vc4.cpp:620 Sensor: /base/soc/i2c0mux/i2c@1/imx219@10 - Selected sensor format: 3280x2464-SBGGR10_1X10/RAW - Selected unicam format: 3280x2464-pBAA/RAW

========================================
 HYDROPONIC MULTIMODAL DATA COLLECTOR
========================================

Capture event: 2026-08-31 15:15:03

========================================
Reading ESP32 sensors...
========================================
Sensor record received:
{
  "water_temp": 29.31,
  "room_temp": 33.1,
  "humidity": 65.1,
  "ph": 6.12,
  "ph_voltage": 2.7214,
  "ec": 1.616,
  "tds": 807.8,
  "tds_voltage": 2.2841,
  "water_level": "OK"
}

========================================
Capturing camera image...
========================================
Waiting for exposure and white balance...

Image saved:
/hydroponic_project/data_collection/images/lettuce_20260831_151503.jpg

========================================
Cropping P01-P12...
========================================
P01 created
P02 created
P03 created
P04 created
P05 created
P06 created
P07 created
P08 created
P09 created
P10 created
P11 created
P12 created

========================================
Saving multimodal dataset...
========================================

12 multimodal samples saved.

CSV:
/hydroponic_project/data_collection/multimodal_dataset.csv

========================================
 COLLECTION COMPLETED
========================================

Timestamp : 2026-08-31 15:15:03
Plants    : 12
Image     : /hydroponic_project/data_collection/images/lettuce_20260831_151503.jpg
Dataset   : /hydroponic_project/data_collection/multimodal_dataset.csv

[7:54:45.276179089] [2465]  INFO Camera camera_manager.cpp:340 libcamera v0.7.1+rpt20260609
[7:54:45.325474441] [2468]  INFO RPI pipeline_base.cpp:1133 Using configuration file '/usr/share/libcamera/pipeline/rpi/vc4/rpi_apps.yaml'
[7:54:45.385955148] [2468]  INFO IPAProxy ipa_proxy.cpp:184 Using tuning file /usr/share/libcamera/ipa/rpi/vc4/imx219.json
[7:54:45.393392465] [2468]  INFO Camera camera_manager.cpp:223 Adding camera '/base/soc/i2c0mux/i2c@1/imx219@10' for pipeline handler rpi/vc4
[7:54:45.393485667] [2468]  INFO RPI vc4.cpp:445 Registered camera /base/soc/i2c0mux/i2c@1/imx219@10 to Unicam device /dev/media1 and ISP device /dev/media2
[7:54:45.400156218] [2465]  INFO Camera camera.cpp:1216 configuring streams: (0) 3280x2464-BGR888/sRGB (1) 3280x2464-SBGGR10_CSI2P/RAW
[7:54:45.400605322] [2468]  INFO RPI vc4.cpp:620 Sensor: /base/soc/i2c0mux/i2c@1/imx219@10 - Selected sensor format: 3280x2464-SBGGR10_1X10/RAW - Selected unicam format: 3280x2464-pBAA/RAW

========================================
 HYDROPONIC MULTIMODAL DATA COLLECTOR
========================================

Capture event: 2026-08-31 15:30:03

========================================
Reading ESP32 sensors...
========================================
Sensor record received:
{
  "water_temp": 29.44,
  "room_temp": 33.1,
  "humidity": 66.0,
  "ph": 6.2,
  "ph_voltage": 2.7089,
  "ec": 1.613,
  "tds": 806.6,
  "tds_voltage": 2.2873,
  "water_level": "OK"
}

========================================
Capturing camera image...
========================================
Waiting for exposure and white balance...

Image saved:
/hydroponic_project/data_collection/images/lettuce_20260831_153003.jpg

========================================
Cropping P01-P12...
========================================
P01 created
P02 created
P03 created
P04 created
P05 created
P06 created
P07 created
P08 created
P09 created
P10 created
P11 created
P12 created

========================================
Saving multimodal dataset...
========================================

12 multimodal samples saved.

CSV:
/hydroponic_project/data_collection/multimodal_dataset.csv

========================================
 COLLECTION COMPLETED
========================================

Timestamp : 2026-08-31 15:30:03
Plants    : 12
Image     : /hydroponic_project/data_collection/images/lettuce_20260831_153003.jpg
Dataset   : /hydroponic_project/data_collection/multimodal_dataset.csv

[8:13:05.734293212] [2488]  INFO Camera camera_manager.cpp:340 libcamera v0.7.1+rpt20260609
[8:13:05.786593092] [2495]  INFO RPI pipeline_base.cpp:1133 Using configuration file '/usr/share/libcamera/pipeline/rpi/vc4/rpi_apps.yaml'
[8:13:05.822794392] [2495]  INFO IPAProxy ipa_proxy.cpp:184 Using tuning file /usr/share/libcamera/ipa/rpi/vc4/imx219.json
[8:13:05.828927166] [2495]  INFO Camera camera_manager.cpp:223 Adding camera '/base/soc/i2c0mux/i2c@1/imx219@10' for pipeline handler rpi/vc4
[8:13:05.829025998] [2495]  INFO RPI vc4.cpp:445 Registered camera /base/soc/i2c0mux/i2c@1/imx219@10 to Unicam device /dev/media1 and ISP device /dev/media2
[8:13:05.835591821] [2488]  INFO Camera camera.cpp:1216 configuring streams: (0) 3280x2464-BGR888/sRGB (1) 3280x2464-SBGGR10_CSI2P/RAW
[8:13:05.836098016] [2495]  INFO RPI vc4.cpp:620 Sensor: /base/soc/i2c0mux/i2c@1/imx219@10 - Selected sensor format: 3280x2464-SBGGR10_1X10/RAW - Selected unicam format: 3280x2464-pBAA/RAW

========================================
 HYDROPONIC MULTIMODAL DATA COLLECTOR
========================================

Capture event: 2026-08-31 15:45:04

========================================
Reading ESP32 sensors...
========================================
Sensor record received:
{
  "water_temp": 29.62,
  "room_temp": 32.8,
  "humidity": 66.2,
  "ph": 6.11,
  "ph_voltage": 2.7221,
  "ec": 1.607,
  "tds": 803.6,
  "tds_voltage": 2.2903,
  "water_level": "OK"
}

========================================
Capturing camera image...
========================================
Waiting for exposure and white balance...

Image saved:
/hydroponic_project/data_collection/images/lettuce_20260831_154504.jpg

========================================
Cropping P01-P12...
========================================
P01 created
P02 created
P03 created
P04 created
P05 created
P06 created
P07 created
P08 created
P09 created
P10 created
P11 created
P12 created

========================================
Saving multimodal dataset...
========================================

12 multimodal samples saved.

CSV:
/hydroponic_project/data_collection/multimodal_dataset.csv

========================================
 COLLECTION COMPLETED
========================================

Timestamp : 2026-08-31 15:45:04
Plants    : 12
Image     : /hydroponic_project/data_collection/images/lettuce_20260831_154504.jpg
Dataset   : /hydroponic_project/data_collection/multimodal_dataset.csv

[8:24:57.783356762] [2516]  INFO Camera camera_manager.cpp:340 libcamera v0.7.1+rpt20260609
[8:24:57.835694056] [2519]  INFO RPI pipeline_base.cpp:1133 Using configuration file '/usr/share/libcamera/pipeline/rpi/vc4/rpi_apps.yaml'
[8:24:57.887962759] [2519]  INFO IPAProxy ipa_proxy.cpp:184 Using tuning file /usr/share/libcamera/ipa/rpi/vc4/imx219.json
[8:24:57.894038110] [2519]  INFO Camera camera_manager.cpp:223 Adding camera '/base/soc/i2c0mux/i2c@1/imx219@10' for pipeline handler rpi/vc4
[8:24:57.894132072] [2519]  INFO RPI vc4.cpp:445 Registered camera /base/soc/i2c0mux/i2c@1/imx219@10 to Unicam device /dev/media1 and ISP device /dev/media2
[8:24:57.900682972] [2516]  INFO Camera camera.cpp:1216 configuring streams: (0) 3280x2464-BGR888/sRGB (1) 3280x2464-SBGGR10_CSI2P/RAW
[8:24:57.901149113] [2519]  INFO RPI vc4.cpp:620 Sensor: /base/soc/i2c0mux/i2c@1/imx219@10 - Selected sensor format: 3280x2464-SBGGR10_1X10/RAW - Selected unicam format: 3280x2464-pBAA/RAW

========================================
 HYDROPONIC MULTIMODAL DATA COLLECTOR
========================================

Capture event: 2026-08-31 16:00:03

========================================
Reading ESP32 sensors...
========================================
Sensor record received:
{
  "water_temp": 29.75,
  "room_temp": 32.8,
  "humidity": 67.9,
  "ph": 6.18,
  "ph_voltage": 2.7123,
  "ec": 1.601,
  "tds": 800.7,
  "tds_voltage": 2.2905,
  "water_level": "OK"
}

========================================
Capturing camera image...
========================================
Waiting for exposure and white balance...

Image saved:
/hydroponic_project/data_collection/images/lettuce_20260831_160003.jpg

========================================
Cropping P01-P12...
========================================
P01 created
P02 created
P03 created
P04 created
P05 created
P06 created
P07 created
P08 created
P09 created
P10 created
P11 created
P12 created

========================================
Saving multimodal dataset...
========================================

12 multimodal samples saved.

CSV:
/hydroponic_project/data_collection/multimodal_dataset.csv

========================================
 COLLECTION COMPLETED
========================================

Timestamp : 2026-08-31 16:00:03
Plants    : 12
Image     : /hydroponic_project/data_collection/images/lettuce_20260831_160003.jpg
Dataset   : /hydroponic_project/data_collection/multimodal_dataset.csv

[8:39:51.094514566] [2539]  INFO Camera camera_manager.cpp:340 libcamera v0.7.1+rpt20260609
[8:39:51.142016299] [2542]  INFO RPI pipeline_base.cpp:1133 Using configuration file '/usr/share/libcamera/pipeline/rpi/vc4/rpi_apps.yaml'
[8:39:51.202868342] [2542]  INFO IPAProxy ipa_proxy.cpp:184 Using tuning file /usr/share/libcamera/ipa/rpi/vc4/imx219.json
[8:39:51.211941405] [2542]  INFO Camera camera_manager.cpp:223 Adding camera '/base/soc/i2c0mux/i2c@1/imx219@10' for pipeline handler rpi/vc4
[8:39:51.212072274] [2542]  INFO RPI vc4.cpp:445 Registered camera /base/soc/i2c0mux/i2c@1/imx219@10 to Unicam device /dev/media1 and ISP device /dev/media2
[8:39:51.218607143] [2539]  INFO Camera camera.cpp:1216 configuring streams: (0) 3280x2464-BGR888/sRGB (1) 3280x2464-SBGGR10_CSI2P/RAW
[8:39:51.219062101] [2542]  INFO RPI vc4.cpp:620 Sensor: /base/soc/i2c0mux/i2c@1/imx219@10 - Selected sensor format: 3280x2464-SBGGR10_1X10/RAW - Selected unicam format: 3280x2464-pBAA/RAW

========================================
 HYDROPONIC MULTIMODAL DATA COLLECTOR
========================================

Capture event: 2026-08-31 16:15:03

========================================
Reading ESP32 sensors...
========================================
Sensor record received:
{
  "water_temp": 29.81,
  "room_temp": 32.7,
  "humidity": 66.0,
  "ph": 6.19,
  "ph_voltage": 2.7095,
  "ec": 1.6,
  "tds": 799.9,
  "tds_voltage": 2.2918,
  "water_level": "OK"
}

========================================
Capturing camera image...
========================================
Waiting for exposure and white balance...

Image saved:
/hydroponic_project/data_collection/images/lettuce_20260831_161503.jpg

========================================
Cropping P01-P12...
========================================
P01 created
P02 created
P03 created
P04 created
P05 created
P06 created
P07 created
P08 created
P09 created
P10 created
P11 created
P12 created

========================================
Saving multimodal dataset...
========================================

12 multimodal samples saved.

CSV:
/hydroponic_project/data_collection/multimodal_dataset.csv

========================================
 COLLECTION COMPLETED
========================================

Timestamp : 2026-08-31 16:15:03
Plants    : 12
Image     : /hydroponic_project/data_collection/images/lettuce_20260831_161503.jpg
Dataset   : /hydroponic_project/data_collection/multimodal_dataset.csv

[8:54:44.411304135] [2565]  INFO Camera camera_manager.cpp:340 libcamera v0.7.1+rpt20260609
[8:54:44.458153002] [2569]  INFO RPI pipeline_base.cpp:1133 Using configuration file '/usr/share/libcamera/pipeline/rpi/vc4/rpi_apps.yaml'
[8:54:44.519133178] [2569]  INFO IPAProxy ipa_proxy.cpp:184 Using tuning file /usr/share/libcamera/ipa/rpi/vc4/imx219.json
[8:54:44.527957614] [2569]  INFO Camera camera_manager.cpp:223 Adding camera '/base/soc/i2c0mux/i2c@1/imx219@10' for pipeline handler rpi/vc4
[8:54:44.528090779] [2569]  INFO RPI vc4.cpp:445 Registered camera /base/soc/i2c0mux/i2c@1/imx219@10 to Unicam device /dev/media1 and ISP device /dev/media2
[8:54:44.534595283] [2565]  INFO Camera camera.cpp:1216 configuring streams: (0) 3280x2464-BGR888/sRGB (1) 3280x2464-SBGGR10_CSI2P/RAW
[8:54:44.535061296] [2569]  INFO RPI vc4.cpp:620 Sensor: /base/soc/i2c0mux/i2c@1/imx219@10 - Selected sensor format: 3280x2464-SBGGR10_1X10/RAW - Selected unicam format: 3280x2464-pBAA/RAW

========================================
 HYDROPONIC MULTIMODAL DATA COLLECTOR
========================================

Capture event: 2026-08-31 16:30:04

========================================
Reading ESP32 sensors...
========================================
Sensor record received:
{
  "water_temp": 29.94,
  "room_temp": 32.5,
  "humidity": 67.5,
  "ph": 6.23,
  "ph_voltage": 2.7026,
  "ec": 1.593,
  "tds": 796.7,
  "tds_voltage": 2.2916,
  "water_level": "OK"
}

========================================
Capturing camera image...
========================================
Waiting for exposure and white balance...

Image saved:
/hydroponic_project/data_collection/images/lettuce_20260831_163004.jpg

========================================
Cropping P01-P12...
========================================
P01 created
P02 created
P03 created
P04 created
P05 created
P06 created
P07 created
P08 created
P09 created
P10 created
P11 created
P12 created

========================================
Saving multimodal dataset...
========================================

12 multimodal samples saved.

CSV:
/hydroponic_project/data_collection/multimodal_dataset.csv

========================================
 COLLECTION COMPLETED
========================================

Timestamp : 2026-08-31 16:30:04
Plants    : 12
Image     : /hydroponic_project/data_collection/images/lettuce_20260831_163004.jpg
Dataset   : /hydroponic_project/data_collection/multimodal_dataset.csv

[9:10:03.604194002] [2591]  INFO Camera camera_manager.cpp:340 libcamera v0.7.1+rpt20260609
[9:10:03.656485574] [2594]  INFO RPI pipeline_base.cpp:1133 Using configuration file '/usr/share/libcamera/pipeline/rpi/vc4/rpi_apps.yaml'
[9:10:03.703954965] [2594]  INFO IPAProxy ipa_proxy.cpp:184 Using tuning file /usr/share/libcamera/ipa/rpi/vc4/imx219.json
[9:10:03.709963721] [2594]  INFO Camera camera_manager.cpp:223 Adding camera '/base/soc/i2c0mux/i2c@1/imx219@10' for pipeline handler rpi/vc4
[9:10:03.710089904] [2594]  INFO RPI vc4.cpp:445 Registered camera /base/soc/i2c0mux/i2c@1/imx219@10 to Unicam device /dev/media1 and ISP device /dev/media2
[9:10:03.716687187] [2591]  INFO Camera camera.cpp:1216 configuring streams: (0) 3280x2464-BGR888/sRGB (1) 3280x2464-SBGGR10_CSI2P/RAW
[9:10:03.717173883] [2594]  INFO RPI vc4.cpp:620 Sensor: /base/soc/i2c0mux/i2c@1/imx219@10 - Selected sensor format: 3280x2464-SBGGR10_1X10/RAW - Selected unicam format: 3280x2464-pBAA/RAW

========================================
 HYDROPONIC MULTIMODAL DATA COLLECTOR
========================================

Capture event: 2026-08-31 16:45:04

========================================
Reading ESP32 sensors...
========================================
Sensor record received:
{
  "water_temp": 29.94,
  "room_temp": 32.0,
  "humidity": 69.0,
  "ph": 6.3,
  "ph_voltage": 2.692,
  "ec": 1.591,
  "tds": 795.7,
  "tds_voltage": 2.2899,
  "water_level": "OK"
}

========================================
Capturing camera image...
========================================
Waiting for exposure and white balance...

Image saved:
/hydroponic_project/data_collection/images/lettuce_20260831_164504.jpg

========================================
Cropping P01-P12...
========================================
P01 created
P02 created
P03 created
P04 created
P05 created
P06 created
P07 created
P08 created
P09 created
P10 created
P11 created
P12 created

========================================
Saving multimodal dataset...
========================================

12 multimodal samples saved.

CSV:
/hydroponic_project/data_collection/multimodal_dataset.csv

========================================
 COLLECTION COMPLETED
========================================

Timestamp : 2026-08-31 16:45:04
Plants    : 12
Image     : /hydroponic_project/data_collection/images/lettuce_20260831_164504.jpg
Dataset   : /hydroponic_project/data_collection/multimodal_dataset.csv

[9:25:09.860647827] [2615]  INFO Camera camera_manager.cpp:340 libcamera v0.7.1+rpt20260609
[9:25:09.913049879] [2618]  INFO RPI pipeline_base.cpp:1133 Using configuration file '/usr/share/libcamera/pipeline/rpi/vc4/rpi_apps.yaml'
[9:25:09.951148898] [2618]  INFO IPAProxy ipa_proxy.cpp:184 Using tuning file /usr/share/libcamera/ipa/rpi/vc4/imx219.json
[9:25:09.957194625] [2618]  INFO Camera camera_manager.cpp:223 Adding camera '/base/soc/i2c0mux/i2c@1/imx219@10' for pipeline handler rpi/vc4
[9:25:09.957289401] [2618]  INFO RPI vc4.cpp:445 Registered camera /base/soc/i2c0mux/i2c@1/imx219@10 to Unicam device /dev/media1 and ISP device /dev/media2
[9:25:09.963827843] [2615]  INFO Camera camera.cpp:1216 configuring streams: (0) 3280x2464-BGR888/sRGB (1) 3280x2464-SBGGR10_CSI2P/RAW
[9:25:09.964340798] [2618]  INFO RPI vc4.cpp:620 Sensor: /base/soc/i2c0mux/i2c@1/imx219@10 - Selected sensor format: 3280x2464-SBGGR10_1X10/RAW - Selected unicam format: 3280x2464-pBAA/RAW

========================================
 HYDROPONIC MULTIMODAL DATA COLLECTOR
========================================

Capture event: 2026-08-31 17:00:03

========================================
Reading ESP32 sensors...
========================================
Sensor record received:
{
  "water_temp": 28.19,
  "room_temp": 31.9,
  "humidity": 70.3,
  "ph": 6.14,
  "ph_voltage": 2.7178,
  "ec": 1.648,
  "tds": 824.1,
  "tds_voltage": 2.263,
  "water_level": "OK"
}

========================================
Capturing camera image...
========================================
Waiting for exposure and white balance...

Image saved:
/hydroponic_project/data_collection/images/lettuce_20260831_170003.jpg

========================================
Cropping P01-P12...
========================================
P01 created
P02 created
P03 created
P04 created
P05 created
P06 created
P07 created
P08 created
P09 created
P10 created
P11 created
P12 created

========================================
Saving multimodal dataset...
========================================

12 multimodal samples saved.

CSV:
/hydroponic_project/data_collection/multimodal_dataset.csv

========================================
 COLLECTION COMPLETED
========================================

Timestamp : 2026-08-31 17:00:03
Plants    : 12
Image     : /hydroponic_project/data_collection/images/lettuce_20260831_170003.jpg
Dataset   : /hydroponic_project/data_collection/multimodal_dataset.csv

[9:40:41.998718547] [2641]  INFO Camera camera_manager.cpp:340 libcamera v0.7.1+rpt20260609
[9:40:42.016907608] [2645]  INFO RPI pipeline_base.cpp:1133 Using configuration file '/usr/share/libcamera/pipeline/rpi/vc4/rpi_apps.yaml'
[9:40:42.043667576] [2645]  INFO IPAProxy ipa_proxy.cpp:184 Using tuning file /usr/share/libcamera/ipa/rpi/vc4/imx219.json
[9:40:42.049728257] [2645]  INFO Camera camera_manager.cpp:223 Adding camera '/base/soc/i2c0mux/i2c@1/imx219@10' for pipeline handler rpi/vc4
[9:40:42.049821607] [2645]  INFO RPI vc4.cpp:445 Registered camera /base/soc/i2c0mux/i2c@1/imx219@10 to Unicam device /dev/media1 and ISP device /dev/media2
[9:40:42.056407207] [2641]  INFO Camera camera.cpp:1216 configuring streams: (0) 3280x2464-BGR888/sRGB (1) 3280x2464-SBGGR10_CSI2P/RAW
[9:40:42.056892923] [2645]  INFO RPI vc4.cpp:620 Sensor: /base/soc/i2c0mux/i2c@1/imx219@10 - Selected sensor format: 3280x2464-SBGGR10_1X10/RAW - Selected unicam format: 3280x2464-pBAA/RAW

========================================
 HYDROPONIC MULTIMODAL DATA COLLECTOR
========================================

Capture event: 2026-08-31 17:15:03

========================================
Reading ESP32 sensors...
========================================
Sensor record received:
{
  "water_temp": 28.12,
  "room_temp": 31.7,
  "humidity": 70.7,
  "ph": 6.16,
  "ph_voltage": 2.7145,
  "ec": 1.652,
  "tds": 826.0,
  "tds_voltage": 2.2633,
  "water_level": "OK"
}

========================================
Capturing camera image...
========================================
Waiting for exposure and white balance...

Image saved:
/hydroponic_project/data_collection/images/lettuce_20260831_171503.jpg

========================================
Cropping P01-P12...
========================================
P01 created
P02 created
P03 created
P04 created
P05 created
P06 created
P07 created
P08 created
P09 created
P10 created
P11 created
P12 created

========================================
Saving multimodal dataset...
========================================

12 multimodal samples saved.

CSV:
/hydroponic_project/data_collection/multimodal_dataset.csv

========================================
 COLLECTION COMPLETED
========================================

Timestamp : 2026-08-31 17:15:03
Plants    : 12
Image     : /hydroponic_project/data_collection/images/lettuce_20260831_171503.jpg
Dataset   : /hydroponic_project/data_collection/multimodal_dataset.csv

[9:54:43.520469774] [2671]  INFO Camera camera_manager.cpp:340 libcamera v0.7.1+rpt20260609
[9:54:43.572653271] [2674]  INFO RPI pipeline_base.cpp:1133 Using configuration file '/usr/share/libcamera/pipeline/rpi/vc4/rpi_apps.yaml'
[9:54:43.625735608] [2674]  INFO IPAProxy ipa_proxy.cpp:184 Using tuning file /usr/share/libcamera/ipa/rpi/vc4/imx219.json
[9:54:43.631776728] [2674]  INFO Camera camera_manager.cpp:223 Adding camera '/base/soc/i2c0mux/i2c@1/imx219@10' for pipeline handler rpi/vc4
[9:54:43.631857375] [2674]  INFO RPI vc4.cpp:445 Registered camera /base/soc/i2c0mux/i2c@1/imx219@10 to Unicam device /dev/media1 and ISP device /dev/media2
[9:54:43.638358247] [2671]  INFO Camera camera.cpp:1216 configuring streams: (0) 3280x2464-BGR888/sRGB (1) 3280x2464-SBGGR10_CSI2P/RAW
[9:54:43.638792741] [2674]  INFO RPI vc4.cpp:620 Sensor: /base/soc/i2c0mux/i2c@1/imx219@10 - Selected sensor format: 3280x2464-SBGGR10_1X10/RAW - Selected unicam format: 3280x2464-pBAA/RAW

========================================
 HYDROPONIC MULTIMODAL DATA COLLECTOR
========================================

Capture event: 2026-08-31 17:30:03

========================================
Reading ESP32 sensors...
========================================
Sensor record received:
{
  "water_temp": 28.19,
  "room_temp": 31.6,
  "humidity": 72.2,
  "ph": 6.1,
  "ph_voltage": 2.7239,
  "ec": 1.644,
  "tds": 822.0,
  "tds_voltage": 2.2596,
  "water_level": "OK"
}

========================================
Capturing camera image...
========================================
Waiting for exposure and white balance...

Image saved:
/hydroponic_project/data_collection/images/lettuce_20260831_173003.jpg

========================================
Cropping P01-P12...
========================================
P01 created
P02 created
P03 created
P04 created
P05 created
P06 created
P07 created
P08 created
P09 created
P10 created
P11 created
P12 created

========================================
Saving multimodal dataset...
========================================

12 multimodal samples saved.

CSV:
/hydroponic_project/data_collection/multimodal_dataset.csv

========================================
 COLLECTION COMPLETED
========================================

Timestamp : 2026-08-31 17:30:03
Plants    : 12
Image     : /hydroponic_project/data_collection/images/lettuce_20260831_173003.jpg
Dataset   : /hydroponic_project/data_collection/multimodal_dataset.csv

[10:10:02.729616671] [2720]  INFO Camera camera_manager.cpp:340 libcamera v0.7.1+rpt20260609
[10:10:02.782030784] [2724]  INFO RPI pipeline_base.cpp:1133 Using configuration file '/usr/share/libcamera/pipeline/rpi/vc4/rpi_apps.yaml'
[10:10:02.831447088] [2724]  INFO IPAProxy ipa_proxy.cpp:184 Using tuning file /usr/share/libcamera/ipa/rpi/vc4/imx219.json
[10:10:02.837497799] [2724]  INFO Camera camera_manager.cpp:223 Adding camera '/base/soc/i2c0mux/i2c@1/imx219@10' for pipeline handler rpi/vc4
[10:10:02.837594502] [2724]  INFO RPI vc4.cpp:445 Registered camera /base/soc/i2c0mux/i2c@1/imx219@10 to Unicam device /dev/media1 and ISP device /dev/media2
[10:10:02.844232945] [2720]  INFO Camera camera.cpp:1216 configuring streams: (0) 3280x2464-BGR888/sRGB (1) 3280x2464-SBGGR10_CSI2P/RAW
[10:10:02.844704568] [2724]  INFO RPI vc4.cpp:620 Sensor: /base/soc/i2c0mux/i2c@1/imx219@10 - Selected sensor format: 3280x2464-SBGGR10_1X10/RAW - Selected unicam format: 3280x2464-pBAA/RAW

========================================
 HYDROPONIC MULTIMODAL DATA COLLECTOR
========================================

Capture event: 2026-08-31 17:45:03

========================================
Reading ESP32 sensors...
========================================
Sensor record received:
{
  "water_temp": 28.31,
  "room_temp": 31.5,
  "humidity": 72.4,
  "ph": 6.26,
  "ph_voltage": 2.6989,
  "ec": 1.637,
  "tds": 818.6,
  "tds_voltage": 2.2595,
  "water_level": "OK"
}

========================================
Capturing camera image...
========================================
Waiting for exposure and white balance...

Image saved:
/hydroponic_project/data_collection/images/lettuce_20260831_174503.jpg

========================================
Cropping P01-P12...
========================================
P01 created
P02 created
P03 created
P04 created
P05 created
P06 created
P07 created
P08 created
P09 created
P10 created
P11 created
P12 created

========================================
Saving multimodal dataset...
========================================

12 multimodal samples saved.

CSV:
/hydroponic_project/data_collection/multimodal_dataset.csv

========================================
 COLLECTION COMPLETED
========================================

Timestamp : 2026-08-31 17:45:03
Plants    : 12
Image     : /hydroponic_project/data_collection/images/lettuce_20260831_174503.jpg
Dataset   : /hydroponic_project/data_collection/multimodal_dataset.csv

[10:25:21.927851874] [2742]  INFO Camera camera_manager.cpp:340 libcamera v0.7.1+rpt20260609
[10:25:21.946418956] [2745]  INFO RPI pipeline_base.cpp:1133 Using configuration file '/usr/share/libcamera/pipeline/rpi/vc4/rpi_apps.yaml'
[10:25:21.973075347] [2745]  INFO IPAProxy ipa_proxy.cpp:184 Using tuning file /usr/share/libcamera/ipa/rpi/vc4/imx219.json
[10:25:21.979063464] [2745]  INFO Camera camera_manager.cpp:223 Adding camera '/base/soc/i2c0mux/i2c@1/imx219@10' for pipeline handler rpi/vc4
[10:25:21.979184777] [2745]  INFO RPI vc4.cpp:445 Registered camera /base/soc/i2c0mux/i2c@1/imx219@10 to Unicam device /dev/media1 and ISP device /dev/media2
[10:25:21.985850292] [2742]  INFO Camera camera.cpp:1216 configuring streams: (0) 3280x2464-BGR888/sRGB (1) 3280x2464-SBGGR10_CSI2P/RAW
[10:25:21.986308155] [2745]  INFO RPI vc4.cpp:620 Sensor: /base/soc/i2c0mux/i2c@1/imx219@10 - Selected sensor format: 3280x2464-SBGGR10_1X10/RAW - Selected unicam format: 3280x2464-pBAA/RAW

========================================
 HYDROPONIC MULTIMODAL DATA COLLECTOR
========================================

Capture event: 2026-08-31 18:00:03

========================================
Reading ESP32 sensors...
========================================
Sensor record received:
{
  "water_temp": 28.44,
  "room_temp": 31.5,
  "humidity": 71.8,
  "ph": 6.16,
  "ph_voltage": 2.7153,
  "ec": 1.635,
  "tds": 817.7,
  "tds_voltage": 2.2634,
  "water_level": "OK"
}

========================================
Capturing camera image...
========================================
Waiting for exposure and white balance...

Image saved:
/hydroponic_project/data_collection/images/lettuce_20260831_180003.jpg

========================================
Cropping P01-P12...
========================================
P01 created
P02 created
P03 created
P04 created
P05 created
P06 created
P07 created
P08 created
P09 created
P10 created
P11 created
P12 created

========================================
Saving multimodal dataset...
========================================

12 multimodal samples saved.

CSV:
/hydroponic_project/data_collection/multimodal_dataset.csv

========================================
 COLLECTION COMPLETED
========================================

Timestamp : 2026-08-31 18:00:03
Plants    : 12
Image     : /hydroponic_project/data_collection/images/lettuce_20260831_180003.jpg
Dataset   : /hydroponic_project/data_collection/multimodal_dataset.csv

[10:40:28.166980659] [2885]  INFO Camera camera_manager.cpp:340 libcamera v0.7.1+rpt20260609
[10:40:28.185090882] [2889]  INFO RPI pipeline_base.cpp:1133 Using configuration file '/usr/share/libcamera/pipeline/rpi/vc4/rpi_apps.yaml'
[10:40:28.211598337] [2889]  INFO IPAProxy ipa_proxy.cpp:184 Using tuning file /usr/share/libcamera/ipa/rpi/vc4/imx219.json
[10:40:28.217563974] [2889]  INFO Camera camera_manager.cpp:223 Adding camera '/base/soc/i2c0mux/i2c@1/imx219@10' for pipeline handler rpi/vc4
[10:40:28.217642491] [2889]  INFO RPI vc4.cpp:445 Registered camera /base/soc/i2c0mux/i2c@1/imx219@10 to Unicam device /dev/media1 and ISP device /dev/media2
[10:40:28.224223379] [2885]  INFO Camera camera.cpp:1216 configuring streams: (0) 3280x2464-BGR888/sRGB (1) 3280x2464-SBGGR10_CSI2P/RAW
[10:40:28.224651372] [2889]  INFO RPI vc4.cpp:620 Sensor: /base/soc/i2c0mux/i2c@1/imx219@10 - Selected sensor format: 3280x2464-SBGGR10_1X10/RAW - Selected unicam format: 3280x2464-pBAA/RAW

========================================
 HYDROPONIC MULTIMODAL DATA COLLECTOR
========================================

Capture event: 2026-08-31 18:15:03

========================================
Reading ESP32 sensors...
========================================
Sensor record received:
{
  "water_temp": 28.62,
  "room_temp": 31.4,
  "humidity": 71.2,
  "ph": 6.23,
  "ph_voltage": 2.7036,
  "ec": 1.624,
  "tds": 811.9,
  "tds_voltage": 2.2619,
  "water_level": "OK"
}

========================================
Capturing camera image...
========================================
Waiting for exposure and white balance...

Image saved:
/hydroponic_project/data_collection/images/lettuce_20260831_181503.jpg

========================================
Cropping P01-P12...
========================================
P01 created
P02 created
P03 created
P04 created
P05 created
P06 created
P07 created
P08 created
P09 created
P10 created
P11 created
P12 created

========================================
Saving multimodal dataset...
========================================

12 multimodal samples saved.

CSV:
/hydroponic_project/data_collection/multimodal_dataset.csv

========================================
 COLLECTION COMPLETED
========================================

Timestamp : 2026-08-31 18:15:03
Plants    : 12
Image     : /hydroponic_project/data_collection/images/lettuce_20260831_181503.jpg
Dataset   : /hydroponic_project/data_collection/multimodal_dataset.csv


========================================
HYDROPONIC PIPELINE START
2026-09-01 08:00:01
========================================

Starting data collection...
[0:30:15.430378860] [1551]  INFO Camera camera_manager.cpp:340 libcamera v0.7.1+rpt20260609
[0:30:15.482889434] [1555]  INFO RPI pipeline_base.cpp:1133 Using configuration file '/usr/share/libcamera/pipeline/rpi/vc4/rpi_apps.yaml'
[0:30:15.534707716] [1555]  INFO IPAProxy ipa_proxy.cpp:184 Using tuning file /usr/share/libcamera/ipa/rpi/vc4/imx219.json
[0:30:15.540701297] [1555]  INFO Camera camera_manager.cpp:223 Adding camera '/base/soc/i2c0mux/i2c@1/imx219@10' for pipeline handler rpi/vc4
[0:30:15.540779720] [1555]  INFO RPI vc4.cpp:445 Registered camera /base/soc/i2c0mux/i2c@1/imx219@10 to Unicam device /dev/media1 and ISP device /dev/media3
[0:30:15.547345949] [1551]  INFO Camera camera.cpp:1216 configuring streams: (0) 3280x2464-BGR888/sRGB (1) 3280x2464-SBGGR10_CSI2P/RAW
[0:30:15.547778009] [1555]  INFO RPI vc4.cpp:620 Sensor: /base/soc/i2c0mux/i2c@1/imx219@10 - Selected sensor format: 3280x2464-SBGGR10_1X10/RAW - Selected unicam format: 3280x2464-pBAA/RAW

========================================
 HYDROPONIC MULTIMODAL DATA COLLECTOR
========================================

SQLite database ready: /hydroponic_project/database/hydroponic.db

========================================
 CURRENT PLANT POSITIONS
========================================
P01: ACTIVE
P02: ACTIVE
P03: ACTIVE
P04: ACTIVE
P05: ACTIVE
P06: ACTIVE
P07: ACTIVE
P08: NO PLANT
P09: ACTIVE
P10: ACTIVE
P11: ACTIVE
P12: ACTIVE

Active plants: 11/12

Capture ID   : CAP_20260901_080006
Capture time : 2026-09-01 08:00:06

========================================
Reading ESP32 sensors...
========================================

Sensor record received:
{
  "water_temp": 28.75,
  "room_temp": 29.8,
  "humidity": 80.3,
  "ph": 7.21,
  "ph_voltage": 2.5455,
  "ec": 1.53,
  "tds": 765.2,
  "tds_voltage": 2.1888,
  "water_level": "OK"
}

========================================
Capturing camera image...
========================================
Waiting for exposure and white balance...

Image saved:
/hydroponic_project/data_collection/images/lettuce_20260901_080006.jpg

Camera metadata:
ExposureTime: 29999
AnalogueGain: 3.4133334159851074
DigitalGain: 1.0064226388931274
Lux: 285.27301025390625

========================================
Cropping P01-P12...
========================================
P01: 1100x745 -> 224x224
P02: 691x742 -> 224x224
P03: 676x742 -> 224x224
P04: 813x742 -> 224x224
P05: 1092x793 -> 224x224
P06: 691x796 -> 224x224
P07: 674x793 -> 224x224
P08: 815x793 -> 224x224
P09: 1092x913 -> 224x224
P10: 690x916 -> 224x224
P11: 676x918 -> 224x224
P12: 810x921 -> 224x224

12 plant crops created.

========================================
Saving data to SQLite...
========================================

SQLite insert successful.
Capture ID      : CAP_20260901_080006
Capture records : 1
Plant records   : 12
Active plants   : 11
Inactive plants : 1
Database        : /hydroponic_project/database/hydroponic.db

========================================
Saving CSV dataset...
========================================

12 CSV rows saved.
CSV: /hydroponic_project/data_collection/multimodal_dataset.csv

========================================
 COLLECTION COMPLETED SUCCESSFULLY
========================================

Capture ID : CAP_20260901_080006
Timestamp  : 2026-09-01 08:00:06
Positions  : 12
Plants     : 11
Image      : /hydroponic_project/data_collection/images/lettuce_20260901_080006.jpg
Database   : /hydroponic_project/database/hydroponic.db
CSV        : /hydroponic_project/data_collection/multimodal_dataset.csv


Data collection completed successfully.

Starting inference...

========================================
 HYDROPONIC EDGE-AI INFERENCE
========================================
Device          : cpu
Image weight    : 0.60
Sensor weight   : 0.40
Fusion threshold: 0.50
Image time      : 06:00 - 16:59
Minimum Lux     : 10.0

========================================
CAPTURE
========================================
Capture ID : CAP_20260901_080006
Timestamp  : 2026-09-01 08:00:06
Camera Lux : 285.27301025390625
Positions  : 12
Active     : 11
No plant   : 1
Unknown    : 0

========================================
Loading Random Forest sensor model...
========================================
Model       : Random Forest
Features    : ['pH', 'TDS', 'water_level', 'DHT_temp', 'DHT_humidity', 'water_temp']
Classes     : [0 1]
Class map   : {'0': 'Unhealthy / Stress warning', '1': 'Healthy'}
Load time   : 7835.84 ms

========================================
SENSOR VALUES / SENSOR AI
========================================
pH            : 7.21
TDS           : 765.2 ppm
EC            : 1.53 mS/cm
Water level   : OK
Air temp      : 29.8 C
Humidity      : 80.3 %
Water temp    : 28.75 C

Sensor model  : Unhealthy / Stress warning
Sensor conf.  : 94.33%
Sensor risk   : 94.33%
Sensor time   : 184.251 ms

========================================
IMAGE QUALITY CHECK
========================================
Capture time : 08:00:06
Camera Lux   : 285.27301025390625
Minimum Lux  : 10.0
Image status : IMAGE SUITABLE

========================================
Loading MobileNetV2...
========================================
Model       : mobilenet_v2
Classes     : ['healthy', 'unhealthy']
Class map   : {'healthy': 0, 'unhealthy': 1}
Best epoch  : 9
Load time   : 642.95 ms

========================================
PLANT INFERENCE
========================================

P01
  Plant      : ACTIVE
  Image      : healthy (99.90%)
  Image risk : 0.10%
  Sensor     : Unhealthy / Stress warning (94.33%)
  Sensor risk: 94.33%
  Fusion     : healthy (62.21%)
  Final      : HEALTHY
  Image time : 558.71 ms

P02
  Plant      : ACTIVE
  Image      : healthy (100.00%)
  Image risk : 0.00%
  Sensor     : Unhealthy / Stress warning (94.33%)
  Sensor risk: 94.33%
  Fusion     : healthy (62.27%)
  Final      : HEALTHY
  Image time : 211.66 ms

P03
  Plant      : ACTIVE
  Image      : healthy (99.97%)
  Image risk : 0.03%
  Sensor     : Unhealthy / Stress warning (94.33%)
  Sensor risk: 94.33%
  Fusion     : healthy (62.25%)
  Final      : HEALTHY
  Image time : 208.39 ms

P04
  Plant      : ACTIVE
  Image      : healthy (98.72%)
  Image risk : 1.28%
  Sensor     : Unhealthy / Stress warning (94.33%)
  Sensor risk: 94.33%
  Fusion     : healthy (61.50%)
  Final      : HEALTHY
  Image time : 209.19 ms

P05
  Plant      : ACTIVE
  Image      : healthy (99.66%)
  Image risk : 0.34%
  Sensor     : Unhealthy / Stress warning (94.33%)
  Sensor risk: 94.33%
  Fusion     : healthy (62.06%)
  Final      : HEALTHY
  Image time : 205.08 ms

P06
  Plant      : ACTIVE
  Image      : healthy (99.99%)
  Image risk : 0.01%
  Sensor     : Unhealthy / Stress warning (94.33%)
  Sensor risk: 94.33%
  Fusion     : healthy (62.26%)
  Final      : HEALTHY
  Image time : 209.58 ms

P07
  Plant      : ACTIVE
  Image      : healthy (100.00%)
  Image risk : 0.00%
  Sensor     : Unhealthy / Stress warning (94.33%)
  Sensor risk: 94.33%
  Fusion     : healthy (62.27%)
  Final      : HEALTHY
  Image time : 209.78 ms

P08
  Plant      : NO PLANT
  Image AI   : SKIPPED
  Sensor AI  : NOT APPLICABLE
  Fusion AI  : SKIPPED

P09
  Plant      : ACTIVE
  Image      : healthy (90.18%)
  Image risk : 9.82%
  Sensor     : Unhealthy / Stress warning (94.33%)
  Sensor risk: 94.33%
  Fusion     : healthy (56.37%)
  Final      : HEALTHY
  Image time : 209.83 ms

P10
  Plant      : ACTIVE
  Image      : healthy (100.00%)
  Image risk : 0.00%
  Sensor     : Unhealthy / Stress warning (94.33%)
  Sensor risk: 94.33%
  Fusion     : healthy (62.27%)
  Final      : HEALTHY
  Image time : 208.80 ms

P11
  Plant      : ACTIVE
  Image      : healthy (99.75%)
  Image risk : 0.25%
  Sensor     : Unhealthy / Stress warning (94.33%)
  Sensor risk: 94.33%
  Fusion     : healthy (62.12%)
  Final      : HEALTHY
  Image time : 208.32 ms

P12
  Plant      : ACTIVE
  Image      : healthy (99.70%)
  Image risk : 0.30%
  Sensor     : Unhealthy / Stress warning (94.33%)
  Sensor risk: 94.33%
  Fusion     : healthy (62.09%)
  Final      : HEALTHY
  Image time : 212.08 ms

========================================
Updating SQLite predictions...
========================================

12 plant records updated.

========================================
 INFERENCE COMPLETED
========================================
Capture ID          : CAP_20260901_080006
Positions checked   : 12
Full multimodal     : 11
Sensor only         : 0
No plant            : 1
Unknown occupancy   : 0
Image quality       : IMAGE SUITABLE
Sensor latency      : 184.251 ms
Average image time  : 241.04 ms
Minimum image time  : 205.08 ms
Maximum image time  : 558.71 ms
Total script time   : 11504.21 ms

Predictions saved to: /hydroponic_project/database/hydroponic.db


Inference completed successfully.

========================================
HYDROPONIC PIPELINE COMPLETED
2026-09-01 08:00:54
========================================


========================================
HYDROPONIC PIPELINE START
2026-09-01 08:30:02
========================================

Starting data collection...
[1:01:32.823719614] [1666]  INFO Camera camera_manager.cpp:340 libcamera v0.7.1+rpt20260609
[1:01:32.871751232] [1670]  INFO RPI pipeline_base.cpp:1133 Using configuration file '/usr/share/libcamera/pipeline/rpi/vc4/rpi_apps.yaml'
[1:01:32.933871293] [1670]  INFO IPAProxy ipa_proxy.cpp:184 Using tuning file /usr/share/libcamera/ipa/rpi/vc4/imx219.json
[1:01:32.943611895] [1670]  INFO Camera camera_manager.cpp:223 Adding camera '/base/soc/i2c0mux/i2c@1/imx219@10' for pipeline handler rpi/vc4
[1:01:32.943692837] [1670]  INFO RPI vc4.cpp:445 Registered camera /base/soc/i2c0mux/i2c@1/imx219@10 to Unicam device /dev/media1 and ISP device /dev/media3
[1:01:32.950237756] [1666]  INFO Camera camera.cpp:1216 configuring streams: (0) 3280x2464-BGR888/sRGB (1) 3280x2464-SBGGR10_CSI2P/RAW
[1:01:32.950681245] [1670]  INFO RPI vc4.cpp:620 Sensor: /base/soc/i2c0mux/i2c@1/imx219@10 - Selected sensor format: 3280x2464-SBGGR10_1X10/RAW - Selected unicam format: 3280x2464-pBAA/RAW

========================================
 HYDROPONIC MULTIMODAL DATA COLLECTOR
========================================

SQLite database ready: /hydroponic_project/database/hydroponic.db

========================================
 CURRENT PLANT POSITIONS
========================================
P01: ACTIVE
P02: ACTIVE
P03: ACTIVE
P04: ACTIVE
P05: ACTIVE
P06: ACTIVE
P07: ACTIVE
P08: NO PLANT
P09: ACTIVE
P10: ACTIVE
P11: ACTIVE
P12: ACTIVE

Active plants: 11/12

Capture ID   : CAP_20260901_083004
Capture time : 2026-09-01 08:30:04

========================================
Reading ESP32 sensors...
========================================

Sensor record received:
{
  "water_temp": 28.87,
  "room_temp": 30.2,
  "humidity": 77.4,
  "ph": 6.47,
  "ph_voltage": 2.6641,
  "ec": 1.522,
  "tds": 760.9,
  "tds_voltage": 2.1864,
  "water_level": "OK"
}

========================================
Capturing camera image...
========================================
Waiting for exposure and white balance...

Image saved:
/hydroponic_project/data_collection/images/lettuce_20260901_083004.jpg

Camera metadata:
ExposureTime: 29999
AnalogueGain: 2.461538553237915
DigitalGain: 1.0085917711257935
Lux: 393.3157958984375

========================================
Cropping P01-P12...
========================================
P01: 1100x745 -> 224x224
P02: 691x742 -> 224x224
P03: 676x742 -> 224x224
P04: 813x742 -> 224x224
P05: 1092x793 -> 224x224
P06: 691x796 -> 224x224
P07: 674x793 -> 224x224
P08: 815x793 -> 224x224
P09: 1092x913 -> 224x224
P10: 690x916 -> 224x224
P11: 676x918 -> 224x224
P12: 810x921 -> 224x224

12 plant crops created.

========================================
Saving data to SQLite...
========================================

SQLite insert successful.
Capture ID      : CAP_20260901_083004
Capture records : 1
Plant records   : 12
Active plants   : 11
Inactive plants : 1
Database        : /hydroponic_project/database/hydroponic.db

========================================
Saving CSV dataset...
========================================

12 CSV rows saved.
CSV: /hydroponic_project/data_collection/multimodal_dataset.csv

========================================
 COLLECTION COMPLETED SUCCESSFULLY
========================================

Capture ID : CAP_20260901_083004
Timestamp  : 2026-09-01 08:30:04
Positions  : 12
Plants     : 11
Image      : /hydroponic_project/data_collection/images/lettuce_20260901_083004.jpg
Database   : /hydroponic_project/database/hydroponic.db
CSV        : /hydroponic_project/data_collection/multimodal_dataset.csv


Data collection completed successfully.

Starting inference...

========================================
 HYDROPONIC EDGE-AI INFERENCE
========================================
Device          : cpu
Image weight    : 0.60
Sensor weight   : 0.40
Fusion threshold: 0.50
Image time      : 06:00 - 16:59
Minimum Lux     : 10.0

========================================
CAPTURE
========================================
Capture ID : CAP_20260901_083004
Timestamp  : 2026-09-01 08:30:04
Camera Lux : 393.3157958984375
Positions  : 12
Active     : 11
No plant   : 1
Unknown    : 0

========================================
Loading Random Forest sensor model...
========================================
Model       : Random Forest
Features    : ['pH', 'TDS', 'water_level', 'DHT_temp', 'DHT_humidity', 'water_temp']
Classes     : [0 1]
Class map   : {'0': 'Unhealthy / Stress warning', '1': 'Healthy'}
Load time   : 3768.50 ms

========================================
SENSOR VALUES / SENSOR AI
========================================
pH            : 6.47
TDS           : 760.9 ppm
EC            : 1.522 mS/cm
Water level   : OK
Air temp      : 30.2 C
Humidity      : 77.4 %
Water temp    : 28.87 C

Sensor model  : Unhealthy / Stress warning
Sensor conf.  : 95.00%
Sensor risk   : 95.00%
Sensor time   : 181.706 ms

========================================
IMAGE QUALITY CHECK
========================================
Capture time : 08:30:04
Camera Lux   : 393.3157958984375
Minimum Lux  : 10.0
Image status : IMAGE SUITABLE

========================================
Loading MobileNetV2...
========================================
Model       : mobilenet_v2
Classes     : ['healthy', 'unhealthy']
Class map   : {'healthy': 0, 'unhealthy': 1}
Best epoch  : 9
Load time   : 339.36 ms

========================================
PLANT INFERENCE
========================================

P01
  Plant      : ACTIVE
  Image      : healthy (99.95%)
  Image risk : 0.05%
  Sensor     : Unhealthy / Stress warning (95.00%)
  Sensor risk: 95.00%
  Fusion     : healthy (61.97%)
  Final      : HEALTHY
  Image time : 248.55 ms

P02
  Plant      : ACTIVE
  Image      : healthy (100.00%)
  Image risk : 0.00%
  Sensor     : Unhealthy / Stress warning (95.00%)
  Sensor risk: 95.00%
  Fusion     : healthy (62.00%)
  Final      : HEALTHY
  Image time : 208.63 ms

P03
  Plant      : ACTIVE
  Image      : healthy (100.00%)
  Image risk : 0.00%
  Sensor     : Unhealthy / Stress warning (95.00%)
  Sensor risk: 95.00%
  Fusion     : healthy (62.00%)
  Final      : HEALTHY
  Image time : 210.53 ms

P04
  Plant      : ACTIVE
  Image      : healthy (99.32%)
  Image risk : 0.68%
  Sensor     : Unhealthy / Stress warning (95.00%)
  Sensor risk: 95.00%
  Fusion     : healthy (61.59%)
  Final      : HEALTHY
  Image time : 215.50 ms

P05
  Plant      : ACTIVE
  Image      : healthy (99.52%)
  Image risk : 0.48%
  Sensor     : Unhealthy / Stress warning (95.00%)
  Sensor risk: 95.00%
  Fusion     : healthy (61.71%)
  Final      : HEALTHY
  Image time : 215.20 ms

P06
  Plant      : ACTIVE
  Image      : healthy (99.99%)
  Image risk : 0.01%
  Sensor     : Unhealthy / Stress warning (95.00%)
  Sensor risk: 95.00%
  Fusion     : healthy (61.99%)
  Final      : HEALTHY
  Image time : 215.55 ms

P07
  Plant      : ACTIVE
  Image      : healthy (100.00%)
  Image risk : 0.00%
  Sensor     : Unhealthy / Stress warning (95.00%)
  Sensor risk: 95.00%
  Fusion     : healthy (62.00%)
  Final      : HEALTHY
  Image time : 217.96 ms

P08
  Plant      : NO PLANT
  Image AI   : SKIPPED
  Sensor AI  : NOT APPLICABLE
  Fusion AI  : SKIPPED

P09
  Plant      : ACTIVE
  Image      : healthy (96.05%)
  Image risk : 3.95%
  Sensor     : Unhealthy / Stress warning (95.00%)
  Sensor risk: 95.00%
  Fusion     : healthy (59.63%)
  Final      : HEALTHY
  Image time : 218.28 ms

P10
  Plant      : ACTIVE
  Image      : healthy (99.99%)
  Image risk : 0.01%
  Sensor     : Unhealthy / Stress warning (95.00%)
  Sensor risk: 95.00%
  Fusion     : healthy (61.99%)
  Final      : HEALTHY
  Image time : 214.71 ms

P11
  Plant      : ACTIVE
  Image      : healthy (99.70%)
  Image risk : 0.30%
  Sensor     : Unhealthy / Stress warning (95.00%)
  Sensor risk: 95.00%
  Fusion     : healthy (61.82%)
  Final      : HEALTHY
  Image time : 215.06 ms

P12
  Plant      : ACTIVE
  Image      : healthy (99.89%)
  Image risk : 0.11%
  Sensor     : Unhealthy / Stress warning (95.00%)
  Sensor risk: 95.00%
  Fusion     : healthy (61.94%)
  Final      : HEALTHY
  Image time : 216.82 ms

========================================
Updating SQLite predictions...
========================================

12 plant records updated.

========================================
 INFERENCE COMPLETED
========================================
Capture ID          : CAP_20260901_083004
Positions checked   : 12
Full multimodal     : 11
Sensor only         : 0
No plant            : 1
Unknown occupancy   : 0
Image quality       : IMAGE SUITABLE
Sensor latency      : 181.706 ms
Average image time  : 217.89 ms
Minimum image time  : 208.63 ms
Maximum image time  : 248.55 ms
Total script time   : 6775.42 ms

Predictions saved to: /hydroponic_project/database/hydroponic.db


Inference completed successfully.

========================================
HYDROPONIC PIPELINE COMPLETED
2026-09-01 08:32:01
========================================


========================================
HYDROPONIC PIPELINE START
2026-09-01 09:00:01
========================================

Starting data collection...
[1:30:14.695573488] [1776]  INFO Camera camera_manager.cpp:340 libcamera v0.7.1+rpt20260609
[1:30:14.740875179] [1780]  INFO RPI pipeline_base.cpp:1133 Using configuration file '/usr/share/libcamera/pipeline/rpi/vc4/rpi_apps.yaml'
[1:30:14.799579332] [1780]  INFO IPAProxy ipa_proxy.cpp:184 Using tuning file /usr/share/libcamera/ipa/rpi/vc4/imx219.json
[1:30:14.805620250] [1780]  INFO Camera camera_manager.cpp:223 Adding camera '/base/soc/i2c0mux/i2c@1/imx219@10' for pipeline handler rpi/vc4
[1:30:14.805698267] [1780]  INFO RPI vc4.cpp:445 Registered camera /base/soc/i2c0mux/i2c@1/imx219@10 to Unicam device /dev/media1 and ISP device /dev/media3
[1:30:14.812322268] [1776]  INFO Camera camera.cpp:1216 configuring streams: (0) 3280x2464-BGR888/sRGB (1) 3280x2464-SBGGR10_CSI2P/RAW
[1:30:14.812762501] [1780]  INFO RPI vc4.cpp:620 Sensor: /base/soc/i2c0mux/i2c@1/imx219@10 - Selected sensor format: 3280x2464-SBGGR10_1X10/RAW - Selected unicam format: 3280x2464-pBAA/RAW

========================================
 HYDROPONIC MULTIMODAL DATA COLLECTOR
========================================

SQLite database ready: /hydroponic_project/database/hydroponic.db

========================================
 CURRENT PLANT POSITIONS
========================================
P01: ACTIVE
P02: ACTIVE
P03: ACTIVE
P04: ACTIVE
P05: ACTIVE
P06: ACTIVE
P07: ACTIVE
P08: NO PLANT
P09: ACTIVE
P10: ACTIVE
P11: ACTIVE
P12: ACTIVE

Active plants: 11/12

Capture ID   : CAP_20260901_090003
Capture time : 2026-09-01 09:00:03

========================================
Reading ESP32 sensors...
========================================

Sensor record received:
{
  "water_temp": 24.25,
  "room_temp": 30.8,
  "humidity": 75.8,
  "ph": 6.34,
  "ph_voltage": 2.6864,
  "ec": 1.668,
  "tds": 834.0,
  "tds_voltage": 2.11,
  "water_level": "OK"
}

========================================
Capturing camera image...
========================================
Waiting for exposure and white balance...

Image saved:
/hydroponic_project/data_collection/images/lettuce_20260901_090003.jpg

Camera metadata:
ExposureTime: 51663
AnalogueGain: 4.0
DigitalGain: 1.0002532005310059
Lux: 149.9852752685547

========================================
Cropping P01-P12...
========================================
P01: 1100x745 -> 224x224
P02: 691x742 -> 224x224
P03: 676x742 -> 224x224
P04: 813x742 -> 224x224
P05: 1092x793 -> 224x224
P06: 691x796 -> 224x224
P07: 674x793 -> 224x224
P08: 815x793 -> 224x224
P09: 1092x913 -> 224x224
P10: 690x916 -> 224x224
P11: 676x918 -> 224x224
P12: 810x921 -> 224x224

12 plant crops created.

========================================
Saving data to SQLite...
========================================

SQLite insert successful.
Capture ID      : CAP_20260901_090003
Capture records : 1
Plant records   : 12
Active plants   : 11
Inactive plants : 1
Database        : /hydroponic_project/database/hydroponic.db

========================================
Saving CSV dataset...
========================================

12 CSV rows saved.
CSV: /hydroponic_project/data_collection/multimodal_dataset.csv

========================================
 COLLECTION COMPLETED SUCCESSFULLY
========================================

Capture ID : CAP_20260901_090003
Timestamp  : 2026-09-01 09:00:03
Positions  : 12
Plants     : 11
Image      : /hydroponic_project/data_collection/images/lettuce_20260901_090003.jpg
Database   : /hydroponic_project/database/hydroponic.db
CSV        : /hydroponic_project/data_collection/multimodal_dataset.csv


Data collection completed successfully.

Starting inference...

========================================
 HYDROPONIC EDGE-AI INFERENCE
========================================
Device          : cpu
Image weight    : 0.60
Sensor weight   : 0.40
Fusion threshold: 0.50
Image time      : 06:00 - 16:59
Minimum Lux     : 10.0

========================================
CAPTURE
========================================
Capture ID : CAP_20260901_090003
Timestamp  : 2026-09-01 09:00:03
Camera Lux : 149.9852752685547
Positions  : 12
Active     : 11
No plant   : 1
Unknown    : 0

========================================
Loading Random Forest sensor model...
========================================
Model       : Random Forest
Features    : ['pH', 'TDS', 'water_level', 'DHT_temp', 'DHT_humidity', 'water_temp']
Classes     : [0 1]
Class map   : {'0': 'Unhealthy / Stress warning', '1': 'Healthy'}
Load time   : 3789.48 ms

========================================
SENSOR VALUES / SENSOR AI
========================================
pH            : 6.34
TDS           : 834.0 ppm
EC            : 1.668 mS/cm
Water level   : OK
Air temp      : 30.8 C
Humidity      : 75.8 %
Water temp    : 24.25 C

Sensor model  : Healthy
Sensor conf.  : 64.33%
Sensor risk   : 35.67%
Sensor time   : 175.776 ms

========================================
IMAGE QUALITY CHECK
========================================
Capture time : 09:00:03
Camera Lux   : 149.9852752685547
Minimum Lux  : 10.0
Image status : IMAGE SUITABLE

========================================
Loading MobileNetV2...
========================================
Model       : mobilenet_v2
Classes     : ['healthy', 'unhealthy']
Class map   : {'healthy': 0, 'unhealthy': 1}
Best epoch  : 9
Load time   : 339.20 ms

========================================
PLANT INFERENCE
========================================

P01
  Plant      : ACTIVE
  Image      : healthy (99.68%)
  Image risk : 0.32%
  Sensor     : Healthy (64.33%)
  Sensor risk: 35.67%
  Fusion     : healthy (85.54%)
  Final      : HEALTHY
  Image time : 246.74 ms

P02
  Plant      : ACTIVE
  Image      : healthy (100.00%)
  Image risk : 0.00%
  Sensor     : Healthy (64.33%)
  Sensor risk: 35.67%
  Fusion     : healthy (85.73%)
  Final      : HEALTHY
  Image time : 209.30 ms

P03
  Plant      : ACTIVE
  Image      : healthy (99.98%)
  Image risk : 0.02%
  Sensor     : Healthy (64.33%)
  Sensor risk: 35.67%
  Fusion     : healthy (85.72%)
  Final      : HEALTHY
  Image time : 208.00 ms

P04
  Plant      : ACTIVE
  Image      : healthy (99.11%)
  Image risk : 0.89%
  Sensor     : Healthy (64.33%)
  Sensor risk: 35.67%
  Fusion     : healthy (85.20%)
  Final      : HEALTHY
  Image time : 206.01 ms

P05
  Plant      : ACTIVE
  Image      : healthy (99.42%)
  Image risk : 0.58%
  Sensor     : Healthy (64.33%)
  Sensor risk: 35.67%
  Fusion     : healthy (85.39%)
  Final      : HEALTHY
  Image time : 206.56 ms

P06
  Plant      : ACTIVE
  Image      : healthy (99.97%)
  Image risk : 0.03%
  Sensor     : Healthy (64.33%)
  Sensor risk: 35.67%
  Fusion     : healthy (85.71%)
  Final      : HEALTHY
  Image time : 207.37 ms

P07
  Plant      : ACTIVE
  Image      : healthy (100.00%)
  Image risk : 0.00%
  Sensor     : Healthy (64.33%)
  Sensor risk: 35.67%
  Fusion     : healthy (85.73%)
  Final      : HEALTHY
  Image time : 226.39 ms

P08
  Plant      : NO PLANT
  Image AI   : SKIPPED
  Sensor AI  : NOT APPLICABLE
  Fusion AI  : SKIPPED

P09
  Plant      : ACTIVE
  Image      : healthy (99.22%)
  Image risk : 0.78%
  Sensor     : Healthy (64.33%)
  Sensor risk: 35.67%
  Fusion     : healthy (85.27%)
  Final      : HEALTHY
  Image time : 208.24 ms

P10
  Plant      : ACTIVE
  Image      : healthy (99.96%)
  Image risk : 0.04%
  Sensor     : Healthy (64.33%)
  Sensor risk: 35.67%
  Fusion     : healthy (85.71%)
  Final      : HEALTHY
  Image time : 207.80 ms

P11
  Plant      : ACTIVE
  Image      : healthy (99.73%)
  Image risk : 0.27%
  Sensor     : Healthy (64.33%)
  Sensor risk: 35.67%
  Fusion     : healthy (85.57%)
  Final      : HEALTHY
  Image time : 208.01 ms

P12
  Plant      : ACTIVE
  Image      : healthy (99.63%)
  Image risk : 0.37%
  Sensor     : Healthy (64.33%)
  Sensor risk: 35.67%
  Fusion     : healthy (85.51%)
  Final      : HEALTHY
  Image time : 207.65 ms

========================================
Updating SQLite predictions...
========================================

12 plant records updated.

========================================
 INFERENCE COMPLETED
========================================
Capture ID          : CAP_20260901_090003
Positions checked   : 12
Full multimodal     : 11
Sensor only         : 0
No plant            : 1
Unknown occupancy   : 0
Image quality       : IMAGE SUITABLE
Sensor latency      : 175.776 ms
Average image time  : 212.92 ms
Minimum image time  : 206.01 ms
Maximum image time  : 246.74 ms
Total script time   : 6735.78 ms

Predictions saved to: /hydroponic_project/database/hydroponic.db


Inference completed successfully.

========================================
HYDROPONIC PIPELINE COMPLETED
2026-09-01 09:00:43
========================================


========================================
HYDROPONIC PIPELINE START
2026-09-01 09:30:01
========================================

Starting data collection...
[2:00:40.167299671] [1833]  INFO Camera camera_manager.cpp:340 libcamera v0.7.1+rpt20260609
[2:00:40.219941038] [1837]  INFO RPI pipeline_base.cpp:1133 Using configuration file '/usr/share/libcamera/pipeline/rpi/vc4/rpi_apps.yaml'
[2:00:40.272830050] [1837]  INFO IPAProxy ipa_proxy.cpp:184 Using tuning file /usr/share/libcamera/ipa/rpi/vc4/imx219.json
[2:00:40.278887962] [1837]  INFO Camera camera_manager.cpp:223 Adding camera '/base/soc/i2c0mux/i2c@1/imx219@10' for pipeline handler rpi/vc4
[2:00:40.278968405] [1837]  INFO RPI vc4.cpp:445 Registered camera /base/soc/i2c0mux/i2c@1/imx219@10 to Unicam device /dev/media1 and ISP device /dev/media3
[2:00:40.285557347] [1833]  INFO Camera camera.cpp:1216 configuring streams: (0) 3280x2464-BGR888/sRGB (1) 3280x2464-SBGGR10_CSI2P/RAW
[2:00:40.285991377] [1837]  INFO RPI vc4.cpp:620 Sensor: /base/soc/i2c0mux/i2c@1/imx219@10 - Selected sensor format: 3280x2464-SBGGR10_1X10/RAW - Selected unicam format: 3280x2464-pBAA/RAW

========================================
 HYDROPONIC MULTIMODAL DATA COLLECTOR
========================================

SQLite database ready: /hydroponic_project/database/hydroponic.db

========================================
 CURRENT PLANT POSITIONS
========================================
P01: ACTIVE
P02: ACTIVE
P03: ACTIVE
P04: ACTIVE
P05: ACTIVE
P06: ACTIVE
P07: ACTIVE
P08: NO PLANT
P09: ACTIVE
P10: ACTIVE
P11: ACTIVE
P12: ACTIVE

Active plants: 11/12

Capture ID   : CAP_20260901_093003
Capture time : 2026-09-01 09:30:03

========================================
Reading ESP32 sensors...
========================================

Sensor record received:
{
  "water_temp": 25.06,
  "room_temp": 31.4,
  "humidity": 72.7,
  "ph": 6.26,
  "ph_voltage": 2.6984,
  "ec": 1.644,
  "tds": 822.0,
  "tds_voltage": 2.1269,
  "water_level": "OK"
}

========================================
Capturing camera image...
========================================
Waiting for exposure and white balance...

Image saved:
/hydroponic_project/data_collection/images/lettuce_20260901_093003.jpg

Camera metadata:
ExposureTime: 29999
AnalogueGain: 4.0
DigitalGain: 1.0004035234451294
Lux: 254.0426483154297

========================================
Cropping P01-P12...
========================================
P01: 1100x745 -> 224x224
P02: 691x742 -> 224x224
P03: 676x742 -> 224x224
P04: 813x742 -> 224x224
P05: 1092x793 -> 224x224
P06: 691x796 -> 224x224
P07: 674x793 -> 224x224
P08: 815x793 -> 224x224
P09: 1092x913 -> 224x224
P10: 690x916 -> 224x224
P11: 676x918 -> 224x224
P12: 810x921 -> 224x224

12 plant crops created.

========================================
Saving data to SQLite...
========================================

SQLite insert successful.
Capture ID      : CAP_20260901_093003
Capture records : 1
Plant records   : 12
Active plants   : 11
Inactive plants : 1
Database        : /hydroponic_project/database/hydroponic.db

========================================
Saving CSV dataset...
========================================

12 CSV rows saved.
CSV: /hydroponic_project/data_collection/multimodal_dataset.csv

========================================
 COLLECTION COMPLETED SUCCESSFULLY
========================================

Capture ID : CAP_20260901_093003
Timestamp  : 2026-09-01 09:30:03
Positions  : 12
Plants     : 11
Image      : /hydroponic_project/data_collection/images/lettuce_20260901_093003.jpg
Database   : /hydroponic_project/database/hydroponic.db
CSV        : /hydroponic_project/data_collection/multimodal_dataset.csv


Data collection completed successfully.

Starting inference...

========================================
 HYDROPONIC EDGE-AI INFERENCE
========================================
Device          : cpu
Image weight    : 0.60
Sensor weight   : 0.40
Fusion threshold: 0.50
Image time      : 06:00 - 16:59
Minimum Lux     : 10.0

========================================
CAPTURE
========================================
Capture ID : CAP_20260901_093003
Timestamp  : 2026-09-01 09:30:03
Camera Lux : 254.0426483154297
Positions  : 12
Active     : 11
No plant   : 1
Unknown    : 0

========================================
Loading Random Forest sensor model...
========================================
Model       : Random Forest
Features    : ['pH', 'TDS', 'water_level', 'DHT_temp', 'DHT_humidity', 'water_temp']
Classes     : [0 1]
Class map   : {'0': 'Unhealthy / Stress warning', '1': 'Healthy'}
Load time   : 3780.85 ms

========================================
SENSOR VALUES / SENSOR AI
========================================
pH            : 6.26
TDS           : 822.0 ppm
EC            : 1.644 mS/cm
Water level   : OK
Air temp      : 31.4 C
Humidity      : 72.7 %
Water temp    : 25.06 C

Sensor model  : Healthy
Sensor conf.  : 71.67%
Sensor risk   : 28.33%
Sensor time   : 182.732 ms

========================================
IMAGE QUALITY CHECK
========================================
Capture time : 09:30:03
Camera Lux   : 254.0426483154297
Minimum Lux  : 10.0
Image status : IMAGE SUITABLE

========================================
Loading MobileNetV2...
========================================
Model       : mobilenet_v2
Classes     : ['healthy', 'unhealthy']
Class map   : {'healthy': 0, 'unhealthy': 1}
Best epoch  : 9
Load time   : 338.36 ms

========================================
PLANT INFERENCE
========================================

P01
  Plant      : ACTIVE
  Image      : healthy (99.89%)
  Image risk : 0.11%
  Sensor     : Healthy (71.67%)
  Sensor risk: 28.33%
  Fusion     : healthy (88.60%)
  Final      : HEALTHY
  Image time : 249.73 ms

P02
  Plant      : ACTIVE
  Image      : healthy (100.00%)
  Image risk : 0.00%
  Sensor     : Healthy (71.67%)
  Sensor risk: 28.33%
  Fusion     : healthy (88.67%)
  Final      : HEALTHY
  Image time : 208.18 ms

P03
  Plant      : ACTIVE
  Image      : healthy (100.00%)
  Image risk : 0.00%
  Sensor     : Healthy (71.67%)
  Sensor risk: 28.33%
  Fusion     : healthy (88.66%)
  Final      : HEALTHY
  Image time : 207.92 ms

P04
  Plant      : ACTIVE
  Image      : healthy (99.39%)
  Image risk : 0.61%
  Sensor     : Healthy (71.67%)
  Sensor risk: 28.33%
  Fusion     : healthy (88.30%)
  Final      : HEALTHY
  Image time : 208.12 ms

P05
  Plant      : ACTIVE
  Image      : healthy (99.26%)
  Image risk : 0.74%
  Sensor     : Healthy (71.67%)
  Sensor risk: 28.33%
  Fusion     : healthy (88.22%)
  Final      : HEALTHY
  Image time : 208.26 ms

P06
  Plant      : ACTIVE
  Image      : healthy (99.96%)
  Image risk : 0.04%
  Sensor     : Healthy (71.67%)
  Sensor risk: 28.33%
  Fusion     : healthy (88.64%)
  Final      : HEALTHY
  Image time : 210.31 ms

P07
  Plant      : ACTIVE
  Image      : healthy (100.00%)
  Image risk : 0.00%
  Sensor     : Healthy (71.67%)
  Sensor risk: 28.33%
  Fusion     : healthy (88.67%)
  Final      : HEALTHY
  Image time : 207.50 ms

P08
  Plant      : NO PLANT
  Image AI   : SKIPPED
  Sensor AI  : NOT APPLICABLE
  Fusion AI  : SKIPPED

P09
  Plant      : ACTIVE
  Image      : healthy (98.91%)
  Image risk : 1.09%
  Sensor     : Healthy (71.67%)
  Sensor risk: 28.33%
  Fusion     : healthy (88.01%)
  Final      : HEALTHY
  Image time : 208.01 ms

P10
  Plant      : ACTIVE
  Image      : healthy (99.94%)
  Image risk : 0.06%
  Sensor     : Healthy (71.67%)
  Sensor risk: 28.33%
  Fusion     : healthy (88.63%)
  Final      : HEALTHY
  Image time : 208.84 ms

P11
  Plant      : ACTIVE
  Image      : healthy (99.26%)
  Image risk : 0.74%
  Sensor     : Healthy (71.67%)
  Sensor risk: 28.33%
  Fusion     : healthy (88.22%)
  Final      : HEALTHY
  Image time : 210.64 ms

P12
  Plant      : ACTIVE
  Image      : healthy (99.82%)
  Image risk : 0.18%
  Sensor     : Healthy (71.67%)
  Sensor risk: 28.33%
  Fusion     : healthy (88.56%)
  Final      : HEALTHY
  Image time : 209.00 ms

========================================
Updating SQLite predictions...
========================================

12 plant records updated.

========================================
 INFERENCE COMPLETED
========================================
Capture ID          : CAP_20260901_093003
Positions checked   : 12
Full multimodal     : 11
Sensor only         : 0
No plant            : 1
Unknown occupancy   : 0
Image quality       : IMAGE SUITABLE
Sensor latency      : 182.732 ms
Average image time  : 212.41 ms
Minimum image time  : 207.50 ms
Maximum image time  : 249.73 ms
Total script time   : 6723.53 ms

Predictions saved to: /hydroponic_project/database/hydroponic.db


Inference completed successfully.

========================================
HYDROPONIC PIPELINE COMPLETED
2026-09-01 09:31:08
========================================


========================================
HYDROPONIC PIPELINE START
2026-09-01 10:00:01
========================================

Starting data collection...
[2:30:13.849168542] [1886]  INFO Camera camera_manager.cpp:340 libcamera v0.7.1+rpt20260609
[2:30:13.896350643] [1890]  INFO RPI pipeline_base.cpp:1133 Using configuration file '/usr/share/libcamera/pipeline/rpi/vc4/rpi_apps.yaml'
[2:30:13.958006840] [1890]  INFO IPAProxy ipa_proxy.cpp:184 Using tuning file /usr/share/libcamera/ipa/rpi/vc4/imx219.json
[2:30:13.965134121] [1890]  INFO Camera camera_manager.cpp:223 Adding camera '/base/soc/i2c0mux/i2c@1/imx219@10' for pipeline handler rpi/vc4
[2:30:13.965241675] [1890]  INFO RPI vc4.cpp:445 Registered camera /base/soc/i2c0mux/i2c@1/imx219@10 to Unicam device /dev/media1 and ISP device /dev/media3
[2:30:13.971860834] [1886]  INFO Camera camera.cpp:1216 configuring streams: (0) 3280x2464-BGR888/sRGB (1) 3280x2464-SBGGR10_CSI2P/RAW
[2:30:13.972335068] [1890]  INFO RPI vc4.cpp:620 Sensor: /base/soc/i2c0mux/i2c@1/imx219@10 - Selected sensor format: 3280x2464-SBGGR10_1X10/RAW - Selected unicam format: 3280x2464-pBAA/RAW

========================================
 HYDROPONIC MULTIMODAL DATA COLLECTOR
========================================

SQLite database ready: /hydroponic_project/database/hydroponic.db

========================================
 CURRENT PLANT POSITIONS
========================================
P01: ACTIVE
P02: ACTIVE
P03: ACTIVE
P04: ACTIVE
P05: ACTIVE
P06: ACTIVE
P07: ACTIVE
P08: NO PLANT
P09: ACTIVE
P10: ACTIVE
P11: ACTIVE
P12: ACTIVE

Active plants: 11/12

Capture ID   : CAP_20260901_100004
Capture time : 2026-09-01 10:00:04

========================================
Reading ESP32 sensors...
========================================

Sensor record received:
{
  "water_temp": 26.0,
  "room_temp": 31.7,
  "humidity": 73.4,
  "ph": 6.3,
  "ph_voltage": 2.6925,
  "ec": 1.611,
  "tds": 805.7,
  "tds_voltage": 2.1415,
  "water_level": "OK"
}

========================================
Capturing camera image...
========================================
Waiting for exposure and white balance...

Image saved:
/hydroponic_project/data_collection/images/lettuce_20260901_100004.jpg

Camera metadata:
ExposureTime: 42230
AnalogueGain: 4.0
DigitalGain: 1.000043511390686
Lux: 177.94686889648438

========================================
Cropping P01-P12...
========================================
P01: 1100x745 -> 224x224
P02: 691x742 -> 224x224
P03: 676x742 -> 224x224
P04: 813x742 -> 224x224
P05: 1092x793 -> 224x224
P06: 691x796 -> 224x224
P07: 674x793 -> 224x224
P08: 815x793 -> 224x224
P09: 1092x913 -> 224x224
P10: 690x916 -> 224x224
P11: 676x918 -> 224x224
P12: 810x921 -> 224x224

12 plant crops created.

========================================
Saving data to SQLite...
========================================

SQLite insert successful.
Capture ID      : CAP_20260901_100004
Capture records : 1
Plant records   : 12
Active plants   : 11
Inactive plants : 1
Database        : /hydroponic_project/database/hydroponic.db

========================================
Saving CSV dataset...
========================================

12 CSV rows saved.
CSV: /hydroponic_project/data_collection/multimodal_dataset.csv

========================================
 COLLECTION COMPLETED SUCCESSFULLY
========================================

Capture ID : CAP_20260901_100004
Timestamp  : 2026-09-01 10:00:04
Positions  : 12
Plants     : 11
Image      : /hydroponic_project/data_collection/images/lettuce_20260901_100004.jpg
Database   : /hydroponic_project/database/hydroponic.db
CSV        : /hydroponic_project/data_collection/multimodal_dataset.csv


Data collection completed successfully.

Starting inference...

========================================
 HYDROPONIC EDGE-AI INFERENCE
========================================
Device          : cpu
Image weight    : 0.60
Sensor weight   : 0.40
Fusion threshold: 0.50
Image time      : 06:00 - 16:59
Minimum Lux     : 10.0

========================================
CAPTURE
========================================
Capture ID : CAP_20260901_100004
Timestamp  : 2026-09-01 10:00:04
Camera Lux : 177.94686889648438
Positions  : 12
Active     : 11
No plant   : 1
Unknown    : 0

========================================
Loading Random Forest sensor model...
========================================
Model       : Random Forest
Features    : ['pH', 'TDS', 'water_level', 'DHT_temp', 'DHT_humidity', 'water_temp']
Classes     : [0 1]
Class map   : {'0': 'Unhealthy / Stress warning', '1': 'Healthy'}
Load time   : 3771.75 ms

========================================
SENSOR VALUES / SENSOR AI
========================================
pH            : 6.3
TDS           : 805.7 ppm
EC            : 1.611 mS/cm
Water level   : OK
Air temp      : 31.7 C
Humidity      : 73.4 %
Water temp    : 26.0 C

Sensor model  : Healthy
Sensor conf.  : 70.67%
Sensor risk   : 29.33%
Sensor time   : 180.414 ms

========================================
IMAGE QUALITY CHECK
========================================
Capture time : 10:00:04
Camera Lux   : 177.94686889648438
Minimum Lux  : 10.0
Image status : IMAGE SUITABLE

========================================
Loading MobileNetV2...
========================================
Model       : mobilenet_v2
Classes     : ['healthy', 'unhealthy']
Class map   : {'healthy': 0, 'unhealthy': 1}
Best epoch  : 9
Load time   : 338.98 ms

========================================
PLANT INFERENCE
========================================

P01
  Plant      : ACTIVE
  Image      : healthy (99.51%)
  Image risk : 0.49%
  Sensor     : Healthy (70.67%)
  Sensor risk: 29.33%
  Fusion     : healthy (87.98%)
  Final      : HEALTHY
  Image time : 247.17 ms

P02
  Plant      : ACTIVE
  Image      : healthy (100.00%)
  Image risk : 0.00%
  Sensor     : Healthy (70.67%)
  Sensor risk: 29.33%
  Fusion     : healthy (88.27%)
  Final      : HEALTHY
  Image time : 209.14 ms

P03
  Plant      : ACTIVE
  Image      : healthy (100.00%)
  Image risk : 0.00%
  Sensor     : Healthy (70.67%)
  Sensor risk: 29.33%
  Fusion     : healthy (88.27%)
  Final      : HEALTHY
  Image time : 207.59 ms

P04
  Plant      : ACTIVE
  Image      : healthy (99.16%)
  Image risk : 0.84%
  Sensor     : Healthy (70.67%)
  Sensor risk: 29.33%
  Fusion     : healthy (87.77%)
  Final      : HEALTHY
  Image time : 207.53 ms

P05
  Plant      : ACTIVE
  Image      : healthy (99.43%)
  Image risk : 0.57%
  Sensor     : Healthy (70.67%)
  Sensor risk: 29.33%
  Fusion     : healthy (87.93%)
  Final      : HEALTHY
  Image time : 206.50 ms

P06
  Plant      : ACTIVE
  Image      : healthy (99.98%)
  Image risk : 0.02%
  Sensor     : Healthy (70.67%)
  Sensor risk: 29.33%
  Fusion     : healthy (88.25%)
  Final      : HEALTHY
  Image time : 209.25 ms

P07
  Plant      : ACTIVE
  Image      : healthy (100.00%)
  Image risk : 0.00%
  Sensor     : Healthy (70.67%)
  Sensor risk: 29.33%
  Fusion     : healthy (88.27%)
  Final      : HEALTHY
  Image time : 208.63 ms

P08
  Plant      : NO PLANT
  Image AI   : SKIPPED
  Sensor AI  : NOT APPLICABLE
  Fusion AI  : SKIPPED

P09
  Plant      : ACTIVE
  Image      : healthy (98.93%)
  Image risk : 1.07%
  Sensor     : Healthy (70.67%)
  Sensor risk: 29.33%
  Fusion     : healthy (87.63%)
  Final      : HEALTHY
  Image time : 207.43 ms

P10
  Plant      : ACTIVE
  Image      : healthy (99.98%)
  Image risk : 0.02%
  Sensor     : Healthy (70.67%)
  Sensor risk: 29.33%
  Fusion     : healthy (88.26%)
  Final      : HEALTHY
  Image time : 207.79 ms

P11
  Plant      : ACTIVE
  Image      : healthy (99.68%)
  Image risk : 0.32%
  Sensor     : Healthy (70.67%)
  Sensor risk: 29.33%
  Fusion     : healthy (88.08%)
  Final      : HEALTHY
  Image time : 207.74 ms

P12
  Plant      : ACTIVE
  Image      : healthy (98.81%)
  Image risk : 1.19%
  Sensor     : Healthy (70.67%)
  Sensor risk: 29.33%
  Fusion     : healthy (87.55%)
  Final      : HEALTHY
  Image time : 212.34 ms

========================================
Updating SQLite predictions...
========================================

12 plant records updated.

========================================
 INFERENCE COMPLETED
========================================
Capture ID          : CAP_20260901_100004
Positions checked   : 12
Full multimodal     : 11
Sensor only         : 0
No plant            : 1
Unknown occupancy   : 0
Image quality       : IMAGE SUITABLE
Sensor latency      : 180.414 ms
Average image time  : 211.92 ms
Minimum image time  : 206.50 ms
Maximum image time  : 247.17 ms
Total script time   : 6706.20 ms

Predictions saved to: /hydroponic_project/database/hydroponic.db


Inference completed successfully.

========================================
HYDROPONIC PIPELINE COMPLETED
2026-09-01 10:00:42
========================================


========================================
HYDROPONIC PIPELINE START
2026-09-01 10:30:01
========================================

Starting data collection...
[3:00:39.298682811] [1951]  INFO Camera camera_manager.cpp:340 libcamera v0.7.1+rpt20260609
[3:00:39.345870174] [1960]  INFO RPI pipeline_base.cpp:1133 Using configuration file '/usr/share/libcamera/pipeline/rpi/vc4/rpi_apps.yaml'
[3:00:39.391595241] [1960]  INFO IPAProxy ipa_proxy.cpp:184 Using tuning file /usr/share/libcamera/ipa/rpi/vc4/imx219.json
[3:00:39.401976443] [1960]  INFO Camera camera_manager.cpp:223 Adding camera '/base/soc/i2c0mux/i2c@1/imx219@10' for pipeline handler rpi/vc4
[3:00:39.402101737] [1960]  INFO RPI vc4.cpp:445 Registered camera /base/soc/i2c0mux/i2c@1/imx219@10 to Unicam device /dev/media1 and ISP device /dev/media3
[3:00:39.413120023] [1951]  INFO Camera camera.cpp:1216 configuring streams: (0) 3280x2464-BGR888/sRGB (1) 3280x2464-SBGGR10_CSI2P/RAW
[3:00:39.413792774] [1960]  INFO RPI vc4.cpp:620 Sensor: /base/soc/i2c0mux/i2c@1/imx219@10 - Selected sensor format: 3280x2464-SBGGR10_1X10/RAW - Selected unicam format: 3280x2464-pBAA/RAW

========================================
 HYDROPONIC MULTIMODAL DATA COLLECTOR
========================================

SQLite database ready: /hydroponic_project/database/hydroponic.db

========================================
 CURRENT PLANT POSITIONS
========================================
P01: ACTIVE
P02: ACTIVE
P03: ACTIVE
P04: ACTIVE
P05: ACTIVE
P06: ACTIVE
P07: ACTIVE
P08: NO PLANT
P09: ACTIVE
P10: ACTIVE
P11: ACTIVE
P12: ACTIVE

Active plants: 11/12

Capture ID   : CAP_20260901_103004
Capture time : 2026-09-01 10:30:04

========================================
Reading ESP32 sensors...
========================================

Sensor record received:
{
  "water_temp": 26.94,
  "room_temp": 32.4,
  "humidity": 67.2,
  "ph": 6.42,
  "ph_voltage": 2.6733,
  "ec": 1.582,
  "tds": 791.1,
  "tds_voltage": 2.1574,
  "water_level": "OK"
}

========================================
Capturing camera image...
========================================
Waiting for exposure and white balance...

Image saved:
/hydroponic_project/data_collection/images/lettuce_20260901_103004.jpg

Camera metadata:
ExposureTime: 29999
AnalogueGain: 3.6571428775787354
DigitalGain: 1.0098727941513062
Lux: 266.14080810546875

========================================
Cropping P01-P12...
========================================
P01: 1100x745 -> 224x224
P02: 691x742 -> 224x224
P03: 676x742 -> 224x224
P04: 813x742 -> 224x224
P05: 1092x793 -> 224x224
P06: 691x796 -> 224x224
P07: 674x793 -> 224x224
P08: 815x793 -> 224x224
P09: 1092x913 -> 224x224
P10: 690x916 -> 224x224
P11: 676x918 -> 224x224
P12: 810x921 -> 224x224

12 plant crops created.

========================================
Saving data to SQLite...
========================================

SQLite insert successful.
Capture ID      : CAP_20260901_103004
Capture records : 1
Plant records   : 12
Active plants   : 11
Inactive plants : 1
Database        : /hydroponic_project/database/hydroponic.db

========================================
Saving CSV dataset...
========================================

12 CSV rows saved.
CSV: /hydroponic_project/data_collection/multimodal_dataset.csv

========================================
 COLLECTION COMPLETED SUCCESSFULLY
========================================

Capture ID : CAP_20260901_103004
Timestamp  : 2026-09-01 10:30:04
Positions  : 12
Plants     : 11
Image      : /hydroponic_project/data_collection/images/lettuce_20260901_103004.jpg
Database   : /hydroponic_project/database/hydroponic.db
CSV        : /hydroponic_project/data_collection/multimodal_dataset.csv


Data collection completed successfully.

Starting inference...

========================================
 HYDROPONIC EDGE-AI INFERENCE
========================================
Device          : cpu
Image weight    : 0.60
Sensor weight   : 0.40
Fusion threshold: 0.50
Image time      : 06:00 - 16:59
Minimum Lux     : 10.0

========================================
CAPTURE
========================================
Capture ID : CAP_20260901_103004
Timestamp  : 2026-09-01 10:30:04
Camera Lux : 266.14080810546875
Positions  : 12
Active     : 11
No plant   : 1
Unknown    : 0

========================================
Loading Random Forest sensor model...
========================================
Model       : Random Forest
Features    : ['pH', 'TDS', 'water_level', 'DHT_temp', 'DHT_humidity', 'water_temp']
Classes     : [0 1]
Class map   : {'0': 'Unhealthy / Stress warning', '1': 'Healthy'}
Load time   : 3787.21 ms

========================================
SENSOR VALUES / SENSOR AI
========================================
pH            : 6.42
TDS           : 791.1 ppm
EC            : 1.582 mS/cm
Water level   : OK
Air temp      : 32.4 C
Humidity      : 67.2 %
Water temp    : 26.94 C

Sensor model  : Unhealthy / Stress warning
Sensor conf.  : 97.00%
Sensor risk   : 97.00%
Sensor time   : 177.865 ms

========================================
IMAGE QUALITY CHECK
========================================
Capture time : 10:30:04
Camera Lux   : 266.14080810546875
Minimum Lux  : 10.0
Image status : IMAGE SUITABLE

========================================
Loading MobileNetV2...
========================================
Model       : mobilenet_v2
Classes     : ['healthy', 'unhealthy']
Class map   : {'healthy': 0, 'unhealthy': 1}
Best epoch  : 9
Load time   : 335.25 ms

========================================
PLANT INFERENCE
========================================

P01
  Plant      : ACTIVE
  Image      : healthy (99.96%)
  Image risk : 0.04%
  Sensor     : Unhealthy / Stress warning (97.00%)
  Sensor risk: 97.00%
  Fusion     : healthy (61.18%)
  Final      : HEALTHY
  Image time : 249.45 ms

P02
  Plant      : ACTIVE
  Image      : healthy (100.00%)
  Image risk : 0.00%
  Sensor     : Unhealthy / Stress warning (97.00%)
  Sensor risk: 97.00%
  Fusion     : healthy (61.20%)
  Final      : HEALTHY
  Image time : 208.59 ms

P03
  Plant      : ACTIVE
  Image      : healthy (100.00%)
  Image risk : 0.00%
  Sensor     : Unhealthy / Stress warning (97.00%)
  Sensor risk: 97.00%
  Fusion     : healthy (61.20%)
  Final      : HEALTHY
  Image time : 207.61 ms

P04
  Plant      : ACTIVE
  Image      : healthy (96.54%)
  Image risk : 3.46%
  Sensor     : Unhealthy / Stress warning (97.00%)
  Sensor risk: 97.00%
  Fusion     : healthy (59.13%)
  Final      : HEALTHY
  Image time : 207.82 ms

P05
  Plant      : ACTIVE
  Image      : healthy (99.60%)
  Image risk : 0.40%
  Sensor     : Unhealthy / Stress warning (97.00%)
  Sensor risk: 97.00%
  Fusion     : healthy (60.96%)
  Final      : HEALTHY
  Image time : 210.86 ms

P06
  Plant      : ACTIVE
  Image      : healthy (99.94%)
  Image risk : 0.06%
  Sensor     : Unhealthy / Stress warning (97.00%)
  Sensor risk: 97.00%
  Fusion     : healthy (61.16%)
  Final      : HEALTHY
  Image time : 209.11 ms

P07
  Plant      : ACTIVE
  Image      : healthy (100.00%)
  Image risk : 0.00%
  Sensor     : Unhealthy / Stress warning (97.00%)
  Sensor risk: 97.00%
  Fusion     : healthy (61.20%)
  Final      : HEALTHY
  Image time : 207.83 ms

P08
  Plant      : NO PLANT
  Image AI   : SKIPPED
  Sensor AI  : NOT APPLICABLE
  Fusion AI  : SKIPPED

P09
  Plant      : ACTIVE
  Image      : healthy (99.36%)
  Image risk : 0.64%
  Sensor     : Unhealthy / Stress warning (97.00%)
  Sensor risk: 97.00%
  Fusion     : healthy (60.81%)
  Final      : HEALTHY
  Image time : 208.40 ms

P10
  Plant      : ACTIVE
  Image      : healthy (99.99%)
  Image risk : 0.01%
  Sensor     : Unhealthy / Stress warning (97.00%)
  Sensor risk: 97.00%
  Fusion     : healthy (61.19%)
  Final      : HEALTHY
  Image time : 208.85 ms

P11
  Plant      : ACTIVE
  Image      : healthy (99.90%)
  Image risk : 0.10%
  Sensor     : Unhealthy / Stress warning (97.00%)
  Sensor risk: 97.00%
  Fusion     : healthy (61.14%)
  Final      : HEALTHY
  Image time : 208.86 ms

P12
  Plant      : ACTIVE
  Image      : healthy (99.42%)
  Image risk : 0.58%
  Sensor     : Unhealthy / Stress warning (97.00%)
  Sensor risk: 97.00%
  Fusion     : healthy (60.85%)
  Final      : HEALTHY
  Image time : 210.92 ms

========================================
Updating SQLite predictions...
========================================

12 plant records updated.

========================================
 INFERENCE COMPLETED
========================================
Capture ID          : CAP_20260901_103004
Positions checked   : 12
Full multimodal     : 11
Sensor only         : 0
No plant            : 1
Unknown occupancy   : 0
Image quality       : IMAGE SUITABLE
Sensor latency      : 177.865 ms
Average image time  : 212.57 ms
Minimum image time  : 207.61 ms
Maximum image time  : 249.45 ms
Total script time   : 6726.74 ms

Predictions saved to: /hydroponic_project/database/hydroponic.db


Inference completed successfully.

========================================
HYDROPONIC PIPELINE COMPLETED
2026-09-01 10:31:07
========================================


========================================
HYDROPONIC PIPELINE START
2026-09-01 11:00:01
========================================

Starting data collection...
[3:30:12.984399120] [2011]  INFO Camera camera_manager.cpp:340 libcamera v0.7.1+rpt20260609
[3:30:13.037270157] [2016]  INFO RPI pipeline_base.cpp:1133 Using configuration file '/usr/share/libcamera/pipeline/rpi/vc4/rpi_apps.yaml'
[3:30:13.072726568] [2016]  INFO IPAProxy ipa_proxy.cpp:184 Using tuning file /usr/share/libcamera/ipa/rpi/vc4/imx219.json
[3:30:13.078792811] [2016]  INFO Camera camera_manager.cpp:223 Adding camera '/base/soc/i2c0mux/i2c@1/imx219@10' for pipeline handler rpi/vc4
[3:30:13.078887625] [2016]  INFO RPI vc4.cpp:445 Registered camera /base/soc/i2c0mux/i2c@1/imx219@10 to Unicam device /dev/media1 and ISP device /dev/media3
[3:30:13.085504231] [2011]  INFO Camera camera.cpp:1216 configuring streams: (0) 3280x2464-BGR888/sRGB (1) 3280x2464-SBGGR10_CSI2P/RAW
[3:30:13.085962763] [2016]  INFO RPI vc4.cpp:620 Sensor: /base/soc/i2c0mux/i2c@1/imx219@10 - Selected sensor format: 3280x2464-SBGGR10_1X10/RAW - Selected unicam format: 3280x2464-pBAA/RAW

========================================
 HYDROPONIC MULTIMODAL DATA COLLECTOR
========================================

SQLite database ready: /hydroponic_project/database/hydroponic.db

========================================
 CURRENT PLANT POSITIONS
========================================
P01: ACTIVE
P02: ACTIVE
P03: ACTIVE
P04: ACTIVE
P05: ACTIVE
P06: ACTIVE
P07: ACTIVE
P08: NO PLANT
P09: ACTIVE
P10: ACTIVE
P11: ACTIVE
P12: ACTIVE

Active plants: 11/12

Capture ID   : CAP_20260901_110004
Capture time : 2026-09-01 11:00:04

========================================
Reading ESP32 sensors...
========================================

Sensor record received:
{
  "water_temp": 27.56,
  "room_temp": 32.2,
  "humidity": 68.6,
  "ph": 6.53,
  "ph_voltage": 2.6544,
  "ec": 1.557,
  "tds": 778.3,
  "tds_voltage": 2.1623,
  "water_level": "OK"
}

========================================
Capturing camera image...
========================================
Waiting for exposure and white balance...

Image saved:
/hydroponic_project/data_collection/images/lettuce_20260901_110004.jpg

Camera metadata:
ExposureTime: 29999
AnalogueGain: 2.0480000972747803
DigitalGain: 1.0064780712127686
Lux: 477.7181091308594

========================================
Cropping P01-P12...
========================================
P01: 1100x745 -> 224x224
P02: 691x742 -> 224x224
P03: 676x742 -> 224x224
P04: 813x742 -> 224x224
P05: 1092x793 -> 224x224
P06: 691x796 -> 224x224
P07: 674x793 -> 224x224
P08: 815x793 -> 224x224
P09: 1092x913 -> 224x224
P10: 690x916 -> 224x224
P11: 676x918 -> 224x224
P12: 810x921 -> 224x224

12 plant crops created.

========================================
Saving data to SQLite...
========================================

SQLite insert successful.
Capture ID      : CAP_20260901_110004
Capture records : 1
Plant records   : 12
Active plants   : 11
Inactive plants : 1
Database        : /hydroponic_project/database/hydroponic.db

========================================
Saving CSV dataset...
========================================

12 CSV rows saved.
CSV: /hydroponic_project/data_collection/multimodal_dataset.csv

========================================
 COLLECTION COMPLETED SUCCESSFULLY
========================================

Capture ID : CAP_20260901_110004
Timestamp  : 2026-09-01 11:00:04
Positions  : 12
Plants     : 11
Image      : /hydroponic_project/data_collection/images/lettuce_20260901_110004.jpg
Database   : /hydroponic_project/database/hydroponic.db
CSV        : /hydroponic_project/data_collection/multimodal_dataset.csv


Data collection completed successfully.

Starting inference...

========================================
 HYDROPONIC EDGE-AI INFERENCE
========================================
Device          : cpu
Image weight    : 0.60
Sensor weight   : 0.40
Fusion threshold: 0.50
Image time      : 06:00 - 16:59
Minimum Lux     : 10.0

========================================
CAPTURE
========================================
Capture ID : CAP_20260901_110004
Timestamp  : 2026-09-01 11:00:04
Camera Lux : 477.7181091308594
Positions  : 12
Active     : 11
No plant   : 1
Unknown    : 0

========================================
Loading Random Forest sensor model...
========================================
Model       : Random Forest
Features    : ['pH', 'TDS', 'water_level', 'DHT_temp', 'DHT_humidity', 'water_temp']
Classes     : [0 1]
Class map   : {'0': 'Unhealthy / Stress warning', '1': 'Healthy'}
Load time   : 3773.05 ms

========================================
SENSOR VALUES / SENSOR AI
========================================
pH            : 6.53
TDS           : 778.3 ppm
EC            : 1.557 mS/cm
Water level   : OK
Air temp      : 32.2 C
Humidity      : 68.6 %
Water temp    : 27.56 C

Sensor model  : Unhealthy / Stress warning
Sensor conf.  : 97.33%
Sensor risk   : 97.33%
Sensor time   : 184.700 ms

========================================
IMAGE QUALITY CHECK
========================================
Capture time : 11:00:04
Camera Lux   : 477.7181091308594
Minimum Lux  : 10.0
Image status : IMAGE SUITABLE

========================================
Loading MobileNetV2...
========================================
Model       : mobilenet_v2
Classes     : ['healthy', 'unhealthy']
Class map   : {'healthy': 0, 'unhealthy': 1}
Best epoch  : 9
Load time   : 339.29 ms

========================================
PLANT INFERENCE
========================================

P01
  Plant      : ACTIVE
  Image      : healthy (98.80%)
  Image risk : 1.20%
  Sensor     : Unhealthy / Stress warning (97.33%)
  Sensor risk: 97.33%
  Fusion     : healthy (60.35%)
  Final      : HEALTHY
  Image time : 247.54 ms

P02
  Plant      : ACTIVE
  Image      : healthy (100.00%)
  Image risk : 0.00%
  Sensor     : Unhealthy / Stress warning (97.33%)
  Sensor risk: 97.33%
  Fusion     : healthy (61.07%)
  Final      : HEALTHY
  Image time : 213.07 ms

P03
  Plant      : ACTIVE
  Image      : healthy (100.00%)
  Image risk : 0.00%
  Sensor     : Unhealthy / Stress warning (97.33%)
  Sensor risk: 97.33%
  Fusion     : healthy (61.07%)
  Final      : HEALTHY
  Image time : 207.37 ms

P04
  Plant      : ACTIVE
  Image      : healthy (99.80%)
  Image risk : 0.20%
  Sensor     : Unhealthy / Stress warning (97.33%)
  Sensor risk: 97.33%
  Fusion     : healthy (60.95%)
  Final      : HEALTHY
  Image time : 207.48 ms

P05
  Plant      : ACTIVE
  Image      : healthy (99.51%)
  Image risk : 0.49%
  Sensor     : Unhealthy / Stress warning (97.33%)
  Sensor risk: 97.33%
  Fusion     : healthy (60.77%)
  Final      : HEALTHY
  Image time : 207.33 ms

P06
  Plant      : ACTIVE
  Image      : healthy (99.96%)
  Image risk : 0.04%
  Sensor     : Unhealthy / Stress warning (97.33%)
  Sensor risk: 97.33%
  Fusion     : healthy (61.04%)
  Final      : HEALTHY
  Image time : 207.82 ms

P07
  Plant      : ACTIVE
  Image      : healthy (100.00%)
  Image risk : 0.00%
  Sensor     : Unhealthy / Stress warning (97.33%)
  Sensor risk: 97.33%
  Fusion     : healthy (61.07%)
  Final      : HEALTHY
  Image time : 209.47 ms

P08
  Plant      : NO PLANT
  Image AI   : SKIPPED
  Sensor AI  : NOT APPLICABLE
  Fusion AI  : SKIPPED

P09
  Plant      : ACTIVE
  Image      : healthy (96.01%)
  Image risk : 3.99%
  Sensor     : Unhealthy / Stress warning (97.33%)
  Sensor risk: 97.33%
  Fusion     : healthy (58.68%)
  Final      : HEALTHY
  Image time : 207.83 ms

P10
  Plant      : ACTIVE
  Image      : healthy (99.53%)
  Image risk : 0.47%
  Sensor     : Unhealthy / Stress warning (97.33%)
  Sensor risk: 97.33%
  Fusion     : healthy (60.79%)
  Final      : HEALTHY
  Image time : 207.95 ms

P11
  Plant      : ACTIVE
  Image      : healthy (99.90%)
  Image risk : 0.10%
  Sensor     : Unhealthy / Stress warning (97.33%)
  Sensor risk: 97.33%
  Fusion     : healthy (61.01%)
  Final      : HEALTHY
  Image time : 209.25 ms

P12
  Plant      : ACTIVE
  Image      : healthy (99.97%)
  Image risk : 0.03%
  Sensor     : Unhealthy / Stress warning (97.33%)
  Sensor risk: 97.33%
  Fusion     : healthy (61.05%)
  Final      : HEALTHY
  Image time : 209.78 ms

========================================
Updating SQLite predictions...
========================================

12 plant records updated.

========================================
 INFERENCE COMPLETED
========================================
Capture ID          : CAP_20260901_110004
Positions checked   : 12
Full multimodal     : 11
Sensor only         : 0
No plant            : 1
Unknown occupancy   : 0
Image quality       : IMAGE SUITABLE
Sensor latency      : 184.700 ms
Average image time  : 212.26 ms
Minimum image time  : 207.33 ms
Maximum image time  : 247.54 ms
Total script time   : 6717.97 ms

Predictions saved to: /hydroponic_project/database/hydroponic.db


Inference completed successfully.

========================================
HYDROPONIC PIPELINE COMPLETED
2026-09-01 11:00:41
========================================


========================================
HYDROPONIC PIPELINE START
2026-09-01 11:30:01
========================================

Starting data collection...
[4:00:51.392393174] [2070]  INFO Camera camera_manager.cpp:340 libcamera v0.7.1+rpt20260609
[4:00:51.445183517] [2074]  INFO RPI pipeline_base.cpp:1133 Using configuration file '/usr/share/libcamera/pipeline/rpi/vc4/rpi_apps.yaml'
[4:00:51.494728113] [2074]  INFO IPAProxy ipa_proxy.cpp:184 Using tuning file /usr/share/libcamera/ipa/rpi/vc4/imx219.json
[4:00:51.500782743] [2074]  INFO Camera camera_manager.cpp:223 Adding camera '/base/soc/i2c0mux/i2c@1/imx219@10' for pipeline handler rpi/vc4
[4:00:51.500877464] [2074]  INFO RPI vc4.cpp:445 Registered camera /base/soc/i2c0mux/i2c@1/imx219@10 to Unicam device /dev/media1 and ISP device /dev/media3
[4:00:51.507489159] [2070]  INFO Camera camera.cpp:1216 configuring streams: (0) 3280x2464-BGR888/sRGB (1) 3280x2464-SBGGR10_CSI2P/RAW
[4:00:51.507960189] [2074]  INFO RPI vc4.cpp:620 Sensor: /base/soc/i2c0mux/i2c@1/imx219@10 - Selected sensor format: 3280x2464-SBGGR10_1X10/RAW - Selected unicam format: 3280x2464-pBAA/RAW

========================================
 HYDROPONIC MULTIMODAL DATA COLLECTOR
========================================

SQLite database ready: /hydroponic_project/database/hydroponic.db

========================================
 CURRENT PLANT POSITIONS
========================================
P01: ACTIVE
P02: ACTIVE
P03: ACTIVE
P04: ACTIVE
P05: ACTIVE
P06: ACTIVE
P07: ACTIVE
P08: NO PLANT
P09: ACTIVE
P10: ACTIVE
P11: ACTIVE
P12: ACTIVE

Active plants: 11/12

Capture ID   : CAP_20260901_113003
Capture time : 2026-09-01 11:30:03

========================================
Reading ESP32 sensors...
========================================

Sensor record received:
{
  "water_temp": 28.19,
  "room_temp": 32.4,
  "humidity": 68.6,
  "ph": 6.37,
  "ph_voltage": 2.6815,
  "ec": 1.531,
  "tds": 765.3,
  "tds_voltage": 2.166,
  "water_level": "OK"
}

========================================
Capturing camera image...
========================================
Waiting for exposure and white balance...

Image saved:
/hydroponic_project/data_collection/images/lettuce_20260901_113003.jpg

Camera metadata:
ExposureTime: 29999
AnalogueGain: 2.534653425216675
DigitalGain: 1.0038059949874878
Lux: 381.3871765136719

========================================
Cropping P01-P12...
========================================
P01: 1100x745 -> 224x224
P02: 691x742 -> 224x224
P03: 676x742 -> 224x224
P04: 813x742 -> 224x224
P05: 1092x793 -> 224x224
P06: 691x796 -> 224x224
P07: 674x793 -> 224x224
P08: 815x793 -> 224x224
P09: 1092x913 -> 224x224
P10: 690x916 -> 224x224
P11: 676x918 -> 224x224
P12: 810x921 -> 224x224

12 plant crops created.

========================================
Saving data to SQLite...
========================================

SQLite insert successful.
Capture ID      : CAP_20260901_113003
Capture records : 1
Plant records   : 12
Active plants   : 11
Inactive plants : 1
Database        : /hydroponic_project/database/hydroponic.db

========================================
Saving CSV dataset...
========================================

12 CSV rows saved.
CSV: /hydroponic_project/data_collection/multimodal_dataset.csv

========================================
 COLLECTION COMPLETED SUCCESSFULLY
========================================

Capture ID : CAP_20260901_113003
Timestamp  : 2026-09-01 11:30:03
Positions  : 12
Plants     : 11
Image      : /hydroponic_project/data_collection/images/lettuce_20260901_113003.jpg
Database   : /hydroponic_project/database/hydroponic.db
CSV        : /hydroponic_project/data_collection/multimodal_dataset.csv


Data collection completed successfully.

Starting inference...

========================================
 HYDROPONIC EDGE-AI INFERENCE
========================================
Device          : cpu
Image weight    : 0.60
Sensor weight   : 0.40
Fusion threshold: 0.50
Image time      : 06:00 - 16:59
Minimum Lux     : 10.0

========================================
CAPTURE
========================================
Capture ID : CAP_20260901_113003
Timestamp  : 2026-09-01 11:30:03
Camera Lux : 381.3871765136719
Positions  : 12
Active     : 11
No plant   : 1
Unknown    : 0

========================================
Loading Random Forest sensor model...
========================================
Model       : Random Forest
Features    : ['pH', 'TDS', 'water_level', 'DHT_temp', 'DHT_humidity', 'water_temp']
Classes     : [0 1]
Class map   : {'0': 'Unhealthy / Stress warning', '1': 'Healthy'}
Load time   : 3774.24 ms

========================================
SENSOR VALUES / SENSOR AI
========================================
pH            : 6.37
TDS           : 765.3 ppm
EC            : 1.531 mS/cm
Water level   : OK
Air temp      : 32.4 C
Humidity      : 68.6 %
Water temp    : 28.19 C

Sensor model  : Unhealthy / Stress warning
Sensor conf.  : 97.33%
Sensor risk   : 97.33%
Sensor time   : 177.709 ms

========================================
IMAGE QUALITY CHECK
========================================
Capture time : 11:30:03
Camera Lux   : 381.3871765136719
Minimum Lux  : 10.0
Image status : IMAGE SUITABLE

========================================
Loading MobileNetV2...
========================================
Model       : mobilenet_v2
Classes     : ['healthy', 'unhealthy']
Class map   : {'healthy': 0, 'unhealthy': 1}
Best epoch  : 9
Load time   : 335.75 ms

========================================
PLANT INFERENCE
========================================

P01
  Plant      : ACTIVE
  Image      : healthy (99.53%)
  Image risk : 0.47%
  Sensor     : Unhealthy / Stress warning (97.33%)
  Sensor risk: 97.33%
  Fusion     : healthy (60.78%)
  Final      : HEALTHY
  Image time : 247.46 ms

P02
  Plant      : ACTIVE
  Image      : healthy (100.00%)
  Image risk : 0.00%
  Sensor     : Unhealthy / Stress warning (97.33%)
  Sensor risk: 97.33%
  Fusion     : healthy (61.07%)
  Final      : HEALTHY
  Image time : 210.11 ms

P03
  Plant      : ACTIVE
  Image      : healthy (100.00%)
  Image risk : 0.00%
  Sensor     : Unhealthy / Stress warning (97.33%)
  Sensor risk: 97.33%
  Fusion     : healthy (61.06%)
  Final      : HEALTHY
  Image time : 215.61 ms

P04
  Plant      : ACTIVE
  Image      : healthy (99.54%)
  Image risk : 0.46%
  Sensor     : Unhealthy / Stress warning (97.33%)
  Sensor risk: 97.33%
  Fusion     : healthy (60.79%)
  Final      : HEALTHY
  Image time : 218.49 ms

P05
  Plant      : ACTIVE
  Image      : healthy (99.74%)
  Image risk : 0.26%
  Sensor     : Unhealthy / Stress warning (97.33%)
  Sensor risk: 97.33%
  Fusion     : healthy (60.91%)
  Final      : HEALTHY
  Image time : 215.00 ms

P06
  Plant      : ACTIVE
  Image      : healthy (99.99%)
  Image risk : 0.01%
  Sensor     : Unhealthy / Stress warning (97.33%)
  Sensor risk: 97.33%
  Fusion     : healthy (61.06%)
  Final      : HEALTHY
  Image time : 216.83 ms

P07
  Plant      : ACTIVE
  Image      : healthy (100.00%)
  Image risk : 0.00%
  Sensor     : Unhealthy / Stress warning (97.33%)
  Sensor risk: 97.33%
  Fusion     : healthy (61.07%)
  Final      : HEALTHY
  Image time : 214.64 ms

P08
  Plant      : NO PLANT
  Image AI   : SKIPPED
  Sensor AI  : NOT APPLICABLE
  Fusion AI  : SKIPPED

P09
  Plant      : ACTIVE
  Image      : healthy (95.73%)
  Image risk : 4.27%
  Sensor     : Unhealthy / Stress warning (97.33%)
  Sensor risk: 97.33%
  Fusion     : healthy (58.50%)
  Final      : HEALTHY
  Image time : 214.85 ms

P10
  Plant      : ACTIVE
  Image      : healthy (98.52%)
  Image risk : 1.48%
  Sensor     : Unhealthy / Stress warning (97.33%)
  Sensor risk: 97.33%
  Fusion     : healthy (60.18%)
  Final      : HEALTHY
  Image time : 216.82 ms

P11
  Plant      : ACTIVE
  Image      : healthy (99.91%)
  Image risk : 0.09%
  Sensor     : Unhealthy / Stress warning (97.33%)
  Sensor risk: 97.33%
  Fusion     : healthy (61.01%)
  Final      : HEALTHY
  Image time : 215.78 ms

P12
  Plant      : ACTIVE
  Image      : healthy (99.82%)
  Image risk : 0.18%
  Sensor     : Unhealthy / Stress warning (97.33%)
  Sensor risk: 97.33%
  Fusion     : healthy (60.96%)
  Final      : HEALTHY
  Image time : 216.87 ms

========================================
Updating SQLite predictions...
========================================

12 plant records updated.

========================================
 INFERENCE COMPLETED
========================================
Capture ID          : CAP_20260901_113003
Positions checked   : 12
Full multimodal     : 11
Sensor only         : 0
No plant            : 1
Unknown occupancy   : 0
Image quality       : IMAGE SUITABLE
Sensor latency      : 177.709 ms
Average image time  : 218.41 ms
Minimum image time  : 210.11 ms
Maximum image time  : 247.46 ms
Total script time   : 6775.00 ms

Predictions saved to: /hydroponic_project/database/hydroponic.db


Inference completed successfully.

========================================
HYDROPONIC PIPELINE COMPLETED
2026-09-01 11:31:20
========================================


========================================
HYDROPONIC PIPELINE START
2026-09-01 12:00:01
========================================

Starting data collection...
[4:30:38.029847559] [2131]  INFO Camera camera_manager.cpp:340 libcamera v0.7.1+rpt20260609
[4:30:38.082912951] [2136]  INFO RPI pipeline_base.cpp:1133 Using configuration file '/usr/share/libcamera/pipeline/rpi/vc4/rpi_apps.yaml'
[4:30:38.127176028] [2136]  INFO IPAProxy ipa_proxy.cpp:184 Using tuning file /usr/share/libcamera/ipa/rpi/vc4/imx219.json
[4:30:38.133307716] [2136]  INFO Camera camera_manager.cpp:223 Adding camera '/base/soc/i2c0mux/i2c@1/imx219@10' for pipeline handler rpi/vc4
[4:30:38.133399974] [2136]  INFO RPI vc4.cpp:445 Registered camera /base/soc/i2c0mux/i2c@1/imx219@10 to Unicam device /dev/media1 and ISP device /dev/media3
[4:30:38.139981397] [2131]  INFO Camera camera.cpp:1216 configuring streams: (0) 3280x2464-BGR888/sRGB (1) 3280x2464-SBGGR10_CSI2P/RAW
[4:30:38.140457630] [2136]  INFO RPI vc4.cpp:620 Sensor: /base/soc/i2c0mux/i2c@1/imx219@10 - Selected sensor format: 3280x2464-SBGGR10_1X10/RAW - Selected unicam format: 3280x2464-pBAA/RAW

========================================
 HYDROPONIC MULTIMODAL DATA COLLECTOR
========================================

SQLite database ready: /hydroponic_project/database/hydroponic.db

========================================
 CURRENT PLANT POSITIONS
========================================
P01: ACTIVE
P02: ACTIVE
P03: ACTIVE
P04: ACTIVE
P05: ACTIVE
P06: ACTIVE
P07: ACTIVE
P08: NO PLANT
P09: ACTIVE
P10: ACTIVE
P11: ACTIVE
P12: ACTIVE

Active plants: 11/12

Capture ID   : CAP_20260901_120003
Capture time : 2026-09-01 12:00:03

========================================
Reading ESP32 sensors...
========================================

Sensor record received:
{
  "water_temp": 28.75,
  "room_temp": 32.8,
  "humidity": 67.7,
  "ph": 6.42,
  "ph_voltage": 2.673,
  "ec": 1.509,
  "tds": 754.3,
  "tds_voltage": 2.1699,
  "water_level": "OK"
}

========================================
Capturing camera image...
========================================
Waiting for exposure and white balance...

Image saved:
/hydroponic_project/data_collection/images/lettuce_20260901_120003.jpg

Camera metadata:
ExposureTime: 29999
AnalogueGain: 2.75268816947937
DigitalGain: 1.0005807876586914
Lux: 359.0642395019531

========================================
Cropping P01-P12...
========================================
P01: 1100x745 -> 224x224
P02: 691x742 -> 224x224
P03: 676x742 -> 224x224
P04: 813x742 -> 224x224
P05: 1092x793 -> 224x224
P06: 691x796 -> 224x224
P07: 674x793 -> 224x224
P08: 815x793 -> 224x224
P09: 1092x913 -> 224x224
P10: 690x916 -> 224x224
P11: 676x918 -> 224x224
P12: 810x921 -> 224x224

12 plant crops created.

========================================
Saving data to SQLite...
========================================

SQLite insert successful.
Capture ID      : CAP_20260901_120003
Capture records : 1
Plant records   : 12
Active plants   : 11
Inactive plants : 1
Database        : /hydroponic_project/database/hydroponic.db

========================================
Saving CSV dataset...
========================================

12 CSV rows saved.
CSV: /hydroponic_project/data_collection/multimodal_dataset.csv

========================================
 COLLECTION COMPLETED SUCCESSFULLY
========================================

Capture ID : CAP_20260901_120003
Timestamp  : 2026-09-01 12:00:03
Positions  : 12
Plants     : 11
Image      : /hydroponic_project/data_collection/images/lettuce_20260901_120003.jpg
Database   : /hydroponic_project/database/hydroponic.db
CSV        : /hydroponic_project/data_collection/multimodal_dataset.csv


Data collection completed successfully.

Starting inference...

========================================
 HYDROPONIC EDGE-AI INFERENCE
========================================
Device          : cpu
Image weight    : 0.60
Sensor weight   : 0.40
Fusion threshold: 0.50
Image time      : 06:00 - 16:59
Minimum Lux     : 10.0

========================================
CAPTURE
========================================
Capture ID : CAP_20260901_120003
Timestamp  : 2026-09-01 12:00:03
Camera Lux : 359.0642395019531
Positions  : 12
Active     : 11
No plant   : 1
Unknown    : 0

========================================
Loading Random Forest sensor model...
========================================
Model       : Random Forest
Features    : ['pH', 'TDS', 'water_level', 'DHT_temp', 'DHT_humidity', 'water_temp']
Classes     : [0 1]
Class map   : {'0': 'Unhealthy / Stress warning', '1': 'Healthy'}
Load time   : 3780.01 ms

========================================
SENSOR VALUES / SENSOR AI
========================================
pH            : 6.42
TDS           : 754.3 ppm
EC            : 1.509 mS/cm
Water level   : OK
Air temp      : 32.8 C
Humidity      : 67.7 %
Water temp    : 28.75 C

Sensor model  : Unhealthy / Stress warning
Sensor conf.  : 97.33%
Sensor risk   : 97.33%
Sensor time   : 183.973 ms

========================================
IMAGE QUALITY CHECK
========================================
Capture time : 12:00:03
Camera Lux   : 359.0642395019531
Minimum Lux  : 10.0
Image status : IMAGE SUITABLE

========================================
Loading MobileNetV2...
========================================
Model       : mobilenet_v2
Classes     : ['healthy', 'unhealthy']
Class map   : {'healthy': 0, 'unhealthy': 1}
Best epoch  : 9
Load time   : 336.46 ms

========================================
PLANT INFERENCE
========================================

P01
  Plant      : ACTIVE
  Image      : healthy (99.77%)
  Image risk : 0.23%
  Sensor     : Unhealthy / Stress warning (97.33%)
  Sensor risk: 97.33%
  Fusion     : healthy (60.93%)
  Final      : HEALTHY
  Image time : 247.33 ms

P02
  Plant      : ACTIVE
  Image      : healthy (100.00%)
  Image risk : 0.00%
  Sensor     : Unhealthy / Stress warning (97.33%)
  Sensor risk: 97.33%
  Fusion     : healthy (61.07%)
  Final      : HEALTHY
  Image time : 209.13 ms

P03
  Plant      : ACTIVE
  Image      : healthy (100.00%)
  Image risk : 0.00%
  Sensor     : Unhealthy / Stress warning (97.33%)
  Sensor risk: 97.33%
  Fusion     : healthy (61.07%)
  Final      : HEALTHY
  Image time : 207.69 ms

P04
  Plant      : ACTIVE
  Image      : healthy (99.16%)
  Image risk : 0.84%
  Sensor     : Unhealthy / Stress warning (97.33%)
  Sensor risk: 97.33%
  Fusion     : healthy (60.56%)
  Final      : HEALTHY
  Image time : 215.54 ms

P05
  Plant      : ACTIVE
  Image      : healthy (99.56%)
  Image risk : 0.44%
  Sensor     : Unhealthy / Stress warning (97.33%)
  Sensor risk: 97.33%
  Fusion     : healthy (60.80%)
  Final      : HEALTHY
  Image time : 214.77 ms

P06
  Plant      : ACTIVE
  Image      : healthy (99.98%)
  Image risk : 0.02%
  Sensor     : Unhealthy / Stress warning (97.33%)
  Sensor risk: 97.33%
  Fusion     : healthy (61.06%)
  Final      : HEALTHY
  Image time : 217.22 ms

P07
  Plant      : ACTIVE
  Image      : healthy (100.00%)
  Image risk : 0.00%
  Sensor     : Unhealthy / Stress warning (97.33%)
  Sensor risk: 97.33%
  Fusion     : healthy (61.07%)
  Final      : HEALTHY
  Image time : 215.14 ms

P08
  Plant      : NO PLANT
  Image AI   : SKIPPED
  Sensor AI  : NOT APPLICABLE
  Fusion AI  : SKIPPED

P09
  Plant      : ACTIVE
  Image      : healthy (91.43%)
  Image risk : 8.57%
  Sensor     : Unhealthy / Stress warning (97.33%)
  Sensor risk: 97.33%
  Fusion     : healthy (55.92%)
  Final      : HEALTHY
  Image time : 215.87 ms

P10
  Plant      : ACTIVE
  Image      : healthy (99.74%)
  Image risk : 0.26%
  Sensor     : Unhealthy / Stress warning (97.33%)
  Sensor risk: 97.33%
  Fusion     : healthy (60.91%)
  Final      : HEALTHY
  Image time : 215.97 ms

P11
  Plant      : ACTIVE
  Image      : healthy (99.99%)
  Image risk : 0.01%
  Sensor     : Unhealthy / Stress warning (97.33%)
  Sensor risk: 97.33%
  Fusion     : healthy (61.06%)
  Final      : HEALTHY
  Image time : 215.80 ms

P12
  Plant      : ACTIVE
  Image      : healthy (99.70%)
  Image risk : 0.30%
  Sensor     : Unhealthy / Stress warning (97.33%)
  Sensor risk: 97.33%
  Fusion     : healthy (60.89%)
  Final      : HEALTHY
  Image time : 219.31 ms

========================================
Updating SQLite predictions...
========================================

12 plant records updated.

========================================
 INFERENCE COMPLETED
========================================
Capture ID          : CAP_20260901_120003
Positions checked   : 12
Full multimodal     : 11
Sensor only         : 0
No plant            : 1
Unknown occupancy   : 0
Image quality       : IMAGE SUITABLE
Sensor latency      : 183.973 ms
Average image time  : 217.61 ms
Minimum image time  : 207.69 ms
Maximum image time  : 247.33 ms
Total script time   : 6782.13 ms

Predictions saved to: /hydroponic_project/database/hydroponic.db


Inference completed successfully.

========================================
HYDROPONIC PIPELINE COMPLETED
2026-09-01 12:01:06
========================================


========================================
HYDROPONIC PIPELINE START
2026-09-01 12:30:01
========================================

Starting data collection...
[5:00:11.718688602] [2190]  INFO Camera camera_manager.cpp:340 libcamera v0.7.1+rpt20260609
[5:00:11.771477760] [2195]  INFO RPI pipeline_base.cpp:1133 Using configuration file '/usr/share/libcamera/pipeline/rpi/vc4/rpi_apps.yaml'
[5:00:11.822289652] [2195]  INFO IPAProxy ipa_proxy.cpp:184 Using tuning file /usr/share/libcamera/ipa/rpi/vc4/imx219.json
[5:00:11.828474208] [2195]  INFO Camera camera_manager.cpp:223 Adding camera '/base/soc/i2c0mux/i2c@1/imx219@10' for pipeline handler rpi/vc4
[5:00:11.828568114] [2195]  INFO RPI vc4.cpp:445 Registered camera /base/soc/i2c0mux/i2c@1/imx219@10 to Unicam device /dev/media1 and ISP device /dev/media3
[5:00:11.835150387] [2190]  INFO Camera camera.cpp:1216 configuring streams: (0) 3280x2464-BGR888/sRGB (1) 3280x2464-SBGGR10_CSI2P/RAW
[5:00:11.835608510] [2195]  INFO RPI vc4.cpp:620 Sensor: /base/soc/i2c0mux/i2c@1/imx219@10 - Selected sensor format: 3280x2464-SBGGR10_1X10/RAW - Selected unicam format: 3280x2464-pBAA/RAW

========================================
 HYDROPONIC MULTIMODAL DATA COLLECTOR
========================================

SQLite database ready: /hydroponic_project/database/hydroponic.db

========================================
 CURRENT PLANT POSITIONS
========================================
P01: ACTIVE
P02: ACTIVE
P03: ACTIVE
P04: ACTIVE
P05: ACTIVE
P06: ACTIVE
P07: ACTIVE
P08: NO PLANT
P09: ACTIVE
P10: ACTIVE
P11: ACTIVE
P12: ACTIVE

Active plants: 11/12

Capture ID   : CAP_20260901_123004
Capture time : 2026-09-01 12:30:04

========================================
Reading ESP32 sensors...
========================================

Sensor record received:
{
  "water_temp": 29.06,
  "room_temp": 32.5,
  "humidity": 67.0,
  "ph": 6.39,
  "ph_voltage": 2.6779,
  "ec": 1.494,
  "tds": 746.8,
  "tds_voltage": 2.1691,
  "water_level": "OK"
}

========================================
Capturing camera image...
========================================
Waiting for exposure and white balance...

Image saved:
/hydroponic_project/data_collection/images/lettuce_20260901_123004.jpg

Camera metadata:
ExposureTime: 29999
AnalogueGain: 2.694736957550049
DigitalGain: 1.0076167583465576
Lux: 356.78863525390625

========================================
Cropping P01-P12...
========================================
P01: 1100x745 -> 224x224
P02: 691x742 -> 224x224
P03: 676x742 -> 224x224
P04: 813x742 -> 224x224
P05: 1092x793 -> 224x224
P06: 691x796 -> 224x224
P07: 674x793 -> 224x224
P08: 815x793 -> 224x224
P09: 1092x913 -> 224x224
P10: 690x916 -> 224x224
P11: 676x918 -> 224x224
P12: 810x921 -> 224x224

12 plant crops created.

========================================
Saving data to SQLite...
========================================

SQLite insert successful.
Capture ID      : CAP_20260901_123004
Capture records : 1
Plant records   : 12
Active plants   : 11
Inactive plants : 1
Database        : /hydroponic_project/database/hydroponic.db

========================================
Saving CSV dataset...
========================================

12 CSV rows saved.
CSV: /hydroponic_project/data_collection/multimodal_dataset.csv

========================================
 COLLECTION COMPLETED SUCCESSFULLY
========================================

Capture ID : CAP_20260901_123004
Timestamp  : 2026-09-01 12:30:04
Positions  : 12
Plants     : 11
Image      : /hydroponic_project/data_collection/images/lettuce_20260901_123004.jpg
Database   : /hydroponic_project/database/hydroponic.db
CSV        : /hydroponic_project/data_collection/multimodal_dataset.csv


Data collection completed successfully.

Starting inference...

========================================
 HYDROPONIC EDGE-AI INFERENCE
========================================
Device          : cpu
Image weight    : 0.60
Sensor weight   : 0.40
Fusion threshold: 0.50
Image time      : 06:00 - 16:59
Minimum Lux     : 10.0

========================================
CAPTURE
========================================
Capture ID : CAP_20260901_123004
Timestamp  : 2026-09-01 12:30:04
Camera Lux : 356.78863525390625
Positions  : 12
Active     : 11
No plant   : 1
Unknown    : 0

========================================
Loading Random Forest sensor model...
========================================
Model       : Random Forest
Features    : ['pH', 'TDS', 'water_level', 'DHT_temp', 'DHT_humidity', 'water_temp']
Classes     : [0 1]
Class map   : {'0': 'Unhealthy / Stress warning', '1': 'Healthy'}
Load time   : 3766.78 ms

========================================
SENSOR VALUES / SENSOR AI
========================================
pH            : 6.39
TDS           : 746.8 ppm
EC            : 1.494 mS/cm
Water level   : OK
Air temp      : 32.5 C
Humidity      : 67.0 %
Water temp    : 29.06 C

Sensor model  : Unhealthy / Stress warning
Sensor conf.  : 98.00%
Sensor risk   : 98.00%
Sensor time   : 181.664 ms

========================================
IMAGE QUALITY CHECK
========================================
Capture time : 12:30:04
Camera Lux   : 356.78863525390625
Minimum Lux  : 10.0
Image status : IMAGE SUITABLE

========================================
Loading MobileNetV2...
========================================
Model       : mobilenet_v2
Classes     : ['healthy', 'unhealthy']
Class map   : {'healthy': 0, 'unhealthy': 1}
Best epoch  : 9
Load time   : 336.25 ms

========================================
PLANT INFERENCE
========================================

P01
  Plant      : ACTIVE
  Image      : healthy (99.66%)
  Image risk : 0.34%
  Sensor     : Unhealthy / Stress warning (98.00%)
  Sensor risk: 98.00%
  Fusion     : healthy (60.60%)
  Final      : HEALTHY
  Image time : 246.40 ms

P02
  Plant      : ACTIVE
  Image      : healthy (100.00%)
  Image risk : 0.00%
  Sensor     : Unhealthy / Stress warning (98.00%)
  Sensor risk: 98.00%
  Fusion     : healthy (60.80%)
  Final      : HEALTHY
  Image time : 208.06 ms

P03
  Plant      : ACTIVE
  Image      : healthy (99.98%)
  Image risk : 0.02%
  Sensor     : Unhealthy / Stress warning (98.00%)
  Sensor risk: 98.00%
  Fusion     : healthy (60.79%)
  Final      : HEALTHY
  Image time : 209.27 ms

P04
  Plant      : ACTIVE
  Image      : healthy (99.62%)
  Image risk : 0.38%
  Sensor     : Unhealthy / Stress warning (98.00%)
  Sensor risk: 98.00%
  Fusion     : healthy (60.57%)
  Final      : HEALTHY
  Image time : 209.82 ms

P05
  Plant      : ACTIVE
  Image      : healthy (98.74%)
  Image risk : 1.26%
  Sensor     : Unhealthy / Stress warning (98.00%)
  Sensor risk: 98.00%
  Fusion     : healthy (60.04%)
  Final      : HEALTHY
  Image time : 208.76 ms

P06
  Plant      : ACTIVE
  Image      : healthy (99.98%)
  Image risk : 0.02%
  Sensor     : Unhealthy / Stress warning (98.00%)
  Sensor risk: 98.00%
  Fusion     : healthy (60.79%)
  Final      : HEALTHY
  Image time : 207.62 ms

P07
  Plant      : ACTIVE
  Image      : healthy (100.00%)
  Image risk : 0.00%
  Sensor     : Unhealthy / Stress warning (98.00%)
  Sensor risk: 98.00%
  Fusion     : healthy (60.80%)
  Final      : HEALTHY
  Image time : 207.81 ms

P08
  Plant      : NO PLANT
  Image AI   : SKIPPED
  Sensor AI  : NOT APPLICABLE
  Fusion AI  : SKIPPED

P09
  Plant      : ACTIVE
  Image      : healthy (69.51%)
  Image risk : 30.49%
  Sensor     : Unhealthy / Stress warning (98.00%)
  Sensor risk: 98.00%
  Fusion     : unhealthy (57.49%)
  Final      : STRESS WARNING
  Image time : 209.84 ms

P10
  Plant      : ACTIVE
  Image      : healthy (99.83%)
  Image risk : 0.17%
  Sensor     : Unhealthy / Stress warning (98.00%)
  Sensor risk: 98.00%
  Fusion     : healthy (60.70%)
  Final      : HEALTHY
  Image time : 208.66 ms

P11
  Plant      : ACTIVE
  Image      : healthy (99.73%)
  Image risk : 0.27%
  Sensor     : Unhealthy / Stress warning (98.00%)
  Sensor risk: 98.00%
  Fusion     : healthy (60.64%)
  Final      : HEALTHY
  Image time : 208.32 ms

P12
  Plant      : ACTIVE
  Image      : healthy (99.81%)
  Image risk : 0.19%
  Sensor     : Unhealthy / Stress warning (98.00%)
  Sensor risk: 98.00%
  Fusion     : healthy (60.69%)
  Final      : HEALTHY
  Image time : 209.91 ms

========================================
Updating SQLite predictions...
========================================

12 plant records updated.

========================================
 INFERENCE COMPLETED
========================================
Capture ID          : CAP_20260901_123004
Positions checked   : 12
Full multimodal     : 11
Sensor only         : 0
No plant            : 1
Unknown occupancy   : 0
Image quality       : IMAGE SUITABLE
Sensor latency      : 181.664 ms
Average image time  : 212.22 ms
Minimum image time  : 207.62 ms
Maximum image time  : 246.40 ms
Total script time   : 6708.09 ms

Predictions saved to: /hydroponic_project/database/hydroponic.db


Inference completed successfully.

========================================
HYDROPONIC PIPELINE COMPLETED
2026-09-01 12:30:40
========================================


========================================
HYDROPONIC PIPELINE START
2026-09-01 13:00:01
========================================

Starting data collection...

========================================
 HYDROPONIC MULTIMODAL DATA COLLECTOR
========================================

SQLite database ready: /hydroponic_project/database/hydroponic.db

========================================
 CURRENT PLANT POSITIONS
========================================
P01: ACTIVE
P02: ACTIVE
P03: ACTIVE
P04: ACTIVE
P05: ACTIVE
P06: ACTIVE
P07: ACTIVE
P08: NO PLANT
P09: ACTIVE
P10: ACTIVE
P11: ACTIVE
P12: ACTIVE

Active plants: 11/12

Capture ID   : CAP_20260901_130003
Capture time : 2026-09-01 13:00:03

========================================
Reading ESP32 sensors...
========================================

========================================
 COLLECTION FAILED
========================================
SerialException: device reports readiness to read but returned no data (device disconnected or multiple access on port?)

========================================
DATA COLLECTION FAILED
Inference will NOT run.
========================================

========================================
HYDROPONIC PIPELINE START
2026-09-01 13:30:01
========================================

Starting data collection...
[6:02:20.341774278] [2324]  INFO Camera camera_manager.cpp:340 libcamera v0.7.1+rpt20260609
[6:02:20.393990820] [2329]  INFO RPI pipeline_base.cpp:1133 Using configuration file '/usr/share/libcamera/pipeline/rpi/vc4/rpi_apps.yaml'
[6:02:20.431953614] [2329]  INFO IPAProxy ipa_proxy.cpp:184 Using tuning file /usr/share/libcamera/ipa/rpi/vc4/imx219.json
[6:02:20.440548262] [2329]  INFO Camera camera_manager.cpp:223 Adding camera '/base/soc/i2c0mux/i2c@1/imx219@10' for pipeline handler rpi/vc4
[6:02:20.440645464] [2329]  INFO RPI vc4.cpp:445 Registered camera /base/soc/i2c0mux/i2c@1/imx219@10 to Unicam device /dev/media1 and ISP device /dev/media3
[6:02:20.450083173] [2324]  INFO Camera camera.cpp:1216 configuring streams: (0) 3280x2464-BGR888/sRGB (1) 3280x2464-SBGGR10_CSI2P/RAW
[6:02:20.450654164] [2329]  INFO RPI vc4.cpp:620 Sensor: /base/soc/i2c0mux/i2c@1/imx219@10 - Selected sensor format: 3280x2464-SBGGR10_1X10/RAW - Selected unicam format: 3280x2464-pBAA/RAW

========================================
 HYDROPONIC MULTIMODAL DATA COLLECTOR
========================================

SQLite database ready: /hydroponic_project/database/hydroponic.db

========================================
 CURRENT PLANT POSITIONS
========================================
P01: ACTIVE
P02: ACTIVE
P03: ACTIVE
P04: ACTIVE
P05: ACTIVE
P06: ACTIVE
P07: ACTIVE
P08: NO PLANT
P09: ACTIVE
P10: ACTIVE
P11: ACTIVE
P12: ACTIVE

Active plants: 11/12

Capture ID   : CAP_20260901_133004
Capture time : 2026-09-01 13:30:04

========================================
Reading ESP32 sensors...
========================================

Sensor record received:
{
  "water_temp": 24.37,
  "room_temp": 33.0,
  "humidity": 65.0,
  "ph": 6.08,
  "ph_voltage": 2.727,
  "ec": 1.727,
  "tds": 863.4,
  "tds_voltage": 2.1576,
  "water_level": "OK"
}

========================================
Capturing camera image...
========================================
Waiting for exposure and white balance...

Image saved:
/hydroponic_project/data_collection/images/lettuce_20260901_133004.jpg

Camera metadata:
ExposureTime: 29999
AnalogueGain: 2.461538553237915
DigitalGain: 1.0038121938705444
Lux: 396.7994689941406

========================================
Cropping P01-P12...
========================================
P01: 1100x745 -> 224x224
P02: 691x742 -> 224x224
P03: 676x742 -> 224x224
P04: 813x742 -> 224x224
P05: 1092x793 -> 224x224
P06: 691x796 -> 224x224
P07: 674x793 -> 224x224
P08: 815x793 -> 224x224
P09: 1092x913 -> 224x224
P10: 690x916 -> 224x224
P11: 676x918 -> 224x224
P12: 810x921 -> 224x224

12 plant crops created.

========================================
Saving data to SQLite...
========================================

SQLite insert successful.
Capture ID      : CAP_20260901_133004
Capture records : 1
Plant records   : 12
Active plants   : 11
Inactive plants : 1
Database        : /hydroponic_project/database/hydroponic.db

========================================
Saving CSV dataset...
========================================

12 CSV rows saved.
CSV: /hydroponic_project/data_collection/multimodal_dataset.csv

========================================
 COLLECTION COMPLETED SUCCESSFULLY
========================================

Capture ID : CAP_20260901_133004
Timestamp  : 2026-09-01 13:30:04
Positions  : 12
Plants     : 11
Image      : /hydroponic_project/data_collection/images/lettuce_20260901_133004.jpg
Database   : /hydroponic_project/database/hydroponic.db
CSV        : /hydroponic_project/data_collection/multimodal_dataset.csv


Data collection completed successfully.

Starting inference...

========================================
 HYDROPONIC EDGE-AI INFERENCE
========================================
Device          : cpu
Image weight    : 0.60
Sensor weight   : 0.40
Fusion threshold: 0.50
Image time      : 06:00 - 16:59
Minimum Lux     : 10.0

========================================
CAPTURE
========================================
Capture ID : CAP_20260901_133004
Timestamp  : 2026-09-01 13:30:04
Camera Lux : 396.7994689941406
Positions  : 12
Active     : 11
No plant   : 1
Unknown    : 0

========================================
Loading Random Forest sensor model...
========================================
Model       : Random Forest
Features    : ['pH', 'TDS', 'water_level', 'DHT_temp', 'DHT_humidity', 'water_temp']
Classes     : [0 1]
Class map   : {'0': 'Unhealthy / Stress warning', '1': 'Healthy'}
Load time   : 3825.93 ms

========================================
SENSOR VALUES / SENSOR AI
========================================
pH            : 6.08
TDS           : 863.4 ppm
EC            : 1.727 mS/cm
Water level   : OK
Air temp      : 33.0 C
Humidity      : 65.0 %
Water temp    : 24.37 C

Sensor model  : Healthy
Sensor conf.  : 51.00%
Sensor risk   : 49.00%
Sensor time   : 181.806 ms

========================================
IMAGE QUALITY CHECK
========================================
Capture time : 13:30:04
Camera Lux   : 396.7994689941406
Minimum Lux  : 10.0
Image status : IMAGE SUITABLE

========================================
Loading MobileNetV2...
========================================
Model       : mobilenet_v2
Classes     : ['healthy', 'unhealthy']
Class map   : {'healthy': 0, 'unhealthy': 1}
Best epoch  : 9
Load time   : 338.61 ms

========================================
PLANT INFERENCE
========================================

P01
  Plant      : ACTIVE
  Image      : healthy (99.55%)
  Image risk : 0.45%
  Sensor     : Healthy (51.00%)
  Sensor risk: 49.00%
  Fusion     : healthy (80.13%)
  Final      : HEALTHY
  Image time : 257.12 ms

P02
  Plant      : ACTIVE
  Image      : healthy (100.00%)
  Image risk : 0.00%
  Sensor     : Healthy (51.00%)
  Sensor risk: 49.00%
  Fusion     : healthy (80.40%)
  Final      : HEALTHY
  Image time : 214.82 ms

P03
  Plant      : ACTIVE
  Image      : healthy (99.99%)
  Image risk : 0.01%
  Sensor     : Healthy (51.00%)
  Sensor risk: 49.00%
  Fusion     : healthy (80.40%)
  Final      : HEALTHY
  Image time : 217.05 ms

P04
  Plant      : ACTIVE
  Image      : healthy (99.39%)
  Image risk : 0.61%
  Sensor     : Healthy (51.00%)
  Sensor risk: 49.00%
  Fusion     : healthy (80.03%)
  Final      : HEALTHY
  Image time : 218.09 ms

P05
  Plant      : ACTIVE
  Image      : healthy (99.24%)
  Image risk : 0.76%
  Sensor     : Healthy (51.00%)
  Sensor risk: 49.00%
  Fusion     : healthy (79.94%)
  Final      : HEALTHY
  Image time : 215.21 ms

P06
  Plant      : ACTIVE
  Image      : healthy (99.91%)
  Image risk : 0.09%
  Sensor     : Healthy (51.00%)
  Sensor risk: 49.00%
  Fusion     : healthy (80.34%)
  Final      : HEALTHY
  Image time : 215.11 ms

P07
  Plant      : ACTIVE
  Image      : healthy (100.00%)
  Image risk : 0.00%
  Sensor     : Healthy (51.00%)
  Sensor risk: 49.00%
  Fusion     : healthy (80.40%)
  Final      : HEALTHY
  Image time : 215.25 ms

P08
  Plant      : NO PLANT
  Image AI   : SKIPPED
  Sensor AI  : NOT APPLICABLE
  Fusion AI  : SKIPPED

P09
  Plant      : ACTIVE
  Image      : healthy (88.48%)
  Image risk : 11.52%
  Sensor     : Healthy (51.00%)
  Sensor risk: 49.00%
  Fusion     : healthy (73.49%)
  Final      : HEALTHY
  Image time : 216.39 ms

P10
  Plant      : ACTIVE
  Image      : healthy (99.22%)
  Image risk : 0.78%
  Sensor     : Healthy (51.00%)
  Sensor risk: 49.00%
  Fusion     : healthy (79.93%)
  Final      : HEALTHY
  Image time : 219.68 ms

P11
  Plant      : ACTIVE
  Image      : healthy (99.93%)
  Image risk : 0.07%
  Sensor     : Healthy (51.00%)
  Sensor risk: 49.00%
  Fusion     : healthy (80.36%)
  Final      : HEALTHY
  Image time : 216.46 ms

P12
  Plant      : ACTIVE
  Image      : healthy (99.72%)
  Image risk : 0.28%
  Sensor     : Healthy (51.00%)
  Sensor risk: 49.00%
  Fusion     : healthy (80.23%)
  Final      : HEALTHY
  Image time : 216.26 ms

========================================
Updating SQLite predictions...
========================================

12 plant records updated.

========================================
 INFERENCE COMPLETED
========================================
Capture ID          : CAP_20260901_133004
Positions checked   : 12
Full multimodal     : 11
Sensor only         : 0
No plant            : 1
Unknown occupancy   : 0
Image quality       : IMAGE SUITABLE
Sensor latency      : 181.806 ms
Average image time  : 220.13 ms
Minimum image time  : 214.82 ms
Maximum image time  : 257.12 ms
Total script time   : 6857.90 ms

Predictions saved to: /hydroponic_project/database/hydroponic.db


Inference completed successfully.

========================================
HYDROPONIC PIPELINE COMPLETED
2026-09-01 13:32:49
========================================


========================================
HYDROPONIC PIPELINE START
2026-09-01 14:00:01
========================================

Starting data collection...
[6:30:10.433827481] [2379]  INFO Camera camera_manager.cpp:340 libcamera v0.7.1+rpt20260609
[6:30:10.480173866] [2384]  INFO RPI pipeline_base.cpp:1133 Using configuration file '/usr/share/libcamera/pipeline/rpi/vc4/rpi_apps.yaml'
[6:30:10.542536493] [2384]  INFO IPAProxy ipa_proxy.cpp:184 Using tuning file /usr/share/libcamera/ipa/rpi/vc4/imx219.json
[6:30:10.548878325] [2384]  INFO Camera camera_manager.cpp:223 Adding camera '/base/soc/i2c0mux/i2c@1/imx219@10' for pipeline handler rpi/vc4
[6:30:10.548957157] [2384]  INFO RPI vc4.cpp:445 Registered camera /base/soc/i2c0mux/i2c@1/imx219@10 to Unicam device /dev/media1 and ISP device /dev/media3
[6:30:10.555443875] [2379]  INFO Camera camera.cpp:1216 configuring streams: (0) 3280x2464-BGR888/sRGB (1) 3280x2464-SBGGR10_CSI2P/RAW
[6:30:10.555886331] [2384]  INFO RPI vc4.cpp:620 Sensor: /base/soc/i2c0mux/i2c@1/imx219@10 - Selected sensor format: 3280x2464-SBGGR10_1X10/RAW - Selected unicam format: 3280x2464-pBAA/RAW

========================================
 HYDROPONIC MULTIMODAL DATA COLLECTOR
========================================

SQLite database ready: /hydroponic_project/database/hydroponic.db

========================================
 CURRENT PLANT POSITIONS
========================================
P01: ACTIVE
P02: ACTIVE
P03: ACTIVE
P04: ACTIVE
P05: ACTIVE
P06: ACTIVE
P07: ACTIVE
P08: NO PLANT
P09: ACTIVE
P10: ACTIVE
P11: ACTIVE
P12: ACTIVE

Active plants: 11/12

Capture ID   : CAP_20260901_140003
Capture time : 2026-09-01 14:00:03

========================================
Reading ESP32 sensors...
========================================

Sensor record received:
{
  "water_temp": 24.31,
  "room_temp": 32.7,
  "humidity": 67.2,
  "ph": 6.19,
  "ph_voltage": 2.7095,
  "ec": 1.728,
  "tds": 863.9,
  "tds_voltage": 2.1556,
  "water_level": "OK"
}

========================================
Capturing camera image...
========================================
Waiting for exposure and white balance...

Image saved:
/hydroponic_project/data_collection/images/lettuce_20260901_140003.jpg

Camera metadata:
ExposureTime: 29999
AnalogueGain: 3.555555582046509
DigitalGain: 1.006157398223877
Lux: 277.8695373535156

========================================
Cropping P01-P12...
========================================
P01: 1100x745 -> 224x224
P02: 691x742 -> 224x224
P03: 676x742 -> 224x224
P04: 813x742 -> 224x224
P05: 1092x793 -> 224x224
P06: 691x796 -> 224x224
P07: 674x793 -> 224x224
P08: 815x793 -> 224x224
P09: 1092x913 -> 224x224
P10: 690x916 -> 224x224
P11: 676x918 -> 224x224
P12: 810x921 -> 224x224

12 plant crops created.

========================================
Saving data to SQLite...
========================================

SQLite insert successful.
Capture ID      : CAP_20260901_140003
Capture records : 1
Plant records   : 12
Active plants   : 11
Inactive plants : 1
Database        : /hydroponic_project/database/hydroponic.db

========================================
Saving CSV dataset...
========================================

12 CSV rows saved.
CSV: /hydroponic_project/data_collection/multimodal_dataset.csv

========================================
 COLLECTION COMPLETED SUCCESSFULLY
========================================

Capture ID : CAP_20260901_140003
Timestamp  : 2026-09-01 14:00:03
Positions  : 12
Plants     : 11
Image      : /hydroponic_project/data_collection/images/lettuce_20260901_140003.jpg
Database   : /hydroponic_project/database/hydroponic.db
CSV        : /hydroponic_project/data_collection/multimodal_dataset.csv


Data collection completed successfully.

Starting inference...

========================================
 HYDROPONIC EDGE-AI INFERENCE
========================================
Device          : cpu
Image weight    : 0.60
Sensor weight   : 0.40
Fusion threshold: 0.50
Image time      : 06:00 - 16:59
Minimum Lux     : 10.0

========================================
CAPTURE
========================================
Capture ID : CAP_20260901_140003
Timestamp  : 2026-09-01 14:00:03
Camera Lux : 277.8695373535156
Positions  : 12
Active     : 11
No plant   : 1
Unknown    : 0

========================================
Loading Random Forest sensor model...
========================================
Model       : Random Forest
Features    : ['pH', 'TDS', 'water_level', 'DHT_temp', 'DHT_humidity', 'water_temp']
Classes     : [0 1]
Class map   : {'0': 'Unhealthy / Stress warning', '1': 'Healthy'}
Load time   : 3780.58 ms

========================================
SENSOR VALUES / SENSOR AI
========================================
pH            : 6.19
TDS           : 863.9 ppm
EC            : 1.728 mS/cm
Water level   : OK
Air temp      : 32.7 C
Humidity      : 67.2 %
Water temp    : 24.31 C

Sensor model  : Healthy
Sensor conf.  : 57.00%
Sensor risk   : 43.00%
Sensor time   : 178.752 ms

========================================
IMAGE QUALITY CHECK
========================================
Capture time : 14:00:03
Camera Lux   : 277.8695373535156
Minimum Lux  : 10.0
Image status : IMAGE SUITABLE

========================================
Loading MobileNetV2...
========================================
Model       : mobilenet_v2
Classes     : ['healthy', 'unhealthy']
Class map   : {'healthy': 0, 'unhealthy': 1}
Best epoch  : 9
Load time   : 339.63 ms

========================================
PLANT INFERENCE
========================================

P01
  Plant      : ACTIVE
  Image      : healthy (98.27%)
  Image risk : 1.73%
  Sensor     : Healthy (57.00%)
  Sensor risk: 43.00%
  Fusion     : healthy (81.76%)
  Final      : HEALTHY
  Image time : 249.65 ms

P02
  Plant      : ACTIVE
  Image      : healthy (100.00%)
  Image risk : 0.00%
  Sensor     : Healthy (57.00%)
  Sensor risk: 43.00%
  Fusion     : healthy (82.80%)
  Final      : HEALTHY
  Image time : 209.74 ms

P03
  Plant      : ACTIVE
  Image      : healthy (99.98%)
  Image risk : 0.02%
  Sensor     : Healthy (57.00%)
  Sensor risk: 43.00%
  Fusion     : healthy (82.79%)
  Final      : HEALTHY
  Image time : 208.31 ms

P04
  Plant      : ACTIVE
  Image      : healthy (99.39%)
  Image risk : 0.61%
  Sensor     : Healthy (57.00%)
  Sensor risk: 43.00%
  Fusion     : healthy (82.43%)
  Final      : HEALTHY
  Image time : 212.09 ms

P05
  Plant      : ACTIVE
  Image      : healthy (97.65%)
  Image risk : 2.35%
  Sensor     : Healthy (57.00%)
  Sensor risk: 43.00%
  Fusion     : healthy (81.39%)
  Final      : HEALTHY
  Image time : 208.26 ms

P06
  Plant      : ACTIVE
  Image      : healthy (99.12%)
  Image risk : 0.88%
  Sensor     : Healthy (57.00%)
  Sensor risk: 43.00%
  Fusion     : healthy (82.27%)
  Final      : HEALTHY
  Image time : 209.50 ms

P07
  Plant      : ACTIVE
  Image      : healthy (99.98%)
  Image risk : 0.02%
  Sensor     : Healthy (57.00%)
  Sensor risk: 43.00%
  Fusion     : healthy (82.79%)
  Final      : HEALTHY
  Image time : 208.41 ms

P08
  Plant      : NO PLANT
  Image AI   : SKIPPED
  Sensor AI  : NOT APPLICABLE
  Fusion AI  : SKIPPED

P09
  Plant      : ACTIVE
  Image      : unhealthy (54.44%)
  Image risk : 54.44%
  Sensor     : Healthy (57.00%)
  Sensor risk: 43.00%
  Fusion     : healthy (50.14%)
  Final      : HEALTHY
  Image time : 208.84 ms

P10
  Plant      : ACTIVE
  Image      : healthy (99.88%)
  Image risk : 0.12%
  Sensor     : Healthy (57.00%)
  Sensor risk: 43.00%
  Fusion     : healthy (82.73%)
  Final      : HEALTHY
  Image time : 211.35 ms

P11
  Plant      : ACTIVE
  Image      : healthy (99.56%)
  Image risk : 0.44%
  Sensor     : Healthy (57.00%)
  Sensor risk: 43.00%
  Fusion     : healthy (82.54%)
  Final      : HEALTHY
  Image time : 208.38 ms

P12
  Plant      : ACTIVE
  Image      : healthy (99.51%)
  Image risk : 0.49%
  Sensor     : Healthy (57.00%)
  Sensor risk: 43.00%
  Fusion     : healthy (82.50%)
  Final      : HEALTHY
  Image time : 209.87 ms

========================================
Updating SQLite predictions...
========================================

12 plant records updated.

========================================
 INFERENCE COMPLETED
========================================
Capture ID          : CAP_20260901_140003
Positions checked   : 12
Full multimodal     : 11
Sensor only         : 0
No plant            : 1
Unknown occupancy   : 0
Image quality       : IMAGE SUITABLE
Sensor latency      : 178.752 ms
Average image time  : 213.13 ms
Minimum image time  : 208.26 ms
Maximum image time  : 249.65 ms
Total script time   : 6735.58 ms

Predictions saved to: /hydroponic_project/database/hydroponic.db


Inference completed successfully.

========================================
HYDROPONIC PIPELINE COMPLETED
2026-09-01 14:00:39
========================================


========================================
HYDROPONIC PIPELINE START
2026-09-01 14:30:01
========================================

Starting data collection...
[7:00:35.894871573] [2499]  INFO Camera camera_manager.cpp:340 libcamera v0.7.1+rpt20260609
[7:00:35.947876236] [2503]  INFO RPI pipeline_base.cpp:1133 Using configuration file '/usr/share/libcamera/pipeline/rpi/vc4/rpi_apps.yaml'
[7:00:35.978397185] [2503]  INFO IPAProxy ipa_proxy.cpp:184 Using tuning file /usr/share/libcamera/ipa/rpi/vc4/imx219.json
[7:00:35.984404765] [2503]  INFO Camera camera_manager.cpp:223 Adding camera '/base/soc/i2c0mux/i2c@1/imx219@10' for pipeline handler rpi/vc4
[7:00:35.984487171] [2503]  INFO RPI vc4.cpp:445 Registered camera /base/soc/i2c0mux/i2c@1/imx219@10 to Unicam device /dev/media1 and ISP device /dev/media3
[7:00:35.991020299] [2499]  INFO Camera camera.cpp:1216 configuring streams: (0) 3280x2464-BGR888/sRGB (1) 3280x2464-SBGGR10_CSI2P/RAW
[7:00:35.991458552] [2503]  INFO RPI vc4.cpp:620 Sensor: /base/soc/i2c0mux/i2c@1/imx219@10 - Selected sensor format: 3280x2464-SBGGR10_1X10/RAW - Selected unicam format: 3280x2464-pBAA/RAW

========================================
 HYDROPONIC MULTIMODAL DATA COLLECTOR
========================================

SQLite database ready: /hydroponic_project/database/hydroponic.db

========================================
 CURRENT PLANT POSITIONS
========================================
P01: ACTIVE
P02: ACTIVE
P03: ACTIVE
P04: ACTIVE
P05: ACTIVE
P06: ACTIVE
P07: ACTIVE
P08: NO PLANT
P09: ACTIVE
P10: ACTIVE
P11: ACTIVE
P12: ACTIVE

Active plants: 11/12

Capture ID   : CAP_20260901_143003
Capture time : 2026-09-01 14:30:03

========================================
Reading ESP32 sensors...
========================================

Sensor record received:
{
  "water_temp": 25.75,
  "room_temp": 32.8,
  "humidity": 66.7,
  "ph": 6.25,
  "ph_voltage": 2.7009,
  "ec": 1.671,
  "tds": 835.6,
  "tds_voltage": 2.1766,
  "water_level": "OK"
}

========================================
Capturing camera image...
========================================
Waiting for exposure and white balance...

Image saved:
/hydroponic_project/data_collection/images/lettuce_20260901_143003.jpg

Camera metadata:
ExposureTime: 31398
AnalogueGain: 4.0
DigitalGain: 1.000575304031372
Lux: 232.66725158691406

========================================
Cropping P01-P12...
========================================
P01: 1100x745 -> 224x224
P02: 691x742 -> 224x224
P03: 676x742 -> 224x224
P04: 813x742 -> 224x224
P05: 1092x793 -> 224x224
P06: 691x796 -> 224x224
P07: 674x793 -> 224x224
P08: 815x793 -> 224x224
P09: 1092x913 -> 224x224
P10: 690x916 -> 224x224
P11: 676x918 -> 224x224
P12: 810x921 -> 224x224

12 plant crops created.

========================================
Saving data to SQLite...
========================================

SQLite insert successful.
Capture ID      : CAP_20260901_143003
Capture records : 1
Plant records   : 12
Active plants   : 11
Inactive plants : 1
Database        : /hydroponic_project/database/hydroponic.db

========================================
Saving CSV dataset...
========================================

12 CSV rows saved.
CSV: /hydroponic_project/data_collection/multimodal_dataset.csv

========================================
 COLLECTION COMPLETED SUCCESSFULLY
========================================

Capture ID : CAP_20260901_143003
Timestamp  : 2026-09-01 14:30:03
Positions  : 12
Plants     : 11
Image      : /hydroponic_project/data_collection/images/lettuce_20260901_143003.jpg
Database   : /hydroponic_project/database/hydroponic.db
CSV        : /hydroponic_project/data_collection/multimodal_dataset.csv


Data collection completed successfully.

Starting inference...

========================================
 HYDROPONIC EDGE-AI INFERENCE
========================================
Device          : cpu
Image weight    : 0.60
Sensor weight   : 0.40
Fusion threshold: 0.50
Image time      : 06:00 - 16:59
Minimum Lux     : 10.0

========================================
CAPTURE
========================================
Capture ID : CAP_20260901_143003
Timestamp  : 2026-09-01 14:30:03
Camera Lux : 232.66725158691406
Positions  : 12
Active     : 11
No plant   : 1
Unknown    : 0

========================================
Loading Random Forest sensor model...
========================================
Model       : Random Forest
Features    : ['pH', 'TDS', 'water_level', 'DHT_temp', 'DHT_humidity', 'water_temp']
Classes     : [0 1]
Class map   : {'0': 'Unhealthy / Stress warning', '1': 'Healthy'}
Load time   : 3759.17 ms

========================================
SENSOR VALUES / SENSOR AI
========================================
pH            : 6.25
TDS           : 835.6 ppm
EC            : 1.671 mS/cm
Water level   : OK
Air temp      : 32.8 C
Humidity      : 66.7 %
Water temp    : 25.75 C

Sensor model  : Healthy
Sensor conf.  : 66.33%
Sensor risk   : 33.67%
Sensor time   : 182.295 ms

========================================
IMAGE QUALITY CHECK
========================================
Capture time : 14:30:03
Camera Lux   : 232.66725158691406
Minimum Lux  : 10.0
Image status : IMAGE SUITABLE

========================================
Loading MobileNetV2...
========================================
Model       : mobilenet_v2
Classes     : ['healthy', 'unhealthy']
Class map   : {'healthy': 0, 'unhealthy': 1}
Best epoch  : 9
Load time   : 338.42 ms

========================================
PLANT INFERENCE
========================================

P01
  Plant      : ACTIVE
  Image      : healthy (99.17%)
  Image risk : 0.83%
  Sensor     : Healthy (66.33%)
  Sensor risk: 33.67%
  Fusion     : healthy (86.03%)
  Final      : HEALTHY
  Image time : 254.20 ms

P02
  Plant      : ACTIVE
  Image      : healthy (100.00%)
  Image risk : 0.00%
  Sensor     : Healthy (66.33%)
  Sensor risk: 33.67%
  Fusion     : healthy (86.53%)
  Final      : HEALTHY
  Image time : 219.10 ms

P03
  Plant      : ACTIVE
  Image      : healthy (99.99%)
  Image risk : 0.01%
  Sensor     : Healthy (66.33%)
  Sensor risk: 33.67%
  Fusion     : healthy (86.53%)
  Final      : HEALTHY
  Image time : 214.65 ms

P04
  Plant      : ACTIVE
  Image      : healthy (99.12%)
  Image risk : 0.88%
  Sensor     : Healthy (66.33%)
  Sensor risk: 33.67%
  Fusion     : healthy (86.01%)
  Final      : HEALTHY
  Image time : 219.29 ms

P05
  Plant      : ACTIVE
  Image      : healthy (99.03%)
  Image risk : 0.97%
  Sensor     : Healthy (66.33%)
  Sensor risk: 33.67%
  Fusion     : healthy (85.95%)
  Final      : HEALTHY
  Image time : 214.67 ms

P06
  Plant      : ACTIVE
  Image      : healthy (99.94%)
  Image risk : 0.06%
  Sensor     : Healthy (66.33%)
  Sensor risk: 33.67%
  Fusion     : healthy (86.50%)
  Final      : HEALTHY
  Image time : 215.27 ms

P07
  Plant      : ACTIVE
  Image      : healthy (99.99%)
  Image risk : 0.01%
  Sensor     : Healthy (66.33%)
  Sensor risk: 33.67%
  Fusion     : healthy (86.53%)
  Final      : HEALTHY
  Image time : 217.98 ms

P08
  Plant      : NO PLANT
  Image AI   : SKIPPED
  Sensor AI  : NOT APPLICABLE
  Fusion AI  : SKIPPED

P09
  Plant      : ACTIVE
  Image      : healthy (73.15%)
  Image risk : 26.85%
  Sensor     : Healthy (66.33%)
  Sensor risk: 33.67%
  Fusion     : healthy (70.42%)
  Final      : HEALTHY
  Image time : 215.40 ms

P10
  Plant      : ACTIVE
  Image      : healthy (99.61%)
  Image risk : 0.39%
  Sensor     : Healthy (66.33%)
  Sensor risk: 33.67%
  Fusion     : healthy (86.30%)
  Final      : HEALTHY
  Image time : 215.85 ms

P11
  Plant      : ACTIVE
  Image      : healthy (99.66%)
  Image risk : 0.34%
  Sensor     : Healthy (66.33%)
  Sensor risk: 33.67%
  Fusion     : healthy (86.33%)
  Final      : HEALTHY
  Image time : 215.81 ms

P12
  Plant      : ACTIVE
  Image      : healthy (99.41%)
  Image risk : 0.59%
  Sensor     : Healthy (66.33%)
  Sensor risk: 33.67%
  Fusion     : healthy (86.18%)
  Final      : HEALTHY
  Image time : 220.10 ms

========================================
Updating SQLite predictions...
========================================

12 plant records updated.

========================================
 INFERENCE COMPLETED
========================================
Capture ID          : CAP_20260901_143003
Positions checked   : 12
Full multimodal     : 11
Sensor only         : 0
No plant            : 1
Unknown occupancy   : 0
Image quality       : IMAGE SUITABLE
Sensor latency      : 182.295 ms
Average image time  : 220.21 ms
Minimum image time  : 214.65 ms
Maximum image time  : 254.20 ms
Total script time   : 6793.89 ms

Predictions saved to: /hydroponic_project/database/hydroponic.db


Inference completed successfully.

========================================
HYDROPONIC PIPELINE COMPLETED
2026-09-01 14:31:04
========================================

