capture_id,timestamp,plant_id,full_image_path,crop_path,model_image_path,water_temp_c,air_temp_c,humidity_pct,ph,ph_voltage,ec_ms_cm,tds_ppm,tds_voltage,water_level,camera_exposure_us,camera_analogue_gain,camera_digital_gain,camera_lux
CAP_20260816_153653,2026-08-16 15:36:53,P01,/hydroponic_project/data_collection/images/lettuce_20260816_153653.jpg,/hydroponic_project/data_collection/crops/lettuce_20260816_153653/P01.jpg,/hydroponic_project/data_collection/crops/lettuce_20260816_153653/P01_224.jpg,30.25,31.8,69.7,6.02,2.7373,1.678,839.2,2.3755,OK,29999,2.6122448444366455,1.0084587335586548,331.30987548828125
CAP_20260816_153653,2026-08-16 15:36:53,P02,/hydroponic_project/data_collection/images/lettuce_20260816_153653.jpg,/hydroponic_project/data_collection/crops/lettuce_20260816_153653/P02.jpg,/hydroponic_project/data_collection/crops/lettuce_20260816_153653/P02_224.jpg,30.25,31.8,69.7,6.02,2.7373,1.678,839.2,2.3755,OK,29999,2.6122448444366455,1.0084587335586548,331.30987548828125
CAP_20260816_153653,2026-08-16 15:36:53,P03,/hydroponic_project/data_collection/images/lettuce_20260816_153653.jpg,/hydroponic_project/data_collection/crops/lettuce_20260816_153653/P03.jpg,/hydroponic_project/data_collection/crops/lettuce_20260816_153653/P03_224.jpg,30.25,31.8,69.7,6.02,2.7373,1.678,839.2,2.3755,OK,29999,2.6122448444366455,1.0084587335586548,331.30987548828125
CAP_20260816_153653,2026-08-16 15:36:53,P04,/hydroponic_project/data_collection/images/lettuce_20260816_153653.jpg,/hydroponic_project/data_collection/crops/lettuce_20260816_153653/P04.jpg,/hydroponic_project/data_collection/crops/lettuce_20260816_153653/P04_224.jpg,30.25,31.8,69.7,6.02,2.7373,1.678,839.2,2.3755,OK,29999,2.6122448444366455,1.0084587335586548,331.30987548828125
CAP_20260816_153653,2026-08-16 15:36:53,P05,/hydroponic_project/data_collection/images/lettuce_20260816_153653.jpg,/hydroponic_project/data_collection/crops/lettuce_20260816_153653/P05.jpg,/hydroponic_project/data_collection/crops/lettuce_20260816_153653/P05_224.jpg,30.25,31.8,69.7,6.02,2.7373,1.678,839.2,2.3755,OK,29999,2.6122448444366455,1.0084587335586548,331.30987548828125
CAP_20260816_153653,2026-08-16 15:36:53,P06,/hydroponic_project/data_collection/images/lettuce_20260816_153653.jpg,/hydroponic_project/data_collection/crops/lettuce_20260816_153653/P06.jpg,/hydroponic_project/data_collection/crops/lettuce_20260816_153653/P06_224.jpg,30.25,31.8,69.7,6.02,2.7373,1.678,839.2,2.3755,OK,29999,2.6122448444366455,1.0084587335586548,331.30987548828125
CAP_20260816_153653,2026-08-16 15:36:53,P07,/hydroponic_project/data_collection/images/lettuce_20260816_153653.jpg,/hydroponic_project/data_collection/crops/lettuce_20260816_153653/P07.jpg,/hydroponic_project/data_collection/crops/lettuce_20260816_153653/P07_224.jpg,30.25,31.8,69.7,6.02,2.7373,1.678,839.2,2.3755,OK,29999,2.6122448444366455,1.0084587335586548,331.30987548828125
CAP_20260816_153653,2026-08-16 15:36:53,P08,/hydroponic_project/data_collection/images/lettuce_20260816_153653.jpg,/hydroponic_project/data_collection/crops/lettuce_20260816_153653/P08.jpg,/hydroponic_project/data_collection/crops/lettuce_20260816_153653/P08_224.jpg,30.25,31.8,69.7,6.02,2.7373,1.678,839.2,2.3755,OK,29999,2.6122448444366455,1.0084587335586548,331.30987548828125
CAP_20260816_153653,2026-08-16 15:36:53,P09,/hydroponic_project/data_collection/images/lettuce_20260816_153653.jpg,/hydroponic_project/data_collection/crops/lettuce_20260816_153653/P09.jpg,/hydroponic_project/data_collection/crops/lettuce_20260816_153653/P09_224.jpg,30.25,31.8,69.7,6.02,2.7373,1.678,839.2,2.3755,OK,29999,2.6122448444366455,1.0084587335586548,331.30987548828125
CAP_20260816_153653,2026-08-16 15:36:53,P10,/hydroponic_project/data_collection/images/lettuce_20260816_153653.jpg,/hydroponic_project/data_collection/crops/lettuce_20260816_153653/P10.jpg,/hydroponic_project/data_collection/crops/lettuce_20260816_153653/P10_224.jpg,30.25,31.8,69.7,6.02,2.7373,1.678,839.2,2.3755,OK,29999,2.6122448444366455,1.0084587335586548,331.30987548828125
CAP_20260816_153653,2026-08-16 15:36:53,P11,/hydroponic_project/data_collection/images/lettuce_20260816_153653.jpg,/hydroponic_project/data_collection/crops/lettuce_20260816_153653/P11.jpg,/hydroponic_project/data_collection/crops/lettuce_20260816_153653/P11_224.jpg,30.25,31.8,69.7,6.02,2.7373,1.678,839.2,2.3755,OK,29999,2.6122448444366455,1.0084587335586548,331.30987548828125
CAP_20260816_153653,2026-08-16 15:36:53,P12,/hydroponic_project/data_collection/images/lettuce_20260816_153653.jpg,/hydroponic_project/data_collection/crops/lettuce_20260816_153653/P12.jpg,/hydroponic_project/data_collection/crops/lettuce_20260816_153653/P12_224.jpg,30.25,31.8,69.7,6.02,2.7373,1.678,839.2,2.3755,OK,29999,2.6122448444366455,1.0084587335586548,331.30987548828125
CAP_20260816_154520,2026-08-16 15:45:20,P01,/hydroponic_project/data_collection/images/lettuce_20260816_154520.jpg,/hydroponic_project/data_collection/crops/lettuce_20260816_154520/P01.jpg,/hydroponic_project/data_collection/crops/lettuce_20260816_154520/P01_224.jpg,30.19,31.9,69.7,6.26,2.6993,1.681,840.6,2.3751,OK,29999,3.8208954334259033,1.0014575719833374,225.92471313476562
CAP_20260816_154520,2026-08-16 15:45:20,P02,/hydroponic_project/data_collection/images/lettuce_20260816_154520.jpg,/hydroponic_project/data_collection/crops/lettuce_20260816_154520/P02.jpg,/hydroponic_project/data_collection/crops/lettuce_20260816_154520/P02_224.jpg,30.19,31.9,69.7,6.26,2.6993,1.681,840.6,2.3751,OK,29999,3.8208954334259033,1.0014575719833374,225.92471313476562
CAP_20260816_154520,2026-08-16 15:45:20,P03,/hydroponic_project/data_collection/images/lettuce_20260816_154520.jpg,/hydroponic_project/data_collection/crops/lettuce_20260816_154520/P03.jpg,/hydroponic_project/data_collection/crops/lettuce_20260816_154520/P03_224.jpg,30.19,31.9,69.7,6.26,2.6993,1.681,840.6,2.3751,OK,29999,3.8208954334259033,1.0014575719833374,225.92471313476562
CAP_20260816_154520,2026-08-16 15:45:20,P04,/hydroponic_project/data_collection/images/lettuce_20260816_154520.jpg,/hydroponic_project/data_collection/crops/lettuce_20260816_154520/P04.jpg,/hydroponic_project/data_collection/crops/lettuce_20260816_154520/P04_224.jpg,30.19,31.9,69.7,6.26,2.6993,1.681,840.6,2.3751,OK,29999,3.8208954334259033,1.0014575719833374,225.92471313476562
CAP_20260816_154520,2026-08-16 15:45:20,P05,/hydroponic_project/data_collection/images/lettuce_20260816_154520.jpg,/hydroponic_project/data_collection/crops/lettuce_20260816_154520/P05.jpg,/hydroponic_project/data_collection/crops/lettuce_20260816_154520/P05_224.jpg,30.19,31.9,69.7,6.26,2.6993,1.681,840.6,2.3751,OK,29999,3.8208954334259033,1.0014575719833374,225.92471313476562
CAP_20260816_154520,2026-08-16 15:45:20,P06,/hydroponic_project/data_collection/images/lettuce_20260816_154520.jpg,/hydroponic_project/data_collection/crops/lettuce_20260816_154520/P06.jpg,/hydroponic_project/data_collection/crops/lettuce_20260816_154520/P06_224.jpg,30.19,31.9,69.7,6.26,2.6993,1.681,840.6,2.3751,OK,29999,3.8208954334259033,1.0014575719833374,225.92471313476562
CAP_20260816_154520,2026-08-16 15:45:20,P07,/hydroponic_project/data_collection/images/lettuce_20260816_154520.jpg,/hydroponic_project/data_collection/crops/lettuce_20260816_154520/P07.jpg,/hydroponic_project/data_collection/crops/lettuce_20260816_154520/P07_224.jpg,30.19,31.9,69.7,6.26,2.6993,1.681,840.6,2.3751,OK,29999,3.8208954334259033,1.0014575719833374,225.92471313476562
CAP_20260816_154520,2026-08-16 15:45:20,P08,/hydroponic_project/data_collection/images/lettuce_20260816_154520.jpg,/hydroponic_project/data_collection/crops/lettuce_20260816_154520/P08.jpg,/hydroponic_project/data_collection/crops/lettuce_20260816_154520/P08_224.jpg,30.19,31.9,69.7,6.26,2.6993,1.681,840.6,2.3751,OK,29999,3.8208954334259033,1.0014575719833374,225.92471313476562
CAP_20260816_154520,2026-08-16 15:45:20,P09,/hydroponic_project/data_collection/images/lettuce_20260816_154520.jpg,/hydroponic_project/data_collection/crops/lettuce_20260816_154520/P09.jpg,/hydroponic_project/data_collection/crops/lettuce_20260816_154520/P09_224.jpg,30.19,31.9,69.7,6.26,2.6993,1.681,840.6,2.3751,OK,29999,3.8208954334259033,1.0014575719833374,225.92471313476562
CAP_20260816_154520,2026-08-16 15:45:20,P10,/hydroponic_project/data_collection/images/lettuce_20260816_154520.jpg,/hydroponic_project/data_collection/crops/lettuce_20260816_154520/P10.jpg,/hydroponic_project/data_collection/crops/lettuce_20260816_154520/P10_224.jpg,30.19,31.9,69.7,6.26,2.6993,1.681,840.6,2.3751,OK,29999,3.8208954334259033,1.0014575719833374,225.92471313476562
CAP_20260816_154520,2026-08-16 15:45:20,P11,/hydroponic_project/data_collection/images/lettuce_20260816_154520.jpg,/hydroponic_project/data_collection/crops/lettuce_20260816_154520/P11.jpg,/hydroponic_project/data_collection/crops/lettuce_20260816_154520/P11_224.jpg,30.19,31.9,69.7,6.26,2.6993,1.681,840.6,2.3751,OK,29999,3.8208954334259033,1.0014575719833374,225.92471313476562
CAP_20260816_154520,2026-08-16 15:45:20,P12,/hydroponic_project/data_collection/images/lettuce_20260816_154520.jpg,/hydroponic_project/data_collection/crops/lettuce_20260816_154520/P12.jpg,/hydroponic_project/data_collection/crops/lettuce_20260816_154520/P12_224.jpg,30.19,31.9,69.7,6.26,2.6993,1.681,840.6,2.3751,OK,29999,3.8208954334259033,1.0014575719833374,225.92471313476562
CAP_20260816_160003,2026-08-16 16:00:03,P01,/hydroponic_project/data_collection/images/lettuce_20260816_160003.jpg,/hydroponic_project/data_collection/crops/lettuce_20260816_160003/P01.jpg,/hydroponic_project/data_collection/crops/lettuce_20260816_160003/P01_224.jpg,30.19,31.7,70.1,6.32,2.6883,1.68,840.2,2.3745,OK,29999,3.3246753215789795,1.000339150428772,265.1918029785156
CAP_20260816_160003,2026-08-16 16:00:03,P02,/hydroponic_project/data_collection/images/lettuce_20260816_160003.jpg,/hydroponic_project/data_collection/crops/lettuce_20260816_160003/P02.jpg,/hydroponic_project/data_collection/crops/lettuce_20260816_160003/P02_224.jpg,30.19,31.7,70.1,6.32,2.6883,1.68,840.2,2.3745,OK,29999,3.3246753215789795,1.000339150428772,265.1918029785156
CAP_20260816_160003,2026-08-16 16:00:03,P03,/hydroponic_project/data_collection/images/lettuce_20260816_160003.jpg,/hydroponic_project/data_collection/crops/lettuce_20260816_160003/P03.jpg,/hydroponic_project/data_collection/crops/lettuce_20260816_160003/P03_224.jpg,30.19,31.7,70.1,6.32,2.6883,1.68,840.2,2.3745,OK,29999,3.3246753215789795,1.000339150428772,265.1918029785156
CAP_20260816_160003,2026-08-16 16:00:03,P04,/hydroponic_project/data_collection/images/lettuce_20260816_160003.jpg,/hydroponic_project/data_collection/crops/lettuce_20260816_160003/P04.jpg,/hydroponic_project/data_collection/crops/lettuce_20260816_160003/P04_224.jpg,30.19,31.7,70.1,6.32,2.6883,1.68,840.2,2.3745,OK,29999,3.3246753215789795,1.000339150428772,265.1918029785156
CAP_20260816_160003,2026-08-16 16:00:03,P05,/hydroponic_project/data_collection/images/lettuce_20260816_160003.jpg,/hydroponic_project/data_collection/crops/lettuce_20260816_160003/P05.jpg,/hydroponic_project/data_collection/crops/lettuce_20260816_160003/P05_224.jpg,30.19,31.7,70.1,6.32,2.6883,1.68,840.2,2.3745,OK,29999,3.3246753215789795,1.000339150428772,265.1918029785156
CAP_20260816_160003,2026-08-16 16:00:03,P06,/hydroponic_project/data_collection/images/lettuce_20260816_160003.jpg,/hydroponic_project/data_collection/crops/lettuce_20260816_160003/P06.jpg,/hydroponic_project/data_collection/crops/lettuce_20260816_160003/P06_224.jpg,30.19,31.7,70.1,6.32,2.6883,1.68,840.2,2.3745,OK,29999,3.3246753215789795,1.000339150428772,265.1918029785156
CAP_20260816_160003,2026-08-16 16:00:03,P07,/hydroponic_project/data_collection/images/lettuce_20260816_160003.jpg,/hydroponic_project/data_collection/crops/lettuce_20260816_160003/P07.jpg,/hydroponic_project/data_collection/crops/lettuce_20260816_160003/P07_224.jpg,30.19,31.7,70.1,6.32,2.6883,1.68,840.2,2.3745,OK,29999,3.3246753215789795,1.000339150428772,265.1918029785156
CAP_20260816_160003,2026-08-16 16:00:03,P08,/hydroponic_project/data_collection/images/lettuce_20260816_160003.jpg,/hydroponic_project/data_collection/crops/lettuce_20260816_160003/P08.jpg,/hydroponic_project/data_collection/crops/lettuce_20260816_160003/P08_224.jpg,30.19,31.7,70.1,6.32,2.6883,1.68,840.2,2.3745,OK,29999,3.3246753215789795,1.000339150428772,265.1918029785156
CAP_20260816_160003,2026-08-16 16:00:03,P09,/hydroponic_project/data_collection/images/lettuce_20260816_160003.jpg,/hydroponic_project/data_collection/crops/lettuce_20260816_160003/P09.jpg,/hydroponic_project/data_collection/crops/lettuce_20260816_160003/P09_224.jpg,30.19,31.7,70.1,6.32,2.6883,1.68,840.2,2.3745,OK,29999,3.3246753215789795,1.000339150428772,265.1918029785156
CAP_20260816_160003,2026-08-16 16:00:03,P10,/hydroponic_project/data_collection/images/lettuce_20260816_160003.jpg,/hydroponic_project/data_collection/crops/lettuce_20260816_160003/P10.jpg,/hydroponic_project/data_collection/crops/lettuce_20260816_160003/P10_224.jpg,30.19,31.7,70.1,6.32,2.6883,1.68,840.2,2.3745,OK,29999,3.3246753215789795,1.000339150428772,265.1918029785156
CAP_20260816_160003,2026-08-16 16:00:03,P11,/hydroponic_project/data_collection/images/lettuce_20260816_160003.jpg,/hydroponic_project/data_collection/crops/lettuce_20260816_160003/P11.jpg,/hydroponic_project/data_collection/crops/lettuce_20260816_160003/P11_224.jpg,30.19,31.7,70.1,6.32,2.6883,1.68,840.2,2.3745,OK,29999,3.3246753215789795,1.000339150428772,265.1918029785156
CAP_20260816_160003,2026-08-16 16:00:03,P12,/hydroponic_project/data_collection/images/lettuce_20260816_160003.jpg,/hydroponic_project/data_collection/crops/lettuce_20260816_160003/P12.jpg,/hydroponic_project/data_collection/crops/lettuce_20260816_160003/P12_224.jpg,30.19,31.7,70.1,6.32,2.6883,1.68,840.2,2.3745,OK,29999,3.3246753215789795,1.000339150428772,265.1918029785156
CAP_20260816_170003,2026-08-16 17:00:03,P01,/hydroponic_project/data_collection/images/lettuce_20260816_170003.jpg,/hydroponic_project/data_collection/crops/lettuce_20260816_170003/P01.jpg,/hydroponic_project/data_collection/crops/lettuce_20260816_170003/P01_224.jpg,30.0,31.4,69.7,6.32,2.6896,1.687,843.5,2.3718,OK,41606,4.0,1.0000159740447998,160.13192749023438
CAP_20260816_170003,2026-08-16 17:00:03,P02,/hydroponic_project/data_collection/images/lettuce_20260816_170003.jpg,/hydroponic_project/data_collection/crops/lettuce_20260816_170003/P02.jpg,/hydroponic_project/data_collection/crops/lettuce_20260816_170003/P02_224.jpg,30.0,31.4,69.7,6.32,2.6896,1.687,843.5,2.3718,OK,41606,4.0,1.0000159740447998,160.13192749023438
CAP_20260816_170003,2026-08-16 17:00:03,P03,/hydroponic_project/data_collection/images/lettuce_20260816_170003.jpg,/hydroponic_project/data_collection/crops/lettuce_20260816_170003/P03.jpg,/hydroponic_project/data_collection/crops/lettuce_20260816_170003/P03_224.jpg,30.0,31.4,69.7,6.32,2.6896,1.687,843.5,2.3718,OK,41606,4.0,1.0000159740447998,160.13192749023438
CAP_20260816_170003,2026-08-16 17:00:03,P04,/hydroponic_project/data_collection/images/lettuce_20260816_170003.jpg,/hydroponic_project/data_collection/crops/lettuce_20260816_170003/P04.jpg,/hydroponic_project/data_collection/crops/lettuce_20260816_170003/P04_224.jpg,30.0,31.4,69.7,6.32,2.6896,1.687,843.5,2.3718,OK,41606,4.0,1.0000159740447998,160.13192749023438
CAP_20260816_170003,2026-08-16 17:00:03,P05,/hydroponic_project/data_collection/images/lettuce_20260816_170003.jpg,/hydroponic_project/data_collection/crops/lettuce_20260816_170003/P05.jpg,/hydroponic_project/data_collection/crops/lettuce_20260816_170003/P05_224.jpg,30.0,31.4,69.7,6.32,2.6896,1.687,843.5,2.3718,OK,41606,4.0,1.0000159740447998,160.13192749023438
CAP_20260816_170003,2026-08-16 17:00:03,P06,/hydroponic_project/data_collection/images/lettuce_20260816_170003.jpg,/hydroponic_project/data_collection/crops/lettuce_20260816_170003/P06.jpg,/hydroponic_project/data_collection/crops/lettuce_20260816_170003/P06_224.jpg,30.0,31.4,69.7,6.32,2.6896,1.687,843.5,2.3718,OK,41606,4.0,1.0000159740447998,160.13192749023438
CAP_20260816_170003,2026-08-16 17:00:03,P07,/hydroponic_project/data_collection/images/lettuce_20260816_170003.jpg,/hydroponic_project/data_collection/crops/lettuce_20260816_170003/P07.jpg,/hydroponic_project/data_collection/crops/lettuce_20260816_170003/P07_224.jpg,30.0,31.4,69.7,6.32,2.6896,1.687,843.5,2.3718,OK,41606,4.0,1.0000159740447998,160.13192749023438
CAP_20260816_170003,2026-08-16 17:00:03,P08,/hydroponic_project/data_collection/images/lettuce_20260816_170003.jpg,/hydroponic_project/data_collection/crops/lettuce_20260816_170003/P08.jpg,/hydroponic_project/data_collection/crops/lettuce_20260816_170003/P08_224.jpg,30.0,31.4,69.7,6.32,2.6896,1.687,843.5,2.3718,OK,41606,4.0,1.0000159740447998,160.13192749023438
CAP_20260816_170003,2026-08-16 17:00:03,P09,/hydroponic_project/data_collection/images/lettuce_20260816_170003.jpg,/hydroponic_project/data_collection/crops/lettuce_20260816_170003/P09.jpg,/hydroponic_project/data_collection/crops/lettuce_20260816_170003/P09_224.jpg,30.0,31.4,69.7,6.32,2.6896,1.687,843.5,2.3718,OK,41606,4.0,1.0000159740447998,160.13192749023438
CAP_20260816_170003,2026-08-16 17:00:03,P10,/hydroponic_project/data_collection/images/lettuce_20260816_170003.jpg,/hydroponic_project/data_collection/crops/lettuce_20260816_170003/P10.jpg,/hydroponic_project/data_collection/crops/lettuce_20260816_170003/P10_224.jpg,30.0,31.4,69.7,6.32,2.6896,1.687,843.5,2.3718,OK,41606,4.0,1.0000159740447998,160.13192749023438
CAP_20260816_170003,2026-08-16 17:00:03,P11,/hydroponic_project/data_collection/images/lettuce_20260816_170003.jpg,/hydroponic_project/data_collection/crops/lettuce_20260816_170003/P11.jpg,/hydroponic_project/data_collection/crops/lettuce_20260816_170003/P11_224.jpg,30.0,31.4,69.7,6.32,2.6896,1.687,843.5,2.3718,OK,41606,4.0,1.0000159740447998,160.13192749023438
CAP_20260816_170003,2026-08-16 17:00:03,P12,/hydroponic_project/data_collection/images/lettuce_20260816_170003.jpg,/hydroponic_project/data_collection/crops/lettuce_20260816_170003/P12.jpg,/hydroponic_project/data_collection/crops/lettuce_20260816_170003/P12_224.jpg,30.0,31.4,69.7,6.32,2.6896,1.687,843.5,2.3718,OK,41606,4.0,1.0000159740447998,160.13192749023438
CAP_20260816_180003,2026-08-16 18:00:03,P01,/hydroponic_project/data_collection/images/lettuce_20260816_180003.jpg,/hydroponic_project/data_collection/crops/lettuce_20260816_180003/P01.jpg,/hydroponic_project/data_collection/crops/lettuce_20260816_180003/P01_224.jpg,29.81,30.9,69.7,6.21,2.7068,1.724,862.2,2.3934,OK,66653,9.84615421295166,1.0158113241195679,22.83499526977539
CAP_20260816_180003,2026-08-16 18:00:03,P02,/hydroponic_project/data_collection/images/lettuce_20260816_180003.jpg,/hydroponic_project/data_collection/crops/lettuce_20260816_180003/P02.jpg,/hydroponic_project/data_collection/crops/lettuce_20260816_180003/P02_224.jpg,29.81,30.9,69.7,6.21,2.7068,1.724,862.2,2.3934,OK,66653,9.84615421295166,1.0158113241195679,22.83499526977539
CAP_20260816_180003,2026-08-16 18:00:03,P03,/hydroponic_project/data_collection/images/lettuce_20260816_180003.jpg,/hydroponic_project/data_collection/crops/lettuce_20260816_180003/P03.jpg,/hydroponic_project/data_collection/crops/lettuce_20260816_180003/P03_224.jpg,29.81,30.9,69.7,6.21,2.7068,1.724,862.2,2.3934,OK,66653,9.84615421295166,1.0158113241195679,22.83499526977539
CAP_20260816_180003,2026-08-16 18:00:03,P04,/hydroponic_project/data_collection/images/lettuce_20260816_180003.jpg,/hydroponic_project/data_collection/crops/lettuce_20260816_180003/P04.jpg,/hydroponic_project/data_collection/crops/lettuce_20260816_180003/P04_224.jpg,29.81,30.9,69.7,6.21,2.7068,1.724,862.2,2.3934,OK,66653,9.84615421295166,1.0158113241195679,22.83499526977539
CAP_20260816_180003,2026-08-16 18:00:03,P05,/hydroponic_project/data_collection/images/lettuce_20260816_180003.jpg,/hydroponic_project/data_collection/crops/lettuce_20260816_180003/P05.jpg,/hydroponic_project/data_collection/crops/lettuce_20260816_180003/P05_224.jpg,29.81,30.9,69.7,6.21,2.7068,1.724,862.2,2.3934,OK,66653,9.84615421295166,1.0158113241195679,22.83499526977539
CAP_20260816_180003,2026-08-16 18:00:03,P06,/hydroponic_project/data_collection/images/lettuce_20260816_180003.jpg,/hydroponic_project/data_collection/crops/lettuce_20260816_180003/P06.jpg,/hydroponic_project/data_collection/crops/lettuce_20260816_180003/P06_224.jpg,29.81,30.9,69.7,6.21,2.7068,1.724,862.2,2.3934,OK,66653,9.84615421295166,1.0158113241195679,22.83499526977539
CAP_20260816_180003,2026-08-16 18:00:03,P07,/hydroponic_project/data_collection/images/lettuce_20260816_180003.jpg,/hydroponic_project/data_collection/crops/lettuce_20260816_180003/P07.jpg,/hydroponic_project/data_collection/crops/lettuce_20260816_180003/P07_224.jpg,29.81,30.9,69.7,6.21,2.7068,1.724,862.2,2.3934,OK,66653,9.84615421295166,1.0158113241195679,22.83499526977539
CAP_20260816_180003,2026-08-16 18:00:03,P08,/hydroponic_project/data_collection/images/lettuce_20260816_180003.jpg,/hydroponic_project/data_collection/crops/lettuce_20260816_180003/P08.jpg,/hydroponic_project/data_collection/crops/lettuce_20260816_180003/P08_224.jpg,29.81,30.9,69.7,6.21,2.7068,1.724,862.2,2.3934,OK,66653,9.84615421295166,1.0158113241195679,22.83499526977539
CAP_20260816_180003,2026-08-16 18:00:03,P09,/hydroponic_project/data_collection/images/lettuce_20260816_180003.jpg,/hydroponic_project/data_collection/crops/lettuce_20260816_180003/P09.jpg,/hydroponic_project/data_collection/crops/lettuce_20260816_180003/P09_224.jpg,29.81,30.9,69.7,6.21,2.7068,1.724,862.2,2.3934,OK,66653,9.84615421295166,1.0158113241195679,22.83499526977539
CAP_20260816_180003,2026-08-16 18:00:03,P10,/hydroponic_project/data_collection/images/lettuce_20260816_180003.jpg,/hydroponic_project/data_collection/crops/lettuce_20260816_180003/P10.jpg,/hydroponic_project/data_collection/crops/lettuce_20260816_180003/P10_224.jpg,29.81,30.9,69.7,6.21,2.7068,1.724,862.2,2.3934,OK,66653,9.84615421295166,1.0158113241195679,22.83499526977539
CAP_20260816_180003,2026-08-16 18:00:03,P11,/hydroponic_project/data_collection/images/lettuce_20260816_180003.jpg,/hydroponic_project/data_collection/crops/lettuce_20260816_180003/P11.jpg,/hydroponic_project/data_collection/crops/lettuce_20260816_180003/P11_224.jpg,29.81,30.9,69.7,6.21,2.7068,1.724,862.2,2.3934,OK,66653,9.84615421295166,1.0158113241195679,22.83499526977539
CAP_20260816_180003,2026-08-16 18:00:03,P12,/hydroponic_project/data_collection/images/lettuce_20260816_180003.jpg,/hydroponic_project/data_collection/crops/lettuce_20260816_180003/P12.jpg,/hydroponic_project/data_collection/crops/lettuce_20260816_180003/P12_224.jpg,29.81,30.9,69.7,6.21,2.7068,1.724,862.2,2.3934,OK,66653,9.84615421295166,1.0158113241195679,22.83499526977539
CAP_20260816_190003,2026-08-16 19:00:03,P01,/hydroponic_project/data_collection/images/lettuce_20260816_190003.jpg,/hydroponic_project/data_collection/crops/lettuce_20260816_190003/P01.jpg,/hydroponic_project/data_collection/crops/lettuce_20260816_190003/P01_224.jpg,29.69,30.6,75.3,6.29,2.6939,1.729,864.6,2.3916,OK,66653,9.84615421295166,1.0158113241195679,0.5414000749588013
CAP_20260816_190003,2026-08-16 19:00:03,P02,/hydroponic_project/data_collection/images/lettuce_20260816_190003.jpg,/hydroponic_project/data_collection/crops/lettuce_20260816_190003/P02.jpg,/hydroponic_project/data_collection/crops/lettuce_20260816_190003/P02_224.jpg,29.69,30.6,75.3,6.29,2.6939,1.729,864.6,2.3916,OK,66653,9.84615421295166,1.0158113241195679,0.5414000749588013
CAP_20260816_190003,2026-08-16 19:00:03,P03,/hydroponic_project/data_collection/images/lettuce_20260816_190003.jpg,/hydroponic_project/data_collection/crops/lettuce_20260816_190003/P03.jpg,/hydroponic_project/data_collection/crops/lettuce_20260816_190003/P03_224.jpg,29.69,30.6,75.3,6.29,2.6939,1.729,864.6,2.3916,OK,66653,9.84615421295166,1.0158113241195679,0.5414000749588013
CAP_20260816_190003,2026-08-16 19:00:03,P04,/hydroponic_project/data_collection/images/lettuce_20260816_190003.jpg,/hydroponic_project/data_collection/crops/lettuce_20260816_190003/P04.jpg,/hydroponic_project/data_collection/crops/lettuce_20260816_190003/P04_224.jpg,29.69,30.6,75.3,6.29,2.6939,1.729,864.6,2.3916,OK,66653,9.84615421295166,1.0158113241195679,0.5414000749588013
CAP_20260816_190003,2026-08-16 19:00:03,P05,/hydroponic_project/data_collection/images/lettuce_20260816_190003.jpg,/hydroponic_project/data_collection/crops/lettuce_20260816_190003/P05.jpg,/hydroponic_project/data_collection/crops/lettuce_20260816_190003/P05_224.jpg,29.69,30.6,75.3,6.29,2.6939,1.729,864.6,2.3916,OK,66653,9.84615421295166,1.0158113241195679,0.5414000749588013
CAP_20260816_190003,2026-08-16 19:00:03,P06,/hydroponic_project/data_collection/images/lettuce_20260816_190003.jpg,/hydroponic_project/data_collection/crops/lettuce_20260816_190003/P06.jpg,/hydroponic_project/data_collection/crops/lettuce_20260816_190003/P06_224.jpg,29.69,30.6,75.3,6.29,2.6939,1.729,864.6,2.3916,OK,66653,9.84615421295166,1.0158113241195679,0.5414000749588013
CAP_20260816_190003,2026-08-16 19:00:03,P07,/hydroponic_project/data_collection/images/lettuce_20260816_190003.jpg,/hydroponic_project/data_collection/crops/lettuce_20260816_190003/P07.jpg,/hydroponic_project/data_collection/crops/lettuce_20260816_190003/P07_224.jpg,29.69,30.6,75.3,6.29,2.6939,1.729,864.6,2.3916,OK,66653,9.84615421295166,1.0158113241195679,0.5414000749588013
CAP_20260816_190003,2026-08-16 19:00:03,P08,/hydroponic_project/data_collection/images/lettuce_20260816_190003.jpg,/hydroponic_project/data_collection/crops/lettuce_20260816_190003/P08.jpg,/hydroponic_project/data_collection/crops/lettuce_20260816_190003/P08_224.jpg,29.69,30.6,75.3,6.29,2.6939,1.729,864.6,2.3916,OK,66653,9.84615421295166,1.0158113241195679,0.5414000749588013
CAP_20260816_190003,2026-08-16 19:00:03,P09,/hydroponic_project/data_collection/images/lettuce_20260816_190003.jpg,/hydroponic_project/data_collection/crops/lettuce_20260816_190003/P09.jpg,/hydroponic_project/data_collection/crops/lettuce_20260816_190003/P09_224.jpg,29.69,30.6,75.3,6.29,2.6939,1.729,864.6,2.3916,OK,66653,9.84615421295166,1.0158113241195679,0.5414000749588013
CAP_20260816_190003,2026-08-16 19:00:03,P10,/hydroponic_project/data_collection/images/lettuce_20260816_190003.jpg,/hydroponic_project/data_collection/crops/lettuce_20260816_190003/P10.jpg,/hydroponic_project/data_collection/crops/lettuce_20260816_190003/P10_224.jpg,29.69,30.6,75.3,6.29,2.6939,1.729,864.6,2.3916,OK,66653,9.84615421295166,1.0158113241195679,0.5414000749588013
CAP_20260816_190003,2026-08-16 19:00:03,P11,/hydroponic_project/data_collection/images/lettuce_20260816_190003.jpg,/hydroponic_project/data_collection/crops/lettuce_20260816_190003/P11.jpg,/hydroponic_project/data_collection/crops/lettuce_20260816_190003/P11_224.jpg,29.69,30.6,75.3,6.29,2.6939,1.729,864.6,2.3916,OK,66653,9.84615421295166,1.0158113241195679,0.5414000749588013
CAP_20260816_190003,2026-08-16 19:00:03,P12,/hydroponic_project/data_collection/images/lettuce_20260816_190003.jpg,/hydroponic_project/data_collection/crops/lettuce_20260816_190003/P12.jpg,/hydroponic_project/data_collection/crops/lettuce_20260816_190003/P12_224.jpg,29.69,30.6,75.3,6.29,2.6939,1.729,864.6,2.3916,OK,66653,9.84615421295166,1.0158113241195679,0.5414000749588013
CAP_20260816_200003,2026-08-16 20:00:03,P01,/hydroponic_project/data_collection/images/lettuce_20260816_200003.jpg,/hydroponic_project/data_collection/crops/lettuce_20260816_200003/P01.jpg,/hydroponic_project/data_collection/crops/lettuce_20260816_200003/P01_224.jpg,29.56,30.5,75.2,6.34,2.6858,1.735,867.5,2.3908,OK,66653,9.84615421295166,1.0158113241195679,0.5411790013313293
CAP_20260816_200003,2026-08-16 20:00:03,P02,/hydroponic_project/data_collection/images/lettuce_20260816_200003.jpg,/hydroponic_project/data_collection/crops/lettuce_20260816_200003/P02.jpg,/hydroponic_project/data_collection/crops/lettuce_20260816_200003/P02_224.jpg,29.56,30.5,75.2,6.34,2.6858,1.735,867.5,2.3908,OK,66653,9.84615421295166,1.0158113241195679,0.5411790013313293
CAP_20260816_200003,2026-08-16 20:00:03,P03,/hydroponic_project/data_collection/images/lettuce_20260816_200003.jpg,/hydroponic_project/data_collection/crops/lettuce_20260816_200003/P03.jpg,/hydroponic_project/data_collection/crops/lettuce_20260816_200003/P03_224.jpg,29.56,30.5,75.2,6.34,2.6858,1.735,867.5,2.3908,OK,66653,9.84615421295166,1.0158113241195679,0.5411790013313293
CAP_20260816_200003,2026-08-16 20:00:03,P04,/hydroponic_project/data_collection/images/lettuce_20260816_200003.jpg,/hydroponic_project/data_collection/crops/lettuce_20260816_200003/P04.jpg,/hydroponic_project/data_collection/crops/lettuce_20260816_200003/P04_224.jpg,29.56,30.5,75.2,6.34,2.6858,1.735,867.5,2.3908,OK,66653,9.84615421295166,1.0158113241195679,0.5411790013313293
CAP_20260816_200003,2026-08-16 20:00:03,P05,/hydroponic_project/data_collection/images/lettuce_20260816_200003.jpg,/hydroponic_project/data_collection/crops/lettuce_20260816_200003/P05.jpg,/hydroponic_project/data_collection/crops/lettuce_20260816_200003/P05_224.jpg,29.56,30.5,75.2,6.34,2.6858,1.735,867.5,2.3908,OK,66653,9.84615421295166,1.0158113241195679,0.5411790013313293
CAP_20260816_200003,2026-08-16 20:00:03,P06,/hydroponic_project/data_collection/images/lettuce_20260816_200003.jpg,/hydroponic_project/data_collection/crops/lettuce_20260816_200003/P06.jpg,/hydroponic_project/data_collection/crops/lettuce_20260816_200003/P06_224.jpg,29.56,30.5,75.2,6.34,2.6858,1.735,867.5,2.3908,OK,66653,9.84615421295166,1.0158113241195679,0.5411790013313293
CAP_20260816_200003,2026-08-16 20:00:03,P07,/hydroponic_project/data_collection/images/lettuce_20260816_200003.jpg,/hydroponic_project/data_collection/crops/lettuce_20260816_200003/P07.jpg,/hydroponic_project/data_collection/crops/lettuce_20260816_200003/P07_224.jpg,29.56,30.5,75.2,6.34,2.6858,1.735,867.5,2.3908,OK,66653,9.84615421295166,1.0158113241195679,0.5411790013313293
CAP_20260816_200003,2026-08-16 20:00:03,P08,/hydroponic_project/data_collection/images/lettuce_20260816_200003.jpg,/hydroponic_project/data_collection/crops/lettuce_20260816_200003/P08.jpg,/hydroponic_project/data_collection/crops/lettuce_20260816_200003/P08_224.jpg,29.56,30.5,75.2,6.34,2.6858,1.735,867.5,2.3908,OK,66653,9.84615421295166,1.0158113241195679,0.5411790013313293
CAP_20260816_200003,2026-08-16 20:00:03,P09,/hydroponic_project/data_collection/images/lettuce_20260816_200003.jpg,/hydroponic_project/data_collection/crops/lettuce_20260816_200003/P09.jpg,/hydroponic_project/data_collection/crops/lettuce_20260816_200003/P09_224.jpg,29.56,30.5,75.2,6.34,2.6858,1.735,867.5,2.3908,OK,66653,9.84615421295166,1.0158113241195679,0.5411790013313293
CAP_20260816_200003,2026-08-16 20:00:03,P10,/hydroponic_project/data_collection/images/lettuce_20260816_200003.jpg,/hydroponic_project/data_collection/crops/lettuce_20260816_200003/P10.jpg,/hydroponic_project/data_collection/crops/lettuce_20260816_200003/P10_224.jpg,29.56,30.5,75.2,6.34,2.6858,1.735,867.5,2.3908,OK,66653,9.84615421295166,1.0158113241195679,0.5411790013313293
CAP_20260816_200003,2026-08-16 20:00:03,P11,/hydroponic_project/data_collection/images/lettuce_20260816_200003.jpg,/hydroponic_project/data_collection/crops/lettuce_20260816_200003/P11.jpg,/hydroponic_project/data_collection/crops/lettuce_20260816_200003/P11_224.jpg,29.56,30.5,75.2,6.34,2.6858,1.735,867.5,2.3908,OK,66653,9.84615421295166,1.0158113241195679,0.5411790013313293
CAP_20260816_200003,2026-08-16 20:00:03,P12,/hydroponic_project/data_collection/images/lettuce_20260816_200003.jpg,/hydroponic_project/data_collection/crops/lettuce_20260816_200003/P12.jpg,/hydroponic_project/data_collection/crops/lettuce_20260816_200003/P12_224.jpg,29.56,30.5,75.2,6.34,2.6858,1.735,867.5,2.3908,OK,66653,9.84615421295166,1.0158113241195679,0.5411790013313293
CAP_20260816_210003,2026-08-16 21:00:03,P01,/hydroponic_project/data_collection/images/lettuce_20260816_210003.jpg,/hydroponic_project/data_collection/crops/lettuce_20260816_210003/P01.jpg,/hydroponic_project/data_collection/crops/lettuce_20260816_210003/P01_224.jpg,29.44,30.0,74.5,6.22,2.7045,1.741,870.3,2.3896,OK,66653,9.84615421295166,1.0158113241195679,5.419567584991455
CAP_20260816_210003,2026-08-16 21:00:03,P02,/hydroponic_project/data_collection/images/lettuce_20260816_210003.jpg,/hydroponic_project/data_collection/crops/lettuce_20260816_210003/P02.jpg,/hydroponic_project/data_collection/crops/lettuce_20260816_210003/P02_224.jpg,29.44,30.0,74.5,6.22,2.7045,1.741,870.3,2.3896,OK,66653,9.84615421295166,1.0158113241195679,5.419567584991455
CAP_20260816_210003,2026-08-16 21:00:03,P03,/hydroponic_project/data_collection/images/lettuce_20260816_210003.jpg,/hydroponic_project/data_collection/crops/lettuce_20260816_210003/P03.jpg,/hydroponic_project/data_collection/crops/lettuce_20260816_210003/P03_224.jpg,29.44,30.0,74.5,6.22,2.7045,1.741,870.3,2.3896,OK,66653,9.84615421295166,1.0158113241195679,5.419567584991455
CAP_20260816_210003,2026-08-16 21:00:03,P04,/hydroponic_project/data_collection/images/lettuce_20260816_210003.jpg,/hydroponic_project/data_collection/crops/lettuce_20260816_210003/P04.jpg,/hydroponic_project/data_collection/crops/lettuce_20260816_210003/P04_224.jpg,29.44,30.0,74.5,6.22,2.7045,1.741,870.3,2.3896,OK,66653,9.84615421295166,1.0158113241195679,5.419567584991455
CAP_20260816_210003,2026-08-16 21:00:03,P05,/hydroponic_project/data_collection/images/lettuce_20260816_210003.jpg,/hydroponic_project/data_collection/crops/lettuce_20260816_210003/P05.jpg,/hydroponic_project/data_collection/crops/lettuce_20260816_210003/P05_224.jpg,29.44,30.0,74.5,6.22,2.7045,1.741,870.3,2.3896,OK,66653,9.84615421295166,1.0158113241195679,5.419567584991455
CAP_20260816_210003,2026-08-16 21:00:03,P06,/hydroponic_project/data_collection/images/lettuce_20260816_210003.jpg,/hydroponic_project/data_collection/crops/lettuce_20260816_210003/P06.jpg,/hydroponic_project/data_collection/crops/lettuce_20260816_210003/P06_224.jpg,29.44,30.0,74.5,6.22,2.7045,1.741,870.3,2.3896,OK,66653,9.84615421295166,1.0158113241195679,5.419567584991455
CAP_20260816_210003,2026-08-16 21:00:03,P07,/hydroponic_project/data_collection/images/lettuce_20260816_210003.jpg,/hydroponic_project/data_collection/crops/lettuce_20260816_210003/P07.jpg,/hydroponic_project/data_collection/crops/lettuce_20260816_210003/P07_224.jpg,29.44,30.0,74.5,6.22,2.7045,1.741,870.3,2.3896,OK,66653,9.84615421295166,1.0158113241195679,5.419567584991455
CAP_20260816_210003,2026-08-16 21:00:03,P08,/hydroponic_project/data_collection/images/lettuce_20260816_210003.jpg,/hydroponic_project/data_collection/crops/lettuce_20260816_210003/P08.jpg,/hydroponic_project/data_collection/crops/lettuce_20260816_210003/P08_224.jpg,29.44,30.0,74.5,6.22,2.7045,1.741,870.3,2.3896,OK,66653,9.84615421295166,1.0158113241195679,5.419567584991455
CAP_20260816_210003,2026-08-16 21:00:03,P09,/hydroponic_project/data_collection/images/lettuce_20260816_210003.jpg,/hydroponic_project/data_collection/crops/lettuce_20260816_210003/P09.jpg,/hydroponic_project/data_collection/crops/lettuce_20260816_210003/P09_224.jpg,29.44,30.0,74.5,6.22,2.7045,1.741,870.3,2.3896,OK,66653,9.84615421295166,1.0158113241195679,5.419567584991455
CAP_20260816_210003,2026-08-16 21:00:03,P10,/hydroponic_project/data_collection/images/lettuce_20260816_210003.jpg,/hydroponic_project/data_collection/crops/lettuce_20260816_210003/P10.jpg,/hydroponic_project/data_collection/crops/lettuce_20260816_210003/P10_224.jpg,29.44,30.0,74.5,6.22,2.7045,1.741,870.3,2.3896,OK,66653,9.84615421295166,1.0158113241195679,5.419567584991455
CAP_20260816_210003,2026-08-16 21:00:03,P11,/hydroponic_project/data_collection/images/lettuce_20260816_210003.jpg,/hydroponic_project/data_collection/crops/lettuce_20260816_210003/P11.jpg,/hydroponic_project/data_collection/crops/lettuce_20260816_210003/P11_224.jpg,29.44,30.0,74.5,6.22,2.7045,1.741,870.3,2.3896,OK,66653,9.84615421295166,1.0158113241195679,5.419567584991455
CAP_20260816_210003,2026-08-16 21:00:03,P12,/hydroponic_project/data_collection/images/lettuce_20260816_210003.jpg,/hydroponic_project/data_collection/crops/lettuce_20260816_210003/P12.jpg,/hydroponic_project/data_collection/crops/lettuce_20260816_210003/P12_224.jpg,29.44,30.0,74.5,6.22,2.7045,1.741,870.3,2.3896,OK,66653,9.84615421295166,1.0158113241195679,5.419567584991455
CAP_20260816_220004,2026-08-16 22:00:04,P01,/hydroponic_project/data_collection/images/lettuce_20260816_220004.jpg,/hydroponic_project/data_collection/crops/lettuce_20260816_220004/P01.jpg,/hydroponic_project/data_collection/crops/lettuce_20260816_220004/P01_224.jpg,29.31,29.9,77.3,6.3,2.6921,1.746,872.9,2.3881,OK,66653,9.84615421295166,1.0158113241195679,12.648902893066406
CAP_20260816_220004,2026-08-16 22:00:04,P02,/hydroponic_project/data_collection/images/lettuce_20260816_220004.jpg,/hydroponic_project/data_collection/crops/lettuce_20260816_220004/P02.jpg,/hydroponic_project/data_collection/crops/lettuce_20260816_220004/P02_224.jpg,29.31,29.9,77.3,6.3,2.6921,1.746,872.9,2.3881,OK,66653,9.84615421295166,1.0158113241195679,12.648902893066406
CAP_20260816_220004,2026-08-16 22:00:04,P03,/hydroponic_project/data_collection/images/lettuce_20260816_220004.jpg,/hydroponic_project/data_collection/crops/lettuce_20260816_220004/P03.jpg,/hydroponic_project/data_collection/crops/lettuce_20260816_220004/P03_224.jpg,29.31,29.9,77.3,6.3,2.6921,1.746,872.9,2.3881,OK,66653,9.84615421295166,1.0158113241195679,12.648902893066406
CAP_20260816_220004,2026-08-16 22:00:04,P04,/hydroponic_project/data_collection/images/lettuce_20260816_220004.jpg,/hydroponic_project/data_collection/crops/lettuce_20260816_220004/P04.jpg,/hydroponic_project/data_collection/crops/lettuce_20260816_220004/P04_224.jpg,29.31,29.9,77.3,6.3,2.6921,1.746,872.9,2.3881,OK,66653,9.84615421295166,1.0158113241195679,12.648902893066406
CAP_20260816_220004,2026-08-16 22:00:04,P05,/hydroponic_project/data_collection/images/lettuce_20260816_220004.jpg,/hydroponic_project/data_collection/crops/lettuce_20260816_220004/P05.jpg,/hydroponic_project/data_collection/crops/lettuce_20260816_220004/P05_224.jpg,29.31,29.9,77.3,6.3,2.6921,1.746,872.9,2.3881,OK,66653,9.84615421295166,1.0158113241195679,12.648902893066406
CAP_20260816_220004,2026-08-16 22:00:04,P06,/hydroponic_project/data_collection/images/lettuce_20260816_220004.jpg,/hydroponic_project/data_collection/crops/lettuce_20260816_220004/P06.jpg,/hydroponic_project/data_collection/crops/lettuce_20260816_220004/P06_224.jpg,29.31,29.9,77.3,6.3,2.6921,1.746,872.9,2.3881,OK,66653,9.84615421295166,1.0158113241195679,12.648902893066406
CAP_20260816_220004,2026-08-16 22:00:04,P07,/hydroponic_project/data_collection/images/lettuce_20260816_220004.jpg,/hydroponic_project/data_collection/crops/lettuce_20260816_220004/P07.jpg,/hydroponic_project/data_collection/crops/lettuce_20260816_220004/P07_224.jpg,29.31,29.9,77.3,6.3,2.6921,1.746,872.9,2.3881,OK,66653,9.84615421295166,1.0158113241195679,12.648902893066406
CAP_20260816_220004,2026-08-16 22:00:04,P08,/hydroponic_project/data_collection/images/lettuce_20260816_220004.jpg,/hydroponic_project/data_collection/crops/lettuce_20260816_220004/P08.jpg,/hydroponic_project/data_collection/crops/lettuce_20260816_220004/P08_224.jpg,29.31,29.9,77.3,6.3,2.6921,1.746,872.9,2.3881,OK,66653,9.84615421295166,1.0158113241195679,12.648902893066406
CAP_20260816_220004,2026-08-16 22:00:04,P09,/hydroponic_project/data_collection/images/lettuce_20260816_220004.jpg,/hydroponic_project/data_collection/crops/lettuce_20260816_220004/P09.jpg,/hydroponic_project/data_collection/crops/lettuce_20260816_220004/P09_224.jpg,29.31,29.9,77.3,6.3,2.6921,1.746,872.9,2.3881,OK,66653,9.84615421295166,1.0158113241195679,12.648902893066406
CAP_20260816_220004,2026-08-16 22:00:04,P10,/hydroponic_project/data_collection/images/lettuce_20260816_220004.jpg,/hydroponic_project/data_collection/crops/lettuce_20260816_220004/P10.jpg,/hydroponic_project/data_collection/crops/lettuce_20260816_220004/P10_224.jpg,29.31,29.9,77.3,6.3,2.6921,1.746,872.9,2.3881,OK,66653,9.84615421295166,1.0158113241195679,12.648902893066406
CAP_20260816_220004,2026-08-16 22:00:04,P11,/hydroponic_project/data_collection/images/lettuce_20260816_220004.jpg,/hydroponic_project/data_collection/crops/lettuce_20260816_220004/P11.jpg,/hydroponic_project/data_collection/crops/lettuce_20260816_220004/P11_224.jpg,29.31,29.9,77.3,6.3,2.6921,1.746,872.9,2.3881,OK,66653,9.84615421295166,1.0158113241195679,12.648902893066406
CAP_20260816_220004,2026-08-16 22:00:04,P12,/hydroponic_project/data_collection/images/lettuce_20260816_220004.jpg,/hydroponic_project/data_collection/crops/lettuce_20260816_220004/P12.jpg,/hydroponic_project/data_collection/crops/lettuce_20260816_220004/P12_224.jpg,29.31,29.9,77.3,6.3,2.6921,1.746,872.9,2.3881,OK,66653,9.84615421295166,1.0158113241195679,12.648902893066406
CAP_20260816_230004,2026-08-16 23:00:04,P01,/hydroponic_project/data_collection/images/lettuce_20260816_230004.jpg,/hydroponic_project/data_collection/crops/lettuce_20260816_230004/P01.jpg,/hydroponic_project/data_collection/crops/lettuce_20260816_230004/P01_224.jpg,29.25,30.0,77.6,6.27,2.6965,1.749,874.3,2.3875,OK,66653,9.84615421295166,1.0158113241195679,14.442475318908691
CAP_20260816_230004,2026-08-16 23:00:04,P02,/hydroponic_project/data_collection/images/lettuce_20260816_230004.jpg,/hydroponic_project/data_collection/crops/lettuce_20260816_230004/P02.jpg,/hydroponic_project/data_collection/crops/lettuce_20260816_230004/P02_224.jpg,29.25,30.0,77.6,6.27,2.6965,1.749,874.3,2.3875,OK,66653,9.84615421295166,1.0158113241195679,14.442475318908691
CAP_20260816_230004,2026-08-16 23:00:04,P03,/hydroponic_project/data_collection/images/lettuce_20260816_230004.jpg,/hydroponic_project/data_collection/crops/lettuce_20260816_230004/P03.jpg,/hydroponic_project/data_collection/crops/lettuce_20260816_230004/P03_224.jpg,29.25,30.0,77.6,6.27,2.6965,1.749,874.3,2.3875,OK,66653,9.84615421295166,1.0158113241195679,14.442475318908691
CAP_20260816_230004,2026-08-16 23:00:04,P04,/hydroponic_project/data_collection/images/lettuce_20260816_230004.jpg,/hydroponic_project/data_collection/crops/lettuce_20260816_230004/P04.jpg,/hydroponic_project/data_collection/crops/lettuce_20260816_230004/P04_224.jpg,29.25,30.0,77.6,6.27,2.6965,1.749,874.3,2.3875,OK,66653,9.84615421295166,1.0158113241195679,14.442475318908691
CAP_20260816_230004,2026-08-16 23:00:04,P05,/hydroponic_project/data_collection/images/lettuce_20260816_230004.jpg,/hydroponic_project/data_collection/crops/lettuce_20260816_230004/P05.jpg,/hydroponic_project/data_collection/crops/lettuce_20260816_230004/P05_224.jpg,29.25,30.0,77.6,6.27,2.6965,1.749,874.3,2.3875,OK,66653,9.84615421295166,1.0158113241195679,14.442475318908691
CAP_20260816_230004,2026-08-16 23:00:04,P06,/hydroponic_project/data_collection/images/lettuce_20260816_230004.jpg,/hydroponic_project/data_collection/crops/lettuce_20260816_230004/P06.jpg,/hydroponic_project/data_collection/crops/lettuce_20260816_230004/P06_224.jpg,29.25,30.0,77.6,6.27,2.6965,1.749,874.3,2.3875,OK,66653,9.84615421295166,1.0158113241195679,14.442475318908691
CAP_20260816_230004,2026-08-16 23:00:04,P07,/hydroponic_project/data_collection/images/lettuce_20260816_230004.jpg,/hydroponic_project/data_collection/crops/lettuce_20260816_230004/P07.jpg,/hydroponic_project/data_collection/crops/lettuce_20260816_230004/P07_224.jpg,29.25,30.0,77.6,6.27,2.6965,1.749,874.3,2.3875,OK,66653,9.84615421295166,1.0158113241195679,14.442475318908691
CAP_20260816_230004,2026-08-16 23:00:04,P08,/hydroponic_project/data_collection/images/lettuce_20260816_230004.jpg,/hydroponic_project/data_collection/crops/lettuce_20260816_230004/P08.jpg,/hydroponic_project/data_collection/crops/lettuce_20260816_230004/P08_224.jpg,29.25,30.0,77.6,6.27,2.6965,1.749,874.3,2.3875,OK,66653,9.84615421295166,1.0158113241195679,14.442475318908691
CAP_20260816_230004,2026-08-16 23:00:04,P09,/hydroponic_project/data_collection/images/lettuce_20260816_230004.jpg,/hydroponic_project/data_collection/crops/lettuce_20260816_230004/P09.jpg,/hydroponic_project/data_collection/crops/lettuce_20260816_230004/P09_224.jpg,29.25,30.0,77.6,6.27,2.6965,1.749,874.3,2.3875,OK,66653,9.84615421295166,1.0158113241195679,14.442475318908691
CAP_20260816_230004,2026-08-16 23:00:04,P10,/hydroponic_project/data_collection/images/lettuce_20260816_230004.jpg,/hydroponic_project/data_collection/crops/lettuce_20260816_230004/P10.jpg,/hydroponic_project/data_collection/crops/lettuce_20260816_230004/P10_224.jpg,29.25,30.0,77.6,6.27,2.6965,1.749,874.3,2.3875,OK,66653,9.84615421295166,1.0158113241195679,14.442475318908691
CAP_20260816_230004,2026-08-16 23:00:04,P11,/hydroponic_project/data_collection/images/lettuce_20260816_230004.jpg,/hydroponic_project/data_collection/crops/lettuce_20260816_230004/P11.jpg,/hydroponic_project/data_collection/crops/lettuce_20260816_230004/P11_224.jpg,29.25,30.0,77.6,6.27,2.6965,1.749,874.3,2.3875,OK,66653,9.84615421295166,1.0158113241195679,14.442475318908691
CAP_20260816_230004,2026-08-16 23:00:04,P12,/hydroponic_project/data_collection/images/lettuce_20260816_230004.jpg,/hydroponic_project/data_collection/crops/lettuce_20260816_230004/P12.jpg,/hydroponic_project/data_collection/crops/lettuce_20260816_230004/P12_224.jpg,29.25,30.0,77.6,6.27,2.6965,1.749,874.3,2.3875,OK,66653,9.84615421295166,1.0158113241195679,14.442475318908691
CAP_20260817_000004,2026-08-17 00:00:04,P01,/hydroponic_project/data_collection/images/lettuce_20260817_000004.jpg,/hydroponic_project/data_collection/crops/lettuce_20260817_000004/P01.jpg,/hydroponic_project/data_collection/crops/lettuce_20260817_000004/P01_224.jpg,29.25,29.9,78.0,6.28,2.6958,1.748,873.8,2.3868,OK,66653,9.84615421295166,1.0158113241195679,14.685962677001953
CAP_20260817_000004,2026-08-17 00:00:04,P02,/hydroponic_project/data_collection/images/lettuce_20260817_000004.jpg,/hydroponic_project/data_collection/crops/lettuce_20260817_000004/P02.jpg,/hydroponic_project/data_collection/crops/lettuce_20260817_000004/P02_224.jpg,29.25,29.9,78.0,6.28,2.6958,1.748,873.8,2.3868,OK,66653,9.84615421295166,1.0158113241195679,14.685962677001953
CAP_20260817_000004,2026-08-17 00:00:04,P03,/hydroponic_project/data_collection/images/lettuce_20260817_000004.jpg,/hydroponic_project/data_collection/crops/lettuce_20260817_000004/P03.jpg,/hydroponic_project/data_collection/crops/lettuce_20260817_000004/P03_224.jpg,29.25,29.9,78.0,6.28,2.6958,1.748,873.8,2.3868,OK,66653,9.84615421295166,1.0158113241195679,14.685962677001953
CAP_20260817_000004,2026-08-17 00:00:04,P04,/hydroponic_project/data_collection/images/lettuce_20260817_000004.jpg,/hydroponic_project/data_collection/crops/lettuce_20260817_000004/P04.jpg,/hydroponic_project/data_collection/crops/lettuce_20260817_000004/P04_224.jpg,29.25,29.9,78.0,6.28,2.6958,1.748,873.8,2.3868,OK,66653,9.84615421295166,1.0158113241195679,14.685962677001953
CAP_20260817_000004,2026-08-17 00:00:04,P05,/hydroponic_project/data_collection/images/lettuce_20260817_000004.jpg,/hydroponic_project/data_collection/crops/lettuce_20260817_000004/P05.jpg,/hydroponic_project/data_collection/crops/lettuce_20260817_000004/P05_224.jpg,29.25,29.9,78.0,6.28,2.6958,1.748,873.8,2.3868,OK,66653,9.84615421295166,1.0158113241195679,14.685962677001953
CAP_20260817_000004,2026-08-17 00:00:04,P06,/hydroponic_project/data_collection/images/lettuce_20260817_000004.jpg,/hydroponic_project/data_collection/crops/lettuce_20260817_000004/P06.jpg,/hydroponic_project/data_collection/crops/lettuce_20260817_000004/P06_224.jpg,29.25,29.9,78.0,6.28,2.6958,1.748,873.8,2.3868,OK,66653,9.84615421295166,1.0158113241195679,14.685962677001953
CAP_20260817_000004,2026-08-17 00:00:04,P07,/hydroponic_project/data_collection/images/lettuce_20260817_000004.jpg,/hydroponic_project/data_collection/crops/lettuce_20260817_000004/P07.jpg,/hydroponic_project/data_collection/crops/lettuce_20260817_000004/P07_224.jpg,29.25,29.9,78.0,6.28,2.6958,1.748,873.8,2.3868,OK,66653,9.84615421295166,1.0158113241195679,14.685962677001953
CAP_20260817_000004,2026-08-17 00:00:04,P08,/hydroponic_project/data_collection/images/lettuce_20260817_000004.jpg,/hydroponic_project/data_collection/crops/lettuce_20260817_000004/P08.jpg,/hydroponic_project/data_collection/crops/lettuce_20260817_000004/P08_224.jpg,29.25,29.9,78.0,6.28,2.6958,1.748,873.8,2.3868,OK,66653,9.84615421295166,1.0158113241195679,14.685962677001953
CAP_20260817_000004,2026-08-17 00:00:04,P09,/hydroponic_project/data_collection/images/lettuce_20260817_000004.jpg,/hydroponic_project/data_collection/crops/lettuce_20260817_000004/P09.jpg,/hydroponic_project/data_collection/crops/lettuce_20260817_000004/P09_224.jpg,29.25,29.9,78.0,6.28,2.6958,1.748,873.8,2.3868,OK,66653,9.84615421295166,1.0158113241195679,14.685962677001953
CAP_20260817_000004,2026-08-17 00:00:04,P10,/hydroponic_project/data_collection/images/lettuce_20260817_000004.jpg,/hydroponic_project/data_collection/crops/lettuce_20260817_000004/P10.jpg,/hydroponic_project/data_collection/crops/lettuce_20260817_000004/P10_224.jpg,29.25,29.9,78.0,6.28,2.6958,1.748,873.8,2.3868,OK,66653,9.84615421295166,1.0158113241195679,14.685962677001953
CAP_20260817_000004,2026-08-17 00:00:04,P11,/hydroponic_project/data_collection/images/lettuce_20260817_000004.jpg,/hydroponic_project/data_collection/crops/lettuce_20260817_000004/P11.jpg,/hydroponic_project/data_collection/crops/lettuce_20260817_000004/P11_224.jpg,29.25,29.9,78.0,6.28,2.6958,1.748,873.8,2.3868,OK,66653,9.84615421295166,1.0158113241195679,14.685962677001953
CAP_20260817_000004,2026-08-17 00:00:04,P12,/hydroponic_project/data_collection/images/lettuce_20260817_000004.jpg,/hydroponic_project/data_collection/crops/lettuce_20260817_000004/P12.jpg,/hydroponic_project/data_collection/crops/lettuce_20260817_000004/P12_224.jpg,29.25,29.9,78.0,6.28,2.6958,1.748,873.8,2.3868,OK,66653,9.84615421295166,1.0158113241195679,14.685962677001953
CAP_20260817_010003,2026-08-17 01:00:03,P01,/hydroponic_project/data_collection/images/lettuce_20260817_010003.jpg,/hydroponic_project/data_collection/crops/lettuce_20260817_010003/P01.jpg,/hydroponic_project/data_collection/crops/lettuce_20260817_010003/P01_224.jpg,29.19,30.2,77.5,6.31,2.6905,1.751,875.3,2.3863,OK,66653,9.84615421295166,1.0158113241195679,13.925774574279785
CAP_20260817_010003,2026-08-17 01:00:03,P02,/hydroponic_project/data_collection/images/lettuce_20260817_010003.jpg,/hydroponic_project/data_collection/crops/lettuce_20260817_010003/P02.jpg,/hydroponic_project/data_collection/crops/lettuce_20260817_010003/P02_224.jpg,29.19,30.2,77.5,6.31,2.6905,1.751,875.3,2.3863,OK,66653,9.84615421295166,1.0158113241195679,13.925774574279785
CAP_20260817_010003,2026-08-17 01:00:03,P03,/hydroponic_project/data_collection/images/lettuce_20260817_010003.jpg,/hydroponic_project/data_collection/crops/lettuce_20260817_010003/P03.jpg,/hydroponic_project/data_collection/crops/lettuce_20260817_010003/P03_224.jpg,29.19,30.2,77.5,6.31,2.6905,1.751,875.3,2.3863,OK,66653,9.84615421295166,1.0158113241195679,13.925774574279785
CAP_20260817_010003,2026-08-17 01:00:03,P04,/hydroponic_project/data_collection/images/lettuce_20260817_010003.jpg,/hydroponic_project/data_collection/crops/lettuce_20260817_010003/P04.jpg,/hydroponic_project/data_collection/crops/lettuce_20260817_010003/P04_224.jpg,29.19,30.2,77.5,6.31,2.6905,1.751,875.3,2.3863,OK,66653,9.84615421295166,1.0158113241195679,13.925774574279785
CAP_20260817_010003,2026-08-17 01:00:03,P05,/hydroponic_project/data_collection/images/lettuce_20260817_010003.jpg,/hydroponic_project/data_collection/crops/lettuce_20260817_010003/P05.jpg,/hydroponic_project/data_collection/crops/lettuce_20260817_010003/P05_224.jpg,29.19,30.2,77.5,6.31,2.6905,1.751,875.3,2.3863,OK,66653,9.84615421295166,1.0158113241195679,13.925774574279785
CAP_20260817_010003,2026-08-17 01:00:03,P06,/hydroponic_project/data_collection/images/lettuce_20260817_010003.jpg,/hydroponic_project/data_collection/crops/lettuce_20260817_010003/P06.jpg,/hydroponic_project/data_collection/crops/lettuce_20260817_010003/P06_224.jpg,29.19,30.2,77.5,6.31,2.6905,1.751,875.3,2.3863,OK,66653,9.84615421295166,1.0158113241195679,13.925774574279785
CAP_20260817_010003,2026-08-17 01:00:03,P07,/hydroponic_project/data_collection/images/lettuce_20260817_010003.jpg,/hydroponic_project/data_collection/crops/lettuce_20260817_010003/P07.jpg,/hydroponic_project/data_collection/crops/lettuce_20260817_010003/P07_224.jpg,29.19,30.2,77.5,6.31,2.6905,1.751,875.3,2.3863,OK,66653,9.84615421295166,1.0158113241195679,13.925774574279785
CAP_20260817_010003,2026-08-17 01:00:03,P08,/hydroponic_project/data_collection/images/lettuce_20260817_010003.jpg,/hydroponic_project/data_collection/crops/lettuce_20260817_010003/P08.jpg,/hydroponic_project/data_collection/crops/lettuce_20260817_010003/P08_224.jpg,29.19,30.2,77.5,6.31,2.6905,1.751,875.3,2.3863,OK,66653,9.84615421295166,1.0158113241195679,13.925774574279785
CAP_20260817_010003,2026-08-17 01:00:03,P09,/hydroponic_project/data_collection/images/lettuce_20260817_010003.jpg,/hydroponic_project/data_collection/crops/lettuce_20260817_010003/P09.jpg,/hydroponic_project/data_collection/crops/lettuce_20260817_010003/P09_224.jpg,29.19,30.2,77.5,6.31,2.6905,1.751,875.3,2.3863,OK,66653,9.84615421295166,1.0158113241195679,13.925774574279785
CAP_20260817_010003,2026-08-17 01:00:03,P10,/hydroponic_project/data_collection/images/lettuce_20260817_010003.jpg,/hydroponic_project/data_collection/crops/lettuce_20260817_010003/P10.jpg,/hydroponic_project/data_collection/crops/lettuce_20260817_010003/P10_224.jpg,29.19,30.2,77.5,6.31,2.6905,1.751,875.3,2.3863,OK,66653,9.84615421295166,1.0158113241195679,13.925774574279785
CAP_20260817_010003,2026-08-17 01:00:03,P11,/hydroponic_project/data_collection/images/lettuce_20260817_010003.jpg,/hydroponic_project/data_collection/crops/lettuce_20260817_010003/P11.jpg,/hydroponic_project/data_collection/crops/lettuce_20260817_010003/P11_224.jpg,29.19,30.2,77.5,6.31,2.6905,1.751,875.3,2.3863,OK,66653,9.84615421295166,1.0158113241195679,13.925774574279785
CAP_20260817_010003,2026-08-17 01:00:03,P12,/hydroponic_project/data_collection/images/lettuce_20260817_010003.jpg,/hydroponic_project/data_collection/crops/lettuce_20260817_010003/P12.jpg,/hydroponic_project/data_collection/crops/lettuce_20260817_010003/P12_224.jpg,29.19,30.2,77.5,6.31,2.6905,1.751,875.3,2.3863,OK,66653,9.84615421295166,1.0158113241195679,13.925774574279785
CAP_20260817_020004,2026-08-17 02:00:04,P01,/hydroponic_project/data_collection/images/lettuce_20260817_020004.jpg,/hydroponic_project/data_collection/crops/lettuce_20260817_020004/P01.jpg,/hydroponic_project/data_collection/crops/lettuce_20260817_020004/P01_224.jpg,29.19,30.3,77.0,6.26,2.6979,1.75,874.9,2.3858,OK,66653,9.84615421295166,1.0158113241195679,13.826559066772461
CAP_20260817_020004,2026-08-17 02:00:04,P02,/hydroponic_project/data_collection/images/lettuce_20260817_020004.jpg,/hydroponic_project/data_collection/crops/lettuce_20260817_020004/P02.jpg,/hydroponic_project/data_collection/crops/lettuce_20260817_020004/P02_224.jpg,29.19,30.3,77.0,6.26,2.6979,1.75,874.9,2.3858,OK,66653,9.84615421295166,1.0158113241195679,13.826559066772461
CAP_20260817_020004,2026-08-17 02:00:04,P03,/hydroponic_project/data_collection/images/lettuce_20260817_020004.jpg,/hydroponic_project/data_collection/crops/lettuce_20260817_020004/P03.jpg,/hydroponic_project/data_collection/crops/lettuce_20260817_020004/P03_224.jpg,29.19,30.3,77.0,6.26,2.6979,1.75,874.9,2.3858,OK,66653,9.84615421295166,1.0158113241195679,13.826559066772461
CAP_20260817_020004,2026-08-17 02:00:04,P04,/hydroponic_project/data_collection/images/lettuce_20260817_020004.jpg,/hydroponic_project/data_collection/crops/lettuce_20260817_020004/P04.jpg,/hydroponic_project/data_collection/crops/lettuce_20260817_020004/P04_224.jpg,29.19,30.3,77.0,6.26,2.6979,1.75,874.9,2.3858,OK,66653,9.84615421295166,1.0158113241195679,13.826559066772461
CAP_20260817_020004,2026-08-17 02:00:04,P05,/hydroponic_project/data_collection/images/lettuce_20260817_020004.jpg,/hydroponic_project/data_collection/crops/lettuce_20260817_020004/P05.jpg,/hydroponic_project/data_collection/crops/lettuce_20260817_020004/P05_224.jpg,29.19,30.3,77.0,6.26,2.6979,1.75,874.9,2.3858,OK,66653,9.84615421295166,1.0158113241195679,13.826559066772461
CAP_20260817_020004,2026-08-17 02:00:04,P06,/hydroponic_project/data_collection/images/lettuce_20260817_020004.jpg,/hydroponic_project/data_collection/crops/lettuce_20260817_020004/P06.jpg,/hydroponic_project/data_collection/crops/lettuce_20260817_020004/P06_224.jpg,29.19,30.3,77.0,6.26,2.6979,1.75,874.9,2.3858,OK,66653,9.84615421295166,1.0158113241195679,13.826559066772461
CAP_20260817_020004,2026-08-17 02:00:04,P07,/hydroponic_project/data_collection/images/lettuce_20260817_020004.jpg,/hydroponic_project/data_collection/crops/lettuce_20260817_020004/P07.jpg,/hydroponic_project/data_collection/crops/lettuce_20260817_020004/P07_224.jpg,29.19,30.3,77.0,6.26,2.6979,1.75,874.9,2.3858,OK,66653,9.84615421295166,1.0158113241195679,13.826559066772461
CAP_20260817_020004,2026-08-17 02:00:04,P08,/hydroponic_project/data_collection/images/lettuce_20260817_020004.jpg,/hydroponic_project/data_collection/crops/lettuce_20260817_020004/P08.jpg,/hydroponic_project/data_collection/crops/lettuce_20260817_020004/P08_224.jpg,29.19,30.3,77.0,6.26,2.6979,1.75,874.9,2.3858,OK,66653,9.84615421295166,1.0158113241195679,13.826559066772461
CAP_20260817_020004,2026-08-17 02:00:04,P09,/hydroponic_project/data_collection/images/lettuce_20260817_020004.jpg,/hydroponic_project/data_collection/crops/lettuce_20260817_020004/P09.jpg,/hydroponic_project/data_collection/crops/lettuce_20260817_020004/P09_224.jpg,29.19,30.3,77.0,6.26,2.6979,1.75,874.9,2.3858,OK,66653,9.84615421295166,1.0158113241195679,13.826559066772461
CAP_20260817_020004,2026-08-17 02:00:04,P10,/hydroponic_project/data_collection/images/lettuce_20260817_020004.jpg,/hydroponic_project/data_collection/crops/lettuce_20260817_020004/P10.jpg,/hydroponic_project/data_collection/crops/lettuce_20260817_020004/P10_224.jpg,29.19,30.3,77.0,6.26,2.6979,1.75,874.9,2.3858,OK,66653,9.84615421295166,1.0158113241195679,13.826559066772461
CAP_20260817_020004,2026-08-17 02:00:04,P11,/hydroponic_project/data_collection/images/lettuce_20260817_020004.jpg,/hydroponic_project/data_collection/crops/lettuce_20260817_020004/P11.jpg,/hydroponic_project/data_collection/crops/lettuce_20260817_020004/P11_224.jpg,29.19,30.3,77.0,6.26,2.6979,1.75,874.9,2.3858,OK,66653,9.84615421295166,1.0158113241195679,13.826559066772461
CAP_20260817_020004,2026-08-17 02:00:04,P12,/hydroponic_project/data_collection/images/lettuce_20260817_020004.jpg,/hydroponic_project/data_collection/crops/lettuce_20260817_020004/P12.jpg,/hydroponic_project/data_collection/crops/lettuce_20260817_020004/P12_224.jpg,29.19,30.3,77.0,6.26,2.6979,1.75,874.9,2.3858,OK,66653,9.84615421295166,1.0158113241195679,13.826559066772461
CAP_20260817_030003,2026-08-17 03:00:03,P01,/hydroponic_project/data_collection/images/lettuce_20260817_030003.jpg,/hydroponic_project/data_collection/crops/lettuce_20260817_030003/P01.jpg,/hydroponic_project/data_collection/crops/lettuce_20260817_030003/P01_224.jpg,29.12,30.2,76.7,6.3,2.6924,1.752,876.2,2.3849,OK,66653,9.84615421295166,1.0158113241195679,14.019407272338867
CAP_20260817_030003,2026-08-17 03:00:03,P02,/hydroponic_project/data_collection/images/lettuce_20260817_030003.jpg,/hydroponic_project/data_collection/crops/lettuce_20260817_030003/P02.jpg,/hydroponic_project/data_collection/crops/lettuce_20260817_030003/P02_224.jpg,29.12,30.2,76.7,6.3,2.6924,1.752,876.2,2.3849,OK,66653,9.84615421295166,1.0158113241195679,14.019407272338867
CAP_20260817_030003,2026-08-17 03:00:03,P03,/hydroponic_project/data_collection/images/lettuce_20260817_030003.jpg,/hydroponic_project/data_collection/crops/lettuce_20260817_030003/P03.jpg,/hydroponic_project/data_collection/crops/lettuce_20260817_030003/P03_224.jpg,29.12,30.2,76.7,6.3,2.6924,1.752,876.2,2.3849,OK,66653,9.84615421295166,1.0158113241195679,14.019407272338867
CAP_20260817_030003,2026-08-17 03:00:03,P04,/hydroponic_project/data_collection/images/lettuce_20260817_030003.jpg,/hydroponic_project/data_collection/crops/lettuce_20260817_030003/P04.jpg,/hydroponic_project/data_collection/crops/lettuce_20260817_030003/P04_224.jpg,29.12,30.2,76.7,6.3,2.6924,1.752,876.2,2.3849,OK,66653,9.84615421295166,1.0158113241195679,14.019407272338867
CAP_20260817_030003,2026-08-17 03:00:03,P05,/hydroponic_project/data_collection/images/lettuce_20260817_030003.jpg,/hydroponic_project/data_collection/crops/lettuce_20260817_030003/P05.jpg,/hydroponic_project/data_collection/crops/lettuce_20260817_030003/P05_224.jpg,29.12,30.2,76.7,6.3,2.6924,1.752,876.2,2.3849,OK,66653,9.84615421295166,1.0158113241195679,14.019407272338867
CAP_20260817_030003,2026-08-17 03:00:03,P06,/hydroponic_project/data_collection/images/lettuce_20260817_030003.jpg,/hydroponic_project/data_collection/crops/lettuce_20260817_030003/P06.jpg,/hydroponic_project/data_collection/crops/lettuce_20260817_030003/P06_224.jpg,29.12,30.2,76.7,6.3,2.6924,1.752,876.2,2.3849,OK,66653,9.84615421295166,1.0158113241195679,14.019407272338867
CAP_20260817_030003,2026-08-17 03:00:03,P07,/hydroponic_project/data_collection/images/lettuce_20260817_030003.jpg,/hydroponic_project/data_collection/crops/lettuce_20260817_030003/P07.jpg,/hydroponic_project/data_collection/crops/lettuce_20260817_030003/P07_224.jpg,29.12,30.2,76.7,6.3,2.6924,1.752,876.2,2.3849,OK,66653,9.84615421295166,1.0158113241195679,14.019407272338867
CAP_20260817_030003,2026-08-17 03:00:03,P08,/hydroponic_project/data_collection/images/lettuce_20260817_030003.jpg,/hydroponic_project/data_collection/crops/lettuce_20260817_030003/P08.jpg,/hydroponic_project/data_collection/crops/lettuce_20260817_030003/P08_224.jpg,29.12,30.2,76.7,6.3,2.6924,1.752,876.2,2.3849,OK,66653,9.84615421295166,1.0158113241195679,14.019407272338867
CAP_20260817_030003,2026-08-17 03:00:03,P09,/hydroponic_project/data_collection/images/lettuce_20260817_030003.jpg,/hydroponic_project/data_collection/crops/lettuce_20260817_030003/P09.jpg,/hydroponic_project/data_collection/crops/lettuce_20260817_030003/P09_224.jpg,29.12,30.2,76.7,6.3,2.6924,1.752,876.2,2.3849,OK,66653,9.84615421295166,1.0158113241195679,14.019407272338867
CAP_20260817_030003,2026-08-17 03:00:03,P10,/hydroponic_project/data_collection/images/lettuce_20260817_030003.jpg,/hydroponic_project/data_collection/crops/lettuce_20260817_030003/P10.jpg,/hydroponic_project/data_collection/crops/lettuce_20260817_030003/P10_224.jpg,29.12,30.2,76.7,6.3,2.6924,1.752,876.2,2.3849,OK,66653,9.84615421295166,1.0158113241195679,14.019407272338867
CAP_20260817_030003,2026-08-17 03:00:03,P11,/hydroponic_project/data_collection/images/lettuce_20260817_030003.jpg,/hydroponic_project/data_collection/crops/lettuce_20260817_030003/P11.jpg,/hydroponic_project/data_collection/crops/lettuce_20260817_030003/P11_224.jpg,29.12,30.2,76.7,6.3,2.6924,1.752,876.2,2.3849,OK,66653,9.84615421295166,1.0158113241195679,14.019407272338867
CAP_20260817_030003,2026-08-17 03:00:03,P12,/hydroponic_project/data_collection/images/lettuce_20260817_030003.jpg,/hydroponic_project/data_collection/crops/lettuce_20260817_030003/P12.jpg,/hydroponic_project/data_collection/crops/lettuce_20260817_030003/P12_224.jpg,29.12,30.2,76.7,6.3,2.6924,1.752,876.2,2.3849,OK,66653,9.84615421295166,1.0158113241195679,14.019407272338867
CAP_20260817_040003,2026-08-17 04:00:03,P01,/hydroponic_project/data_collection/images/lettuce_20260817_040003.jpg,/hydroponic_project/data_collection/crops/lettuce_20260817_040003/P01.jpg,/hydroponic_project/data_collection/crops/lettuce_20260817_040003/P01_224.jpg,29.06,30.2,77.2,6.28,2.6954,1.754,877.0,2.3834,OK,66653,9.84615421295166,1.0158113241195679,13.775668144226074
CAP_20260817_040003,2026-08-17 04:00:03,P02,/hydroponic_project/data_collection/images/lettuce_20260817_040003.jpg,/hydroponic_project/data_collection/crops/lettuce_20260817_040003/P02.jpg,/hydroponic_project/data_collection/crops/lettuce_20260817_040003/P02_224.jpg,29.06,30.2,77.2,6.28,2.6954,1.754,877.0,2.3834,OK,66653,9.84615421295166,1.0158113241195679,13.775668144226074
CAP_20260817_040003,2026-08-17 04:00:03,P03,/hydroponic_project/data_collection/images/lettuce_20260817_040003.jpg,/hydroponic_project/data_collection/crops/lettuce_20260817_040003/P03.jpg,/hydroponic_project/data_collection/crops/lettuce_20260817_040003/P03_224.jpg,29.06,30.2,77.2,6.28,2.6954,1.754,877.0,2.3834,OK,66653,9.84615421295166,1.0158113241195679,13.775668144226074
CAP_20260817_040003,2026-08-17 04:00:03,P04,/hydroponic_project/data_collection/images/lettuce_20260817_040003.jpg,/hydroponic_project/data_collection/crops/lettuce_20260817_040003/P04.jpg,/hydroponic_project/data_collection/crops/lettuce_20260817_040003/P04_224.jpg,29.06,30.2,77.2,6.28,2.6954,1.754,877.0,2.3834,OK,66653,9.84615421295166,1.0158113241195679,13.775668144226074
CAP_20260817_040003,2026-08-17 04:00:03,P05,/hydroponic_project/data_collection/images/lettuce_20260817_040003.jpg,/hydroponic_project/data_collection/crops/lettuce_20260817_040003/P05.jpg,/hydroponic_project/data_collection/crops/lettuce_20260817_040003/P05_224.jpg,29.06,30.2,77.2,6.28,2.6954,1.754,877.0,2.3834,OK,66653,9.84615421295166,1.0158113241195679,13.775668144226074
CAP_20260817_040003,2026-08-17 04:00:03,P06,/hydroponic_project/data_collection/images/lettuce_20260817_040003.jpg,/hydroponic_project/data_collection/crops/lettuce_20260817_040003/P06.jpg,/hydroponic_project/data_collection/crops/lettuce_20260817_040003/P06_224.jpg,29.06,30.2,77.2,6.28,2.6954,1.754,877.0,2.3834,OK,66653,9.84615421295166,1.0158113241195679,13.775668144226074
CAP_20260817_040003,2026-08-17 04:00:03,P07,/hydroponic_project/data_collection/images/lettuce_20260817_040003.jpg,/hydroponic_project/data_collection/crops/lettuce_20260817_040003/P07.jpg,/hydroponic_project/data_collection/crops/lettuce_20260817_040003/P07_224.jpg,29.06,30.2,77.2,6.28,2.6954,1.754,877.0,2.3834,OK,66653,9.84615421295166,1.0158113241195679,13.775668144226074
CAP_20260817_040003,2026-08-17 04:00:03,P08,/hydroponic_project/data_collection/images/lettuce_20260817_040003.jpg,/hydroponic_project/data_collection/crops/lettuce_20260817_040003/P08.jpg,/hydroponic_project/data_collection/crops/lettuce_20260817_040003/P08_224.jpg,29.06,30.2,77.2,6.28,2.6954,1.754,877.0,2.3834,OK,66653,9.84615421295166,1.0158113241195679,13.775668144226074
CAP_20260817_040003,2026-08-17 04:00:03,P09,/hydroponic_project/data_collection/images/lettuce_20260817_040003.jpg,/hydroponic_project/data_collection/crops/lettuce_20260817_040003/P09.jpg,/hydroponic_project/data_collection/crops/lettuce_20260817_040003/P09_224.jpg,29.06,30.2,77.2,6.28,2.6954,1.754,877.0,2.3834,OK,66653,9.84615421295166,1.0158113241195679,13.775668144226074
CAP_20260817_040003,2026-08-17 04:00:03,P10,/hydroponic_project/data_collection/images/lettuce_20260817_040003.jpg,/hydroponic_project/data_collection/crops/lettuce_20260817_040003/P10.jpg,/hydroponic_project/data_collection/crops/lettuce_20260817_040003/P10_224.jpg,29.06,30.2,77.2,6.28,2.6954,1.754,877.0,2.3834,OK,66653,9.84615421295166,1.0158113241195679,13.775668144226074
CAP_20260817_040003,2026-08-17 04:00:03,P11,/hydroponic_project/data_collection/images/lettuce_20260817_040003.jpg,/hydroponic_project/data_collection/crops/lettuce_20260817_040003/P11.jpg,/hydroponic_project/data_collection/crops/lettuce_20260817_040003/P11_224.jpg,29.06,30.2,77.2,6.28,2.6954,1.754,877.0,2.3834,OK,66653,9.84615421295166,1.0158113241195679,13.775668144226074
CAP_20260817_040003,2026-08-17 04:00:03,P12,/hydroponic_project/data_collection/images/lettuce_20260817_040003.jpg,/hydroponic_project/data_collection/crops/lettuce_20260817_040003/P12.jpg,/hydroponic_project/data_collection/crops/lettuce_20260817_040003/P12_224.jpg,29.06,30.2,77.2,6.28,2.6954,1.754,877.0,2.3834,OK,66653,9.84615421295166,1.0158113241195679,13.775668144226074
CAP_20260817_050003,2026-08-17 05:00:03,P01,/hydroponic_project/data_collection/images/lettuce_20260817_050003.jpg,/hydroponic_project/data_collection/crops/lettuce_20260817_050003/P01.jpg,/hydroponic_project/data_collection/crops/lettuce_20260817_050003/P01_224.jpg,29.0,30.0,77.1,6.35,2.6846,1.756,878.1,2.3823,OK,66653,9.84615421295166,1.0158113241195679,13.679788589477539
CAP_20260817_050003,2026-08-17 05:00:03,P02,/hydroponic_project/data_collection/images/lettuce_20260817_050003.jpg,/hydroponic_project/data_collection/crops/lettuce_20260817_050003/P02.jpg,/hydroponic_project/data_collection/crops/lettuce_20260817_050003/P02_224.jpg,29.0,30.0,77.1,6.35,2.6846,1.756,878.1,2.3823,OK,66653,9.84615421295166,1.0158113241195679,13.679788589477539
CAP_20260817_050003,2026-08-17 05:00:03,P03,/hydroponic_project/data_collection/images/lettuce_20260817_050003.jpg,/hydroponic_project/data_collection/crops/lettuce_20260817_050003/P03.jpg,/hydroponic_project/data_collection/crops/lettuce_20260817_050003/P03_224.jpg,29.0,30.0,77.1,6.35,2.6846,1.756,878.1,2.3823,OK,66653,9.84615421295166,1.0158113241195679,13.679788589477539
CAP_20260817_050003,2026-08-17 05:00:03,P04,/hydroponic_project/data_collection/images/lettuce_20260817_050003.jpg,/hydroponic_project/data_collection/crops/lettuce_20260817_050003/P04.jpg,/hydroponic_project/data_collection/crops/lettuce_20260817_050003/P04_224.jpg,29.0,30.0,77.1,6.35,2.6846,1.756,878.1,2.3823,OK,66653,9.84615421295166,1.0158113241195679,13.679788589477539
CAP_20260817_050003,2026-08-17 05:00:03,P05,/hydroponic_project/data_collection/images/lettuce_20260817_050003.jpg,/hydroponic_project/data_collection/crops/lettuce_20260817_050003/P05.jpg,/hydroponic_project/data_collection/crops/lettuce_20260817_050003/P05_224.jpg,29.0,30.0,77.1,6.35,2.6846,1.756,878.1,2.3823,OK,66653,9.84615421295166,1.0158113241195679,13.679788589477539
CAP_20260817_050003,2026-08-17 05:00:03,P06,/hydroponic_project/data_collection/images/lettuce_20260817_050003.jpg,/hydroponic_project/data_collection/crops/lettuce_20260817_050003/P06.jpg,/hydroponic_project/data_collection/crops/lettuce_20260817_050003/P06_224.jpg,29.0,30.0,77.1,6.35,2.6846,1.756,878.1,2.3823,OK,66653,9.84615421295166,1.0158113241195679,13.679788589477539
CAP_20260817_050003,2026-08-17 05:00:03,P07,/hydroponic_project/data_collection/images/lettuce_20260817_050003.jpg,/hydroponic_project/data_collection/crops/lettuce_20260817_050003/P07.jpg,/hydroponic_project/data_collection/crops/lettuce_20260817_050003/P07_224.jpg,29.0,30.0,77.1,6.35,2.6846,1.756,878.1,2.3823,OK,66653,9.84615421295166,1.0158113241195679,13.679788589477539
CAP_20260817_050003,2026-08-17 05:00:03,P08,/hydroponic_project/data_collection/images/lettuce_20260817_050003.jpg,/hydroponic_project/data_collection/crops/lettuce_20260817_050003/P08.jpg,/hydroponic_project/data_collection/crops/lettuce_20260817_050003/P08_224.jpg,29.0,30.0,77.1,6.35,2.6846,1.756,878.1,2.3823,OK,66653,9.84615421295166,1.0158113241195679,13.679788589477539
CAP_20260817_050003,2026-08-17 05:00:03,P09,/hydroponic_project/data_collection/images/lettuce_20260817_050003.jpg,/hydroponic_project/data_collection/crops/lettuce_20260817_050003/P09.jpg,/hydroponic_project/data_collection/crops/lettuce_20260817_050003/P09_224.jpg,29.0,30.0,77.1,6.35,2.6846,1.756,878.1,2.3823,OK,66653,9.84615421295166,1.0158113241195679,13.679788589477539
CAP_20260817_050003,2026-08-17 05:00:03,P10,/hydroponic_project/data_collection/images/lettuce_20260817_050003.jpg,/hydroponic_project/data_collection/crops/lettuce_20260817_050003/P10.jpg,/hydroponic_project/data_collection/crops/lettuce_20260817_050003/P10_224.jpg,29.0,30.0,77.1,6.35,2.6846,1.756,878.1,2.3823,OK,66653,9.84615421295166,1.0158113241195679,13.679788589477539
CAP_20260817_050003,2026-08-17 05:00:03,P11,/hydroponic_project/data_collection/images/lettuce_20260817_050003.jpg,/hydroponic_project/data_collection/crops/lettuce_20260817_050003/P11.jpg,/hydroponic_project/data_collection/crops/lettuce_20260817_050003/P11_224.jpg,29.0,30.0,77.1,6.35,2.6846,1.756,878.1,2.3823,OK,66653,9.84615421295166,1.0158113241195679,13.679788589477539
CAP_20260817_050003,2026-08-17 05:00:03,P12,/hydroponic_project/data_collection/images/lettuce_20260817_050003.jpg,/hydroponic_project/data_collection/crops/lettuce_20260817_050003/P12.jpg,/hydroponic_project/data_collection/crops/lettuce_20260817_050003/P12_224.jpg,29.0,30.0,77.1,6.35,2.6846,1.756,878.1,2.3823,OK,66653,9.84615421295166,1.0158113241195679,13.679788589477539
CAP_20260817_060004,2026-08-17 06:00:04,P01,/hydroponic_project/data_collection/images/lettuce_20260817_060004.jpg,/hydroponic_project/data_collection/crops/lettuce_20260817_060004/P01.jpg,/hydroponic_project/data_collection/crops/lettuce_20260817_060004/P01_224.jpg,28.94,30.0,78.2,6.34,2.6864,1.758,879.2,2.3813,OK,66653,9.84615421295166,1.0158113241195679,15.030524253845215
CAP_20260817_060004,2026-08-17 06:00:04,P02,/hydroponic_project/data_collection/images/lettuce_20260817_060004.jpg,/hydroponic_project/data_collection/crops/lettuce_20260817_060004/P02.jpg,/hydroponic_project/data_collection/crops/lettuce_20260817_060004/P02_224.jpg,28.94,30.0,78.2,6.34,2.6864,1.758,879.2,2.3813,OK,66653,9.84615421295166,1.0158113241195679,15.030524253845215
CAP_20260817_060004,2026-08-17 06:00:04,P03,/hydroponic_project/data_collection/images/lettuce_20260817_060004.jpg,/hydroponic_project/data_collection/crops/lettuce_20260817_060004/P03.jpg,/hydroponic_project/data_collection/crops/lettuce_20260817_060004/P03_224.jpg,28.94,30.0,78.2,6.34,2.6864,1.758,879.2,2.3813,OK,66653,9.84615421295166,1.0158113241195679,15.030524253845215
CAP_20260817_060004,2026-08-17 06:00:04,P04,/hydroponic_project/data_collection/images/lettuce_20260817_060004.jpg,/hydroponic_project/data_collection/crops/lettuce_20260817_060004/P04.jpg,/hydroponic_project/data_collection/crops/lettuce_20260817_060004/P04_224.jpg,28.94,30.0,78.2,6.34,2.6864,1.758,879.2,2.3813,OK,66653,9.84615421295166,1.0158113241195679,15.030524253845215
CAP_20260817_060004,2026-08-17 06:00:04,P05,/hydroponic_project/data_collection/images/lettuce_20260817_060004.jpg,/hydroponic_project/data_collection/crops/lettuce_20260817_060004/P05.jpg,/hydroponic_project/data_collection/crops/lettuce_20260817_060004/P05_224.jpg,28.94,30.0,78.2,6.34,2.6864,1.758,879.2,2.3813,OK,66653,9.84615421295166,1.0158113241195679,15.030524253845215
CAP_20260817_060004,2026-08-17 06:00:04,P06,/hydroponic_project/data_collection/images/lettuce_20260817_060004.jpg,/hydroponic_project/data_collection/crops/lettuce_20260817_060004/P06.jpg,/hydroponic_project/data_collection/crops/lettuce_20260817_060004/P06_224.jpg,28.94,30.0,78.2,6.34,2.6864,1.758,879.2,2.3813,OK,66653,9.84615421295166,1.0158113241195679,15.030524253845215
CAP_20260817_060004,2026-08-17 06:00:04,P07,/hydroponic_project/data_collection/images/lettuce_20260817_060004.jpg,/hydroponic_project/data_collection/crops/lettuce_20260817_060004/P07.jpg,/hydroponic_project/data_collection/crops/lettuce_20260817_060004/P07_224.jpg,28.94,30.0,78.2,6.34,2.6864,1.758,879.2,2.3813,OK,66653,9.84615421295166,1.0158113241195679,15.030524253845215
CAP_20260817_060004,2026-08-17 06:00:04,P08,/hydroponic_project/data_collection/images/lettuce_20260817_060004.jpg,/hydroponic_project/data_collection/crops/lettuce_20260817_060004/P08.jpg,/hydroponic_project/data_collection/crops/lettuce_20260817_060004/P08_224.jpg,28.94,30.0,78.2,6.34,2.6864,1.758,879.2,2.3813,OK,66653,9.84615421295166,1.0158113241195679,15.030524253845215
CAP_20260817_060004,2026-08-17 06:00:04,P09,/hydroponic_project/data_collection/images/lettuce_20260817_060004.jpg,/hydroponic_project/data_collection/crops/lettuce_20260817_060004/P09.jpg,/hydroponic_project/data_collection/crops/lettuce_20260817_060004/P09_224.jpg,28.94,30.0,78.2,6.34,2.6864,1.758,879.2,2.3813,OK,66653,9.84615421295166,1.0158113241195679,15.030524253845215
CAP_20260817_060004,2026-08-17 06:00:04,P10,/hydroponic_project/data_collection/images/lettuce_20260817_060004.jpg,/hydroponic_project/data_collection/crops/lettuce_20260817_060004/P10.jpg,/hydroponic_project/data_collection/crops/lettuce_20260817_060004/P10_224.jpg,28.94,30.0,78.2,6.34,2.6864,1.758,879.2,2.3813,OK,66653,9.84615421295166,1.0158113241195679,15.030524253845215
CAP_20260817_060004,2026-08-17 06:00:04,P11,/hydroponic_project/data_collection/images/lettuce_20260817_060004.jpg,/hydroponic_project/data_collection/crops/lettuce_20260817_060004/P11.jpg,/hydroponic_project/data_collection/crops/lettuce_20260817_060004/P11_224.jpg,28.94,30.0,78.2,6.34,2.6864,1.758,879.2,2.3813,OK,66653,9.84615421295166,1.0158113241195679,15.030524253845215
CAP_20260817_060004,2026-08-17 06:00:04,P12,/hydroponic_project/data_collection/images/lettuce_20260817_060004.jpg,/hydroponic_project/data_collection/crops/lettuce_20260817_060004/P12.jpg,/hydroponic_project/data_collection/crops/lettuce_20260817_060004/P12_224.jpg,28.94,30.0,78.2,6.34,2.6864,1.758,879.2,2.3813,OK,66653,9.84615421295166,1.0158113241195679,15.030524253845215
CAP_20260817_070004,2026-08-17 07:00:04,P01,/hydroponic_project/data_collection/images/lettuce_20260817_070004.jpg,/hydroponic_project/data_collection/crops/lettuce_20260817_070004/P01.jpg,/hydroponic_project/data_collection/crops/lettuce_20260817_070004/P01_224.jpg,28.94,30.1,78.2,6.29,2.6934,1.758,878.9,2.3808,OK,59999,4.338983058929443,1.0116288661956787,101.51020050048828
CAP_20260817_070004,2026-08-17 07:00:04,P02,/hydroponic_project/data_collection/images/lettuce_20260817_070004.jpg,/hydroponic_project/data_collection/crops/lettuce_20260817_070004/P02.jpg,/hydroponic_project/data_collection/crops/lettuce_20260817_070004/P02_224.jpg,28.94,30.1,78.2,6.29,2.6934,1.758,878.9,2.3808,OK,59999,4.338983058929443,1.0116288661956787,101.51020050048828
CAP_20260817_070004,2026-08-17 07:00:04,P03,/hydroponic_project/data_collection/images/lettuce_20260817_070004.jpg,/hydroponic_project/data_collection/crops/lettuce_20260817_070004/P03.jpg,/hydroponic_project/data_collection/crops/lettuce_20260817_070004/P03_224.jpg,28.94,30.1,78.2,6.29,2.6934,1.758,878.9,2.3808,OK,59999,4.338983058929443,1.0116288661956787,101.51020050048828
CAP_20260817_070004,2026-08-17 07:00:04,P04,/hydroponic_project/data_collection/images/lettuce_20260817_070004.jpg,/hydroponic_project/data_collection/crops/lettuce_20260817_070004/P04.jpg,/hydroponic_project/data_collection/crops/lettuce_20260817_070004/P04_224.jpg,28.94,30.1,78.2,6.29,2.6934,1.758,878.9,2.3808,OK,59999,4.338983058929443,1.0116288661956787,101.51020050048828
CAP_20260817_070004,2026-08-17 07:00:04,P05,/hydroponic_project/data_collection/images/lettuce_20260817_070004.jpg,/hydroponic_project/data_collection/crops/lettuce_20260817_070004/P05.jpg,/hydroponic_project/data_collection/crops/lettuce_20260817_070004/P05_224.jpg,28.94,30.1,78.2,6.29,2.6934,1.758,878.9,2.3808,OK,59999,4.338983058929443,1.0116288661956787,101.51020050048828
CAP_20260817_070004,2026-08-17 07:00:04,P06,/hydroponic_project/data_collection/images/lettuce_20260817_070004.jpg,/hydroponic_project/data_collection/crops/lettuce_20260817_070004/P06.jpg,/hydroponic_project/data_collection/crops/lettuce_20260817_070004/P06_224.jpg,28.94,30.1,78.2,6.29,2.6934,1.758,878.9,2.3808,OK,59999,4.338983058929443,1.0116288661956787,101.51020050048828
CAP_20260817_070004,2026-08-17 07:00:04,P07,/hydroponic_project/data_collection/images/lettuce_20260817_070004.jpg,/hydroponic_project/data_collection/crops/lettuce_20260817_070004/P07.jpg,/hydroponic_project/data_collection/crops/lettuce_20260817_070004/P07_224.jpg,28.94,30.1,78.2,6.29,2.6934,1.758,878.9,2.3808,OK,59999,4.338983058929443,1.0116288661956787,101.51020050048828
CAP_20260817_070004,2026-08-17 07:00:04,P08,/hydroponic_project/data_collection/images/lettuce_20260817_070004.jpg,/hydroponic_project/data_collection/crops/lettuce_20260817_070004/P08.jpg,/hydroponic_project/data_collection/crops/lettuce_20260817_070004/P08_224.jpg,28.94,30.1,78.2,6.29,2.6934,1.758,878.9,2.3808,OK,59999,4.338983058929443,1.0116288661956787,101.51020050048828
CAP_20260817_070004,2026-08-17 07:00:04,P09,/hydroponic_project/data_collection/images/lettuce_20260817_070004.jpg,/hydroponic_project/data_collection/crops/lettuce_20260817_070004/P09.jpg,/hydroponic_project/data_collection/crops/lettuce_20260817_070004/P09_224.jpg,28.94,30.1,78.2,6.29,2.6934,1.758,878.9,2.3808,OK,59999,4.338983058929443,1.0116288661956787,101.51020050048828
CAP_20260817_070004,2026-08-17 07:00:04,P10,/hydroponic_project/data_collection/images/lettuce_20260817_070004.jpg,/hydroponic_project/data_collection/crops/lettuce_20260817_070004/P10.jpg,/hydroponic_project/data_collection/crops/lettuce_20260817_070004/P10_224.jpg,28.94,30.1,78.2,6.29,2.6934,1.758,878.9,2.3808,OK,59999,4.338983058929443,1.0116288661956787,101.51020050048828
CAP_20260817_070004,2026-08-17 07:00:04,P11,/hydroponic_project/data_collection/images/lettuce_20260817_070004.jpg,/hydroponic_project/data_collection/crops/lettuce_20260817_070004/P11.jpg,/hydroponic_project/data_collection/crops/lettuce_20260817_070004/P11_224.jpg,28.94,30.1,78.2,6.29,2.6934,1.758,878.9,2.3808,OK,59999,4.338983058929443,1.0116288661956787,101.51020050048828
CAP_20260817_070004,2026-08-17 07:00:04,P12,/hydroponic_project/data_collection/images/lettuce_20260817_070004.jpg,/hydroponic_project/data_collection/crops/lettuce_20260817_070004/P12.jpg,/hydroponic_project/data_collection/crops/lettuce_20260817_070004/P12_224.jpg,28.94,30.1,78.2,6.29,2.6934,1.758,878.9,2.3808,OK,59999,4.338983058929443,1.0116288661956787,101.51020050048828
CAP_20260817_080003,2026-08-17 08:00:03,P01,/hydroponic_project/data_collection/images/lettuce_20260817_080003.jpg,/hydroponic_project/data_collection/crops/lettuce_20260817_080003/P01.jpg,/hydroponic_project/data_collection/crops/lettuce_20260817_080003/P01_224.jpg,29.0,30.4,72.0,6.38,2.6796,1.755,877.7,2.3818,OK,51209,4.0,1.0003588199615479,134.4456024169922
CAP_20260817_080003,2026-08-17 08:00:03,P02,/hydroponic_project/data_collection/images/lettuce_20260817_080003.jpg,/hydroponic_project/data_collection/crops/lettuce_20260817_080003/P02.jpg,/hydroponic_project/data_collection/crops/lettuce_20260817_080003/P02_224.jpg,29.0,30.4,72.0,6.38,2.6796,1.755,877.7,2.3818,OK,51209,4.0,1.0003588199615479,134.4456024169922
CAP_20260817_080003,2026-08-17 08:00:03,P03,/hydroponic_project/data_collection/images/lettuce_20260817_080003.jpg,/hydroponic_project/data_collection/crops/lettuce_20260817_080003/P03.jpg,/hydroponic_project/data_collection/crops/lettuce_20260817_080003/P03_224.jpg,29.0,30.4,72.0,6.38,2.6796,1.755,877.7,2.3818,OK,51209,4.0,1.0003588199615479,134.4456024169922
CAP_20260817_080003,2026-08-17 08:00:03,P04,/hydroponic_project/data_collection/images/lettuce_20260817_080003.jpg,/hydroponic_project/data_collection/crops/lettuce_20260817_080003/P04.jpg,/hydroponic_project/data_collection/crops/lettuce_20260817_080003/P04_224.jpg,29.0,30.4,72.0,6.38,2.6796,1.755,877.7,2.3818,OK,51209,4.0,1.0003588199615479,134.4456024169922
CAP_20260817_080003,2026-08-17 08:00:03,P05,/hydroponic_project/data_collection/images/lettuce_20260817_080003.jpg,/hydroponic_project/data_collection/crops/lettuce_20260817_080003/P05.jpg,/hydroponic_project/data_collection/crops/lettuce_20260817_080003/P05_224.jpg,29.0,30.4,72.0,6.38,2.6796,1.755,877.7,2.3818,OK,51209,4.0,1.0003588199615479,134.4456024169922
CAP_20260817_080003,2026-08-17 08:00:03,P06,/hydroponic_project/data_collection/images/lettuce_20260817_080003.jpg,/hydroponic_project/data_collection/crops/lettuce_20260817_080003/P06.jpg,/hydroponic_project/data_collection/crops/lettuce_20260817_080003/P06_224.jpg,29.0,30.4,72.0,6.38,2.6796,1.755,877.7,2.3818,OK,51209,4.0,1.0003588199615479,134.4456024169922
CAP_20260817_080003,2026-08-17 08:00:03,P07,/hydroponic_project/data_collection/images/lettuce_20260817_080003.jpg,/hydroponic_project/data_collection/crops/lettuce_20260817_080003/P07.jpg,/hydroponic_project/data_collection/crops/lettuce_20260817_080003/P07_224.jpg,29.0,30.4,72.0,6.38,2.6796,1.755,877.7,2.3818,OK,51209,4.0,1.0003588199615479,134.4456024169922
CAP_20260817_080003,2026-08-17 08:00:03,P08,/hydroponic_project/data_collection/images/lettuce_20260817_080003.jpg,/hydroponic_project/data_collection/crops/lettuce_20260817_080003/P08.jpg,/hydroponic_project/data_collection/crops/lettuce_20260817_080003/P08_224.jpg,29.0,30.4,72.0,6.38,2.6796,1.755,877.7,2.3818,OK,51209,4.0,1.0003588199615479,134.4456024169922
CAP_20260817_080003,2026-08-17 08:00:03,P09,/hydroponic_project/data_collection/images/lettuce_20260817_080003.jpg,/hydroponic_project/data_collection/crops/lettuce_20260817_080003/P09.jpg,/hydroponic_project/data_collection/crops/lettuce_20260817_080003/P09_224.jpg,29.0,30.4,72.0,6.38,2.6796,1.755,877.7,2.3818,OK,51209,4.0,1.0003588199615479,134.4456024169922
CAP_20260817_080003,2026-08-17 08:00:03,P10,/hydroponic_project/data_collection/images/lettuce_20260817_080003.jpg,/hydroponic_project/data_collection/crops/lettuce_20260817_080003/P10.jpg,/hydroponic_project/data_collection/crops/lettuce_20260817_080003/P10_224.jpg,29.0,30.4,72.0,6.38,2.6796,1.755,877.7,2.3818,OK,51209,4.0,1.0003588199615479,134.4456024169922
CAP_20260817_080003,2026-08-17 08:00:03,P11,/hydroponic_project/data_collection/images/lettuce_20260817_080003.jpg,/hydroponic_project/data_collection/crops/lettuce_20260817_080003/P11.jpg,/hydroponic_project/data_collection/crops/lettuce_20260817_080003/P11_224.jpg,29.0,30.4,72.0,6.38,2.6796,1.755,877.7,2.3818,OK,51209,4.0,1.0003588199615479,134.4456024169922
CAP_20260817_080003,2026-08-17 08:00:03,P12,/hydroponic_project/data_collection/images/lettuce_20260817_080003.jpg,/hydroponic_project/data_collection/crops/lettuce_20260817_080003/P12.jpg,/hydroponic_project/data_collection/crops/lettuce_20260817_080003/P12_224.jpg,29.0,30.4,72.0,6.38,2.6796,1.755,877.7,2.3818,OK,51209,4.0,1.0003588199615479,134.4456024169922
CAP_20260817_090003,2026-08-17 09:00:03,P01,/hydroponic_project/data_collection/images/lettuce_20260817_090003.jpg,/hydroponic_project/data_collection/crops/lettuce_20260817_090003/P01.jpg,/hydroponic_project/data_collection/crops/lettuce_20260817_090003/P01_224.jpg,29.19,31.4,70.2,6.31,2.6899,1.748,874.0,2.3843,OK,34895,4.0,1.0004584789276123,196.75216674804688
CAP_20260817_090003,2026-08-17 09:00:03,P02,/hydroponic_project/data_collection/images/lettuce_20260817_090003.jpg,/hydroponic_project/data_collection/crops/lettuce_20260817_090003/P02.jpg,/hydroponic_project/data_collection/crops/lettuce_20260817_090003/P02_224.jpg,29.19,31.4,70.2,6.31,2.6899,1.748,874.0,2.3843,OK,34895,4.0,1.0004584789276123,196.75216674804688
CAP_20260817_090003,2026-08-17 09:00:03,P03,/hydroponic_project/data_collection/images/lettuce_20260817_090003.jpg,/hydroponic_project/data_collection/crops/lettuce_20260817_090003/P03.jpg,/hydroponic_project/data_collection/crops/lettuce_20260817_090003/P03_224.jpg,29.19,31.4,70.2,6.31,2.6899,1.748,874.0,2.3843,OK,34895,4.0,1.0004584789276123,196.75216674804688
CAP_20260817_090003,2026-08-17 09:00:03,P04,/hydroponic_project/data_collection/images/lettuce_20260817_090003.jpg,/hydroponic_project/data_collection/crops/lettuce_20260817_090003/P04.jpg,/hydroponic_project/data_collection/crops/lettuce_20260817_090003/P04_224.jpg,29.19,31.4,70.2,6.31,2.6899,1.748,874.0,2.3843,OK,34895,4.0,1.0004584789276123,196.75216674804688
CAP_20260817_090003,2026-08-17 09:00:03,P05,/hydroponic_project/data_collection/images/lettuce_20260817_090003.jpg,/hydroponic_project/data_collection/crops/lettuce_20260817_090003/P05.jpg,/hydroponic_project/data_collection/crops/lettuce_20260817_090003/P05_224.jpg,29.19,31.4,70.2,6.31,2.6899,1.748,874.0,2.3843,OK,34895,4.0,1.0004584789276123,196.75216674804688
CAP_20260817_090003,2026-08-17 09:00:03,P06,/hydroponic_project/data_collection/images/lettuce_20260817_090003.jpg,/hydroponic_project/data_collection/crops/lettuce_20260817_090003/P06.jpg,/hydroponic_project/data_collection/crops/lettuce_20260817_090003/P06_224.jpg,29.19,31.4,70.2,6.31,2.6899,1.748,874.0,2.3843,OK,34895,4.0,1.0004584789276123,196.75216674804688
CAP_20260817_090003,2026-08-17 09:00:03,P07,/hydroponic_project/data_collection/images/lettuce_20260817_090003.jpg,/hydroponic_project/data_collection/crops/lettuce_20260817_090003/P07.jpg,/hydroponic_project/data_collection/crops/lettuce_20260817_090003/P07_224.jpg,29.19,31.4,70.2,6.31,2.6899,1.748,874.0,2.3843,OK,34895,4.0,1.0004584789276123,196.75216674804688
CAP_20260817_090003,2026-08-17 09:00:03,P08,/hydroponic_project/data_collection/images/lettuce_20260817_090003.jpg,/hydroponic_project/data_collection/crops/lettuce_20260817_090003/P08.jpg,/hydroponic_project/data_collection/crops/lettuce_20260817_090003/P08_224.jpg,29.19,31.4,70.2,6.31,2.6899,1.748,874.0,2.3843,OK,34895,4.0,1.0004584789276123,196.75216674804688
CAP_20260817_090003,2026-08-17 09:00:03,P09,/hydroponic_project/data_collection/images/lettuce_20260817_090003.jpg,/hydroponic_project/data_collection/crops/lettuce_20260817_090003/P09.jpg,/hydroponic_project/data_collection/crops/lettuce_20260817_090003/P09_224.jpg,29.19,31.4,70.2,6.31,2.6899,1.748,874.0,2.3843,OK,34895,4.0,1.0004584789276123,196.75216674804688
CAP_20260817_090003,2026-08-17 09:00:03,P10,/hydroponic_project/data_collection/images/lettuce_20260817_090003.jpg,/hydroponic_project/data_collection/crops/lettuce_20260817_090003/P10.jpg,/hydroponic_project/data_collection/crops/lettuce_20260817_090003/P10_224.jpg,29.19,31.4,70.2,6.31,2.6899,1.748,874.0,2.3843,OK,34895,4.0,1.0004584789276123,196.75216674804688
CAP_20260817_090003,2026-08-17 09:00:03,P11,/hydroponic_project/data_collection/images/lettuce_20260817_090003.jpg,/hydroponic_project/data_collection/crops/lettuce_20260817_090003/P11.jpg,/hydroponic_project/data_collection/crops/lettuce_20260817_090003/P11_224.jpg,29.19,31.4,70.2,6.31,2.6899,1.748,874.0,2.3843,OK,34895,4.0,1.0004584789276123,196.75216674804688
CAP_20260817_090003,2026-08-17 09:00:03,P12,/hydroponic_project/data_collection/images/lettuce_20260817_090003.jpg,/hydroponic_project/data_collection/crops/lettuce_20260817_090003/P12.jpg,/hydroponic_project/data_collection/crops/lettuce_20260817_090003/P12_224.jpg,29.19,31.4,70.2,6.31,2.6899,1.748,874.0,2.3843,OK,34895,4.0,1.0004584789276123,196.75216674804688
CAP_20260817_100003,2026-08-17 10:00:03,P01,/hydroponic_project/data_collection/images/lettuce_20260817_100003.jpg,/hydroponic_project/data_collection/crops/lettuce_20260817_100003/P01.jpg,/hydroponic_project/data_collection/crops/lettuce_20260817_100003/P01_224.jpg,29.5,31.8,70.5,6.39,2.6775,1.734,867.2,2.3875,OK,31493,4.0,1.000063180923462,211.75936889648438
CAP_20260817_100003,2026-08-17 10:00:03,P02,/hydroponic_project/data_collection/images/lettuce_20260817_100003.jpg,/hydroponic_project/data_collection/crops/lettuce_20260817_100003/P02.jpg,/hydroponic_project/data_collection/crops/lettuce_20260817_100003/P02_224.jpg,29.5,31.8,70.5,6.39,2.6775,1.734,867.2,2.3875,OK,31493,4.0,1.000063180923462,211.75936889648438
CAP_20260817_100003,2026-08-17 10:00:03,P03,/hydroponic_project/data_collection/images/lettuce_20260817_100003.jpg,/hydroponic_project/data_collection/crops/lettuce_20260817_100003/P03.jpg,/hydroponic_project/data_collection/crops/lettuce_20260817_100003/P03_224.jpg,29.5,31.8,70.5,6.39,2.6775,1.734,867.2,2.3875,OK,31493,4.0,1.000063180923462,211.75936889648438
CAP_20260817_100003,2026-08-17 10:00:03,P04,/hydroponic_project/data_collection/images/lettuce_20260817_100003.jpg,/hydroponic_project/data_collection/crops/lettuce_20260817_100003/P04.jpg,/hydroponic_project/data_collection/crops/lettuce_20260817_100003/P04_224.jpg,29.5,31.8,70.5,6.39,2.6775,1.734,867.2,2.3875,OK,31493,4.0,1.000063180923462,211.75936889648438
CAP_20260817_100003,2026-08-17 10:00:03,P05,/hydroponic_project/data_collection/images/lettuce_20260817_100003.jpg,/hydroponic_project/data_collection/crops/lettuce_20260817_100003/P05.jpg,/hydroponic_project/data_collection/crops/lettuce_20260817_100003/P05_224.jpg,29.5,31.8,70.5,6.39,2.6775,1.734,867.2,2.3875,OK,31493,4.0,1.000063180923462,211.75936889648438
CAP_20260817_100003,2026-08-17 10:00:03,P06,/hydroponic_project/data_collection/images/lettuce_20260817_100003.jpg,/hydroponic_project/data_collection/crops/lettuce_20260817_100003/P06.jpg,/hydroponic_project/data_collection/crops/lettuce_20260817_100003/P06_224.jpg,29.5,31.8,70.5,6.39,2.6775,1.734,867.2,2.3875,OK,31493,4.0,1.000063180923462,211.75936889648438
CAP_20260817_100003,2026-08-17 10:00:03,P07,/hydroponic_project/data_collection/images/lettuce_20260817_100003.jpg,/hydroponic_project/data_collection/crops/lettuce_20260817_100003/P07.jpg,/hydroponic_project/data_collection/crops/lettuce_20260817_100003/P07_224.jpg,29.5,31.8,70.5,6.39,2.6775,1.734,867.2,2.3875,OK,31493,4.0,1.000063180923462,211.75936889648438
CAP_20260817_100003,2026-08-17 10:00:03,P08,/hydroponic_project/data_collection/images/lettuce_20260817_100003.jpg,/hydroponic_project/data_collection/crops/lettuce_20260817_100003/P08.jpg,/hydroponic_project/data_collection/crops/lettuce_20260817_100003/P08_224.jpg,29.5,31.8,70.5,6.39,2.6775,1.734,867.2,2.3875,OK,31493,4.0,1.000063180923462,211.75936889648438
CAP_20260817_100003,2026-08-17 10:00:03,P09,/hydroponic_project/data_collection/images/lettuce_20260817_100003.jpg,/hydroponic_project/data_collection/crops/lettuce_20260817_100003/P09.jpg,/hydroponic_project/data_collection/crops/lettuce_20260817_100003/P09_224.jpg,29.5,31.8,70.5,6.39,2.6775,1.734,867.2,2.3875,OK,31493,4.0,1.000063180923462,211.75936889648438
CAP_20260817_100003,2026-08-17 10:00:03,P10,/hydroponic_project/data_collection/images/lettuce_20260817_100003.jpg,/hydroponic_project/data_collection/crops/lettuce_20260817_100003/P10.jpg,/hydroponic_project/data_collection/crops/lettuce_20260817_100003/P10_224.jpg,29.5,31.8,70.5,6.39,2.6775,1.734,867.2,2.3875,OK,31493,4.0,1.000063180923462,211.75936889648438
CAP_20260817_100003,2026-08-17 10:00:03,P11,/hydroponic_project/data_collection/images/lettuce_20260817_100003.jpg,/hydroponic_project/data_collection/crops/lettuce_20260817_100003/P11.jpg,/hydroponic_project/data_collection/crops/lettuce_20260817_100003/P11_224.jpg,29.5,31.8,70.5,6.39,2.6775,1.734,867.2,2.3875,OK,31493,4.0,1.000063180923462,211.75936889648438
CAP_20260817_100003,2026-08-17 10:00:03,P12,/hydroponic_project/data_collection/images/lettuce_20260817_100003.jpg,/hydroponic_project/data_collection/crops/lettuce_20260817_100003/P12.jpg,/hydroponic_project/data_collection/crops/lettuce_20260817_100003/P12_224.jpg,29.5,31.8,70.5,6.39,2.6775,1.734,867.2,2.3875,OK,31493,4.0,1.000063180923462,211.75936889648438
CAP_20260817_110003,2026-08-17 11:00:03,P01,/hydroponic_project/data_collection/images/lettuce_20260817_110003.jpg,/hydroponic_project/data_collection/crops/lettuce_20260817_110003/P01.jpg,/hydroponic_project/data_collection/crops/lettuce_20260817_110003/P01_224.jpg,29.81,31.7,71.8,6.36,2.6829,1.72,859.9,2.3898,OK,29999,3.8787879943847656,1.013967752456665,238.82334899902344
CAP_20260817_110003,2026-08-17 11:00:03,P02,/hydroponic_project/data_collection/images/lettuce_20260817_110003.jpg,/hydroponic_project/data_collection/crops/lettuce_20260817_110003/P02.jpg,/hydroponic_project/data_collection/crops/lettuce_20260817_110003/P02_224.jpg,29.81,31.7,71.8,6.36,2.6829,1.72,859.9,2.3898,OK,29999,3.8787879943847656,1.013967752456665,238.82334899902344
CAP_20260817_110003,2026-08-17 11:00:03,P03,/hydroponic_project/data_collection/images/lettuce_20260817_110003.jpg,/hydroponic_project/data_collection/crops/lettuce_20260817_110003/P03.jpg,/hydroponic_project/data_collection/crops/lettuce_20260817_110003/P03_224.jpg,29.81,31.7,71.8,6.36,2.6829,1.72,859.9,2.3898,OK,29999,3.8787879943847656,1.013967752456665,238.82334899902344
CAP_20260817_110003,2026-08-17 11:00:03,P04,/hydroponic_project/data_collection/images/lettuce_20260817_110003.jpg,/hydroponic_project/data_collection/crops/lettuce_20260817_110003/P04.jpg,/hydroponic_project/data_collection/crops/lettuce_20260817_110003/P04_224.jpg,29.81,31.7,71.8,6.36,2.6829,1.72,859.9,2.3898,OK,29999,3.8787879943847656,1.013967752456665,238.82334899902344
CAP_20260817_110003,2026-08-17 11:00:03,P05,/hydroponic_project/data_collection/images/lettuce_20260817_110003.jpg,/hydroponic_project/data_collection/crops/lettuce_20260817_110003/P05.jpg,/hydroponic_project/data_collection/crops/lettuce_20260817_110003/P05_224.jpg,29.81,31.7,71.8,6.36,2.6829,1.72,859.9,2.3898,OK,29999,3.8787879943847656,1.013967752456665,238.82334899902344
CAP_20260817_110003,2026-08-17 11:00:03,P06,/hydroponic_project/data_collection/images/lettuce_20260817_110003.jpg,/hydroponic_project/data_collection/crops/lettuce_20260817_110003/P06.jpg,/hydroponic_project/data_collection/crops/lettuce_20260817_110003/P06_224.jpg,29.81,31.7,71.8,6.36,2.6829,1.72,859.9,2.3898,OK,29999,3.8787879943847656,1.013967752456665,238.82334899902344
CAP_20260817_110003,2026-08-17 11:00:03,P07,/hydroponic_project/data_collection/images/lettuce_20260817_110003.jpg,/hydroponic_project/data_collection/crops/lettuce_20260817_110003/P07.jpg,/hydroponic_project/data_collection/crops/lettuce_20260817_110003/P07_224.jpg,29.81,31.7,71.8,6.36,2.6829,1.72,859.9,2.3898,OK,29999,3.8787879943847656,1.013967752456665,238.82334899902344
CAP_20260817_110003,2026-08-17 11:00:03,P08,/hydroponic_project/data_collection/images/lettuce_20260817_110003.jpg,/hydroponic_project/data_collection/crops/lettuce_20260817_110003/P08.jpg,/hydroponic_project/data_collection/crops/lettuce_20260817_110003/P08_224.jpg,29.81,31.7,71.8,6.36,2.6829,1.72,859.9,2.3898,OK,29999,3.8787879943847656,1.013967752456665,238.82334899902344
CAP_20260817_110003,2026-08-17 11:00:03,P09,/hydroponic_project/data_collection/images/lettuce_20260817_110003.jpg,/hydroponic_project/data_collection/crops/lettuce_20260817_110003/P09.jpg,/hydroponic_project/data_collection/crops/lettuce_20260817_110003/P09_224.jpg,29.81,31.7,71.8,6.36,2.6829,1.72,859.9,2.3898,OK,29999,3.8787879943847656,1.013967752456665,238.82334899902344
CAP_20260817_110003,2026-08-17 11:00:03,P10,/hydroponic_project/data_collection/images/lettuce_20260817_110003.jpg,/hydroponic_project/data_collection/crops/lettuce_20260817_110003/P10.jpg,/hydroponic_project/data_collection/crops/lettuce_20260817_110003/P10_224.jpg,29.81,31.7,71.8,6.36,2.6829,1.72,859.9,2.3898,OK,29999,3.8787879943847656,1.013967752456665,238.82334899902344
CAP_20260817_110003,2026-08-17 11:00:03,P11,/hydroponic_project/data_collection/images/lettuce_20260817_110003.jpg,/hydroponic_project/data_collection/crops/lettuce_20260817_110003/P11.jpg,/hydroponic_project/data_collection/crops/lettuce_20260817_110003/P11_224.jpg,29.81,31.7,71.8,6.36,2.6829,1.72,859.9,2.3898,OK,29999,3.8787879943847656,1.013967752456665,238.82334899902344
CAP_20260817_110003,2026-08-17 11:00:03,P12,/hydroponic_project/data_collection/images/lettuce_20260817_110003.jpg,/hydroponic_project/data_collection/crops/lettuce_20260817_110003/P12.jpg,/hydroponic_project/data_collection/crops/lettuce_20260817_110003/P12_224.jpg,29.81,31.7,71.8,6.36,2.6829,1.72,859.9,2.3898,OK,29999,3.8787879943847656,1.013967752456665,238.82334899902344
CAP_20260817_120003,2026-08-17 12:00:03,P01,/hydroponic_project/data_collection/images/lettuce_20260817_120003.jpg,/hydroponic_project/data_collection/crops/lettuce_20260817_120003/P01.jpg,/hydroponic_project/data_collection/crops/lettuce_20260817_120003/P01_224.jpg,30.06,32.4,67.3,6.46,2.6668,1.71,855.0,2.3929,OK,29999,2.7234041690826416,1.0057899951934814,326.979248046875
CAP_20260817_120003,2026-08-17 12:00:03,P02,/hydroponic_project/data_collection/images/lettuce_20260817_120003.jpg,/hydroponic_project/data_collection/crops/lettuce_20260817_120003/P02.jpg,/hydroponic_project/data_collection/crops/lettuce_20260817_120003/P02_224.jpg,30.06,32.4,67.3,6.46,2.6668,1.71,855.0,2.3929,OK,29999,2.7234041690826416,1.0057899951934814,326.979248046875
CAP_20260817_120003,2026-08-17 12:00:03,P03,/hydroponic_project/data_collection/images/lettuce_20260817_120003.jpg,/hydroponic_project/data_collection/crops/lettuce_20260817_120003/P03.jpg,/hydroponic_project/data_collection/crops/lettuce_20260817_120003/P03_224.jpg,30.06,32.4,67.3,6.46,2.6668,1.71,855.0,2.3929,OK,29999,2.7234041690826416,1.0057899951934814,326.979248046875
CAP_20260817_120003,2026-08-17 12:00:03,P04,/hydroponic_project/data_collection/images/lettuce_20260817_120003.jpg,/hydroponic_project/data_collection/crops/lettuce_20260817_120003/P04.jpg,/hydroponic_project/data_collection/crops/lettuce_20260817_120003/P04_224.jpg,30.06,32.4,67.3,6.46,2.6668,1.71,855.0,2.3929,OK,29999,2.7234041690826416,1.0057899951934814,326.979248046875
CAP_20260817_120003,2026-08-17 12:00:03,P05,/hydroponic_project/data_collection/images/lettuce_20260817_120003.jpg,/hydroponic_project/data_collection/crops/lettuce_20260817_120003/P05.jpg,/hydroponic_project/data_collection/crops/lettuce_20260817_120003/P05_224.jpg,30.06,32.4,67.3,6.46,2.6668,1.71,855.0,2.3929,OK,29999,2.7234041690826416,1.0057899951934814,326.979248046875
CAP_20260817_120003,2026-08-17 12:00:03,P06,/hydroponic_project/data_collection/images/lettuce_20260817_120003.jpg,/hydroponic_project/data_collection/crops/lettuce_20260817_120003/P06.jpg,/hydroponic_project/data_collection/crops/lettuce_20260817_120003/P06_224.jpg,30.06,32.4,67.3,6.46,2.6668,1.71,855.0,2.3929,OK,29999,2.7234041690826416,1.0057899951934814,326.979248046875
CAP_20260817_120003,2026-08-17 12:00:03,P07,/hydroponic_project/data_collection/images/lettuce_20260817_120003.jpg,/hydroponic_project/data_collection/crops/lettuce_20260817_120003/P07.jpg,/hydroponic_project/data_collection/crops/lettuce_20260817_120003/P07_224.jpg,30.06,32.4,67.3,6.46,2.6668,1.71,855.0,2.3929,OK,29999,2.7234041690826416,1.0057899951934814,326.979248046875
CAP_20260817_120003,2026-08-17 12:00:03,P08,/hydroponic_project/data_collection/images/lettuce_20260817_120003.jpg,/hydroponic_project/data_collection/crops/lettuce_20260817_120003/P08.jpg,/hydroponic_project/data_collection/crops/lettuce_20260817_120003/P08_224.jpg,30.06,32.4,67.3,6.46,2.6668,1.71,855.0,2.3929,OK,29999,2.7234041690826416,1.0057899951934814,326.979248046875
CAP_20260817_120003,2026-08-17 12:00:03,P09,/hydroponic_project/data_collection/images/lettuce_20260817_120003.jpg,/hydroponic_project/data_collection/crops/lettuce_20260817_120003/P09.jpg,/hydroponic_project/data_collection/crops/lettuce_20260817_120003/P09_224.jpg,30.06,32.4,67.3,6.46,2.6668,1.71,855.0,2.3929,OK,29999,2.7234041690826416,1.0057899951934814,326.979248046875
CAP_20260817_120003,2026-08-17 12:00:03,P10,/hydroponic_project/data_collection/images/lettuce_20260817_120003.jpg,/hydroponic_project/data_collection/crops/lettuce_20260817_120003/P10.jpg,/hydroponic_project/data_collection/crops/lettuce_20260817_120003/P10_224.jpg,30.06,32.4,67.3,6.46,2.6668,1.71,855.0,2.3929,OK,29999,2.7234041690826416,1.0057899951934814,326.979248046875
CAP_20260817_120003,2026-08-17 12:00:03,P11,/hydroponic_project/data_collection/images/lettuce_20260817_120003.jpg,/hydroponic_project/data_collection/crops/lettuce_20260817_120003/P11.jpg,/hydroponic_project/data_collection/crops/lettuce_20260817_120003/P11_224.jpg,30.06,32.4,67.3,6.46,2.6668,1.71,855.0,2.3929,OK,29999,2.7234041690826416,1.0057899951934814,326.979248046875
CAP_20260817_120003,2026-08-17 12:00:03,P12,/hydroponic_project/data_collection/images/lettuce_20260817_120003.jpg,/hydroponic_project/data_collection/crops/lettuce_20260817_120003/P12.jpg,/hydroponic_project/data_collection/crops/lettuce_20260817_120003/P12_224.jpg,30.06,32.4,67.3,6.46,2.6668,1.71,855.0,2.3929,OK,29999,2.7234041690826416,1.0057899951934814,326.979248046875
CAP_20260817_130003,2026-08-17 13:00:03,P01,/hydroponic_project/data_collection/images/lettuce_20260817_130003.jpg,/hydroponic_project/data_collection/crops/lettuce_20260817_130003/P01.jpg,/hydroponic_project/data_collection/crops/lettuce_20260817_130003/P01_224.jpg,30.25,32.3,67.8,6.47,2.6648,1.7,850.2,2.3933,OK,31531,4.0,1.0002135038375854,216.15855407714844
CAP_20260817_130003,2026-08-17 13:00:03,P02,/hydroponic_project/data_collection/images/lettuce_20260817_130003.jpg,/hydroponic_project/data_collection/crops/lettuce_20260817_130003/P02.jpg,/hydroponic_project/data_collection/crops/lettuce_20260817_130003/P02_224.jpg,30.25,32.3,67.8,6.47,2.6648,1.7,850.2,2.3933,OK,31531,4.0,1.0002135038375854,216.15855407714844
CAP_20260817_130003,2026-08-17 13:00:03,P03,/hydroponic_project/data_collection/images/lettuce_20260817_130003.jpg,/hydroponic_project/data_collection/crops/lettuce_20260817_130003/P03.jpg,/hydroponic_project/data_collection/crops/lettuce_20260817_130003/P03_224.jpg,30.25,32.3,67.8,6.47,2.6648,1.7,850.2,2.3933,OK,31531,4.0,1.0002135038375854,216.15855407714844
CAP_20260817_130003,2026-08-17 13:00:03,P04,/hydroponic_project/data_collection/images/lettuce_20260817_130003.jpg,/hydroponic_project/data_collection/crops/lettuce_20260817_130003/P04.jpg,/hydroponic_project/data_collection/crops/lettuce_20260817_130003/P04_224.jpg,30.25,32.3,67.8,6.47,2.6648,1.7,850.2,2.3933,OK,31531,4.0,1.0002135038375854,216.15855407714844
CAP_20260817_130003,2026-08-17 13:00:03,P05,/hydroponic_project/data_collection/images/lettuce_20260817_130003.jpg,/hydroponic_project/data_collection/crops/lettuce_20260817_130003/P05.jpg,/hydroponic_project/data_collection/crops/lettuce_20260817_130003/P05_224.jpg,30.25,32.3,67.8,6.47,2.6648,1.7,850.2,2.3933,OK,31531,4.0,1.0002135038375854,216.15855407714844
CAP_20260817_130003,2026-08-17 13:00:03,P06,/hydroponic_project/data_collection/images/lettuce_20260817_130003.jpg,/hydroponic_project/data_collection/crops/lettuce_20260817_130003/P06.jpg,/hydroponic_project/data_collection/crops/lettuce_20260817_130003/P06_224.jpg,30.25,32.3,67.8,6.47,2.6648,1.7,850.2,2.3933,OK,31531,4.0,1.0002135038375854,216.15855407714844
CAP_20260817_130003,2026-08-17 13:00:03,P07,/hydroponic_project/data_collection/images/lettuce_20260817_130003.jpg,/hydroponic_project/data_collection/crops/lettuce_20260817_130003/P07.jpg,/hydroponic_project/data_collection/crops/lettuce_20260817_130003/P07_224.jpg,30.25,32.3,67.8,6.47,2.6648,1.7,850.2,2.3933,OK,31531,4.0,1.0002135038375854,216.15855407714844
CAP_20260817_130003,2026-08-17 13:00:03,P08,/hydroponic_project/data_collection/images/lettuce_20260817_130003.jpg,/hydroponic_project/data_collection/crops/lettuce_20260817_130003/P08.jpg,/hydroponic_project/data_collection/crops/lettuce_20260817_130003/P08_224.jpg,30.25,32.3,67.8,6.47,2.6648,1.7,850.2,2.3933,OK,31531,4.0,1.0002135038375854,216.15855407714844
CAP_20260817_130003,2026-08-17 13:00:03,P09,/hydroponic_project/data_collection/images/lettuce_20260817_130003.jpg,/hydroponic_project/data_collection/crops/lettuce_20260817_130003/P09.jpg,/hydroponic_project/data_collection/crops/lettuce_20260817_130003/P09_224.jpg,30.25,32.3,67.8,6.47,2.6648,1.7,850.2,2.3933,OK,31531,4.0,1.0002135038375854,216.15855407714844
CAP_20260817_130003,2026-08-17 13:00:03,P10,/hydroponic_project/data_collection/images/lettuce_20260817_130003.jpg,/hydroponic_project/data_collection/crops/lettuce_20260817_130003/P10.jpg,/hydroponic_project/data_collection/crops/lettuce_20260817_130003/P10_224.jpg,30.25,32.3,67.8,6.47,2.6648,1.7,850.2,2.3933,OK,31531,4.0,1.0002135038375854,216.15855407714844
CAP_20260817_130003,2026-08-17 13:00:03,P11,/hydroponic_project/data_collection/images/lettuce_20260817_130003.jpg,/hydroponic_project/data_collection/crops/lettuce_20260817_130003/P11.jpg,/hydroponic_project/data_collection/crops/lettuce_20260817_130003/P11_224.jpg,30.25,32.3,67.8,6.47,2.6648,1.7,850.2,2.3933,OK,31531,4.0,1.0002135038375854,216.15855407714844
CAP_20260817_130003,2026-08-17 13:00:03,P12,/hydroponic_project/data_collection/images/lettuce_20260817_130003.jpg,/hydroponic_project/data_collection/crops/lettuce_20260817_130003/P12.jpg,/hydroponic_project/data_collection/crops/lettuce_20260817_130003/P12_224.jpg,30.25,32.3,67.8,6.47,2.6648,1.7,850.2,2.3933,OK,31531,4.0,1.0002135038375854,216.15855407714844
CAP_20260817_140003,2026-08-17 14:00:03,P01,/hydroponic_project/data_collection/images/lettuce_20260817_140003.jpg,/hydroponic_project/data_collection/crops/lettuce_20260817_140003/P01.jpg,/hydroponic_project/data_collection/crops/lettuce_20260817_140003/P01_224.jpg,29.5,29.2,77.7,6.41,2.6735,1.729,864.7,2.3836,OK,29999,2.2857143878936768,1.0041471719741821,417.5419006347656
CAP_20260817_140003,2026-08-17 14:00:03,P02,/hydroponic_project/data_collection/images/lettuce_20260817_140003.jpg,/hydroponic_project/data_collection/crops/lettuce_20260817_140003/P02.jpg,/hydroponic_project/data_collection/crops/lettuce_20260817_140003/P02_224.jpg,29.5,29.2,77.7,6.41,2.6735,1.729,864.7,2.3836,OK,29999,2.2857143878936768,1.0041471719741821,417.5419006347656
CAP_20260817_140003,2026-08-17 14:00:03,P03,/hydroponic_project/data_collection/images/lettuce_20260817_140003.jpg,/hydroponic_project/data_collection/crops/lettuce_20260817_140003/P03.jpg,/hydroponic_project/data_collection/crops/lettuce_20260817_140003/P03_224.jpg,29.5,29.2,77.7,6.41,2.6735,1.729,864.7,2.3836,OK,29999,2.2857143878936768,1.0041471719741821,417.5419006347656
CAP_20260817_140003,2026-08-17 14:00:03,P04,/hydroponic_project/data_collection/images/lettuce_20260817_140003.jpg,/hydroponic_project/data_collection/crops/lettuce_20260817_140003/P04.jpg,/hydroponic_project/data_collection/crops/lettuce_20260817_140003/P04_224.jpg,29.5,29.2,77.7,6.41,2.6735,1.729,864.7,2.3836,OK,29999,2.2857143878936768,1.0041471719741821,417.5419006347656
CAP_20260817_140003,2026-08-17 14:00:03,P05,/hydroponic_project/data_collection/images/lettuce_20260817_140003.jpg,/hydroponic_project/data_collection/crops/lettuce_20260817_140003/P05.jpg,/hydroponic_project/data_collection/crops/lettuce_20260817_140003/P05_224.jpg,29.5,29.2,77.7,6.41,2.6735,1.729,864.7,2.3836,OK,29999,2.2857143878936768,1.0041471719741821,417.5419006347656
CAP_20260817_140003,2026-08-17 14:00:03,P06,/hydroponic_project/data_collection/images/lettuce_20260817_140003.jpg,/hydroponic_project/data_collection/crops/lettuce_20260817_140003/P06.jpg,/hydroponic_project/data_collection/crops/lettuce_20260817_140003/P06_224.jpg,29.5,29.2,77.7,6.41,2.6735,1.729,864.7,2.3836,OK,29999,2.2857143878936768,1.0041471719741821,417.5419006347656
CAP_20260817_140003,2026-08-17 14:00:03,P07,/hydroponic_project/data_collection/images/lettuce_20260817_140003.jpg,/hydroponic_project/data_collection/crops/lettuce_20260817_140003/P07.jpg,/hydroponic_project/data_collection/crops/lettuce_20260817_140003/P07_224.jpg,29.5,29.2,77.7,6.41,2.6735,1.729,864.7,2.3836,OK,29999,2.2857143878936768,1.0041471719741821,417.5419006347656
CAP_20260817_140003,2026-08-17 14:00:03,P08,/hydroponic_project/data_collection/images/lettuce_20260817_140003.jpg,/hydroponic_project/data_collection/crops/lettuce_20260817_140003/P08.jpg,/hydroponic_project/data_collection/crops/lettuce_20260817_140003/P08_224.jpg,29.5,29.2,77.7,6.41,2.6735,1.729,864.7,2.3836,OK,29999,2.2857143878936768,1.0041471719741821,417.5419006347656
CAP_20260817_140003,2026-08-17 14:00:03,P09,/hydroponic_project/data_collection/images/lettuce_20260817_140003.jpg,/hydroponic_project/data_collection/crops/lettuce_20260817_140003/P09.jpg,/hydroponic_project/data_collection/crops/lettuce_20260817_140003/P09_224.jpg,29.5,29.2,77.7,6.41,2.6735,1.729,864.7,2.3836,OK,29999,2.2857143878936768,1.0041471719741821,417.5419006347656
CAP_20260817_140003,2026-08-17 14:00:03,P10,/hydroponic_project/data_collection/images/lettuce_20260817_140003.jpg,/hydroponic_project/data_collection/crops/lettuce_20260817_140003/P10.jpg,/hydroponic_project/data_collection/crops/lettuce_20260817_140003/P10_224.jpg,29.5,29.2,77.7,6.41,2.6735,1.729,864.7,2.3836,OK,29999,2.2857143878936768,1.0041471719741821,417.5419006347656
CAP_20260817_140003,2026-08-17 14:00:03,P11,/hydroponic_project/data_collection/images/lettuce_20260817_140003.jpg,/hydroponic_project/data_collection/crops/lettuce_20260817_140003/P11.jpg,/hydroponic_project/data_collection/crops/lettuce_20260817_140003/P11_224.jpg,29.5,29.2,77.7,6.41,2.6735,1.729,864.7,2.3836,OK,29999,2.2857143878936768,1.0041471719741821,417.5419006347656
CAP_20260817_140003,2026-08-17 14:00:03,P12,/hydroponic_project/data_collection/images/lettuce_20260817_140003.jpg,/hydroponic_project/data_collection/crops/lettuce_20260817_140003/P12.jpg,/hydroponic_project/data_collection/crops/lettuce_20260817_140003/P12_224.jpg,29.5,29.2,77.7,6.41,2.6735,1.729,864.7,2.3836,OK,29999,2.2857143878936768,1.0041471719741821,417.5419006347656
CAP_20260817_150003,2026-08-17 15:00:03,P01,/hydroponic_project/data_collection/images/lettuce_20260817_150003.jpg,/hydroponic_project/data_collection/crops/lettuce_20260817_150003/P01.jpg,/hydroponic_project/data_collection/crops/lettuce_20260817_150003/P01_224.jpg,29.12,32.6,69.1,6.34,2.685,1.747,873.5,2.3808,OK,23024,2.0,1.0000643730163574,614.7772827148438
CAP_20260817_150003,2026-08-17 15:00:03,P02,/hydroponic_project/data_collection/images/lettuce_20260817_150003.jpg,/hydroponic_project/data_collection/crops/lettuce_20260817_150003/P02.jpg,/hydroponic_project/data_collection/crops/lettuce_20260817_150003/P02_224.jpg,29.12,32.6,69.1,6.34,2.685,1.747,873.5,2.3808,OK,23024,2.0,1.0000643730163574,614.7772827148438
CAP_20260817_150003,2026-08-17 15:00:03,P03,/hydroponic_project/data_collection/images/lettuce_20260817_150003.jpg,/hydroponic_project/data_collection/crops/lettuce_20260817_150003/P03.jpg,/hydroponic_project/data_collection/crops/lettuce_20260817_150003/P03_224.jpg,29.12,32.6,69.1,6.34,2.685,1.747,873.5,2.3808,OK,23024,2.0,1.0000643730163574,614.7772827148438
CAP_20260817_150003,2026-08-17 15:00:03,P04,/hydroponic_project/data_collection/images/lettuce_20260817_150003.jpg,/hydroponic_project/data_collection/crops/lettuce_20260817_150003/P04.jpg,/hydroponic_project/data_collection/crops/lettuce_20260817_150003/P04_224.jpg,29.12,32.6,69.1,6.34,2.685,1.747,873.5,2.3808,OK,23024,2.0,1.0000643730163574,614.7772827148438
CAP_20260817_150003,2026-08-17 15:00:03,P05,/hydroponic_project/data_collection/images/lettuce_20260817_150003.jpg,/hydroponic_project/data_collection/crops/lettuce_20260817_150003/P05.jpg,/hydroponic_project/data_collection/crops/lettuce_20260817_150003/P05_224.jpg,29.12,32.6,69.1,6.34,2.685,1.747,873.5,2.3808,OK,23024,2.0,1.0000643730163574,614.7772827148438
CAP_20260817_150003,2026-08-17 15:00:03,P06,/hydroponic_project/data_collection/images/lettuce_20260817_150003.jpg,/hydroponic_project/data_collection/crops/lettuce_20260817_150003/P06.jpg,/hydroponic_project/data_collection/crops/lettuce_20260817_150003/P06_224.jpg,29.12,32.6,69.1,6.34,2.685,1.747,873.5,2.3808,OK,23024,2.0,1.0000643730163574,614.7772827148438
CAP_20260817_150003,2026-08-17 15:00:03,P07,/hydroponic_project/data_collection/images/lettuce_20260817_150003.jpg,/hydroponic_project/data_collection/crops/lettuce_20260817_150003/P07.jpg,/hydroponic_project/data_collection/crops/lettuce_20260817_150003/P07_224.jpg,29.12,32.6,69.1,6.34,2.685,1.747,873.5,2.3808,OK,23024,2.0,1.0000643730163574,614.7772827148438
CAP_20260817_150003,2026-08-17 15:00:03,P08,/hydroponic_project/data_collection/images/lettuce_20260817_150003.jpg,/hydroponic_project/data_collection/crops/lettuce_20260817_150003/P08.jpg,/hydroponic_project/data_collection/crops/lettuce_20260817_150003/P08_224.jpg,29.12,32.6,69.1,6.34,2.685,1.747,873.5,2.3808,OK,23024,2.0,1.0000643730163574,614.7772827148438
CAP_20260817_150003,2026-08-17 15:00:03,P09,/hydroponic_project/data_collection/images/lettuce_20260817_150003.jpg,/hydroponic_project/data_collection/crops/lettuce_20260817_150003/P09.jpg,/hydroponic_project/data_collection/crops/lettuce_20260817_150003/P09_224.jpg,29.12,32.6,69.1,6.34,2.685,1.747,873.5,2.3808,OK,23024,2.0,1.0000643730163574,614.7772827148438
CAP_20260817_150003,2026-08-17 15:00:03,P10,/hydroponic_project/data_collection/images/lettuce_20260817_150003.jpg,/hydroponic_project/data_collection/crops/lettuce_20260817_150003/P10.jpg,/hydroponic_project/data_collection/crops/lettuce_20260817_150003/P10_224.jpg,29.12,32.6,69.1,6.34,2.685,1.747,873.5,2.3808,OK,23024,2.0,1.0000643730163574,614.7772827148438
CAP_20260817_150003,2026-08-17 15:00:03,P11,/hydroponic_project/data_collection/images/lettuce_20260817_150003.jpg,/hydroponic_project/data_collection/crops/lettuce_20260817_150003/P11.jpg,/hydroponic_project/data_collection/crops/lettuce_20260817_150003/P11_224.jpg,29.12,32.6,69.1,6.34,2.685,1.747,873.5,2.3808,OK,23024,2.0,1.0000643730163574,614.7772827148438
CAP_20260817_150003,2026-08-17 15:00:03,P12,/hydroponic_project/data_collection/images/lettuce_20260817_150003.jpg,/hydroponic_project/data_collection/crops/lettuce_20260817_150003/P12.jpg,/hydroponic_project/data_collection/crops/lettuce_20260817_150003/P12_224.jpg,29.12,32.6,69.1,6.34,2.685,1.747,873.5,2.3808,OK,23024,2.0,1.0000643730163574,614.7772827148438
CAP_20260817_160004,2026-08-17 16:00:04,P01,/hydroponic_project/data_collection/images/lettuce_20260817_160004.jpg,/hydroponic_project/data_collection/crops/lettuce_20260817_160004/P01.jpg,/hydroponic_project/data_collection/crops/lettuce_20260817_160004/P01_224.jpg,29.19,33.9,67.5,6.44,2.6694,1.746,872.9,2.3826,OK,24045,2.0,1.000364065170288,579.2879028320312
CAP_20260817_160004,2026-08-17 16:00:04,P02,/hydroponic_project/data_collection/images/lettuce_20260817_160004.jpg,/hydroponic_project/data_collection/crops/lettuce_20260817_160004/P02.jpg,/hydroponic_project/data_collection/crops/lettuce_20260817_160004/P02_224.jpg,29.19,33.9,67.5,6.44,2.6694,1.746,872.9,2.3826,OK,24045,2.0,1.000364065170288,579.2879028320312
CAP_20260817_160004,2026-08-17 16:00:04,P03,/hydroponic_project/data_collection/images/lettuce_20260817_160004.jpg,/hydroponic_project/data_collection/crops/lettuce_20260817_160004/P03.jpg,/hydroponic_project/data_collection/crops/lettuce_20260817_160004/P03_224.jpg,29.19,33.9,67.5,6.44,2.6694,1.746,872.9,2.3826,OK,24045,2.0,1.000364065170288,579.2879028320312
CAP_20260817_160004,2026-08-17 16:00:04,P04,/hydroponic_project/data_collection/images/lettuce_20260817_160004.jpg,/hydroponic_project/data_collection/crops/lettuce_20260817_160004/P04.jpg,/hydroponic_project/data_collection/crops/lettuce_20260817_160004/P04_224.jpg,29.19,33.9,67.5,6.44,2.6694,1.746,872.9,2.3826,OK,24045,2.0,1.000364065170288,579.2879028320312
CAP_20260817_160004,2026-08-17 16:00:04,P05,/hydroponic_project/data_collection/images/lettuce_20260817_160004.jpg,/hydroponic_project/data_collection/crops/lettuce_20260817_160004/P05.jpg,/hydroponic_project/data_collection/crops/lettuce_20260817_160004/P05_224.jpg,29.19,33.9,67.5,6.44,2.6694,1.746,872.9,2.3826,OK,24045,2.0,1.000364065170288,579.2879028320312
CAP_20260817_160004,2026-08-17 16:00:04,P06,/hydroponic_project/data_collection/images/lettuce_20260817_160004.jpg,/hydroponic_project/data_collection/crops/lettuce_20260817_160004/P06.jpg,/hydroponic_project/data_collection/crops/lettuce_20260817_160004/P06_224.jpg,29.19,33.9,67.5,6.44,2.6694,1.746,872.9,2.3826,OK,24045,2.0,1.000364065170288,579.2879028320312
CAP_20260817_160004,2026-08-17 16:00:04,P07,/hydroponic_project/data_collection/images/lettuce_20260817_160004.jpg,/hydroponic_project/data_collection/crops/lettuce_20260817_160004/P07.jpg,/hydroponic_project/data_collection/crops/lettuce_20260817_160004/P07_224.jpg,29.19,33.9,67.5,6.44,2.6694,1.746,872.9,2.3826,OK,24045,2.0,1.000364065170288,579.2879028320312
CAP_20260817_160004,2026-08-17 16:00:04,P08,/hydroponic_project/data_collection/images/lettuce_20260817_160004.jpg,/hydroponic_project/data_collection/crops/lettuce_20260817_160004/P08.jpg,/hydroponic_project/data_collection/crops/lettuce_20260817_160004/P08_224.jpg,29.19,33.9,67.5,6.44,2.6694,1.746,872.9,2.3826,OK,24045,2.0,1.000364065170288,579.2879028320312
CAP_20260817_160004,2026-08-17 16:00:04,P09,/hydroponic_project/data_collection/images/lettuce_20260817_160004.jpg,/hydroponic_project/data_collection/crops/lettuce_20260817_160004/P09.jpg,/hydroponic_project/data_collection/crops/lettuce_20260817_160004/P09_224.jpg,29.19,33.9,67.5,6.44,2.6694,1.746,872.9,2.3826,OK,24045,2.0,1.000364065170288,579.2879028320312
CAP_20260817_160004,2026-08-17 16:00:04,P10,/hydroponic_project/data_collection/images/lettuce_20260817_160004.jpg,/hydroponic_project/data_collection/crops/lettuce_20260817_160004/P10.jpg,/hydroponic_project/data_collection/crops/lettuce_20260817_160004/P10_224.jpg,29.19,33.9,67.5,6.44,2.6694,1.746,872.9,2.3826,OK,24045,2.0,1.000364065170288,579.2879028320312
CAP_20260817_160004,2026-08-17 16:00:04,P11,/hydroponic_project/data_collection/images/lettuce_20260817_160004.jpg,/hydroponic_project/data_collection/crops/lettuce_20260817_160004/P11.jpg,/hydroponic_project/data_collection/crops/lettuce_20260817_160004/P11_224.jpg,29.19,33.9,67.5,6.44,2.6694,1.746,872.9,2.3826,OK,24045,2.0,1.000364065170288,579.2879028320312
CAP_20260817_160004,2026-08-17 16:00:04,P12,/hydroponic_project/data_collection/images/lettuce_20260817_160004.jpg,/hydroponic_project/data_collection/crops/lettuce_20260817_160004/P12.jpg,/hydroponic_project/data_collection/crops/lettuce_20260817_160004/P12_224.jpg,29.19,33.9,67.5,6.44,2.6694,1.746,872.9,2.3826,OK,24045,2.0,1.000364065170288,579.2879028320312
CAP_20260817_170004,2026-08-17 17:00:04,P01,/hydroponic_project/data_collection/images/lettuce_20260817_170004.jpg,/hydroponic_project/data_collection/crops/lettuce_20260817_170004/P01.jpg,/hydroponic_project/data_collection/crops/lettuce_20260817_170004/P01_224.jpg,29.31,34.0,65.2,6.46,2.6656,1.74,870.0,2.3836,OK,29999,3.0117647647857666,1.0005030632019043,292.061767578125
CAP_20260817_170004,2026-08-17 17:00:04,P02,/hydroponic_project/data_collection/images/lettuce_20260817_170004.jpg,/hydroponic_project/data_collection/crops/lettuce_20260817_170004/P02.jpg,/hydroponic_project/data_collection/crops/lettuce_20260817_170004/P02_224.jpg,29.31,34.0,65.2,6.46,2.6656,1.74,870.0,2.3836,OK,29999,3.0117647647857666,1.0005030632019043,292.061767578125
CAP_20260817_170004,2026-08-17 17:00:04,P03,/hydroponic_project/data_collection/images/lettuce_20260817_170004.jpg,/hydroponic_project/data_collection/crops/lettuce_20260817_170004/P03.jpg,/hydroponic_project/data_collection/crops/lettuce_20260817_170004/P03_224.jpg,29.31,34.0,65.2,6.46,2.6656,1.74,870.0,2.3836,OK,29999,3.0117647647857666,1.0005030632019043,292.061767578125
CAP_20260817_170004,2026-08-17 17:00:04,P04,/hydroponic_project/data_collection/images/lettuce_20260817_170004.jpg,/hydroponic_project/data_collection/crops/lettuce_20260817_170004/P04.jpg,/hydroponic_project/data_collection/crops/lettuce_20260817_170004/P04_224.jpg,29.31,34.0,65.2,6.46,2.6656,1.74,870.0,2.3836,OK,29999,3.0117647647857666,1.0005030632019043,292.061767578125
CAP_20260817_170004,2026-08-17 17:00:04,P05,/hydroponic_project/data_collection/images/lettuce_20260817_170004.jpg,/hydroponic_project/data_collection/crops/lettuce_20260817_170004/P05.jpg,/hydroponic_project/data_collection/crops/lettuce_20260817_170004/P05_224.jpg,29.31,34.0,65.2,6.46,2.6656,1.74,870.0,2.3836,OK,29999,3.0117647647857666,1.0005030632019043,292.061767578125
CAP_20260817_170004,2026-08-17 17:00:04,P06,/hydroponic_project/data_collection/images/lettuce_20260817_170004.jpg,/hydroponic_project/data_collection/crops/lettuce_20260817_170004/P06.jpg,/hydroponic_project/data_collection/crops/lettuce_20260817_170004/P06_224.jpg,29.31,34.0,65.2,6.46,2.6656,1.74,870.0,2.3836,OK,29999,3.0117647647857666,1.0005030632019043,292.061767578125
CAP_20260817_170004,2026-08-17 17:00:04,P07,/hydroponic_project/data_collection/images/lettuce_20260817_170004.jpg,/hydroponic_project/data_collection/crops/lettuce_20260817_170004/P07.jpg,/hydroponic_project/data_collection/crops/lettuce_20260817_170004/P07_224.jpg,29.31,34.0,65.2,6.46,2.6656,1.74,870.0,2.3836,OK,29999,3.0117647647857666,1.0005030632019043,292.061767578125
CAP_20260817_170004,2026-08-17 17:00:04,P08,/hydroponic_project/data_collection/images/lettuce_20260817_170004.jpg,/hydroponic_project/data_collection/crops/lettuce_20260817_170004/P08.jpg,/hydroponic_project/data_collection/crops/lettuce_20260817_170004/P08_224.jpg,29.31,34.0,65.2,6.46,2.6656,1.74,870.0,2.3836,OK,29999,3.0117647647857666,1.0005030632019043,292.061767578125
CAP_20260817_170004,2026-08-17 17:00:04,P09,/hydroponic_project/data_collection/images/lettuce_20260817_170004.jpg,/hydroponic_project/data_collection/crops/lettuce_20260817_170004/P09.jpg,/hydroponic_project/data_collection/crops/lettuce_20260817_170004/P09_224.jpg,29.31,34.0,65.2,6.46,2.6656,1.74,870.0,2.3836,OK,29999,3.0117647647857666,1.0005030632019043,292.061767578125
CAP_20260817_170004,2026-08-17 17:00:04,P10,/hydroponic_project/data_collection/images/lettuce_20260817_170004.jpg,/hydroponic_project/data_collection/crops/lettuce_20260817_170004/P10.jpg,/hydroponic_project/data_collection/crops/lettuce_20260817_170004/P10_224.jpg,29.31,34.0,65.2,6.46,2.6656,1.74,870.0,2.3836,OK,29999,3.0117647647857666,1.0005030632019043,292.061767578125
CAP_20260817_170004,2026-08-17 17:00:04,P11,/hydroponic_project/data_collection/images/lettuce_20260817_170004.jpg,/hydroponic_project/data_collection/crops/lettuce_20260817_170004/P11.jpg,/hydroponic_project/data_collection/crops/lettuce_20260817_170004/P11_224.jpg,29.31,34.0,65.2,6.46,2.6656,1.74,870.0,2.3836,OK,29999,3.0117647647857666,1.0005030632019043,292.061767578125
CAP_20260817_170004,2026-08-17 17:00:04,P12,/hydroponic_project/data_collection/images/lettuce_20260817_170004.jpg,/hydroponic_project/data_collection/crops/lettuce_20260817_170004/P12.jpg,/hydroponic_project/data_collection/crops/lettuce_20260817_170004/P12_224.jpg,29.31,34.0,65.2,6.46,2.6656,1.74,870.0,2.3836,OK,29999,3.0117647647857666,1.0005030632019043,292.061767578125
CAP_20260817_180003,2026-08-17 18:00:03,P01,/hydroponic_project/data_collection/images/lettuce_20260817_180003.jpg,/hydroponic_project/data_collection/crops/lettuce_20260817_180003/P01.jpg,/hydroponic_project/data_collection/crops/lettuce_20260817_180003/P01_224.jpg,29.19,33.6,67.5,6.45,2.6676,1.745,872.5,2.382,OK,29999,3.7647058963775635,1.0015586614608765,229.403076171875
CAP_20260817_180003,2026-08-17 18:00:03,P02,/hydroponic_project/data_collection/images/lettuce_20260817_180003.jpg,/hydroponic_project/data_collection/crops/lettuce_20260817_180003/P02.jpg,/hydroponic_project/data_collection/crops/lettuce_20260817_180003/P02_224.jpg,29.19,33.6,67.5,6.45,2.6676,1.745,872.5,2.382,OK,29999,3.7647058963775635,1.0015586614608765,229.403076171875
CAP_20260817_180003,2026-08-17 18:00:03,P03,/hydroponic_project/data_collection/images/lettuce_20260817_180003.jpg,/hydroponic_project/data_collection/crops/lettuce_20260817_180003/P03.jpg,/hydroponic_project/data_collection/crops/lettuce_20260817_180003/P03_224.jpg,29.19,33.6,67.5,6.45,2.6676,1.745,872.5,2.382,OK,29999,3.7647058963775635,1.0015586614608765,229.403076171875
CAP_20260817_180003,2026-08-17 18:00:03,P04,/hydroponic_project/data_collection/images/lettuce_20260817_180003.jpg,/hydroponic_project/data_collection/crops/lettuce_20260817_180003/P04.jpg,/hydroponic_project/data_collection/crops/lettuce_20260817_180003/P04_224.jpg,29.19,33.6,67.5,6.45,2.6676,1.745,872.5,2.382,OK,29999,3.7647058963775635,1.0015586614608765,229.403076171875
CAP_20260817_180003,2026-08-17 18:00:03,P05,/hydroponic_project/data_collection/images/lettuce_20260817_180003.jpg,/hydroponic_project/data_collection/crops/lettuce_20260817_180003/P05.jpg,/hydroponic_project/data_collection/crops/lettuce_20260817_180003/P05_224.jpg,29.19,33.6,67.5,6.45,2.6676,1.745,872.5,2.382,OK,29999,3.7647058963775635,1.0015586614608765,229.403076171875
CAP_20260817_180003,2026-08-17 18:00:03,P06,/hydroponic_project/data_collection/images/lettuce_20260817_180003.jpg,/hydroponic_project/data_collection/crops/lettuce_20260817_180003/P06.jpg,/hydroponic_project/data_collection/crops/lettuce_20260817_180003/P06_224.jpg,29.19,33.6,67.5,6.45,2.6676,1.745,872.5,2.382,OK,29999,3.7647058963775635,1.0015586614608765,229.403076171875
CAP_20260817_180003,2026-08-17 18:00:03,P07,/hydroponic_project/data_collection/images/lettuce_20260817_180003.jpg,/hydroponic_project/data_collection/crops/lettuce_20260817_180003/P07.jpg,/hydroponic_project/data_collection/crops/lettuce_20260817_180003/P07_224.jpg,29.19,33.6,67.5,6.45,2.6676,1.745,872.5,2.382,OK,29999,3.7647058963775635,1.0015586614608765,229.403076171875
CAP_20260817_180003,2026-08-17 18:00:03,P08,/hydroponic_project/data_collection/images/lettuce_20260817_180003.jpg,/hydroponic_project/data_collection/crops/lettuce_20260817_180003/P08.jpg,/hydroponic_project/data_collection/crops/lettuce_20260817_180003/P08_224.jpg,29.19,33.6,67.5,6.45,2.6676,1.745,872.5,2.382,OK,29999,3.7647058963775635,1.0015586614608765,229.403076171875
CAP_20260817_180003,2026-08-17 18:00:03,P09,/hydroponic_project/data_collection/images/lettuce_20260817_180003.jpg,/hydroponic_project/data_collection/crops/lettuce_20260817_180003/P09.jpg,/hydroponic_project/data_collection/crops/lettuce_20260817_180003/P09_224.jpg,29.19,33.6,67.5,6.45,2.6676,1.745,872.5,2.382,OK,29999,3.7647058963775635,1.0015586614608765,229.403076171875
CAP_20260817_180003,2026-08-17 18:00:03,P10,/hydroponic_project/data_collection/images/lettuce_20260817_180003.jpg,/hydroponic_project/data_collection/crops/lettuce_20260817_180003/P10.jpg,/hydroponic_project/data_collection/crops/lettuce_20260817_180003/P10_224.jpg,29.19,33.6,67.5,6.45,2.6676,1.745,872.5,2.382,OK,29999,3.7647058963775635,1.0015586614608765,229.403076171875
CAP_20260817_180003,2026-08-17 18:00:03,P11,/hydroponic_project/data_collection/images/lettuce_20260817_180003.jpg,/hydroponic_project/data_collection/crops/lettuce_20260817_180003/P11.jpg,/hydroponic_project/data_collection/crops/lettuce_20260817_180003/P11_224.jpg,29.19,33.6,67.5,6.45,2.6676,1.745,872.5,2.382,OK,29999,3.7647058963775635,1.0015586614608765,229.403076171875
CAP_20260817_180003,2026-08-17 18:00:03,P12,/hydroponic_project/data_collection/images/lettuce_20260817_180003.jpg,/hydroponic_project/data_collection/crops/lettuce_20260817_180003/P12.jpg,/hydroponic_project/data_collection/crops/lettuce_20260817_180003/P12_224.jpg,29.19,33.6,67.5,6.45,2.6676,1.745,872.5,2.382,OK,29999,3.7647058963775635,1.0015586614608765,229.403076171875
CAP_20260817_190003,2026-08-17 19:00:03,P01,/hydroponic_project/data_collection/images/lettuce_20260817_190003.jpg,/hydroponic_project/data_collection/crops/lettuce_20260817_190003/P01.jpg,/hydroponic_project/data_collection/crops/lettuce_20260817_190003/P01_224.jpg,29.06,33.4,66.5,6.37,2.68,1.748,874.1,2.379,OK,30113,4.0,1.0004957914352417,267.40765380859375
CAP_20260817_190003,2026-08-17 19:00:03,P02,/hydroponic_project/data_collection/images/lettuce_20260817_190003.jpg,/hydroponic_project/data_collection/crops/lettuce_20260817_190003/P02.jpg,/hydroponic_project/data_collection/crops/lettuce_20260817_190003/P02_224.jpg,29.06,33.4,66.5,6.37,2.68,1.748,874.1,2.379,OK,30113,4.0,1.0004957914352417,267.40765380859375
CAP_20260817_190003,2026-08-17 19:00:03,P03,/hydroponic_project/data_collection/images/lettuce_20260817_190003.jpg,/hydroponic_project/data_collection/crops/lettuce_20260817_190003/P03.jpg,/hydroponic_project/data_collection/crops/lettuce_20260817_190003/P03_224.jpg,29.06,33.4,66.5,6.37,2.68,1.748,874.1,2.379,OK,30113,4.0,1.0004957914352417,267.40765380859375
CAP_20260817_190003,2026-08-17 19:00:03,P04,/hydroponic_project/data_collection/images/lettuce_20260817_190003.jpg,/hydroponic_project/data_collection/crops/lettuce_20260817_190003/P04.jpg,/hydroponic_project/data_collection/crops/lettuce_20260817_190003/P04_224.jpg,29.06,33.4,66.5,6.37,2.68,1.748,874.1,2.379,OK,30113,4.0,1.0004957914352417,267.40765380859375
CAP_20260817_190003,2026-08-17 19:00:03,P05,/hydroponic_project/data_collection/images/lettuce_20260817_190003.jpg,/hydroponic_project/data_collection/crops/lettuce_20260817_190003/P05.jpg,/hydroponic_project/data_collection/crops/lettuce_20260817_190003/P05_224.jpg,29.06,33.4,66.5,6.37,2.68,1.748,874.1,2.379,OK,30113,4.0,1.0004957914352417,267.40765380859375
CAP_20260817_190003,2026-08-17 19:00:03,P06,/hydroponic_project/data_collection/images/lettuce_20260817_190003.jpg,/hydroponic_project/data_collection/crops/lettuce_20260817_190003/P06.jpg,/hydroponic_project/data_collection/crops/lettuce_20260817_190003/P06_224.jpg,29.06,33.4,66.5,6.37,2.68,1.748,874.1,2.379,OK,30113,4.0,1.0004957914352417,267.40765380859375
CAP_20260817_190003,2026-08-17 19:00:03,P07,/hydroponic_project/data_collection/images/lettuce_20260817_190003.jpg,/hydroponic_project/data_collection/crops/lettuce_20260817_190003/P07.jpg,/hydroponic_project/data_collection/crops/lettuce_20260817_190003/P07_224.jpg,29.06,33.4,66.5,6.37,2.68,1.748,874.1,2.379,OK,30113,4.0,1.0004957914352417,267.40765380859375
CAP_20260817_190003,2026-08-17 19:00:03,P08,/hydroponic_project/data_collection/images/lettuce_20260817_190003.jpg,/hydroponic_project/data_collection/crops/lettuce_20260817_190003/P08.jpg,/hydroponic_project/data_collection/crops/lettuce_20260817_190003/P08_224.jpg,29.06,33.4,66.5,6.37,2.68,1.748,874.1,2.379,OK,30113,4.0,1.0004957914352417,267.40765380859375
CAP_20260817_190003,2026-08-17 19:00:03,P09,/hydroponic_project/data_collection/images/lettuce_20260817_190003.jpg,/hydroponic_project/data_collection/crops/lettuce_20260817_190003/P09.jpg,/hydroponic_project/data_collection/crops/lettuce_20260817_190003/P09_224.jpg,29.06,33.4,66.5,6.37,2.68,1.748,874.1,2.379,OK,30113,4.0,1.0004957914352417,267.40765380859375
CAP_20260817_190003,2026-08-17 19:00:03,P10,/hydroponic_project/data_collection/images/lettuce_20260817_190003.jpg,/hydroponic_project/data_collection/crops/lettuce_20260817_190003/P10.jpg,/hydroponic_project/data_collection/crops/lettuce_20260817_190003/P10_224.jpg,29.06,33.4,66.5,6.37,2.68,1.748,874.1,2.379,OK,30113,4.0,1.0004957914352417,267.40765380859375
CAP_20260817_190003,2026-08-17 19:00:03,P11,/hydroponic_project/data_collection/images/lettuce_20260817_190003.jpg,/hydroponic_project/data_collection/crops/lettuce_20260817_190003/P11.jpg,/hydroponic_project/data_collection/crops/lettuce_20260817_190003/P11_224.jpg,29.06,33.4,66.5,6.37,2.68,1.748,874.1,2.379,OK,30113,4.0,1.0004957914352417,267.40765380859375
CAP_20260817_190003,2026-08-17 19:00:03,P12,/hydroponic_project/data_collection/images/lettuce_20260817_190003.jpg,/hydroponic_project/data_collection/crops/lettuce_20260817_190003/P12.jpg,/hydroponic_project/data_collection/crops/lettuce_20260817_190003/P12_224.jpg,29.06,33.4,66.5,6.37,2.68,1.748,874.1,2.379,OK,30113,4.0,1.0004957914352417,267.40765380859375
CAP_20260817_200003,2026-08-17 20:00:03,P01,/hydroponic_project/data_collection/images/lettuce_20260817_200003.jpg,/hydroponic_project/data_collection/crops/lettuce_20260817_200003/P01.jpg,/hydroponic_project/data_collection/crops/lettuce_20260817_200003/P01_224.jpg,28.81,31.2,70.2,6.45,2.6683,1.757,878.6,2.3749,OK,66653,9.84615421295166,1.0158113241195679,15.122081756591797
CAP_20260817_200003,2026-08-17 20:00:03,P02,/hydroponic_project/data_collection/images/lettuce_20260817_200003.jpg,/hydroponic_project/data_collection/crops/lettuce_20260817_200003/P02.jpg,/hydroponic_project/data_collection/crops/lettuce_20260817_200003/P02_224.jpg,28.81,31.2,70.2,6.45,2.6683,1.757,878.6,2.3749,OK,66653,9.84615421295166,1.0158113241195679,15.122081756591797
CAP_20260817_200003,2026-08-17 20:00:03,P03,/hydroponic_project/data_collection/images/lettuce_20260817_200003.jpg,/hydroponic_project/data_collection/crops/lettuce_20260817_200003/P03.jpg,/hydroponic_project/data_collection/crops/lettuce_20260817_200003/P03_224.jpg,28.81,31.2,70.2,6.45,2.6683,1.757,878.6,2.3749,OK,66653,9.84615421295166,1.0158113241195679,15.122081756591797
CAP_20260817_200003,2026-08-17 20:00:03,P04,/hydroponic_project/data_collection/images/lettuce_20260817_200003.jpg,/hydroponic_project/data_collection/crops/lettuce_20260817_200003/P04.jpg,/hydroponic_project/data_collection/crops/lettuce_20260817_200003/P04_224.jpg,28.81,31.2,70.2,6.45,2.6683,1.757,878.6,2.3749,OK,66653,9.84615421295166,1.0158113241195679,15.122081756591797
CAP_20260817_200003,2026-08-17 20:00:03,P05,/hydroponic_project/data_collection/images/lettuce_20260817_200003.jpg,/hydroponic_project/data_collection/crops/lettuce_20260817_200003/P05.jpg,/hydroponic_project/data_collection/crops/lettuce_20260817_200003/P05_224.jpg,28.81,31.2,70.2,6.45,2.6683,1.757,878.6,2.3749,OK,66653,9.84615421295166,1.0158113241195679,15.122081756591797
CAP_20260817_200003,2026-08-17 20:00:03,P06,/hydroponic_project/data_collection/images/lettuce_20260817_200003.jpg,/hydroponic_project/data_collection/crops/lettuce_20260817_200003/P06.jpg,/hydroponic_project/data_collection/crops/lettuce_20260817_200003/P06_224.jpg,28.81,31.2,70.2,6.45,2.6683,1.757,878.6,2.3749,OK,66653,9.84615421295166,1.0158113241195679,15.122081756591797
CAP_20260817_200003,2026-08-17 20:00:03,P07,/hydroponic_project/data_collection/images/lettuce_20260817_200003.jpg,/hydroponic_project/data_collection/crops/lettuce_20260817_200003/P07.jpg,/hydroponic_project/data_collection/crops/lettuce_20260817_200003/P07_224.jpg,28.81,31.2,70.2,6.45,2.6683,1.757,878.6,2.3749,OK,66653,9.84615421295166,1.0158113241195679,15.122081756591797
CAP_20260817_200003,2026-08-17 20:00:03,P08,/hydroponic_project/data_collection/images/lettuce_20260817_200003.jpg,/hydroponic_project/data_collection/crops/lettuce_20260817_200003/P08.jpg,/hydroponic_project/data_collection/crops/lettuce_20260817_200003/P08_224.jpg,28.81,31.2,70.2,6.45,2.6683,1.757,878.6,2.3749,OK,66653,9.84615421295166,1.0158113241195679,15.122081756591797
CAP_20260817_200003,2026-08-17 20:00:03,P09,/hydroponic_project/data_collection/images/lettuce_20260817_200003.jpg,/hydroponic_project/data_collection/crops/lettuce_20260817_200003/P09.jpg,/hydroponic_project/data_collection/crops/lettuce_20260817_200003/P09_224.jpg,28.81,31.2,70.2,6.45,2.6683,1.757,878.6,2.3749,OK,66653,9.84615421295166,1.0158113241195679,15.122081756591797
CAP_20260817_200003,2026-08-17 20:00:03,P10,/hydroponic_project/data_collection/images/lettuce_20260817_200003.jpg,/hydroponic_project/data_collection/crops/lettuce_20260817_200003/P10.jpg,/hydroponic_project/data_collection/crops/lettuce_20260817_200003/P10_224.jpg,28.81,31.2,70.2,6.45,2.6683,1.757,878.6,2.3749,OK,66653,9.84615421295166,1.0158113241195679,15.122081756591797
CAP_20260817_200003,2026-08-17 20:00:03,P11,/hydroponic_project/data_collection/images/lettuce_20260817_200003.jpg,/hydroponic_project/data_collection/crops/lettuce_20260817_200003/P11.jpg,/hydroponic_project/data_collection/crops/lettuce_20260817_200003/P11_224.jpg,28.81,31.2,70.2,6.45,2.6683,1.757,878.6,2.3749,OK,66653,9.84615421295166,1.0158113241195679,15.122081756591797
CAP_20260817_200003,2026-08-17 20:00:03,P12,/hydroponic_project/data_collection/images/lettuce_20260817_200003.jpg,/hydroponic_project/data_collection/crops/lettuce_20260817_200003/P12.jpg,/hydroponic_project/data_collection/crops/lettuce_20260817_200003/P12_224.jpg,28.81,31.2,70.2,6.45,2.6683,1.757,878.6,2.3749,OK,66653,9.84615421295166,1.0158113241195679,15.122081756591797
CAP_20260817_210003,2026-08-17 21:00:03,P01,/hydroponic_project/data_collection/images/lettuce_20260817_210003.jpg,/hydroponic_project/data_collection/crops/lettuce_20260817_210003/P01.jpg,/hydroponic_project/data_collection/crops/lettuce_20260817_210003/P01_224.jpg,28.75,31.1,70.8,6.34,2.6849,1.76,879.8,2.3739,OK,66653,9.84615421295166,1.0158113241195679,14.839911460876465
CAP_20260817_210003,2026-08-17 21:00:03,P02,/hydroponic_project/data_collection/images/lettuce_20260817_210003.jpg,/hydroponic_project/data_collection/crops/lettuce_20260817_210003/P02.jpg,/hydroponic_project/data_collection/crops/lettuce_20260817_210003/P02_224.jpg,28.75,31.1,70.8,6.34,2.6849,1.76,879.8,2.3739,OK,66653,9.84615421295166,1.0158113241195679,14.839911460876465
CAP_20260817_210003,2026-08-17 21:00:03,P03,/hydroponic_project/data_collection/images/lettuce_20260817_210003.jpg,/hydroponic_project/data_collection/crops/lettuce_20260817_210003/P03.jpg,/hydroponic_project/data_collection/crops/lettuce_20260817_210003/P03_224.jpg,28.75,31.1,70.8,6.34,2.6849,1.76,879.8,2.3739,OK,66653,9.84615421295166,1.0158113241195679,14.839911460876465
CAP_20260817_210003,2026-08-17 21:00:03,P04,/hydroponic_project/data_collection/images/lettuce_20260817_210003.jpg,/hydroponic_project/data_collection/crops/lettuce_20260817_210003/P04.jpg,/hydroponic_project/data_collection/crops/lettuce_20260817_210003/P04_224.jpg,28.75,31.1,70.8,6.34,2.6849,1.76,879.8,2.3739,OK,66653,9.84615421295166,1.0158113241195679,14.839911460876465
CAP_20260817_210003,2026-08-17 21:00:03,P05,/hydroponic_project/data_collection/images/lettuce_20260817_210003.jpg,/hydroponic_project/data_collection/crops/lettuce_20260817_210003/P05.jpg,/hydroponic_project/data_collection/crops/lettuce_20260817_210003/P05_224.jpg,28.75,31.1,70.8,6.34,2.6849,1.76,879.8,2.3739,OK,66653,9.84615421295166,1.0158113241195679,14.839911460876465
CAP_20260817_210003,2026-08-17 21:00:03,P06,/hydroponic_project/data_collection/images/lettuce_20260817_210003.jpg,/hydroponic_project/data_collection/crops/lettuce_20260817_210003/P06.jpg,/hydroponic_project/data_collection/crops/lettuce_20260817_210003/P06_224.jpg,28.75,31.1,70.8,6.34,2.6849,1.76,879.8,2.3739,OK,66653,9.84615421295166,1.0158113241195679,14.839911460876465
CAP_20260817_210003,2026-08-17 21:00:03,P07,/hydroponic_project/data_collection/images/lettuce_20260817_210003.jpg,/hydroponic_project/data_collection/crops/lettuce_20260817_210003/P07.jpg,/hydroponic_project/data_collection/crops/lettuce_20260817_210003/P07_224.jpg,28.75,31.1,70.8,6.34,2.6849,1.76,879.8,2.3739,OK,66653,9.84615421295166,1.0158113241195679,14.839911460876465
CAP_20260817_210003,2026-08-17 21:00:03,P08,/hydroponic_project/data_collection/images/lettuce_20260817_210003.jpg,/hydroponic_project/data_collection/crops/lettuce_20260817_210003/P08.jpg,/hydroponic_project/data_collection/crops/lettuce_20260817_210003/P08_224.jpg,28.75,31.1,70.8,6.34,2.6849,1.76,879.8,2.3739,OK,66653,9.84615421295166,1.0158113241195679,14.839911460876465
CAP_20260817_210003,2026-08-17 21:00:03,P09,/hydroponic_project/data_collection/images/lettuce_20260817_210003.jpg,/hydroponic_project/data_collection/crops/lettuce_20260817_210003/P09.jpg,/hydroponic_project/data_collection/crops/lettuce_20260817_210003/P09_224.jpg,28.75,31.1,70.8,6.34,2.6849,1.76,879.8,2.3739,OK,66653,9.84615421295166,1.0158113241195679,14.839911460876465
CAP_20260817_210003,2026-08-17 21:00:03,P10,/hydroponic_project/data_collection/images/lettuce_20260817_210003.jpg,/hydroponic_project/data_collection/crops/lettuce_20260817_210003/P10.jpg,/hydroponic_project/data_collection/crops/lettuce_20260817_210003/P10_224.jpg,28.75,31.1,70.8,6.34,2.6849,1.76,879.8,2.3739,OK,66653,9.84615421295166,1.0158113241195679,14.839911460876465
CAP_20260817_210003,2026-08-17 21:00:03,P11,/hydroponic_project/data_collection/images/lettuce_20260817_210003.jpg,/hydroponic_project/data_collection/crops/lettuce_20260817_210003/P11.jpg,/hydroponic_project/data_collection/crops/lettuce_20260817_210003/P11_224.jpg,28.75,31.1,70.8,6.34,2.6849,1.76,879.8,2.3739,OK,66653,9.84615421295166,1.0158113241195679,14.839911460876465
CAP_20260817_210003,2026-08-17 21:00:03,P12,/hydroponic_project/data_collection/images/lettuce_20260817_210003.jpg,/hydroponic_project/data_collection/crops/lettuce_20260817_210003/P12.jpg,/hydroponic_project/data_collection/crops/lettuce_20260817_210003/P12_224.jpg,28.75,31.1,70.8,6.34,2.6849,1.76,879.8,2.3739,OK,66653,9.84615421295166,1.0158113241195679,14.839911460876465
CAP_20260819_115127,2026-08-19 11:51:27,P01,/hydroponic_project/data_collection/images/lettuce_20260819_115127.jpg,/hydroponic_project/data_collection/crops/lettuce_20260819_115127/P01.jpg,/hydroponic_project/data_collection/crops/lettuce_20260819_115127/P01_224.jpg,30.06,30.9,74.4,6.58,2.6474,1.622,811.0,2.321,OK,29999,3.555555582046509,1.0057685375213623,271.63189697265625
CAP_20260819_115127,2026-08-19 11:51:27,P02,/hydroponic_project/data_collection/images/lettuce_20260819_115127.jpg,/hydroponic_project/data_collection/crops/lettuce_20260819_115127/P02.jpg,/hydroponic_project/data_collection/crops/lettuce_20260819_115127/P02_224.jpg,30.06,30.9,74.4,6.58,2.6474,1.622,811.0,2.321,OK,29999,3.555555582046509,1.0057685375213623,271.63189697265625
CAP_20260819_115127,2026-08-19 11:51:27,P03,/hydroponic_project/data_collection/images/lettuce_20260819_115127.jpg,/hydroponic_project/data_collection/crops/lettuce_20260819_115127/P03.jpg,/hydroponic_project/data_collection/crops/lettuce_20260819_115127/P03_224.jpg,30.06,30.9,74.4,6.58,2.6474,1.622,811.0,2.321,OK,29999,3.555555582046509,1.0057685375213623,271.63189697265625
CAP_20260819_115127,2026-08-19 11:51:27,P04,/hydroponic_project/data_collection/images/lettuce_20260819_115127.jpg,/hydroponic_project/data_collection/crops/lettuce_20260819_115127/P04.jpg,/hydroponic_project/data_collection/crops/lettuce_20260819_115127/P04_224.jpg,30.06,30.9,74.4,6.58,2.6474,1.622,811.0,2.321,OK,29999,3.555555582046509,1.0057685375213623,271.63189697265625
CAP_20260819_115127,2026-08-19 11:51:27,P05,/hydroponic_project/data_collection/images/lettuce_20260819_115127.jpg,/hydroponic_project/data_collection/crops/lettuce_20260819_115127/P05.jpg,/hydroponic_project/data_collection/crops/lettuce_20260819_115127/P05_224.jpg,30.06,30.9,74.4,6.58,2.6474,1.622,811.0,2.321,OK,29999,3.555555582046509,1.0057685375213623,271.63189697265625
CAP_20260819_115127,2026-08-19 11:51:27,P06,/hydroponic_project/data_collection/images/lettuce_20260819_115127.jpg,/hydroponic_project/data_collection/crops/lettuce_20260819_115127/P06.jpg,/hydroponic_project/data_collection/crops/lettuce_20260819_115127/P06_224.jpg,30.06,30.9,74.4,6.58,2.6474,1.622,811.0,2.321,OK,29999,3.555555582046509,1.0057685375213623,271.63189697265625
CAP_20260819_115127,2026-08-19 11:51:27,P07,/hydroponic_project/data_collection/images/lettuce_20260819_115127.jpg,/hydroponic_project/data_collection/crops/lettuce_20260819_115127/P07.jpg,/hydroponic_project/data_collection/crops/lettuce_20260819_115127/P07_224.jpg,30.06,30.9,74.4,6.58,2.6474,1.622,811.0,2.321,OK,29999,3.555555582046509,1.0057685375213623,271.63189697265625
CAP_20260819_115127,2026-08-19 11:51:27,P08,/hydroponic_project/data_collection/images/lettuce_20260819_115127.jpg,/hydroponic_project/data_collection/crops/lettuce_20260819_115127/P08.jpg,/hydroponic_project/data_collection/crops/lettuce_20260819_115127/P08_224.jpg,30.06,30.9,74.4,6.58,2.6474,1.622,811.0,2.321,OK,29999,3.555555582046509,1.0057685375213623,271.63189697265625
CAP_20260819_115127,2026-08-19 11:51:27,P09,/hydroponic_project/data_collection/images/lettuce_20260819_115127.jpg,/hydroponic_project/data_collection/crops/lettuce_20260819_115127/P09.jpg,/hydroponic_project/data_collection/crops/lettuce_20260819_115127/P09_224.jpg,30.06,30.9,74.4,6.58,2.6474,1.622,811.0,2.321,OK,29999,3.555555582046509,1.0057685375213623,271.63189697265625
CAP_20260819_115127,2026-08-19 11:51:27,P10,/hydroponic_project/data_collection/images/lettuce_20260819_115127.jpg,/hydroponic_project/data_collection/crops/lettuce_20260819_115127/P10.jpg,/hydroponic_project/data_collection/crops/lettuce_20260819_115127/P10_224.jpg,30.06,30.9,74.4,6.58,2.6474,1.622,811.0,2.321,OK,29999,3.555555582046509,1.0057685375213623,271.63189697265625
CAP_20260819_115127,2026-08-19 11:51:27,P11,/hydroponic_project/data_collection/images/lettuce_20260819_115127.jpg,/hydroponic_project/data_collection/crops/lettuce_20260819_115127/P11.jpg,/hydroponic_project/data_collection/crops/lettuce_20260819_115127/P11_224.jpg,30.06,30.9,74.4,6.58,2.6474,1.622,811.0,2.321,OK,29999,3.555555582046509,1.0057685375213623,271.63189697265625
CAP_20260819_115127,2026-08-19 11:51:27,P12,/hydroponic_project/data_collection/images/lettuce_20260819_115127.jpg,/hydroponic_project/data_collection/crops/lettuce_20260819_115127/P12.jpg,/hydroponic_project/data_collection/crops/lettuce_20260819_115127/P12_224.jpg,30.06,30.9,74.4,6.58,2.6474,1.622,811.0,2.321,OK,29999,3.555555582046509,1.0057685375213623,271.63189697265625
CAP_20260819_115305,2026-08-19 11:53:05,P01,/hydroponic_project/data_collection/images/lettuce_20260819_115305.jpg,/hydroponic_project/data_collection/crops/lettuce_20260819_115305/P01.jpg,/hydroponic_project/data_collection/crops/lettuce_20260819_115305/P01_224.jpg,30.06,31.3,73.0,6.59,2.6445,1.621,810.4,2.32,OK,29999,3.8787879943847656,1.0144864320755005,245.21031188964844
CAP_20260819_115305,2026-08-19 11:53:05,P02,/hydroponic_project/data_collection/images/lettuce_20260819_115305.jpg,/hydroponic_project/data_collection/crops/lettuce_20260819_115305/P02.jpg,/hydroponic_project/data_collection/crops/lettuce_20260819_115305/P02_224.jpg,30.06,31.3,73.0,6.59,2.6445,1.621,810.4,2.32,OK,29999,3.8787879943847656,1.0144864320755005,245.21031188964844
CAP_20260819_115305,2026-08-19 11:53:05,P03,/hydroponic_project/data_collection/images/lettuce_20260819_115305.jpg,/hydroponic_project/data_collection/crops/lettuce_20260819_115305/P03.jpg,/hydroponic_project/data_collection/crops/lettuce_20260819_115305/P03_224.jpg,30.06,31.3,73.0,6.59,2.6445,1.621,810.4,2.32,OK,29999,3.8787879943847656,1.0144864320755005,245.21031188964844
CAP_20260819_115305,2026-08-19 11:53:05,P04,/hydroponic_project/data_collection/images/lettuce_20260819_115305.jpg,/hydroponic_project/data_collection/crops/lettuce_20260819_115305/P04.jpg,/hydroponic_project/data_collection/crops/lettuce_20260819_115305/P04_224.jpg,30.06,31.3,73.0,6.59,2.6445,1.621,810.4,2.32,OK,29999,3.8787879943847656,1.0144864320755005,245.21031188964844
CAP_20260819_115305,2026-08-19 11:53:05,P05,/hydroponic_project/data_collection/images/lettuce_20260819_115305.jpg,/hydroponic_project/data_collection/crops/lettuce_20260819_115305/P05.jpg,/hydroponic_project/data_collection/crops/lettuce_20260819_115305/P05_224.jpg,30.06,31.3,73.0,6.59,2.6445,1.621,810.4,2.32,OK,29999,3.8787879943847656,1.0144864320755005,245.21031188964844
CAP_20260819_115305,2026-08-19 11:53:05,P06,/hydroponic_project/data_collection/images/lettuce_20260819_115305.jpg,/hydroponic_project/data_collection/crops/lettuce_20260819_115305/P06.jpg,/hydroponic_project/data_collection/crops/lettuce_20260819_115305/P06_224.jpg,30.06,31.3,73.0,6.59,2.6445,1.621,810.4,2.32,OK,29999,3.8787879943847656,1.0144864320755005,245.21031188964844
CAP_20260819_115305,2026-08-19 11:53:05,P07,/hydroponic_project/data_collection/images/lettuce_20260819_115305.jpg,/hydroponic_project/data_collection/crops/lettuce_20260819_115305/P07.jpg,/hydroponic_project/data_collection/crops/lettuce_20260819_115305/P07_224.jpg,30.06,31.3,73.0,6.59,2.6445,1.621,810.4,2.32,OK,29999,3.8787879943847656,1.0144864320755005,245.21031188964844
CAP_20260819_115305,2026-08-19 11:53:05,P08,/hydroponic_project/data_collection/images/lettuce_20260819_115305.jpg,/hydroponic_project/data_collection/crops/lettuce_20260819_115305/P08.jpg,/hydroponic_project/data_collection/crops/lettuce_20260819_115305/P08_224.jpg,30.06,31.3,73.0,6.59,2.6445,1.621,810.4,2.32,OK,29999,3.8787879943847656,1.0144864320755005,245.21031188964844
CAP_20260819_115305,2026-08-19 11:53:05,P09,/hydroponic_project/data_collection/images/lettuce_20260819_115305.jpg,/hydroponic_project/data_collection/crops/lettuce_20260819_115305/P09.jpg,/hydroponic_project/data_collection/crops/lettuce_20260819_115305/P09_224.jpg,30.06,31.3,73.0,6.59,2.6445,1.621,810.4,2.32,OK,29999,3.8787879943847656,1.0144864320755005,245.21031188964844
CAP_20260819_115305,2026-08-19 11:53:05,P10,/hydroponic_project/data_collection/images/lettuce_20260819_115305.jpg,/hydroponic_project/data_collection/crops/lettuce_20260819_115305/P10.jpg,/hydroponic_project/data_collection/crops/lettuce_20260819_115305/P10_224.jpg,30.06,31.3,73.0,6.59,2.6445,1.621,810.4,2.32,OK,29999,3.8787879943847656,1.0144864320755005,245.21031188964844
CAP_20260819_115305,2026-08-19 11:53:05,P11,/hydroponic_project/data_collection/images/lettuce_20260819_115305.jpg,/hydroponic_project/data_collection/crops/lettuce_20260819_115305/P11.jpg,/hydroponic_project/data_collection/crops/lettuce_20260819_115305/P11_224.jpg,30.06,31.3,73.0,6.59,2.6445,1.621,810.4,2.32,OK,29999,3.8787879943847656,1.0144864320755005,245.21031188964844
CAP_20260819_115305,2026-08-19 11:53:05,P12,/hydroponic_project/data_collection/images/lettuce_20260819_115305.jpg,/hydroponic_project/data_collection/crops/lettuce_20260819_115305/P12.jpg,/hydroponic_project/data_collection/crops/lettuce_20260819_115305/P12_224.jpg,30.06,31.3,73.0,6.59,2.6445,1.621,810.4,2.32,OK,29999,3.8787879943847656,1.0144864320755005,245.21031188964844
CAP_20260819_115545,2026-08-19 11:55:45,P01,/hydroponic_project/data_collection/images/lettuce_20260819_115545.jpg,/hydroponic_project/data_collection/crops/lettuce_20260819_115545/P01.jpg,/hydroponic_project/data_collection/crops/lettuce_20260819_115545/P01_224.jpg,30.06,32.0,69.1,6.49,2.6614,1.619,809.7,2.3188,OK,29999,3.160493850708008,1.0099213123321533,307.4057922363281
CAP_20260819_115545,2026-08-19 11:55:45,P02,/hydroponic_project/data_collection/images/lettuce_20260819_115545.jpg,/hydroponic_project/data_collection/crops/lettuce_20260819_115545/P02.jpg,/hydroponic_project/data_collection/crops/lettuce_20260819_115545/P02_224.jpg,30.06,32.0,69.1,6.49,2.6614,1.619,809.7,2.3188,OK,29999,3.160493850708008,1.0099213123321533,307.4057922363281
CAP_20260819_115545,2026-08-19 11:55:45,P03,/hydroponic_project/data_collection/images/lettuce_20260819_115545.jpg,/hydroponic_project/data_collection/crops/lettuce_20260819_115545/P03.jpg,/hydroponic_project/data_collection/crops/lettuce_20260819_115545/P03_224.jpg,30.06,32.0,69.1,6.49,2.6614,1.619,809.7,2.3188,OK,29999,3.160493850708008,1.0099213123321533,307.4057922363281
CAP_20260819_115545,2026-08-19 11:55:45,P04,/hydroponic_project/data_collection/images/lettuce_20260819_115545.jpg,/hydroponic_project/data_collection/crops/lettuce_20260819_115545/P04.jpg,/hydroponic_project/data_collection/crops/lettuce_20260819_115545/P04_224.jpg,30.06,32.0,69.1,6.49,2.6614,1.619,809.7,2.3188,OK,29999,3.160493850708008,1.0099213123321533,307.4057922363281
CAP_20260819_115545,2026-08-19 11:55:45,P05,/hydroponic_project/data_collection/images/lettuce_20260819_115545.jpg,/hydroponic_project/data_collection/crops/lettuce_20260819_115545/P05.jpg,/hydroponic_project/data_collection/crops/lettuce_20260819_115545/P05_224.jpg,30.06,32.0,69.1,6.49,2.6614,1.619,809.7,2.3188,OK,29999,3.160493850708008,1.0099213123321533,307.4057922363281
CAP_20260819_115545,2026-08-19 11:55:45,P06,/hydroponic_project/data_collection/images/lettuce_20260819_115545.jpg,/hydroponic_project/data_collection/crops/lettuce_20260819_115545/P06.jpg,/hydroponic_project/data_collection/crops/lettuce_20260819_115545/P06_224.jpg,30.06,32.0,69.1,6.49,2.6614,1.619,809.7,2.3188,OK,29999,3.160493850708008,1.0099213123321533,307.4057922363281
CAP_20260819_115545,2026-08-19 11:55:45,P07,/hydroponic_project/data_collection/images/lettuce_20260819_115545.jpg,/hydroponic_project/data_collection/crops/lettuce_20260819_115545/P07.jpg,/hydroponic_project/data_collection/crops/lettuce_20260819_115545/P07_224.jpg,30.06,32.0,69.1,6.49,2.6614,1.619,809.7,2.3188,OK,29999,3.160493850708008,1.0099213123321533,307.4057922363281
CAP_20260819_115545,2026-08-19 11:55:45,P08,/hydroponic_project/data_collection/images/lettuce_20260819_115545.jpg,/hydroponic_project/data_collection/crops/lettuce_20260819_115545/P08.jpg,/hydroponic_project/data_collection/crops/lettuce_20260819_115545/P08_224.jpg,30.06,32.0,69.1,6.49,2.6614,1.619,809.7,2.3188,OK,29999,3.160493850708008,1.0099213123321533,307.4057922363281
CAP_20260819_115545,2026-08-19 11:55:45,P09,/hydroponic_project/data_collection/images/lettuce_20260819_115545.jpg,/hydroponic_project/data_collection/crops/lettuce_20260819_115545/P09.jpg,/hydroponic_project/data_collection/crops/lettuce_20260819_115545/P09_224.jpg,30.06,32.0,69.1,6.49,2.6614,1.619,809.7,2.3188,OK,29999,3.160493850708008,1.0099213123321533,307.4057922363281
CAP_20260819_115545,2026-08-19 11:55:45,P10,/hydroponic_project/data_collection/images/lettuce_20260819_115545.jpg,/hydroponic_project/data_collection/crops/lettuce_20260819_115545/P10.jpg,/hydroponic_project/data_collection/crops/lettuce_20260819_115545/P10_224.jpg,30.06,32.0,69.1,6.49,2.6614,1.619,809.7,2.3188,OK,29999,3.160493850708008,1.0099213123321533,307.4057922363281
CAP_20260819_115545,2026-08-19 11:55:45,P11,/hydroponic_project/data_collection/images/lettuce_20260819_115545.jpg,/hydroponic_project/data_collection/crops/lettuce_20260819_115545/P11.jpg,/hydroponic_project/data_collection/crops/lettuce_20260819_115545/P11_224.jpg,30.06,32.0,69.1,6.49,2.6614,1.619,809.7,2.3188,OK,29999,3.160493850708008,1.0099213123321533,307.4057922363281
CAP_20260819_115545,2026-08-19 11:55:45,P12,/hydroponic_project/data_collection/images/lettuce_20260819_115545.jpg,/hydroponic_project/data_collection/crops/lettuce_20260819_115545/P12.jpg,/hydroponic_project/data_collection/crops/lettuce_20260819_115545/P12_224.jpg,30.06,32.0,69.1,6.49,2.6614,1.619,809.7,2.3188,OK,29999,3.160493850708008,1.0099213123321533,307.4057922363281
CAP_20260819_120003,2026-08-19 12:00:03,P01,/hydroponic_project/data_collection/images/lettuce_20260819_120003.jpg,/hydroponic_project/data_collection/crops/lettuce_20260819_120003/P01.jpg,/hydroponic_project/data_collection/crops/lettuce_20260819_120003/P01_224.jpg,30.06,32.3,67.6,6.55,2.6516,1.618,808.8,2.3173,OK,29999,3.3246753215789795,1.0127760171890259,285.75738525390625
CAP_20260819_120003,2026-08-19 12:00:03,P02,/hydroponic_project/data_collection/images/lettuce_20260819_120003.jpg,/hydroponic_project/data_collection/crops/lettuce_20260819_120003/P02.jpg,/hydroponic_project/data_collection/crops/lettuce_20260819_120003/P02_224.jpg,30.06,32.3,67.6,6.55,2.6516,1.618,808.8,2.3173,OK,29999,3.3246753215789795,1.0127760171890259,285.75738525390625
CAP_20260819_120003,2026-08-19 12:00:03,P03,/hydroponic_project/data_collection/images/lettuce_20260819_120003.jpg,/hydroponic_project/data_collection/crops/lettuce_20260819_120003/P03.jpg,/hydroponic_project/data_collection/crops/lettuce_20260819_120003/P03_224.jpg,30.06,32.3,67.6,6.55,2.6516,1.618,808.8,2.3173,OK,29999,3.3246753215789795,1.0127760171890259,285.75738525390625
CAP_20260819_120003,2026-08-19 12:00:03,P04,/hydroponic_project/data_collection/images/lettuce_20260819_120003.jpg,/hydroponic_project/data_collection/crops/lettuce_20260819_120003/P04.jpg,/hydroponic_project/data_collection/crops/lettuce_20260819_120003/P04_224.jpg,30.06,32.3,67.6,6.55,2.6516,1.618,808.8,2.3173,OK,29999,3.3246753215789795,1.0127760171890259,285.75738525390625
CAP_20260819_120003,2026-08-19 12:00:03,P05,/hydroponic_project/data_collection/images/lettuce_20260819_120003.jpg,/hydroponic_project/data_collection/crops/lettuce_20260819_120003/P05.jpg,/hydroponic_project/data_collection/crops/lettuce_20260819_120003/P05_224.jpg,30.06,32.3,67.6,6.55,2.6516,1.618,808.8,2.3173,OK,29999,3.3246753215789795,1.0127760171890259,285.75738525390625
CAP_20260819_120003,2026-08-19 12:00:03,P06,/hydroponic_project/data_collection/images/lettuce_20260819_120003.jpg,/hydroponic_project/data_collection/crops/lettuce_20260819_120003/P06.jpg,/hydroponic_project/data_collection/crops/lettuce_20260819_120003/P06_224.jpg,30.06,32.3,67.6,6.55,2.6516,1.618,808.8,2.3173,OK,29999,3.3246753215789795,1.0127760171890259,285.75738525390625
CAP_20260819_120003,2026-08-19 12:00:03,P07,/hydroponic_project/data_collection/images/lettuce_20260819_120003.jpg,/hydroponic_project/data_collection/crops/lettuce_20260819_120003/P07.jpg,/hydroponic_project/data_collection/crops/lettuce_20260819_120003/P07_224.jpg,30.06,32.3,67.6,6.55,2.6516,1.618,808.8,2.3173,OK,29999,3.3246753215789795,1.0127760171890259,285.75738525390625
CAP_20260819_120003,2026-08-19 12:00:03,P08,/hydroponic_project/data_collection/images/lettuce_20260819_120003.jpg,/hydroponic_project/data_collection/crops/lettuce_20260819_120003/P08.jpg,/hydroponic_project/data_collection/crops/lettuce_20260819_120003/P08_224.jpg,30.06,32.3,67.6,6.55,2.6516,1.618,808.8,2.3173,OK,29999,3.3246753215789795,1.0127760171890259,285.75738525390625
CAP_20260819_120003,2026-08-19 12:00:03,P09,/hydroponic_project/data_collection/images/lettuce_20260819_120003.jpg,/hydroponic_project/data_collection/crops/lettuce_20260819_120003/P09.jpg,/hydroponic_project/data_collection/crops/lettuce_20260819_120003/P09_224.jpg,30.06,32.3,67.6,6.55,2.6516,1.618,808.8,2.3173,OK,29999,3.3246753215789795,1.0127760171890259,285.75738525390625
CAP_20260819_120003,2026-08-19 12:00:03,P10,/hydroponic_project/data_collection/images/lettuce_20260819_120003.jpg,/hydroponic_project/data_collection/crops/lettuce_20260819_120003/P10.jpg,/hydroponic_project/data_collection/crops/lettuce_20260819_120003/P10_224.jpg,30.06,32.3,67.6,6.55,2.6516,1.618,808.8,2.3173,OK,29999,3.3246753215789795,1.0127760171890259,285.75738525390625
CAP_20260819_120003,2026-08-19 12:00:03,P11,/hydroponic_project/data_collection/images/lettuce_20260819_120003.jpg,/hydroponic_project/data_collection/crops/lettuce_20260819_120003/P11.jpg,/hydroponic_project/data_collection/crops/lettuce_20260819_120003/P11_224.jpg,30.06,32.3,67.6,6.55,2.6516,1.618,808.8,2.3173,OK,29999,3.3246753215789795,1.0127760171890259,285.75738525390625
CAP_20260819_120003,2026-08-19 12:00:03,P12,/hydroponic_project/data_collection/images/lettuce_20260819_120003.jpg,/hydroponic_project/data_collection/crops/lettuce_20260819_120003/P12.jpg,/hydroponic_project/data_collection/crops/lettuce_20260819_120003/P12_224.jpg,30.06,32.3,67.6,6.55,2.6516,1.618,808.8,2.3173,OK,29999,3.3246753215789795,1.0127760171890259,285.75738525390625
CAP_20260819_120111,2026-08-19 12:01:11,P01,/hydroponic_project/data_collection/images/lettuce_20260819_120111.jpg,/hydroponic_project/data_collection/crops/lettuce_20260819_120111/P01.jpg,/hydroponic_project/data_collection/crops/lettuce_20260819_120111/P01_224.jpg,30.06,32.2,68.7,6.61,2.6419,1.617,808.4,2.3166,OK,29999,3.240506410598755,1.0013471841812134,297.0429382324219
CAP_20260819_120111,2026-08-19 12:01:11,P02,/hydroponic_project/data_collection/images/lettuce_20260819_120111.jpg,/hydroponic_project/data_collection/crops/lettuce_20260819_120111/P02.jpg,/hydroponic_project/data_collection/crops/lettuce_20260819_120111/P02_224.jpg,30.06,32.2,68.7,6.61,2.6419,1.617,808.4,2.3166,OK,29999,3.240506410598755,1.0013471841812134,297.0429382324219
CAP_20260819_120111,2026-08-19 12:01:11,P03,/hydroponic_project/data_collection/images/lettuce_20260819_120111.jpg,/hydroponic_project/data_collection/crops/lettuce_20260819_120111/P03.jpg,/hydroponic_project/data_collection/crops/lettuce_20260819_120111/P03_224.jpg,30.06,32.2,68.7,6.61,2.6419,1.617,808.4,2.3166,OK,29999,3.240506410598755,1.0013471841812134,297.0429382324219
CAP_20260819_120111,2026-08-19 12:01:11,P04,/hydroponic_project/data_collection/images/lettuce_20260819_120111.jpg,/hydroponic_project/data_collection/crops/lettuce_20260819_120111/P04.jpg,/hydroponic_project/data_collection/crops/lettuce_20260819_120111/P04_224.jpg,30.06,32.2,68.7,6.61,2.6419,1.617,808.4,2.3166,OK,29999,3.240506410598755,1.0013471841812134,297.0429382324219
CAP_20260819_120111,2026-08-19 12:01:11,P05,/hydroponic_project/data_collection/images/lettuce_20260819_120111.jpg,/hydroponic_project/data_collection/crops/lettuce_20260819_120111/P05.jpg,/hydroponic_project/data_collection/crops/lettuce_20260819_120111/P05_224.jpg,30.06,32.2,68.7,6.61,2.6419,1.617,808.4,2.3166,OK,29999,3.240506410598755,1.0013471841812134,297.0429382324219
CAP_20260819_120111,2026-08-19 12:01:11,P06,/hydroponic_project/data_collection/images/lettuce_20260819_120111.jpg,/hydroponic_project/data_collection/crops/lettuce_20260819_120111/P06.jpg,/hydroponic_project/data_collection/crops/lettuce_20260819_120111/P06_224.jpg,30.06,32.2,68.7,6.61,2.6419,1.617,808.4,2.3166,OK,29999,3.240506410598755,1.0013471841812134,297.0429382324219
CAP_20260819_120111,2026-08-19 12:01:11,P07,/hydroponic_project/data_collection/images/lettuce_20260819_120111.jpg,/hydroponic_project/data_collection/crops/lettuce_20260819_120111/P07.jpg,/hydroponic_project/data_collection/crops/lettuce_20260819_120111/P07_224.jpg,30.06,32.2,68.7,6.61,2.6419,1.617,808.4,2.3166,OK,29999,3.240506410598755,1.0013471841812134,297.0429382324219
CAP_20260819_120111,2026-08-19 12:01:11,P08,/hydroponic_project/data_collection/images/lettuce_20260819_120111.jpg,/hydroponic_project/data_collection/crops/lettuce_20260819_120111/P08.jpg,/hydroponic_project/data_collection/crops/lettuce_20260819_120111/P08_224.jpg,30.06,32.2,68.7,6.61,2.6419,1.617,808.4,2.3166,OK,29999,3.240506410598755,1.0013471841812134,297.0429382324219
CAP_20260819_120111,2026-08-19 12:01:11,P09,/hydroponic_project/data_collection/images/lettuce_20260819_120111.jpg,/hydroponic_project/data_collection/crops/lettuce_20260819_120111/P09.jpg,/hydroponic_project/data_collection/crops/lettuce_20260819_120111/P09_224.jpg,30.06,32.2,68.7,6.61,2.6419,1.617,808.4,2.3166,OK,29999,3.240506410598755,1.0013471841812134,297.0429382324219
CAP_20260819_120111,2026-08-19 12:01:11,P10,/hydroponic_project/data_collection/images/lettuce_20260819_120111.jpg,/hydroponic_project/data_collection/crops/lettuce_20260819_120111/P10.jpg,/hydroponic_project/data_collection/crops/lettuce_20260819_120111/P10_224.jpg,30.06,32.2,68.7,6.61,2.6419,1.617,808.4,2.3166,OK,29999,3.240506410598755,1.0013471841812134,297.0429382324219
CAP_20260819_120111,2026-08-19 12:01:11,P11,/hydroponic_project/data_collection/images/lettuce_20260819_120111.jpg,/hydroponic_project/data_collection/crops/lettuce_20260819_120111/P11.jpg,/hydroponic_project/data_collection/crops/lettuce_20260819_120111/P11_224.jpg,30.06,32.2,68.7,6.61,2.6419,1.617,808.4,2.3166,OK,29999,3.240506410598755,1.0013471841812134,297.0429382324219
CAP_20260819_120111,2026-08-19 12:01:11,P12,/hydroponic_project/data_collection/images/lettuce_20260819_120111.jpg,/hydroponic_project/data_collection/crops/lettuce_20260819_120111/P12.jpg,/hydroponic_project/data_collection/crops/lettuce_20260819_120111/P12_224.jpg,30.06,32.2,68.7,6.61,2.6419,1.617,808.4,2.3166,OK,29999,3.240506410598755,1.0013471841812134,297.0429382324219
CAP_20260819_130003,2026-08-19 13:00:03,P01,/hydroponic_project/data_collection/images/lettuce_20260819_130003.jpg,/hydroponic_project/data_collection/crops/lettuce_20260819_130003/P01.jpg,/hydroponic_project/data_collection/crops/lettuce_20260819_130003/P01_224.jpg,30.37,33.1,67.2,6.57,2.6476,1.591,795.4,2.3076,OK,29999,3.240506410598755,1.0118962526321411,298.40966796875
CAP_20260819_130003,2026-08-19 13:00:03,P02,/hydroponic_project/data_collection/images/lettuce_20260819_130003.jpg,/hydroponic_project/data_collection/crops/lettuce_20260819_130003/P02.jpg,/hydroponic_project/data_collection/crops/lettuce_20260819_130003/P02_224.jpg,30.37,33.1,67.2,6.57,2.6476,1.591,795.4,2.3076,OK,29999,3.240506410598755,1.0118962526321411,298.40966796875
CAP_20260819_130003,2026-08-19 13:00:03,P03,/hydroponic_project/data_collection/images/lettuce_20260819_130003.jpg,/hydroponic_project/data_collection/crops/lettuce_20260819_130003/P03.jpg,/hydroponic_project/data_collection/crops/lettuce_20260819_130003/P03_224.jpg,30.37,33.1,67.2,6.57,2.6476,1.591,795.4,2.3076,OK,29999,3.240506410598755,1.0118962526321411,298.40966796875
CAP_20260819_130003,2026-08-19 13:00:03,P04,/hydroponic_project/data_collection/images/lettuce_20260819_130003.jpg,/hydroponic_project/data_collection/crops/lettuce_20260819_130003/P04.jpg,/hydroponic_project/data_collection/crops/lettuce_20260819_130003/P04_224.jpg,30.37,33.1,67.2,6.57,2.6476,1.591,795.4,2.3076,OK,29999,3.240506410598755,1.0118962526321411,298.40966796875
CAP_20260819_130003,2026-08-19 13:00:03,P05,/hydroponic_project/data_collection/images/lettuce_20260819_130003.jpg,/hydroponic_project/data_collection/crops/lettuce_20260819_130003/P05.jpg,/hydroponic_project/data_collection/crops/lettuce_20260819_130003/P05_224.jpg,30.37,33.1,67.2,6.57,2.6476,1.591,795.4,2.3076,OK,29999,3.240506410598755,1.0118962526321411,298.40966796875
CAP_20260819_130003,2026-08-19 13:00:03,P06,/hydroponic_project/data_collection/images/lettuce_20260819_130003.jpg,/hydroponic_project/data_collection/crops/lettuce_20260819_130003/P06.jpg,/hydroponic_project/data_collection/crops/lettuce_20260819_130003/P06_224.jpg,30.37,33.1,67.2,6.57,2.6476,1.591,795.4,2.3076,OK,29999,3.240506410598755,1.0118962526321411,298.40966796875
CAP_20260819_130003,2026-08-19 13:00:03,P07,/hydroponic_project/data_collection/images/lettuce_20260819_130003.jpg,/hydroponic_project/data_collection/crops/lettuce_20260819_130003/P07.jpg,/hydroponic_project/data_collection/crops/lettuce_20260819_130003/P07_224.jpg,30.37,33.1,67.2,6.57,2.6476,1.591,795.4,2.3076,OK,29999,3.240506410598755,1.0118962526321411,298.40966796875
CAP_20260819_130003,2026-08-19 13:00:03,P08,/hydroponic_project/data_collection/images/lettuce_20260819_130003.jpg,/hydroponic_project/data_collection/crops/lettuce_20260819_130003/P08.jpg,/hydroponic_project/data_collection/crops/lettuce_20260819_130003/P08_224.jpg,30.37,33.1,67.2,6.57,2.6476,1.591,795.4,2.3076,OK,29999,3.240506410598755,1.0118962526321411,298.40966796875
CAP_20260819_130003,2026-08-19 13:00:03,P09,/hydroponic_project/data_collection/images/lettuce_20260819_130003.jpg,/hydroponic_project/data_collection/crops/lettuce_20260819_130003/P09.jpg,/hydroponic_project/data_collection/crops/lettuce_20260819_130003/P09_224.jpg,30.37,33.1,67.2,6.57,2.6476,1.591,795.4,2.3076,OK,29999,3.240506410598755,1.0118962526321411,298.40966796875
CAP_20260819_130003,2026-08-19 13:00:03,P10,/hydroponic_project/data_collection/images/lettuce_20260819_130003.jpg,/hydroponic_project/data_collection/crops/lettuce_20260819_130003/P10.jpg,/hydroponic_project/data_collection/crops/lettuce_20260819_130003/P10_224.jpg,30.37,33.1,67.2,6.57,2.6476,1.591,795.4,2.3076,OK,29999,3.240506410598755,1.0118962526321411,298.40966796875
CAP_20260819_130003,2026-08-19 13:00:03,P11,/hydroponic_project/data_collection/images/lettuce_20260819_130003.jpg,/hydroponic_project/data_collection/crops/lettuce_20260819_130003/P11.jpg,/hydroponic_project/data_collection/crops/lettuce_20260819_130003/P11_224.jpg,30.37,33.1,67.2,6.57,2.6476,1.591,795.4,2.3076,OK,29999,3.240506410598755,1.0118962526321411,298.40966796875
CAP_20260819_130003,2026-08-19 13:00:03,P12,/hydroponic_project/data_collection/images/lettuce_20260819_130003.jpg,/hydroponic_project/data_collection/crops/lettuce_20260819_130003/P12.jpg,/hydroponic_project/data_collection/crops/lettuce_20260819_130003/P12_224.jpg,30.37,33.1,67.2,6.57,2.6476,1.591,795.4,2.3076,OK,29999,3.240506410598755,1.0118962526321411,298.40966796875
CAP_20260819_140003,2026-08-19 14:00:03,P01,/hydroponic_project/data_collection/images/lettuce_20260819_140003.jpg,/hydroponic_project/data_collection/crops/lettuce_20260819_140003/P01.jpg,/hydroponic_project/data_collection/crops/lettuce_20260819_140003/P01_224.jpg,30.62,32.9,67.7,6.73,2.6231,1.571,785.7,2.3013,OK,29999,2.9767441749572754,1.0092051029205322,330.4953308105469
CAP_20260819_140003,2026-08-19 14:00:03,P02,/hydroponic_project/data_collection/images/lettuce_20260819_140003.jpg,/hydroponic_project/data_collection/crops/lettuce_20260819_140003/P02.jpg,/hydroponic_project/data_collection/crops/lettuce_20260819_140003/P02_224.jpg,30.62,32.9,67.7,6.73,2.6231,1.571,785.7,2.3013,OK,29999,2.9767441749572754,1.0092051029205322,330.4953308105469
CAP_20260819_140003,2026-08-19 14:00:03,P03,/hydroponic_project/data_collection/images/lettuce_20260819_140003.jpg,/hydroponic_project/data_collection/crops/lettuce_20260819_140003/P03.jpg,/hydroponic_project/data_collection/crops/lettuce_20260819_140003/P03_224.jpg,30.62,32.9,67.7,6.73,2.6231,1.571,785.7,2.3013,OK,29999,2.9767441749572754,1.0092051029205322,330.4953308105469
CAP_20260819_140003,2026-08-19 14:00:03,P04,/hydroponic_project/data_collection/images/lettuce_20260819_140003.jpg,/hydroponic_project/data_collection/crops/lettuce_20260819_140003/P04.jpg,/hydroponic_project/data_collection/crops/lettuce_20260819_140003/P04_224.jpg,30.62,32.9,67.7,6.73,2.6231,1.571,785.7,2.3013,OK,29999,2.9767441749572754,1.0092051029205322,330.4953308105469
CAP_20260819_140003,2026-08-19 14:00:03,P05,/hydroponic_project/data_collection/images/lettuce_20260819_140003.jpg,/hydroponic_project/data_collection/crops/lettuce_20260819_140003/P05.jpg,/hydroponic_project/data_collection/crops/lettuce_20260819_140003/P05_224.jpg,30.62,32.9,67.7,6.73,2.6231,1.571,785.7,2.3013,OK,29999,2.9767441749572754,1.0092051029205322,330.4953308105469
CAP_20260819_140003,2026-08-19 14:00:03,P06,/hydroponic_project/data_collection/images/lettuce_20260819_140003.jpg,/hydroponic_project/data_collection/crops/lettuce_20260819_140003/P06.jpg,/hydroponic_project/data_collection/crops/lettuce_20260819_140003/P06_224.jpg,30.62,32.9,67.7,6.73,2.6231,1.571,785.7,2.3013,OK,29999,2.9767441749572754,1.0092051029205322,330.4953308105469
CAP_20260819_140003,2026-08-19 14:00:03,P07,/hydroponic_project/data_collection/images/lettuce_20260819_140003.jpg,/hydroponic_project/data_collection/crops/lettuce_20260819_140003/P07.jpg,/hydroponic_project/data_collection/crops/lettuce_20260819_140003/P07_224.jpg,30.62,32.9,67.7,6.73,2.6231,1.571,785.7,2.3013,OK,29999,2.9767441749572754,1.0092051029205322,330.4953308105469
CAP_20260819_140003,2026-08-19 14:00:03,P08,/hydroponic_project/data_collection/images/lettuce_20260819_140003.jpg,/hydroponic_project/data_collection/crops/lettuce_20260819_140003/P08.jpg,/hydroponic_project/data_collection/crops/lettuce_20260819_140003/P08_224.jpg,30.62,32.9,67.7,6.73,2.6231,1.571,785.7,2.3013,OK,29999,2.9767441749572754,1.0092051029205322,330.4953308105469
CAP_20260819_140003,2026-08-19 14:00:03,P09,/hydroponic_project/data_collection/images/lettuce_20260819_140003.jpg,/hydroponic_project/data_collection/crops/lettuce_20260819_140003/P09.jpg,/hydroponic_project/data_collection/crops/lettuce_20260819_140003/P09_224.jpg,30.62,32.9,67.7,6.73,2.6231,1.571,785.7,2.3013,OK,29999,2.9767441749572754,1.0092051029205322,330.4953308105469
CAP_20260819_140003,2026-08-19 14:00:03,P10,/hydroponic_project/data_collection/images/lettuce_20260819_140003.jpg,/hydroponic_project/data_collection/crops/lettuce_20260819_140003/P10.jpg,/hydroponic_project/data_collection/crops/lettuce_20260819_140003/P10_224.jpg,30.62,32.9,67.7,6.73,2.6231,1.571,785.7,2.3013,OK,29999,2.9767441749572754,1.0092051029205322,330.4953308105469
CAP_20260819_140003,2026-08-19 14:00:03,P11,/hydroponic_project/data_collection/images/lettuce_20260819_140003.jpg,/hydroponic_project/data_collection/crops/lettuce_20260819_140003/P11.jpg,/hydroponic_project/data_collection/crops/lettuce_20260819_140003/P11_224.jpg,30.62,32.9,67.7,6.73,2.6231,1.571,785.7,2.3013,OK,29999,2.9767441749572754,1.0092051029205322,330.4953308105469
CAP_20260819_140003,2026-08-19 14:00:03,P12,/hydroponic_project/data_collection/images/lettuce_20260819_140003.jpg,/hydroponic_project/data_collection/crops/lettuce_20260819_140003/P12.jpg,/hydroponic_project/data_collection/crops/lettuce_20260819_140003/P12_224.jpg,30.62,32.9,67.7,6.73,2.6231,1.571,785.7,2.3013,OK,29999,2.9767441749572754,1.0092051029205322,330.4953308105469
CAP_20260819_150003,2026-08-19 15:00:03,P01,/hydroponic_project/data_collection/images/lettuce_20260819_150003.jpg,/hydroponic_project/data_collection/crops/lettuce_20260819_150003/P01.jpg,/hydroponic_project/data_collection/crops/lettuce_20260819_150003/P01_224.jpg,30.62,32.9,67.2,6.82,2.6071,1.563,781.5,2.2939,OK,29999,3.240506410598755,1.0110580921173096,288.03607177734375
CAP_20260819_150003,2026-08-19 15:00:03,P02,/hydroponic_project/data_collection/images/lettuce_20260819_150003.jpg,/hydroponic_project/data_collection/crops/lettuce_20260819_150003/P02.jpg,/hydroponic_project/data_collection/crops/lettuce_20260819_150003/P02_224.jpg,30.62,32.9,67.2,6.82,2.6071,1.563,781.5,2.2939,OK,29999,3.240506410598755,1.0110580921173096,288.03607177734375
CAP_20260819_150003,2026-08-19 15:00:03,P03,/hydroponic_project/data_collection/images/lettuce_20260819_150003.jpg,/hydroponic_project/data_collection/crops/lettuce_20260819_150003/P03.jpg,/hydroponic_project/data_collection/crops/lettuce_20260819_150003/P03_224.jpg,30.62,32.9,67.2,6.82,2.6071,1.563,781.5,2.2939,OK,29999,3.240506410598755,1.0110580921173096,288.03607177734375
CAP_20260819_150003,2026-08-19 15:00:03,P04,/hydroponic_project/data_collection/images/lettuce_20260819_150003.jpg,/hydroponic_project/data_collection/crops/lettuce_20260819_150003/P04.jpg,/hydroponic_project/data_collection/crops/lettuce_20260819_150003/P04_224.jpg,30.62,32.9,67.2,6.82,2.6071,1.563,781.5,2.2939,OK,29999,3.240506410598755,1.0110580921173096,288.03607177734375
CAP_20260819_150003,2026-08-19 15:00:03,P05,/hydroponic_project/data_collection/images/lettuce_20260819_150003.jpg,/hydroponic_project/data_collection/crops/lettuce_20260819_150003/P05.jpg,/hydroponic_project/data_collection/crops/lettuce_20260819_150003/P05_224.jpg,30.62,32.9,67.2,6.82,2.6071,1.563,781.5,2.2939,OK,29999,3.240506410598755,1.0110580921173096,288.03607177734375
CAP_20260819_150003,2026-08-19 15:00:03,P06,/hydroponic_project/data_collection/images/lettuce_20260819_150003.jpg,/hydroponic_project/data_collection/crops/lettuce_20260819_150003/P06.jpg,/hydroponic_project/data_collection/crops/lettuce_20260819_150003/P06_224.jpg,30.62,32.9,67.2,6.82,2.6071,1.563,781.5,2.2939,OK,29999,3.240506410598755,1.0110580921173096,288.03607177734375
CAP_20260819_150003,2026-08-19 15:00:03,P07,/hydroponic_project/data_collection/images/lettuce_20260819_150003.jpg,/hydroponic_project/data_collection/crops/lettuce_20260819_150003/P07.jpg,/hydroponic_project/data_collection/crops/lettuce_20260819_150003/P07_224.jpg,30.62,32.9,67.2,6.82,2.6071,1.563,781.5,2.2939,OK,29999,3.240506410598755,1.0110580921173096,288.03607177734375
CAP_20260819_150003,2026-08-19 15:00:03,P08,/hydroponic_project/data_collection/images/lettuce_20260819_150003.jpg,/hydroponic_project/data_collection/crops/lettuce_20260819_150003/P08.jpg,/hydroponic_project/data_collection/crops/lettuce_20260819_150003/P08_224.jpg,30.62,32.9,67.2,6.82,2.6071,1.563,781.5,2.2939,OK,29999,3.240506410598755,1.0110580921173096,288.03607177734375
CAP_20260819_150003,2026-08-19 15:00:03,P09,/hydroponic_project/data_collection/images/lettuce_20260819_150003.jpg,/hydroponic_project/data_collection/crops/lettuce_20260819_150003/P09.jpg,/hydroponic_project/data_collection/crops/lettuce_20260819_150003/P09_224.jpg,30.62,32.9,67.2,6.82,2.6071,1.563,781.5,2.2939,OK,29999,3.240506410598755,1.0110580921173096,288.03607177734375
CAP_20260819_150003,2026-08-19 15:00:03,P10,/hydroponic_project/data_collection/images/lettuce_20260819_150003.jpg,/hydroponic_project/data_collection/crops/lettuce_20260819_150003/P10.jpg,/hydroponic_project/data_collection/crops/lettuce_20260819_150003/P10_224.jpg,30.62,32.9,67.2,6.82,2.6071,1.563,781.5,2.2939,OK,29999,3.240506410598755,1.0110580921173096,288.03607177734375
CAP_20260819_150003,2026-08-19 15:00:03,P11,/hydroponic_project/data_collection/images/lettuce_20260819_150003.jpg,/hydroponic_project/data_collection/crops/lettuce_20260819_150003/P11.jpg,/hydroponic_project/data_collection/crops/lettuce_20260819_150003/P11_224.jpg,30.62,32.9,67.2,6.82,2.6071,1.563,781.5,2.2939,OK,29999,3.240506410598755,1.0110580921173096,288.03607177734375
CAP_20260819_150003,2026-08-19 15:00:03,P12,/hydroponic_project/data_collection/images/lettuce_20260819_150003.jpg,/hydroponic_project/data_collection/crops/lettuce_20260819_150003/P12.jpg,/hydroponic_project/data_collection/crops/lettuce_20260819_150003/P12_224.jpg,30.62,32.9,67.2,6.82,2.6071,1.563,781.5,2.2939,OK,29999,3.240506410598755,1.0110580921173096,288.03607177734375
CAP_20260819_160003,2026-08-19 16:00:03,P01,/hydroponic_project/data_collection/images/lettuce_20260819_160003.jpg,/hydroponic_project/data_collection/crops/lettuce_20260819_160003/P01.jpg,/hydroponic_project/data_collection/crops/lettuce_20260819_160003/P01_224.jpg,30.56,31.9,71.5,6.61,2.6413,1.554,777.0,2.2834,OK,29999,3.121951103210449,1.0007429122924805,301.8089904785156
CAP_20260819_160003,2026-08-19 16:00:03,P02,/hydroponic_project/data_collection/images/lettuce_20260819_160003.jpg,/hydroponic_project/data_collection/crops/lettuce_20260819_160003/P02.jpg,/hydroponic_project/data_collection/crops/lettuce_20260819_160003/P02_224.jpg,30.56,31.9,71.5,6.61,2.6413,1.554,777.0,2.2834,OK,29999,3.121951103210449,1.0007429122924805,301.8089904785156
CAP_20260819_160003,2026-08-19 16:00:03,P03,/hydroponic_project/data_collection/images/lettuce_20260819_160003.jpg,/hydroponic_project/data_collection/crops/lettuce_20260819_160003/P03.jpg,/hydroponic_project/data_collection/crops/lettuce_20260819_160003/P03_224.jpg,30.56,31.9,71.5,6.61,2.6413,1.554,777.0,2.2834,OK,29999,3.121951103210449,1.0007429122924805,301.8089904785156
CAP_20260819_160003,2026-08-19 16:00:03,P04,/hydroponic_project/data_collection/images/lettuce_20260819_160003.jpg,/hydroponic_project/data_collection/crops/lettuce_20260819_160003/P04.jpg,/hydroponic_project/data_collection/crops/lettuce_20260819_160003/P04_224.jpg,30.56,31.9,71.5,6.61,2.6413,1.554,777.0,2.2834,OK,29999,3.121951103210449,1.0007429122924805,301.8089904785156
CAP_20260819_160003,2026-08-19 16:00:03,P05,/hydroponic_project/data_collection/images/lettuce_20260819_160003.jpg,/hydroponic_project/data_collection/crops/lettuce_20260819_160003/P05.jpg,/hydroponic_project/data_collection/crops/lettuce_20260819_160003/P05_224.jpg,30.56,31.9,71.5,6.61,2.6413,1.554,777.0,2.2834,OK,29999,3.121951103210449,1.0007429122924805,301.8089904785156
CAP_20260819_160003,2026-08-19 16:00:03,P06,/hydroponic_project/data_collection/images/lettuce_20260819_160003.jpg,/hydroponic_project/data_collection/crops/lettuce_20260819_160003/P06.jpg,/hydroponic_project/data_collection/crops/lettuce_20260819_160003/P06_224.jpg,30.56,31.9,71.5,6.61,2.6413,1.554,777.0,2.2834,OK,29999,3.121951103210449,1.0007429122924805,301.8089904785156
CAP_20260819_160003,2026-08-19 16:00:03,P07,/hydroponic_project/data_collection/images/lettuce_20260819_160003.jpg,/hydroponic_project/data_collection/crops/lettuce_20260819_160003/P07.jpg,/hydroponic_project/data_collection/crops/lettuce_20260819_160003/P07_224.jpg,30.56,31.9,71.5,6.61,2.6413,1.554,777.0,2.2834,OK,29999,3.121951103210449,1.0007429122924805,301.8089904785156
CAP_20260819_160003,2026-08-19 16:00:03,P08,/hydroponic_project/data_collection/images/lettuce_20260819_160003.jpg,/hydroponic_project/data_collection/crops/lettuce_20260819_160003/P08.jpg,/hydroponic_project/data_collection/crops/lettuce_20260819_160003/P08_224.jpg,30.56,31.9,71.5,6.61,2.6413,1.554,777.0,2.2834,OK,29999,3.121951103210449,1.0007429122924805,301.8089904785156
CAP_20260819_160003,2026-08-19 16:00:03,P09,/hydroponic_project/data_collection/images/lettuce_20260819_160003.jpg,/hydroponic_project/data_collection/crops/lettuce_20260819_160003/P09.jpg,/hydroponic_project/data_collection/crops/lettuce_20260819_160003/P09_224.jpg,30.56,31.9,71.5,6.61,2.6413,1.554,777.0,2.2834,OK,29999,3.121951103210449,1.0007429122924805,301.8089904785156
CAP_20260819_160003,2026-08-19 16:00:03,P10,/hydroponic_project/data_collection/images/lettuce_20260819_160003.jpg,/hydroponic_project/data_collection/crops/lettuce_20260819_160003/P10.jpg,/hydroponic_project/data_collection/crops/lettuce_20260819_160003/P10_224.jpg,30.56,31.9,71.5,6.61,2.6413,1.554,777.0,2.2834,OK,29999,3.121951103210449,1.0007429122924805,301.8089904785156
CAP_20260819_160003,2026-08-19 16:00:03,P11,/hydroponic_project/data_collection/images/lettuce_20260819_160003.jpg,/hydroponic_project/data_collection/crops/lettuce_20260819_160003/P11.jpg,/hydroponic_project/data_collection/crops/lettuce_20260819_160003/P11_224.jpg,30.56,31.9,71.5,6.61,2.6413,1.554,777.0,2.2834,OK,29999,3.121951103210449,1.0007429122924805,301.8089904785156
CAP_20260819_160003,2026-08-19 16:00:03,P12,/hydroponic_project/data_collection/images/lettuce_20260819_160003.jpg,/hydroponic_project/data_collection/crops/lettuce_20260819_160003/P12.jpg,/hydroponic_project/data_collection/crops/lettuce_20260819_160003/P12_224.jpg,30.56,31.9,71.5,6.61,2.6413,1.554,777.0,2.2834,OK,29999,3.121951103210449,1.0007429122924805,301.8089904785156
CAP_20260819_170004,2026-08-19 17:00:04,P01,/hydroponic_project/data_collection/images/lettuce_20260819_170004.jpg,/hydroponic_project/data_collection/crops/lettuce_20260819_170004/P01.jpg,/hydroponic_project/data_collection/crops/lettuce_20260819_170004/P01_224.jpg,30.37,31.8,71.2,6.64,2.6364,1.552,775.9,2.2739,OK,44479,4.0,1.0000383853912354,163.33676147460938
CAP_20260819_170004,2026-08-19 17:00:04,P02,/hydroponic_project/data_collection/images/lettuce_20260819_170004.jpg,/hydroponic_project/data_collection/crops/lettuce_20260819_170004/P02.jpg,/hydroponic_project/data_collection/crops/lettuce_20260819_170004/P02_224.jpg,30.37,31.8,71.2,6.64,2.6364,1.552,775.9,2.2739,OK,44479,4.0,1.0000383853912354,163.33676147460938
CAP_20260819_170004,2026-08-19 17:00:04,P03,/hydroponic_project/data_collection/images/lettuce_20260819_170004.jpg,/hydroponic_project/data_collection/crops/lettuce_20260819_170004/P03.jpg,/hydroponic_project/data_collection/crops/lettuce_20260819_170004/P03_224.jpg,30.37,31.8,71.2,6.64,2.6364,1.552,775.9,2.2739,OK,44479,4.0,1.0000383853912354,163.33676147460938
CAP_20260819_170004,2026-08-19 17:00:04,P04,/hydroponic_project/data_collection/images/lettuce_20260819_170004.jpg,/hydroponic_project/data_collection/crops/lettuce_20260819_170004/P04.jpg,/hydroponic_project/data_collection/crops/lettuce_20260819_170004/P04_224.jpg,30.37,31.8,71.2,6.64,2.6364,1.552,775.9,2.2739,OK,44479,4.0,1.0000383853912354,163.33676147460938
CAP_20260819_170004,2026-08-19 17:00:04,P05,/hydroponic_project/data_collection/images/lettuce_20260819_170004.jpg,/hydroponic_project/data_collection/crops/lettuce_20260819_170004/P05.jpg,/hydroponic_project/data_collection/crops/lettuce_20260819_170004/P05_224.jpg,30.37,31.8,71.2,6.64,2.6364,1.552,775.9,2.2739,OK,44479,4.0,1.0000383853912354,163.33676147460938
CAP_20260819_170004,2026-08-19 17:00:04,P06,/hydroponic_project/data_collection/images/lettuce_20260819_170004.jpg,/hydroponic_project/data_collection/crops/lettuce_20260819_170004/P06.jpg,/hydroponic_project/data_collection/crops/lettuce_20260819_170004/P06_224.jpg,30.37,31.8,71.2,6.64,2.6364,1.552,775.9,2.2739,OK,44479,4.0,1.0000383853912354,163.33676147460938
CAP_20260819_170004,2026-08-19 17:00:04,P07,/hydroponic_project/data_collection/images/lettuce_20260819_170004.jpg,/hydroponic_project/data_collection/crops/lettuce_20260819_170004/P07.jpg,/hydroponic_project/data_collection/crops/lettuce_20260819_170004/P07_224.jpg,30.37,31.8,71.2,6.64,2.6364,1.552,775.9,2.2739,OK,44479,4.0,1.0000383853912354,163.33676147460938
CAP_20260819_170004,2026-08-19 17:00:04,P08,/hydroponic_project/data_collection/images/lettuce_20260819_170004.jpg,/hydroponic_project/data_collection/crops/lettuce_20260819_170004/P08.jpg,/hydroponic_project/data_collection/crops/lettuce_20260819_170004/P08_224.jpg,30.37,31.8,71.2,6.64,2.6364,1.552,775.9,2.2739,OK,44479,4.0,1.0000383853912354,163.33676147460938
CAP_20260819_170004,2026-08-19 17:00:04,P09,/hydroponic_project/data_collection/images/lettuce_20260819_170004.jpg,/hydroponic_project/data_collection/crops/lettuce_20260819_170004/P09.jpg,/hydroponic_project/data_collection/crops/lettuce_20260819_170004/P09_224.jpg,30.37,31.8,71.2,6.64,2.6364,1.552,775.9,2.2739,OK,44479,4.0,1.0000383853912354,163.33676147460938
CAP_20260819_170004,2026-08-19 17:00:04,P10,/hydroponic_project/data_collection/images/lettuce_20260819_170004.jpg,/hydroponic_project/data_collection/crops/lettuce_20260819_170004/P10.jpg,/hydroponic_project/data_collection/crops/lettuce_20260819_170004/P10_224.jpg,30.37,31.8,71.2,6.64,2.6364,1.552,775.9,2.2739,OK,44479,4.0,1.0000383853912354,163.33676147460938
CAP_20260819_170004,2026-08-19 17:00:04,P11,/hydroponic_project/data_collection/images/lettuce_20260819_170004.jpg,/hydroponic_project/data_collection/crops/lettuce_20260819_170004/P11.jpg,/hydroponic_project/data_collection/crops/lettuce_20260819_170004/P11_224.jpg,30.37,31.8,71.2,6.64,2.6364,1.552,775.9,2.2739,OK,44479,4.0,1.0000383853912354,163.33676147460938
CAP_20260819_170004,2026-08-19 17:00:04,P12,/hydroponic_project/data_collection/images/lettuce_20260819_170004.jpg,/hydroponic_project/data_collection/crops/lettuce_20260819_170004/P12.jpg,/hydroponic_project/data_collection/crops/lettuce_20260819_170004/P12_224.jpg,30.37,31.8,71.2,6.64,2.6364,1.552,775.9,2.2739,OK,44479,4.0,1.0000383853912354,163.33676147460938
CAP_20260819_180003,2026-08-19 18:00:03,P01,/hydroponic_project/data_collection/images/lettuce_20260819_180003.jpg,/hydroponic_project/data_collection/crops/lettuce_20260819_180003/P01.jpg,/hydroponic_project/data_collection/crops/lettuce_20260819_180003/P01_224.jpg,30.12,31.2,71.8,6.95,2.5874,1.551,775.7,2.2631,OK,66653,9.84615421295166,1.0158113241195679,43.8072395324707
CAP_20260819_180003,2026-08-19 18:00:03,P02,/hydroponic_project/data_collection/images/lettuce_20260819_180003.jpg,/hydroponic_project/data_collection/crops/lettuce_20260819_180003/P02.jpg,/hydroponic_project/data_collection/crops/lettuce_20260819_180003/P02_224.jpg,30.12,31.2,71.8,6.95,2.5874,1.551,775.7,2.2631,OK,66653,9.84615421295166,1.0158113241195679,43.8072395324707
CAP_20260819_180003,2026-08-19 18:00:03,P03,/hydroponic_project/data_collection/images/lettuce_20260819_180003.jpg,/hydroponic_project/data_collection/crops/lettuce_20260819_180003/P03.jpg,/hydroponic_project/data_collection/crops/lettuce_20260819_180003/P03_224.jpg,30.12,31.2,71.8,6.95,2.5874,1.551,775.7,2.2631,OK,66653,9.84615421295166,1.0158113241195679,43.8072395324707
CAP_20260819_180003,2026-08-19 18:00:03,P04,/hydroponic_project/data_collection/images/lettuce_20260819_180003.jpg,/hydroponic_project/data_collection/crops/lettuce_20260819_180003/P04.jpg,/hydroponic_project/data_collection/crops/lettuce_20260819_180003/P04_224.jpg,30.12,31.2,71.8,6.95,2.5874,1.551,775.7,2.2631,OK,66653,9.84615421295166,1.0158113241195679,43.8072395324707
CAP_20260819_180003,2026-08-19 18:00:03,P05,/hydroponic_project/data_collection/images/lettuce_20260819_180003.jpg,/hydroponic_project/data_collection/crops/lettuce_20260819_180003/P05.jpg,/hydroponic_project/data_collection/crops/lettuce_20260819_180003/P05_224.jpg,30.12,31.2,71.8,6.95,2.5874,1.551,775.7,2.2631,OK,66653,9.84615421295166,1.0158113241195679,43.8072395324707
CAP_20260819_180003,2026-08-19 18:00:03,P06,/hydroponic_project/data_collection/images/lettuce_20260819_180003.jpg,/hydroponic_project/data_collection/crops/lettuce_20260819_180003/P06.jpg,/hydroponic_project/data_collection/crops/lettuce_20260819_180003/P06_224.jpg,30.12,31.2,71.8,6.95,2.5874,1.551,775.7,2.2631,OK,66653,9.84615421295166,1.0158113241195679,43.8072395324707
CAP_20260819_180003,2026-08-19 18:00:03,P07,/hydroponic_project/data_collection/images/lettuce_20260819_180003.jpg,/hydroponic_project/data_collection/crops/lettuce_20260819_180003/P07.jpg,/hydroponic_project/data_collection/crops/lettuce_20260819_180003/P07_224.jpg,30.12,31.2,71.8,6.95,2.5874,1.551,775.7,2.2631,OK,66653,9.84615421295166,1.0158113241195679,43.8072395324707
CAP_20260819_180003,2026-08-19 18:00:03,P08,/hydroponic_project/data_collection/images/lettuce_20260819_180003.jpg,/hydroponic_project/data_collection/crops/lettuce_20260819_180003/P08.jpg,/hydroponic_project/data_collection/crops/lettuce_20260819_180003/P08_224.jpg,30.12,31.2,71.8,6.95,2.5874,1.551,775.7,2.2631,OK,66653,9.84615421295166,1.0158113241195679,43.8072395324707
CAP_20260819_180003,2026-08-19 18:00:03,P09,/hydroponic_project/data_collection/images/lettuce_20260819_180003.jpg,/hydroponic_project/data_collection/crops/lettuce_20260819_180003/P09.jpg,/hydroponic_project/data_collection/crops/lettuce_20260819_180003/P09_224.jpg,30.12,31.2,71.8,6.95,2.5874,1.551,775.7,2.2631,OK,66653,9.84615421295166,1.0158113241195679,43.8072395324707
CAP_20260819_180003,2026-08-19 18:00:03,P10,/hydroponic_project/data_collection/images/lettuce_20260819_180003.jpg,/hydroponic_project/data_collection/crops/lettuce_20260819_180003/P10.jpg,/hydroponic_project/data_collection/crops/lettuce_20260819_180003/P10_224.jpg,30.12,31.2,71.8,6.95,2.5874,1.551,775.7,2.2631,OK,66653,9.84615421295166,1.0158113241195679,43.8072395324707
CAP_20260819_180003,2026-08-19 18:00:03,P11,/hydroponic_project/data_collection/images/lettuce_20260819_180003.jpg,/hydroponic_project/data_collection/crops/lettuce_20260819_180003/P11.jpg,/hydroponic_project/data_collection/crops/lettuce_20260819_180003/P11_224.jpg,30.12,31.2,71.8,6.95,2.5874,1.551,775.7,2.2631,OK,66653,9.84615421295166,1.0158113241195679,43.8072395324707
CAP_20260819_180003,2026-08-19 18:00:03,P12,/hydroponic_project/data_collection/images/lettuce_20260819_180003.jpg,/hydroponic_project/data_collection/crops/lettuce_20260819_180003/P12.jpg,/hydroponic_project/data_collection/crops/lettuce_20260819_180003/P12_224.jpg,30.12,31.2,71.8,6.95,2.5874,1.551,775.7,2.2631,OK,66653,9.84615421295166,1.0158113241195679,43.8072395324707
CAP_20260819_190004,2026-08-19 19:00:04,P01,/hydroponic_project/data_collection/images/lettuce_20260819_190004.jpg,/hydroponic_project/data_collection/crops/lettuce_20260819_190004/P01.jpg,/hydroponic_project/data_collection/crops/lettuce_20260819_190004/P01_224.jpg,29.75,30.7,74.9,6.74,2.6215,1.554,777.1,2.2503,OK,66653,9.84615421295166,1.0158113241195679,5.934418201446533
CAP_20260819_190004,2026-08-19 19:00:04,P02,/hydroponic_project/data_collection/images/lettuce_20260819_190004.jpg,/hydroponic_project/data_collection/crops/lettuce_20260819_190004/P02.jpg,/hydroponic_project/data_collection/crops/lettuce_20260819_190004/P02_224.jpg,29.75,30.7,74.9,6.74,2.6215,1.554,777.1,2.2503,OK,66653,9.84615421295166,1.0158113241195679,5.934418201446533
CAP_20260819_190004,2026-08-19 19:00:04,P03,/hydroponic_project/data_collection/images/lettuce_20260819_190004.jpg,/hydroponic_project/data_collection/crops/lettuce_20260819_190004/P03.jpg,/hydroponic_project/data_collection/crops/lettuce_20260819_190004/P03_224.jpg,29.75,30.7,74.9,6.74,2.6215,1.554,777.1,2.2503,OK,66653,9.84615421295166,1.0158113241195679,5.934418201446533
CAP_20260819_190004,2026-08-19 19:00:04,P04,/hydroponic_project/data_collection/images/lettuce_20260819_190004.jpg,/hydroponic_project/data_collection/crops/lettuce_20260819_190004/P04.jpg,/hydroponic_project/data_collection/crops/lettuce_20260819_190004/P04_224.jpg,29.75,30.7,74.9,6.74,2.6215,1.554,777.1,2.2503,OK,66653,9.84615421295166,1.0158113241195679,5.934418201446533
CAP_20260819_190004,2026-08-19 19:00:04,P05,/hydroponic_project/data_collection/images/lettuce_20260819_190004.jpg,/hydroponic_project/data_collection/crops/lettuce_20260819_190004/P05.jpg,/hydroponic_project/data_collection/crops/lettuce_20260819_190004/P05_224.jpg,29.75,30.7,74.9,6.74,2.6215,1.554,777.1,2.2503,OK,66653,9.84615421295166,1.0158113241195679,5.934418201446533
CAP_20260819_190004,2026-08-19 19:00:04,P06,/hydroponic_project/data_collection/images/lettuce_20260819_190004.jpg,/hydroponic_project/data_collection/crops/lettuce_20260819_190004/P06.jpg,/hydroponic_project/data_collection/crops/lettuce_20260819_190004/P06_224.jpg,29.75,30.7,74.9,6.74,2.6215,1.554,777.1,2.2503,OK,66653,9.84615421295166,1.0158113241195679,5.934418201446533
CAP_20260819_190004,2026-08-19 19:00:04,P07,/hydroponic_project/data_collection/images/lettuce_20260819_190004.jpg,/hydroponic_project/data_collection/crops/lettuce_20260819_190004/P07.jpg,/hydroponic_project/data_collection/crops/lettuce_20260819_190004/P07_224.jpg,29.75,30.7,74.9,6.74,2.6215,1.554,777.1,2.2503,OK,66653,9.84615421295166,1.0158113241195679,5.934418201446533
CAP_20260819_190004,2026-08-19 19:00:04,P08,/hydroponic_project/data_collection/images/lettuce_20260819_190004.jpg,/hydroponic_project/data_collection/crops/lettuce_20260819_190004/P08.jpg,/hydroponic_project/data_collection/crops/lettuce_20260819_190004/P08_224.jpg,29.75,30.7,74.9,6.74,2.6215,1.554,777.1,2.2503,OK,66653,9.84615421295166,1.0158113241195679,5.934418201446533
CAP_20260819_190004,2026-08-19 19:00:04,P09,/hydroponic_project/data_collection/images/lettuce_20260819_190004.jpg,/hydroponic_project/data_collection/crops/lettuce_20260819_190004/P09.jpg,/hydroponic_project/data_collection/crops/lettuce_20260819_190004/P09_224.jpg,29.75,30.7,74.9,6.74,2.6215,1.554,777.1,2.2503,OK,66653,9.84615421295166,1.0158113241195679,5.934418201446533
CAP_20260819_190004,2026-08-19 19:00:04,P10,/hydroponic_project/data_collection/images/lettuce_20260819_190004.jpg,/hydroponic_project/data_collection/crops/lettuce_20260819_190004/P10.jpg,/hydroponic_project/data_collection/crops/lettuce_20260819_190004/P10_224.jpg,29.75,30.7,74.9,6.74,2.6215,1.554,777.1,2.2503,OK,66653,9.84615421295166,1.0158113241195679,5.934418201446533
CAP_20260819_190004,2026-08-19 19:00:04,P11,/hydroponic_project/data_collection/images/lettuce_20260819_190004.jpg,/hydroponic_project/data_collection/crops/lettuce_20260819_190004/P11.jpg,/hydroponic_project/data_collection/crops/lettuce_20260819_190004/P11_224.jpg,29.75,30.7,74.9,6.74,2.6215,1.554,777.1,2.2503,OK,66653,9.84615421295166,1.0158113241195679,5.934418201446533
CAP_20260819_190004,2026-08-19 19:00:04,P12,/hydroponic_project/data_collection/images/lettuce_20260819_190004.jpg,/hydroponic_project/data_collection/crops/lettuce_20260819_190004/P12.jpg,/hydroponic_project/data_collection/crops/lettuce_20260819_190004/P12_224.jpg,29.75,30.7,74.9,6.74,2.6215,1.554,777.1,2.2503,OK,66653,9.84615421295166,1.0158113241195679,5.934418201446533
CAP_20260819_200003,2026-08-19 20:00:03,P01,/hydroponic_project/data_collection/images/lettuce_20260819_200003.jpg,/hydroponic_project/data_collection/crops/lettuce_20260819_200003/P01.jpg,/hydroponic_project/data_collection/crops/lettuce_20260819_200003/P01_224.jpg,29.56,30.5,76.2,7.04,2.5725,1.552,776.1,2.2408,OK,66653,9.84615421295166,1.0158113241195679,11.72050952911377
CAP_20260819_200003,2026-08-19 20:00:03,P02,/hydroponic_project/data_collection/images/lettuce_20260819_200003.jpg,/hydroponic_project/data_collection/crops/lettuce_20260819_200003/P02.jpg,/hydroponic_project/data_collection/crops/lettuce_20260819_200003/P02_224.jpg,29.56,30.5,76.2,7.04,2.5725,1.552,776.1,2.2408,OK,66653,9.84615421295166,1.0158113241195679,11.72050952911377
CAP_20260819_200003,2026-08-19 20:00:03,P03,/hydroponic_project/data_collection/images/lettuce_20260819_200003.jpg,/hydroponic_project/data_collection/crops/lettuce_20260819_200003/P03.jpg,/hydroponic_project/data_collection/crops/lettuce_20260819_200003/P03_224.jpg,29.56,30.5,76.2,7.04,2.5725,1.552,776.1,2.2408,OK,66653,9.84615421295166,1.0158113241195679,11.72050952911377
CAP_20260819_200003,2026-08-19 20:00:03,P04,/hydroponic_project/data_collection/images/lettuce_20260819_200003.jpg,/hydroponic_project/data_collection/crops/lettuce_20260819_200003/P04.jpg,/hydroponic_project/data_collection/crops/lettuce_20260819_200003/P04_224.jpg,29.56,30.5,76.2,7.04,2.5725,1.552,776.1,2.2408,OK,66653,9.84615421295166,1.0158113241195679,11.72050952911377
CAP_20260819_200003,2026-08-19 20:00:03,P05,/hydroponic_project/data_collection/images/lettuce_20260819_200003.jpg,/hydroponic_project/data_collection/crops/lettuce_20260819_200003/P05.jpg,/hydroponic_project/data_collection/crops/lettuce_20260819_200003/P05_224.jpg,29.56,30.5,76.2,7.04,2.5725,1.552,776.1,2.2408,OK,66653,9.84615421295166,1.0158113241195679,11.72050952911377
CAP_20260819_200003,2026-08-19 20:00:03,P06,/hydroponic_project/data_collection/images/lettuce_20260819_200003.jpg,/hydroponic_project/data_collection/crops/lettuce_20260819_200003/P06.jpg,/hydroponic_project/data_collection/crops/lettuce_20260819_200003/P06_224.jpg,29.56,30.5,76.2,7.04,2.5725,1.552,776.1,2.2408,OK,66653,9.84615421295166,1.0158113241195679,11.72050952911377
CAP_20260819_200003,2026-08-19 20:00:03,P07,/hydroponic_project/data_collection/images/lettuce_20260819_200003.jpg,/hydroponic_project/data_collection/crops/lettuce_20260819_200003/P07.jpg,/hydroponic_project/data_collection/crops/lettuce_20260819_200003/P07_224.jpg,29.56,30.5,76.2,7.04,2.5725,1.552,776.1,2.2408,OK,66653,9.84615421295166,1.0158113241195679,11.72050952911377
CAP_20260819_200003,2026-08-19 20:00:03,P08,/hydroponic_project/data_collection/images/lettuce_20260819_200003.jpg,/hydroponic_project/data_collection/crops/lettuce_20260819_200003/P08.jpg,/hydroponic_project/data_collection/crops/lettuce_20260819_200003/P08_224.jpg,29.56,30.5,76.2,7.04,2.5725,1.552,776.1,2.2408,OK,66653,9.84615421295166,1.0158113241195679,11.72050952911377
CAP_20260819_200003,2026-08-19 20:00:03,P09,/hydroponic_project/data_collection/images/lettuce_20260819_200003.jpg,/hydroponic_project/data_collection/crops/lettuce_20260819_200003/P09.jpg,/hydroponic_project/data_collection/crops/lettuce_20260819_200003/P09_224.jpg,29.56,30.5,76.2,7.04,2.5725,1.552,776.1,2.2408,OK,66653,9.84615421295166,1.0158113241195679,11.72050952911377
CAP_20260819_200003,2026-08-19 20:00:03,P10,/hydroponic_project/data_collection/images/lettuce_20260819_200003.jpg,/hydroponic_project/data_collection/crops/lettuce_20260819_200003/P10.jpg,/hydroponic_project/data_collection/crops/lettuce_20260819_200003/P10_224.jpg,29.56,30.5,76.2,7.04,2.5725,1.552,776.1,2.2408,OK,66653,9.84615421295166,1.0158113241195679,11.72050952911377
CAP_20260819_200003,2026-08-19 20:00:03,P11,/hydroponic_project/data_collection/images/lettuce_20260819_200003.jpg,/hydroponic_project/data_collection/crops/lettuce_20260819_200003/P11.jpg,/hydroponic_project/data_collection/crops/lettuce_20260819_200003/P11_224.jpg,29.56,30.5,76.2,7.04,2.5725,1.552,776.1,2.2408,OK,66653,9.84615421295166,1.0158113241195679,11.72050952911377
CAP_20260819_200003,2026-08-19 20:00:03,P12,/hydroponic_project/data_collection/images/lettuce_20260819_200003.jpg,/hydroponic_project/data_collection/crops/lettuce_20260819_200003/P12.jpg,/hydroponic_project/data_collection/crops/lettuce_20260819_200003/P12_224.jpg,29.56,30.5,76.2,7.04,2.5725,1.552,776.1,2.2408,OK,66653,9.84615421295166,1.0158113241195679,11.72050952911377
CAP_20260819_210003,2026-08-19 21:00:03,P01,/hydroponic_project/data_collection/images/lettuce_20260819_210003.jpg,/hydroponic_project/data_collection/crops/lettuce_20260819_210003/P01.jpg,/hydroponic_project/data_collection/crops/lettuce_20260819_210003/P01_224.jpg,29.5,30.4,77.6,6.99,2.581,1.547,773.5,2.2338,OK,66653,9.84615421295166,1.0158113241195679,11.694157600402832
CAP_20260819_210003,2026-08-19 21:00:03,P02,/hydroponic_project/data_collection/images/lettuce_20260819_210003.jpg,/hydroponic_project/data_collection/crops/lettuce_20260819_210003/P02.jpg,/hydroponic_project/data_collection/crops/lettuce_20260819_210003/P02_224.jpg,29.5,30.4,77.6,6.99,2.581,1.547,773.5,2.2338,OK,66653,9.84615421295166,1.0158113241195679,11.694157600402832
CAP_20260819_210003,2026-08-19 21:00:03,P03,/hydroponic_project/data_collection/images/lettuce_20260819_210003.jpg,/hydroponic_project/data_collection/crops/lettuce_20260819_210003/P03.jpg,/hydroponic_project/data_collection/crops/lettuce_20260819_210003/P03_224.jpg,29.5,30.4,77.6,6.99,2.581,1.547,773.5,2.2338,OK,66653,9.84615421295166,1.0158113241195679,11.694157600402832
CAP_20260819_210003,2026-08-19 21:00:03,P04,/hydroponic_project/data_collection/images/lettuce_20260819_210003.jpg,/hydroponic_project/data_collection/crops/lettuce_20260819_210003/P04.jpg,/hydroponic_project/data_collection/crops/lettuce_20260819_210003/P04_224.jpg,29.5,30.4,77.6,6.99,2.581,1.547,773.5,2.2338,OK,66653,9.84615421295166,1.0158113241195679,11.694157600402832
CAP_20260819_210003,2026-08-19 21:00:03,P05,/hydroponic_project/data_collection/images/lettuce_20260819_210003.jpg,/hydroponic_project/data_collection/crops/lettuce_20260819_210003/P05.jpg,/hydroponic_project/data_collection/crops/lettuce_20260819_210003/P05_224.jpg,29.5,30.4,77.6,6.99,2.581,1.547,773.5,2.2338,OK,66653,9.84615421295166,1.0158113241195679,11.694157600402832
CAP_20260819_210003,2026-08-19 21:00:03,P06,/hydroponic_project/data_collection/images/lettuce_20260819_210003.jpg,/hydroponic_project/data_collection/crops/lettuce_20260819_210003/P06.jpg,/hydroponic_project/data_collection/crops/lettuce_20260819_210003/P06_224.jpg,29.5,30.4,77.6,6.99,2.581,1.547,773.5,2.2338,OK,66653,9.84615421295166,1.0158113241195679,11.694157600402832
CAP_20260819_210003,2026-08-19 21:00:03,P07,/hydroponic_project/data_collection/images/lettuce_20260819_210003.jpg,/hydroponic_project/data_collection/crops/lettuce_20260819_210003/P07.jpg,/hydroponic_project/data_collection/crops/lettuce_20260819_210003/P07_224.jpg,29.5,30.4,77.6,6.99,2.581,1.547,773.5,2.2338,OK,66653,9.84615421295166,1.0158113241195679,11.694157600402832
CAP_20260819_210003,2026-08-19 21:00:03,P08,/hydroponic_project/data_collection/images/lettuce_20260819_210003.jpg,/hydroponic_project/data_collection/crops/lettuce_20260819_210003/P08.jpg,/hydroponic_project/data_collection/crops/lettuce_20260819_210003/P08_224.jpg,29.5,30.4,77.6,6.99,2.581,1.547,773.5,2.2338,OK,66653,9.84615421295166,1.0158113241195679,11.694157600402832
CAP_20260819_210003,2026-08-19 21:00:03,P09,/hydroponic_project/data_collection/images/lettuce_20260819_210003.jpg,/hydroponic_project/data_collection/crops/lettuce_20260819_210003/P09.jpg,/hydroponic_project/data_collection/crops/lettuce_20260819_210003/P09_224.jpg,29.5,30.4,77.6,6.99,2.581,1.547,773.5,2.2338,OK,66653,9.84615421295166,1.0158113241195679,11.694157600402832
CAP_20260819_210003,2026-08-19 21:00:03,P10,/hydroponic_project/data_collection/images/lettuce_20260819_210003.jpg,/hydroponic_project/data_collection/crops/lettuce_20260819_210003/P10.jpg,/hydroponic_project/data_collection/crops/lettuce_20260819_210003/P10_224.jpg,29.5,30.4,77.6,6.99,2.581,1.547,773.5,2.2338,OK,66653,9.84615421295166,1.0158113241195679,11.694157600402832
CAP_20260819_210003,2026-08-19 21:00:03,P11,/hydroponic_project/data_collection/images/lettuce_20260819_210003.jpg,/hydroponic_project/data_collection/crops/lettuce_20260819_210003/P11.jpg,/hydroponic_project/data_collection/crops/lettuce_20260819_210003/P11_224.jpg,29.5,30.4,77.6,6.99,2.581,1.547,773.5,2.2338,OK,66653,9.84615421295166,1.0158113241195679,11.694157600402832
CAP_20260819_210003,2026-08-19 21:00:03,P12,/hydroponic_project/data_collection/images/lettuce_20260819_210003.jpg,/hydroponic_project/data_collection/crops/lettuce_20260819_210003/P12.jpg,/hydroponic_project/data_collection/crops/lettuce_20260819_210003/P12_224.jpg,29.5,30.4,77.6,6.99,2.581,1.547,773.5,2.2338,OK,66653,9.84615421295166,1.0158113241195679,11.694157600402832
CAP_20260819_220003,2026-08-19 22:00:03,P01,/hydroponic_project/data_collection/images/lettuce_20260819_220003.jpg,/hydroponic_project/data_collection/crops/lettuce_20260819_220003/P01.jpg,/hydroponic_project/data_collection/crops/lettuce_20260819_220003/P01_224.jpg,29.37,30.1,79.2,7.01,2.5778,1.544,771.9,2.2259,OK,66653,9.84615421295166,1.0158113241195679,12.685568809509277
CAP_20260819_220003,2026-08-19 22:00:03,P02,/hydroponic_project/data_collection/images/lettuce_20260819_220003.jpg,/hydroponic_project/data_collection/crops/lettuce_20260819_220003/P02.jpg,/hydroponic_project/data_collection/crops/lettuce_20260819_220003/P02_224.jpg,29.37,30.1,79.2,7.01,2.5778,1.544,771.9,2.2259,OK,66653,9.84615421295166,1.0158113241195679,12.685568809509277
CAP_20260819_220003,2026-08-19 22:00:03,P03,/hydroponic_project/data_collection/images/lettuce_20260819_220003.jpg,/hydroponic_project/data_collection/crops/lettuce_20260819_220003/P03.jpg,/hydroponic_project/data_collection/crops/lettuce_20260819_220003/P03_224.jpg,29.37,30.1,79.2,7.01,2.5778,1.544,771.9,2.2259,OK,66653,9.84615421295166,1.0158113241195679,12.685568809509277
CAP_20260819_220003,2026-08-19 22:00:03,P04,/hydroponic_project/data_collection/images/lettuce_20260819_220003.jpg,/hydroponic_project/data_collection/crops/lettuce_20260819_220003/P04.jpg,/hydroponic_project/data_collection/crops/lettuce_20260819_220003/P04_224.jpg,29.37,30.1,79.2,7.01,2.5778,1.544,771.9,2.2259,OK,66653,9.84615421295166,1.0158113241195679,12.685568809509277
CAP_20260819_220003,2026-08-19 22:00:03,P05,/hydroponic_project/data_collection/images/lettuce_20260819_220003.jpg,/hydroponic_project/data_collection/crops/lettuce_20260819_220003/P05.jpg,/hydroponic_project/data_collection/crops/lettuce_20260819_220003/P05_224.jpg,29.37,30.1,79.2,7.01,2.5778,1.544,771.9,2.2259,OK,66653,9.84615421295166,1.0158113241195679,12.685568809509277
CAP_20260819_220003,2026-08-19 22:00:03,P06,/hydroponic_project/data_collection/images/lettuce_20260819_220003.jpg,/hydroponic_project/data_collection/crops/lettuce_20260819_220003/P06.jpg,/hydroponic_project/data_collection/crops/lettuce_20260819_220003/P06_224.jpg,29.37,30.1,79.2,7.01,2.5778,1.544,771.9,2.2259,OK,66653,9.84615421295166,1.0158113241195679,12.685568809509277
CAP_20260819_220003,2026-08-19 22:00:03,P07,/hydroponic_project/data_collection/images/lettuce_20260819_220003.jpg,/hydroponic_project/data_collection/crops/lettuce_20260819_220003/P07.jpg,/hydroponic_project/data_collection/crops/lettuce_20260819_220003/P07_224.jpg,29.37,30.1,79.2,7.01,2.5778,1.544,771.9,2.2259,OK,66653,9.84615421295166,1.0158113241195679,12.685568809509277
CAP_20260819_220003,2026-08-19 22:00:03,P08,/hydroponic_project/data_collection/images/lettuce_20260819_220003.jpg,/hydroponic_project/data_collection/crops/lettuce_20260819_220003/P08.jpg,/hydroponic_project/data_collection/crops/lettuce_20260819_220003/P08_224.jpg,29.37,30.1,79.2,7.01,2.5778,1.544,771.9,2.2259,OK,66653,9.84615421295166,1.0158113241195679,12.685568809509277
CAP_20260819_220003,2026-08-19 22:00:03,P09,/hydroponic_project/data_collection/images/lettuce_20260819_220003.jpg,/hydroponic_project/data_collection/crops/lettuce_20260819_220003/P09.jpg,/hydroponic_project/data_collection/crops/lettuce_20260819_220003/P09_224.jpg,29.37,30.1,79.2,7.01,2.5778,1.544,771.9,2.2259,OK,66653,9.84615421295166,1.0158113241195679,12.685568809509277
CAP_20260819_220003,2026-08-19 22:00:03,P10,/hydroponic_project/data_collection/images/lettuce_20260819_220003.jpg,/hydroponic_project/data_collection/crops/lettuce_20260819_220003/P10.jpg,/hydroponic_project/data_collection/crops/lettuce_20260819_220003/P10_224.jpg,29.37,30.1,79.2,7.01,2.5778,1.544,771.9,2.2259,OK,66653,9.84615421295166,1.0158113241195679,12.685568809509277
CAP_20260819_220003,2026-08-19 22:00:03,P11,/hydroponic_project/data_collection/images/lettuce_20260819_220003.jpg,/hydroponic_project/data_collection/crops/lettuce_20260819_220003/P11.jpg,/hydroponic_project/data_collection/crops/lettuce_20260819_220003/P11_224.jpg,29.37,30.1,79.2,7.01,2.5778,1.544,771.9,2.2259,OK,66653,9.84615421295166,1.0158113241195679,12.685568809509277
CAP_20260819_220003,2026-08-19 22:00:03,P12,/hydroponic_project/data_collection/images/lettuce_20260819_220003.jpg,/hydroponic_project/data_collection/crops/lettuce_20260819_220003/P12.jpg,/hydroponic_project/data_collection/crops/lettuce_20260819_220003/P12_224.jpg,29.37,30.1,79.2,7.01,2.5778,1.544,771.9,2.2259,OK,66653,9.84615421295166,1.0158113241195679,12.685568809509277
CAP_20260828_115320,2026-08-28 11:53:20,P01,/hydroponic_project/data_collection/images/lettuce_20260828_115320.jpg,/hydroponic_project/data_collection/crops/lettuce_20260828_115320/P01.jpg,/hydroponic_project/data_collection/crops/lettuce_20260828_115320/P01_224.jpg,28.69,30.7,76.6,5.72,2.7868,1.546,773.0,2.1996,OK,43194,4.0,1.0003654956817627,166.68162536621094
CAP_20260828_115320,2026-08-28 11:53:20,P02,/hydroponic_project/data_collection/images/lettuce_20260828_115320.jpg,/hydroponic_project/data_collection/crops/lettuce_20260828_115320/P02.jpg,/hydroponic_project/data_collection/crops/lettuce_20260828_115320/P02_224.jpg,28.69,30.7,76.6,5.72,2.7868,1.546,773.0,2.1996,OK,43194,4.0,1.0003654956817627,166.68162536621094
CAP_20260828_115320,2026-08-28 11:53:20,P03,/hydroponic_project/data_collection/images/lettuce_20260828_115320.jpg,/hydroponic_project/data_collection/crops/lettuce_20260828_115320/P03.jpg,/hydroponic_project/data_collection/crops/lettuce_20260828_115320/P03_224.jpg,28.69,30.7,76.6,5.72,2.7868,1.546,773.0,2.1996,OK,43194,4.0,1.0003654956817627,166.68162536621094
CAP_20260828_115320,2026-08-28 11:53:20,P04,/hydroponic_project/data_collection/images/lettuce_20260828_115320.jpg,/hydroponic_project/data_collection/crops/lettuce_20260828_115320/P04.jpg,/hydroponic_project/data_collection/crops/lettuce_20260828_115320/P04_224.jpg,28.69,30.7,76.6,5.72,2.7868,1.546,773.0,2.1996,OK,43194,4.0,1.0003654956817627,166.68162536621094
CAP_20260828_115320,2026-08-28 11:53:20,P05,/hydroponic_project/data_collection/images/lettuce_20260828_115320.jpg,/hydroponic_project/data_collection/crops/lettuce_20260828_115320/P05.jpg,/hydroponic_project/data_collection/crops/lettuce_20260828_115320/P05_224.jpg,28.69,30.7,76.6,5.72,2.7868,1.546,773.0,2.1996,OK,43194,4.0,1.0003654956817627,166.68162536621094
CAP_20260828_115320,2026-08-28 11:53:20,P06,/hydroponic_project/data_collection/images/lettuce_20260828_115320.jpg,/hydroponic_project/data_collection/crops/lettuce_20260828_115320/P06.jpg,/hydroponic_project/data_collection/crops/lettuce_20260828_115320/P06_224.jpg,28.69,30.7,76.6,5.72,2.7868,1.546,773.0,2.1996,OK,43194,4.0,1.0003654956817627,166.68162536621094
CAP_20260828_115320,2026-08-28 11:53:20,P07,/hydroponic_project/data_collection/images/lettuce_20260828_115320.jpg,/hydroponic_project/data_collection/crops/lettuce_20260828_115320/P07.jpg,/hydroponic_project/data_collection/crops/lettuce_20260828_115320/P07_224.jpg,28.69,30.7,76.6,5.72,2.7868,1.546,773.0,2.1996,OK,43194,4.0,1.0003654956817627,166.68162536621094
CAP_20260828_115320,2026-08-28 11:53:20,P08,/hydroponic_project/data_collection/images/lettuce_20260828_115320.jpg,/hydroponic_project/data_collection/crops/lettuce_20260828_115320/P08.jpg,/hydroponic_project/data_collection/crops/lettuce_20260828_115320/P08_224.jpg,28.69,30.7,76.6,5.72,2.7868,1.546,773.0,2.1996,OK,43194,4.0,1.0003654956817627,166.68162536621094
CAP_20260828_115320,2026-08-28 11:53:20,P09,/hydroponic_project/data_collection/images/lettuce_20260828_115320.jpg,/hydroponic_project/data_collection/crops/lettuce_20260828_115320/P09.jpg,/hydroponic_project/data_collection/crops/lettuce_20260828_115320/P09_224.jpg,28.69,30.7,76.6,5.72,2.7868,1.546,773.0,2.1996,OK,43194,4.0,1.0003654956817627,166.68162536621094
CAP_20260828_115320,2026-08-28 11:53:20,P10,/hydroponic_project/data_collection/images/lettuce_20260828_115320.jpg,/hydroponic_project/data_collection/crops/lettuce_20260828_115320/P10.jpg,/hydroponic_project/data_collection/crops/lettuce_20260828_115320/P10_224.jpg,28.69,30.7,76.6,5.72,2.7868,1.546,773.0,2.1996,OK,43194,4.0,1.0003654956817627,166.68162536621094
CAP_20260828_115320,2026-08-28 11:53:20,P11,/hydroponic_project/data_collection/images/lettuce_20260828_115320.jpg,/hydroponic_project/data_collection/crops/lettuce_20260828_115320/P11.jpg,/hydroponic_project/data_collection/crops/lettuce_20260828_115320/P11_224.jpg,28.69,30.7,76.6,5.72,2.7868,1.546,773.0,2.1996,OK,43194,4.0,1.0003654956817627,166.68162536621094
CAP_20260828_115320,2026-08-28 11:53:20,P12,/hydroponic_project/data_collection/images/lettuce_20260828_115320.jpg,/hydroponic_project/data_collection/crops/lettuce_20260828_115320/P12.jpg,/hydroponic_project/data_collection/crops/lettuce_20260828_115320/P12_224.jpg,28.69,30.7,76.6,5.72,2.7868,1.546,773.0,2.1996,OK,43194,4.0,1.0003654956817627,166.68162536621094
CAP_20260828_120553,2026-08-28 12:05:53,P01,/hydroponic_project/data_collection/images/lettuce_20260828_120553.jpg,/hydroponic_project/data_collection/crops/lettuce_20260828_120553/P01.jpg,/hydroponic_project/data_collection/crops/lettuce_20260828_120553/P01_224.jpg,28.87,31.6,74.4,6.02,2.7368,1.531,765.5,2.1944,OK,32873,4.0,1.0000351667404175,220.17645263671875
CAP_20260828_120553,2026-08-28 12:05:53,P02,/hydroponic_project/data_collection/images/lettuce_20260828_120553.jpg,/hydroponic_project/data_collection/crops/lettuce_20260828_120553/P02.jpg,/hydroponic_project/data_collection/crops/lettuce_20260828_120553/P02_224.jpg,28.87,31.6,74.4,6.02,2.7368,1.531,765.5,2.1944,OK,32873,4.0,1.0000351667404175,220.17645263671875
CAP_20260828_120553,2026-08-28 12:05:53,P03,/hydroponic_project/data_collection/images/lettuce_20260828_120553.jpg,/hydroponic_project/data_collection/crops/lettuce_20260828_120553/P03.jpg,/hydroponic_project/data_collection/crops/lettuce_20260828_120553/P03_224.jpg,28.87,31.6,74.4,6.02,2.7368,1.531,765.5,2.1944,OK,32873,4.0,1.0000351667404175,220.17645263671875
CAP_20260828_120553,2026-08-28 12:05:53,P04,/hydroponic_project/data_collection/images/lettuce_20260828_120553.jpg,/hydroponic_project/data_collection/crops/lettuce_20260828_120553/P04.jpg,/hydroponic_project/data_collection/crops/lettuce_20260828_120553/P04_224.jpg,28.87,31.6,74.4,6.02,2.7368,1.531,765.5,2.1944,OK,32873,4.0,1.0000351667404175,220.17645263671875
CAP_20260828_120553,2026-08-28 12:05:53,P05,/hydroponic_project/data_collection/images/lettuce_20260828_120553.jpg,/hydroponic_project/data_collection/crops/lettuce_20260828_120553/P05.jpg,/hydroponic_project/data_collection/crops/lettuce_20260828_120553/P05_224.jpg,28.87,31.6,74.4,6.02,2.7368,1.531,765.5,2.1944,OK,32873,4.0,1.0000351667404175,220.17645263671875
CAP_20260828_120553,2026-08-28 12:05:53,P06,/hydroponic_project/data_collection/images/lettuce_20260828_120553.jpg,/hydroponic_project/data_collection/crops/lettuce_20260828_120553/P06.jpg,/hydroponic_project/data_collection/crops/lettuce_20260828_120553/P06_224.jpg,28.87,31.6,74.4,6.02,2.7368,1.531,765.5,2.1944,OK,32873,4.0,1.0000351667404175,220.17645263671875
CAP_20260828_120553,2026-08-28 12:05:53,P07,/hydroponic_project/data_collection/images/lettuce_20260828_120553.jpg,/hydroponic_project/data_collection/crops/lettuce_20260828_120553/P07.jpg,/hydroponic_project/data_collection/crops/lettuce_20260828_120553/P07_224.jpg,28.87,31.6,74.4,6.02,2.7368,1.531,765.5,2.1944,OK,32873,4.0,1.0000351667404175,220.17645263671875
CAP_20260828_120553,2026-08-28 12:05:53,P08,/hydroponic_project/data_collection/images/lettuce_20260828_120553.jpg,/hydroponic_project/data_collection/crops/lettuce_20260828_120553/P08.jpg,/hydroponic_project/data_collection/crops/lettuce_20260828_120553/P08_224.jpg,28.87,31.6,74.4,6.02,2.7368,1.531,765.5,2.1944,OK,32873,4.0,1.0000351667404175,220.17645263671875
CAP_20260828_120553,2026-08-28 12:05:53,P09,/hydroponic_project/data_collection/images/lettuce_20260828_120553.jpg,/hydroponic_project/data_collection/crops/lettuce_20260828_120553/P09.jpg,/hydroponic_project/data_collection/crops/lettuce_20260828_120553/P09_224.jpg,28.87,31.6,74.4,6.02,2.7368,1.531,765.5,2.1944,OK,32873,4.0,1.0000351667404175,220.17645263671875
CAP_20260828_120553,2026-08-28 12:05:53,P10,/hydroponic_project/data_collection/images/lettuce_20260828_120553.jpg,/hydroponic_project/data_collection/crops/lettuce_20260828_120553/P10.jpg,/hydroponic_project/data_collection/crops/lettuce_20260828_120553/P10_224.jpg,28.87,31.6,74.4,6.02,2.7368,1.531,765.5,2.1944,OK,32873,4.0,1.0000351667404175,220.17645263671875
CAP_20260828_120553,2026-08-28 12:05:53,P11,/hydroponic_project/data_collection/images/lettuce_20260828_120553.jpg,/hydroponic_project/data_collection/crops/lettuce_20260828_120553/P11.jpg,/hydroponic_project/data_collection/crops/lettuce_20260828_120553/P11_224.jpg,28.87,31.6,74.4,6.02,2.7368,1.531,765.5,2.1944,OK,32873,4.0,1.0000351667404175,220.17645263671875
CAP_20260828_120553,2026-08-28 12:05:53,P12,/hydroponic_project/data_collection/images/lettuce_20260828_120553.jpg,/hydroponic_project/data_collection/crops/lettuce_20260828_120553/P12.jpg,/hydroponic_project/data_collection/crops/lettuce_20260828_120553/P12_224.jpg,28.87,31.6,74.4,6.02,2.7368,1.531,765.5,2.1944,OK,32873,4.0,1.0000351667404175,220.17645263671875
CAP_20260828_120831,2026-08-28 12:08:31,P01,/hydroponic_project/data_collection/images/lettuce_20260828_120831.jpg,/hydroponic_project/data_collection/crops/lettuce_20260828_120831/P01.jpg,/hydroponic_project/data_collection/crops/lettuce_20260828_120831/P01_224.jpg,28.87,31.8,73.8,6.11,2.7234,1.53,765.1,2.1936,OK,29999,2.7826087474823,1.0107046365737915,347.05621337890625
CAP_20260828_120831,2026-08-28 12:08:31,P02,/hydroponic_project/data_collection/images/lettuce_20260828_120831.jpg,/hydroponic_project/data_collection/crops/lettuce_20260828_120831/P02.jpg,/hydroponic_project/data_collection/crops/lettuce_20260828_120831/P02_224.jpg,28.87,31.8,73.8,6.11,2.7234,1.53,765.1,2.1936,OK,29999,2.7826087474823,1.0107046365737915,347.05621337890625
CAP_20260828_120831,2026-08-28 12:08:31,P03,/hydroponic_project/data_collection/images/lettuce_20260828_120831.jpg,/hydroponic_project/data_collection/crops/lettuce_20260828_120831/P03.jpg,/hydroponic_project/data_collection/crops/lettuce_20260828_120831/P03_224.jpg,28.87,31.8,73.8,6.11,2.7234,1.53,765.1,2.1936,OK,29999,2.7826087474823,1.0107046365737915,347.05621337890625
CAP_20260828_120831,2026-08-28 12:08:31,P04,/hydroponic_project/data_collection/images/lettuce_20260828_120831.jpg,/hydroponic_project/data_collection/crops/lettuce_20260828_120831/P04.jpg,/hydroponic_project/data_collection/crops/lettuce_20260828_120831/P04_224.jpg,28.87,31.8,73.8,6.11,2.7234,1.53,765.1,2.1936,OK,29999,2.7826087474823,1.0107046365737915,347.05621337890625
CAP_20260828_120831,2026-08-28 12:08:31,P05,/hydroponic_project/data_collection/images/lettuce_20260828_120831.jpg,/hydroponic_project/data_collection/crops/lettuce_20260828_120831/P05.jpg,/hydroponic_project/data_collection/crops/lettuce_20260828_120831/P05_224.jpg,28.87,31.8,73.8,6.11,2.7234,1.53,765.1,2.1936,OK,29999,2.7826087474823,1.0107046365737915,347.05621337890625
CAP_20260828_120831,2026-08-28 12:08:31,P06,/hydroponic_project/data_collection/images/lettuce_20260828_120831.jpg,/hydroponic_project/data_collection/crops/lettuce_20260828_120831/P06.jpg,/hydroponic_project/data_collection/crops/lettuce_20260828_120831/P06_224.jpg,28.87,31.8,73.8,6.11,2.7234,1.53,765.1,2.1936,OK,29999,2.7826087474823,1.0107046365737915,347.05621337890625
CAP_20260828_120831,2026-08-28 12:08:31,P07,/hydroponic_project/data_collection/images/lettuce_20260828_120831.jpg,/hydroponic_project/data_collection/crops/lettuce_20260828_120831/P07.jpg,/hydroponic_project/data_collection/crops/lettuce_20260828_120831/P07_224.jpg,28.87,31.8,73.8,6.11,2.7234,1.53,765.1,2.1936,OK,29999,2.7826087474823,1.0107046365737915,347.05621337890625
CAP_20260828_120831,2026-08-28 12:08:31,P08,/hydroponic_project/data_collection/images/lettuce_20260828_120831.jpg,/hydroponic_project/data_collection/crops/lettuce_20260828_120831/P08.jpg,/hydroponic_project/data_collection/crops/lettuce_20260828_120831/P08_224.jpg,28.87,31.8,73.8,6.11,2.7234,1.53,765.1,2.1936,OK,29999,2.7826087474823,1.0107046365737915,347.05621337890625
CAP_20260828_120831,2026-08-28 12:08:31,P09,/hydroponic_project/data_collection/images/lettuce_20260828_120831.jpg,/hydroponic_project/data_collection/crops/lettuce_20260828_120831/P09.jpg,/hydroponic_project/data_collection/crops/lettuce_20260828_120831/P09_224.jpg,28.87,31.8,73.8,6.11,2.7234,1.53,765.1,2.1936,OK,29999,2.7826087474823,1.0107046365737915,347.05621337890625
CAP_20260828_120831,2026-08-28 12:08:31,P10,/hydroponic_project/data_collection/images/lettuce_20260828_120831.jpg,/hydroponic_project/data_collection/crops/lettuce_20260828_120831/P10.jpg,/hydroponic_project/data_collection/crops/lettuce_20260828_120831/P10_224.jpg,28.87,31.8,73.8,6.11,2.7234,1.53,765.1,2.1936,OK,29999,2.7826087474823,1.0107046365737915,347.05621337890625
CAP_20260828_120831,2026-08-28 12:08:31,P11,/hydroponic_project/data_collection/images/lettuce_20260828_120831.jpg,/hydroponic_project/data_collection/crops/lettuce_20260828_120831/P11.jpg,/hydroponic_project/data_collection/crops/lettuce_20260828_120831/P11_224.jpg,28.87,31.8,73.8,6.11,2.7234,1.53,765.1,2.1936,OK,29999,2.7826087474823,1.0107046365737915,347.05621337890625
CAP_20260828_120831,2026-08-28 12:08:31,P12,/hydroponic_project/data_collection/images/lettuce_20260828_120831.jpg,/hydroponic_project/data_collection/crops/lettuce_20260828_120831/P12.jpg,/hydroponic_project/data_collection/crops/lettuce_20260828_120831/P12_224.jpg,28.87,31.8,73.8,6.11,2.7234,1.53,765.1,2.1936,OK,29999,2.7826087474823,1.0107046365737915,347.05621337890625
CAP_20260828_121111,2026-08-28 12:11:11,P01,/hydroponic_project/data_collection/images/lettuce_20260828_121111.jpg,/hydroponic_project/data_collection/crops/lettuce_20260828_121111/P01.jpg,/hydroponic_project/data_collection/crops/lettuce_20260828_121111/P01_224.jpg,28.94,32.0,72.5,6.02,2.7374,1.527,763.3,2.1931,OK,29999,3.8208954334259033,1.0025417804718018,247.58055114746094
CAP_20260828_121111,2026-08-28 12:11:11,P02,/hydroponic_project/data_collection/images/lettuce_20260828_121111.jpg,/hydroponic_project/data_collection/crops/lettuce_20260828_121111/P02.jpg,/hydroponic_project/data_collection/crops/lettuce_20260828_121111/P02_224.jpg,28.94,32.0,72.5,6.02,2.7374,1.527,763.3,2.1931,OK,29999,3.8208954334259033,1.0025417804718018,247.58055114746094
CAP_20260828_121111,2026-08-28 12:11:11,P03,/hydroponic_project/data_collection/images/lettuce_20260828_121111.jpg,/hydroponic_project/data_collection/crops/lettuce_20260828_121111/P03.jpg,/hydroponic_project/data_collection/crops/lettuce_20260828_121111/P03_224.jpg,28.94,32.0,72.5,6.02,2.7374,1.527,763.3,2.1931,OK,29999,3.8208954334259033,1.0025417804718018,247.58055114746094
CAP_20260828_121111,2026-08-28 12:11:11,P04,/hydroponic_project/data_collection/images/lettuce_20260828_121111.jpg,/hydroponic_project/data_collection/crops/lettuce_20260828_121111/P04.jpg,/hydroponic_project/data_collection/crops/lettuce_20260828_121111/P04_224.jpg,28.94,32.0,72.5,6.02,2.7374,1.527,763.3,2.1931,OK,29999,3.8208954334259033,1.0025417804718018,247.58055114746094
CAP_20260828_121111,2026-08-28 12:11:11,P05,/hydroponic_project/data_collection/images/lettuce_20260828_121111.jpg,/hydroponic_project/data_collection/crops/lettuce_20260828_121111/P05.jpg,/hydroponic_project/data_collection/crops/lettuce_20260828_121111/P05_224.jpg,28.94,32.0,72.5,6.02,2.7374,1.527,763.3,2.1931,OK,29999,3.8208954334259033,1.0025417804718018,247.58055114746094
CAP_20260828_121111,2026-08-28 12:11:11,P06,/hydroponic_project/data_collection/images/lettuce_20260828_121111.jpg,/hydroponic_project/data_collection/crops/lettuce_20260828_121111/P06.jpg,/hydroponic_project/data_collection/crops/lettuce_20260828_121111/P06_224.jpg,28.94,32.0,72.5,6.02,2.7374,1.527,763.3,2.1931,OK,29999,3.8208954334259033,1.0025417804718018,247.58055114746094
CAP_20260828_121111,2026-08-28 12:11:11,P07,/hydroponic_project/data_collection/images/lettuce_20260828_121111.jpg,/hydroponic_project/data_collection/crops/lettuce_20260828_121111/P07.jpg,/hydroponic_project/data_collection/crops/lettuce_20260828_121111/P07_224.jpg,28.94,32.0,72.5,6.02,2.7374,1.527,763.3,2.1931,OK,29999,3.8208954334259033,1.0025417804718018,247.58055114746094
CAP_20260828_121111,2026-08-28 12:11:11,P08,/hydroponic_project/data_collection/images/lettuce_20260828_121111.jpg,/hydroponic_project/data_collection/crops/lettuce_20260828_121111/P08.jpg,/hydroponic_project/data_collection/crops/lettuce_20260828_121111/P08_224.jpg,28.94,32.0,72.5,6.02,2.7374,1.527,763.3,2.1931,OK,29999,3.8208954334259033,1.0025417804718018,247.58055114746094
CAP_20260828_121111,2026-08-28 12:11:11,P09,/hydroponic_project/data_collection/images/lettuce_20260828_121111.jpg,/hydroponic_project/data_collection/crops/lettuce_20260828_121111/P09.jpg,/hydroponic_project/data_collection/crops/lettuce_20260828_121111/P09_224.jpg,28.94,32.0,72.5,6.02,2.7374,1.527,763.3,2.1931,OK,29999,3.8208954334259033,1.0025417804718018,247.58055114746094
CAP_20260828_121111,2026-08-28 12:11:11,P10,/hydroponic_project/data_collection/images/lettuce_20260828_121111.jpg,/hydroponic_project/data_collection/crops/lettuce_20260828_121111/P10.jpg,/hydroponic_project/data_collection/crops/lettuce_20260828_121111/P10_224.jpg,28.94,32.0,72.5,6.02,2.7374,1.527,763.3,2.1931,OK,29999,3.8208954334259033,1.0025417804718018,247.58055114746094
CAP_20260828_121111,2026-08-28 12:11:11,P11,/hydroponic_project/data_collection/images/lettuce_20260828_121111.jpg,/hydroponic_project/data_collection/crops/lettuce_20260828_121111/P11.jpg,/hydroponic_project/data_collection/crops/lettuce_20260828_121111/P11_224.jpg,28.94,32.0,72.5,6.02,2.7374,1.527,763.3,2.1931,OK,29999,3.8208954334259033,1.0025417804718018,247.58055114746094
CAP_20260828_121111,2026-08-28 12:11:11,P12,/hydroponic_project/data_collection/images/lettuce_20260828_121111.jpg,/hydroponic_project/data_collection/crops/lettuce_20260828_121111/P12.jpg,/hydroponic_project/data_collection/crops/lettuce_20260828_121111/P12_224.jpg,28.94,32.0,72.5,6.02,2.7374,1.527,763.3,2.1931,OK,29999,3.8208954334259033,1.0025417804718018,247.58055114746094
CAP_20260828_121727,2026-08-28 12:17:27,P01,/hydroponic_project/data_collection/images/lettuce_20260828_121727.jpg,/hydroponic_project/data_collection/crops/lettuce_20260828_121727/P01.jpg,/hydroponic_project/data_collection/crops/lettuce_20260828_121727/P01_224.jpg,29.06,32.2,72.6,6.13,2.7203,1.519,759.6,2.1916,OK,29999,3.240506410598755,1.0127887725830078,298.3699951171875
CAP_20260828_121727,2026-08-28 12:17:27,P02,/hydroponic_project/data_collection/images/lettuce_20260828_121727.jpg,/hydroponic_project/data_collection/crops/lettuce_20260828_121727/P02.jpg,/hydroponic_project/data_collection/crops/lettuce_20260828_121727/P02_224.jpg,29.06,32.2,72.6,6.13,2.7203,1.519,759.6,2.1916,OK,29999,3.240506410598755,1.0127887725830078,298.3699951171875
CAP_20260828_121727,2026-08-28 12:17:27,P03,/hydroponic_project/data_collection/images/lettuce_20260828_121727.jpg,/hydroponic_project/data_collection/crops/lettuce_20260828_121727/P03.jpg,/hydroponic_project/data_collection/crops/lettuce_20260828_121727/P03_224.jpg,29.06,32.2,72.6,6.13,2.7203,1.519,759.6,2.1916,OK,29999,3.240506410598755,1.0127887725830078,298.3699951171875
CAP_20260828_121727,2026-08-28 12:17:27,P04,/hydroponic_project/data_collection/images/lettuce_20260828_121727.jpg,/hydroponic_project/data_collection/crops/lettuce_20260828_121727/P04.jpg,/hydroponic_project/data_collection/crops/lettuce_20260828_121727/P04_224.jpg,29.06,32.2,72.6,6.13,2.7203,1.519,759.6,2.1916,OK,29999,3.240506410598755,1.0127887725830078,298.3699951171875
CAP_20260828_121727,2026-08-28 12:17:27,P05,/hydroponic_project/data_collection/images/lettuce_20260828_121727.jpg,/hydroponic_project/data_collection/crops/lettuce_20260828_121727/P05.jpg,/hydroponic_project/data_collection/crops/lettuce_20260828_121727/P05_224.jpg,29.06,32.2,72.6,6.13,2.7203,1.519,759.6,2.1916,OK,29999,3.240506410598755,1.0127887725830078,298.3699951171875
CAP_20260828_121727,2026-08-28 12:17:27,P06,/hydroponic_project/data_collection/images/lettuce_20260828_121727.jpg,/hydroponic_project/data_collection/crops/lettuce_20260828_121727/P06.jpg,/hydroponic_project/data_collection/crops/lettuce_20260828_121727/P06_224.jpg,29.06,32.2,72.6,6.13,2.7203,1.519,759.6,2.1916,OK,29999,3.240506410598755,1.0127887725830078,298.3699951171875
CAP_20260828_121727,2026-08-28 12:17:27,P07,/hydroponic_project/data_collection/images/lettuce_20260828_121727.jpg,/hydroponic_project/data_collection/crops/lettuce_20260828_121727/P07.jpg,/hydroponic_project/data_collection/crops/lettuce_20260828_121727/P07_224.jpg,29.06,32.2,72.6,6.13,2.7203,1.519,759.6,2.1916,OK,29999,3.240506410598755,1.0127887725830078,298.3699951171875
CAP_20260828_121727,2026-08-28 12:17:27,P08,/hydroponic_project/data_collection/images/lettuce_20260828_121727.jpg,/hydroponic_project/data_collection/crops/lettuce_20260828_121727/P08.jpg,/hydroponic_project/data_collection/crops/lettuce_20260828_121727/P08_224.jpg,29.06,32.2,72.6,6.13,2.7203,1.519,759.6,2.1916,OK,29999,3.240506410598755,1.0127887725830078,298.3699951171875
CAP_20260828_121727,2026-08-28 12:17:27,P09,/hydroponic_project/data_collection/images/lettuce_20260828_121727.jpg,/hydroponic_project/data_collection/crops/lettuce_20260828_121727/P09.jpg,/hydroponic_project/data_collection/crops/lettuce_20260828_121727/P09_224.jpg,29.06,32.2,72.6,6.13,2.7203,1.519,759.6,2.1916,OK,29999,3.240506410598755,1.0127887725830078,298.3699951171875
CAP_20260828_121727,2026-08-28 12:17:27,P10,/hydroponic_project/data_collection/images/lettuce_20260828_121727.jpg,/hydroponic_project/data_collection/crops/lettuce_20260828_121727/P10.jpg,/hydroponic_project/data_collection/crops/lettuce_20260828_121727/P10_224.jpg,29.06,32.2,72.6,6.13,2.7203,1.519,759.6,2.1916,OK,29999,3.240506410598755,1.0127887725830078,298.3699951171875
CAP_20260828_121727,2026-08-28 12:17:27,P11,/hydroponic_project/data_collection/images/lettuce_20260828_121727.jpg,/hydroponic_project/data_collection/crops/lettuce_20260828_121727/P11.jpg,/hydroponic_project/data_collection/crops/lettuce_20260828_121727/P11_224.jpg,29.06,32.2,72.6,6.13,2.7203,1.519,759.6,2.1916,OK,29999,3.240506410598755,1.0127887725830078,298.3699951171875
CAP_20260828_121727,2026-08-28 12:17:27,P12,/hydroponic_project/data_collection/images/lettuce_20260828_121727.jpg,/hydroponic_project/data_collection/crops/lettuce_20260828_121727/P12.jpg,/hydroponic_project/data_collection/crops/lettuce_20260828_121727/P12_224.jpg,29.06,32.2,72.6,6.13,2.7203,1.519,759.6,2.1916,OK,29999,3.240506410598755,1.0127887725830078,298.3699951171875
CAP_20260828_122713,2026-08-28 12:27:13,P01,/hydroponic_project/data_collection/images/lettuce_20260828_122713.jpg,/hydroponic_project/data_collection/crops/lettuce_20260828_122713/P01.jpg,/hydroponic_project/data_collection/crops/lettuce_20260828_122713/P01_224.jpg,29.19,32.3,71.2,6.1,2.7244,1.512,756.0,2.1905,OK,29999,3.3684210777282715,1.0015202760696411,281.44195556640625
CAP_20260828_122713,2026-08-28 12:27:13,P02,/hydroponic_project/data_collection/images/lettuce_20260828_122713.jpg,/hydroponic_project/data_collection/crops/lettuce_20260828_122713/P02.jpg,/hydroponic_project/data_collection/crops/lettuce_20260828_122713/P02_224.jpg,29.19,32.3,71.2,6.1,2.7244,1.512,756.0,2.1905,OK,29999,3.3684210777282715,1.0015202760696411,281.44195556640625
CAP_20260828_122713,2026-08-28 12:27:13,P03,/hydroponic_project/data_collection/images/lettuce_20260828_122713.jpg,/hydroponic_project/data_collection/crops/lettuce_20260828_122713/P03.jpg,/hydroponic_project/data_collection/crops/lettuce_20260828_122713/P03_224.jpg,29.19,32.3,71.2,6.1,2.7244,1.512,756.0,2.1905,OK,29999,3.3684210777282715,1.0015202760696411,281.44195556640625
CAP_20260828_122713,2026-08-28 12:27:13,P04,/hydroponic_project/data_collection/images/lettuce_20260828_122713.jpg,/hydroponic_project/data_collection/crops/lettuce_20260828_122713/P04.jpg,/hydroponic_project/data_collection/crops/lettuce_20260828_122713/P04_224.jpg,29.19,32.3,71.2,6.1,2.7244,1.512,756.0,2.1905,OK,29999,3.3684210777282715,1.0015202760696411,281.44195556640625
CAP_20260828_122713,2026-08-28 12:27:13,P05,/hydroponic_project/data_collection/images/lettuce_20260828_122713.jpg,/hydroponic_project/data_collection/crops/lettuce_20260828_122713/P05.jpg,/hydroponic_project/data_collection/crops/lettuce_20260828_122713/P05_224.jpg,29.19,32.3,71.2,6.1,2.7244,1.512,756.0,2.1905,OK,29999,3.3684210777282715,1.0015202760696411,281.44195556640625
CAP_20260828_122713,2026-08-28 12:27:13,P06,/hydroponic_project/data_collection/images/lettuce_20260828_122713.jpg,/hydroponic_project/data_collection/crops/lettuce_20260828_122713/P06.jpg,/hydroponic_project/data_collection/crops/lettuce_20260828_122713/P06_224.jpg,29.19,32.3,71.2,6.1,2.7244,1.512,756.0,2.1905,OK,29999,3.3684210777282715,1.0015202760696411,281.44195556640625
CAP_20260828_122713,2026-08-28 12:27:13,P07,/hydroponic_project/data_collection/images/lettuce_20260828_122713.jpg,/hydroponic_project/data_collection/crops/lettuce_20260828_122713/P07.jpg,/hydroponic_project/data_collection/crops/lettuce_20260828_122713/P07_224.jpg,29.19,32.3,71.2,6.1,2.7244,1.512,756.0,2.1905,OK,29999,3.3684210777282715,1.0015202760696411,281.44195556640625
CAP_20260828_122713,2026-08-28 12:27:13,P08,/hydroponic_project/data_collection/images/lettuce_20260828_122713.jpg,/hydroponic_project/data_collection/crops/lettuce_20260828_122713/P08.jpg,/hydroponic_project/data_collection/crops/lettuce_20260828_122713/P08_224.jpg,29.19,32.3,71.2,6.1,2.7244,1.512,756.0,2.1905,OK,29999,3.3684210777282715,1.0015202760696411,281.44195556640625
CAP_20260828_122713,2026-08-28 12:27:13,P09,/hydroponic_project/data_collection/images/lettuce_20260828_122713.jpg,/hydroponic_project/data_collection/crops/lettuce_20260828_122713/P09.jpg,/hydroponic_project/data_collection/crops/lettuce_20260828_122713/P09_224.jpg,29.19,32.3,71.2,6.1,2.7244,1.512,756.0,2.1905,OK,29999,3.3684210777282715,1.0015202760696411,281.44195556640625
CAP_20260828_122713,2026-08-28 12:27:13,P10,/hydroponic_project/data_collection/images/lettuce_20260828_122713.jpg,/hydroponic_project/data_collection/crops/lettuce_20260828_122713/P10.jpg,/hydroponic_project/data_collection/crops/lettuce_20260828_122713/P10_224.jpg,29.19,32.3,71.2,6.1,2.7244,1.512,756.0,2.1905,OK,29999,3.3684210777282715,1.0015202760696411,281.44195556640625
CAP_20260828_122713,2026-08-28 12:27:13,P11,/hydroponic_project/data_collection/images/lettuce_20260828_122713.jpg,/hydroponic_project/data_collection/crops/lettuce_20260828_122713/P11.jpg,/hydroponic_project/data_collection/crops/lettuce_20260828_122713/P11_224.jpg,29.19,32.3,71.2,6.1,2.7244,1.512,756.0,2.1905,OK,29999,3.3684210777282715,1.0015202760696411,281.44195556640625
CAP_20260828_122713,2026-08-28 12:27:13,P12,/hydroponic_project/data_collection/images/lettuce_20260828_122713.jpg,/hydroponic_project/data_collection/crops/lettuce_20260828_122713/P12.jpg,/hydroponic_project/data_collection/crops/lettuce_20260828_122713/P12_224.jpg,29.19,32.3,71.2,6.1,2.7244,1.512,756.0,2.1905,OK,29999,3.3684210777282715,1.0015202760696411,281.44195556640625
CAP_20260828_124143,2026-08-28 12:41:43,P01,/hydroponic_project/data_collection/images/lettuce_20260828_124143.jpg,/hydroponic_project/data_collection/crops/lettuce_20260828_124143/P01.jpg,/hydroponic_project/data_collection/crops/lettuce_20260828_124143/P01_224.jpg,29.44,32.3,71.7,6.18,2.711,1.505,752.5,2.1944,OK,34309,4.0,1.0003045797348022,207.22344970703125
CAP_20260828_124143,2026-08-28 12:41:43,P02,/hydroponic_project/data_collection/images/lettuce_20260828_124143.jpg,/hydroponic_project/data_collection/crops/lettuce_20260828_124143/P02.jpg,/hydroponic_project/data_collection/crops/lettuce_20260828_124143/P02_224.jpg,29.44,32.3,71.7,6.18,2.711,1.505,752.5,2.1944,OK,34309,4.0,1.0003045797348022,207.22344970703125
CAP_20260828_124143,2026-08-28 12:41:43,P03,/hydroponic_project/data_collection/images/lettuce_20260828_124143.jpg,/hydroponic_project/data_collection/crops/lettuce_20260828_124143/P03.jpg,/hydroponic_project/data_collection/crops/lettuce_20260828_124143/P03_224.jpg,29.44,32.3,71.7,6.18,2.711,1.505,752.5,2.1944,OK,34309,4.0,1.0003045797348022,207.22344970703125
CAP_20260828_124143,2026-08-28 12:41:43,P04,/hydroponic_project/data_collection/images/lettuce_20260828_124143.jpg,/hydroponic_project/data_collection/crops/lettuce_20260828_124143/P04.jpg,/hydroponic_project/data_collection/crops/lettuce_20260828_124143/P04_224.jpg,29.44,32.3,71.7,6.18,2.711,1.505,752.5,2.1944,OK,34309,4.0,1.0003045797348022,207.22344970703125
CAP_20260828_124143,2026-08-28 12:41:43,P05,/hydroponic_project/data_collection/images/lettuce_20260828_124143.jpg,/hydroponic_project/data_collection/crops/lettuce_20260828_124143/P05.jpg,/hydroponic_project/data_collection/crops/lettuce_20260828_124143/P05_224.jpg,29.44,32.3,71.7,6.18,2.711,1.505,752.5,2.1944,OK,34309,4.0,1.0003045797348022,207.22344970703125
CAP_20260828_124143,2026-08-28 12:41:43,P06,/hydroponic_project/data_collection/images/lettuce_20260828_124143.jpg,/hydroponic_project/data_collection/crops/lettuce_20260828_124143/P06.jpg,/hydroponic_project/data_collection/crops/lettuce_20260828_124143/P06_224.jpg,29.44,32.3,71.7,6.18,2.711,1.505,752.5,2.1944,OK,34309,4.0,1.0003045797348022,207.22344970703125
CAP_20260828_124143,2026-08-28 12:41:43,P07,/hydroponic_project/data_collection/images/lettuce_20260828_124143.jpg,/hydroponic_project/data_collection/crops/lettuce_20260828_124143/P07.jpg,/hydroponic_project/data_collection/crops/lettuce_20260828_124143/P07_224.jpg,29.44,32.3,71.7,6.18,2.711,1.505,752.5,2.1944,OK,34309,4.0,1.0003045797348022,207.22344970703125
CAP_20260828_124143,2026-08-28 12:41:43,P08,/hydroponic_project/data_collection/images/lettuce_20260828_124143.jpg,/hydroponic_project/data_collection/crops/lettuce_20260828_124143/P08.jpg,/hydroponic_project/data_collection/crops/lettuce_20260828_124143/P08_224.jpg,29.44,32.3,71.7,6.18,2.711,1.505,752.5,2.1944,OK,34309,4.0,1.0003045797348022,207.22344970703125
CAP_20260828_124143,2026-08-28 12:41:43,P09,/hydroponic_project/data_collection/images/lettuce_20260828_124143.jpg,/hydroponic_project/data_collection/crops/lettuce_20260828_124143/P09.jpg,/hydroponic_project/data_collection/crops/lettuce_20260828_124143/P09_224.jpg,29.44,32.3,71.7,6.18,2.711,1.505,752.5,2.1944,OK,34309,4.0,1.0003045797348022,207.22344970703125
CAP_20260828_124143,2026-08-28 12:41:43,P10,/hydroponic_project/data_collection/images/lettuce_20260828_124143.jpg,/hydroponic_project/data_collection/crops/lettuce_20260828_124143/P10.jpg,/hydroponic_project/data_collection/crops/lettuce_20260828_124143/P10_224.jpg,29.44,32.3,71.7,6.18,2.711,1.505,752.5,2.1944,OK,34309,4.0,1.0003045797348022,207.22344970703125
CAP_20260828_124143,2026-08-28 12:41:43,P11,/hydroponic_project/data_collection/images/lettuce_20260828_124143.jpg,/hydroponic_project/data_collection/crops/lettuce_20260828_124143/P11.jpg,/hydroponic_project/data_collection/crops/lettuce_20260828_124143/P11_224.jpg,29.44,32.3,71.7,6.18,2.711,1.505,752.5,2.1944,OK,34309,4.0,1.0003045797348022,207.22344970703125
CAP_20260828_124143,2026-08-28 12:41:43,P12,/hydroponic_project/data_collection/images/lettuce_20260828_124143.jpg,/hydroponic_project/data_collection/crops/lettuce_20260828_124143/P12.jpg,/hydroponic_project/data_collection/crops/lettuce_20260828_124143/P12_224.jpg,29.44,32.3,71.7,6.18,2.711,1.505,752.5,2.1944,OK,34309,4.0,1.0003045797348022,207.22344970703125
CAP_20260828_172940,2026-08-28 17:29:40,P01,/hydroponic_project/data_collection/images/lettuce_20260828_172940.jpg,/hydroponic_project/data_collection/crops/lettuce_20260828_172940/P01.jpg,/hydroponic_project/data_collection/crops/lettuce_20260828_172940/P01_224.jpg,30.37,30.2,77.3,6.18,2.712,1.505,752.6,2.2323,OK,66653,9.84615421295166,1.0158113241195679,34.12213897705078
CAP_20260828_172940,2026-08-28 17:29:40,P02,/hydroponic_project/data_collection/images/lettuce_20260828_172940.jpg,/hydroponic_project/data_collection/crops/lettuce_20260828_172940/P02.jpg,/hydroponic_project/data_collection/crops/lettuce_20260828_172940/P02_224.jpg,30.37,30.2,77.3,6.18,2.712,1.505,752.6,2.2323,OK,66653,9.84615421295166,1.0158113241195679,34.12213897705078
CAP_20260828_172940,2026-08-28 17:29:40,P03,/hydroponic_project/data_collection/images/lettuce_20260828_172940.jpg,/hydroponic_project/data_collection/crops/lettuce_20260828_172940/P03.jpg,/hydroponic_project/data_collection/crops/lettuce_20260828_172940/P03_224.jpg,30.37,30.2,77.3,6.18,2.712,1.505,752.6,2.2323,OK,66653,9.84615421295166,1.0158113241195679,34.12213897705078
CAP_20260828_172940,2026-08-28 17:29:40,P04,/hydroponic_project/data_collection/images/lettuce_20260828_172940.jpg,/hydroponic_project/data_collection/crops/lettuce_20260828_172940/P04.jpg,/hydroponic_project/data_collection/crops/lettuce_20260828_172940/P04_224.jpg,30.37,30.2,77.3,6.18,2.712,1.505,752.6,2.2323,OK,66653,9.84615421295166,1.0158113241195679,34.12213897705078
CAP_20260828_172940,2026-08-28 17:29:40,P05,/hydroponic_project/data_collection/images/lettuce_20260828_172940.jpg,/hydroponic_project/data_collection/crops/lettuce_20260828_172940/P05.jpg,/hydroponic_project/data_collection/crops/lettuce_20260828_172940/P05_224.jpg,30.37,30.2,77.3,6.18,2.712,1.505,752.6,2.2323,OK,66653,9.84615421295166,1.0158113241195679,34.12213897705078
CAP_20260828_172940,2026-08-28 17:29:40,P06,/hydroponic_project/data_collection/images/lettuce_20260828_172940.jpg,/hydroponic_project/data_collection/crops/lettuce_20260828_172940/P06.jpg,/hydroponic_project/data_collection/crops/lettuce_20260828_172940/P06_224.jpg,30.37,30.2,77.3,6.18,2.712,1.505,752.6,2.2323,OK,66653,9.84615421295166,1.0158113241195679,34.12213897705078
CAP_20260828_172940,2026-08-28 17:29:40,P07,/hydroponic_project/data_collection/images/lettuce_20260828_172940.jpg,/hydroponic_project/data_collection/crops/lettuce_20260828_172940/P07.jpg,/hydroponic_project/data_collection/crops/lettuce_20260828_172940/P07_224.jpg,30.37,30.2,77.3,6.18,2.712,1.505,752.6,2.2323,OK,66653,9.84615421295166,1.0158113241195679,34.12213897705078
CAP_20260828_172940,2026-08-28 17:29:40,P08,/hydroponic_project/data_collection/images/lettuce_20260828_172940.jpg,/hydroponic_project/data_collection/crops/lettuce_20260828_172940/P08.jpg,/hydroponic_project/data_collection/crops/lettuce_20260828_172940/P08_224.jpg,30.37,30.2,77.3,6.18,2.712,1.505,752.6,2.2323,OK,66653,9.84615421295166,1.0158113241195679,34.12213897705078
CAP_20260828_172940,2026-08-28 17:29:40,P09,/hydroponic_project/data_collection/images/lettuce_20260828_172940.jpg,/hydroponic_project/data_collection/crops/lettuce_20260828_172940/P09.jpg,/hydroponic_project/data_collection/crops/lettuce_20260828_172940/P09_224.jpg,30.37,30.2,77.3,6.18,2.712,1.505,752.6,2.2323,OK,66653,9.84615421295166,1.0158113241195679,34.12213897705078
CAP_20260828_172940,2026-08-28 17:29:40,P10,/hydroponic_project/data_collection/images/lettuce_20260828_172940.jpg,/hydroponic_project/data_collection/crops/lettuce_20260828_172940/P10.jpg,/hydroponic_project/data_collection/crops/lettuce_20260828_172940/P10_224.jpg,30.37,30.2,77.3,6.18,2.712,1.505,752.6,2.2323,OK,66653,9.84615421295166,1.0158113241195679,34.12213897705078
CAP_20260828_172940,2026-08-28 17:29:40,P11,/hydroponic_project/data_collection/images/lettuce_20260828_172940.jpg,/hydroponic_project/data_collection/crops/lettuce_20260828_172940/P11.jpg,/hydroponic_project/data_collection/crops/lettuce_20260828_172940/P11_224.jpg,30.37,30.2,77.3,6.18,2.712,1.505,752.6,2.2323,OK,66653,9.84615421295166,1.0158113241195679,34.12213897705078
CAP_20260828_172940,2026-08-28 17:29:40,P12,/hydroponic_project/data_collection/images/lettuce_20260828_172940.jpg,/hydroponic_project/data_collection/crops/lettuce_20260828_172940/P12.jpg,/hydroponic_project/data_collection/crops/lettuce_20260828_172940/P12_224.jpg,30.37,30.2,77.3,6.18,2.712,1.505,752.6,2.2323,OK,66653,9.84615421295166,1.0158113241195679,34.12213897705078
CAP_20260828_173347,2026-08-28 17:33:47,P01,/hydroponic_project/data_collection/images/lettuce_20260828_173347.jpg,/hydroponic_project/data_collection/crops/lettuce_20260828_173347/P01.jpg,/hydroponic_project/data_collection/crops/lettuce_20260828_173347/P01_224.jpg,30.37,30.9,74.8,5.97,2.7459,1.531,765.5,2.2555,OK,66653,9.84615421295166,1.0158113241195679,30.952482223510742
CAP_20260828_173347,2026-08-28 17:33:47,P02,/hydroponic_project/data_collection/images/lettuce_20260828_173347.jpg,/hydroponic_project/data_collection/crops/lettuce_20260828_173347/P02.jpg,/hydroponic_project/data_collection/crops/lettuce_20260828_173347/P02_224.jpg,30.37,30.9,74.8,5.97,2.7459,1.531,765.5,2.2555,OK,66653,9.84615421295166,1.0158113241195679,30.952482223510742
CAP_20260828_173347,2026-08-28 17:33:47,P03,/hydroponic_project/data_collection/images/lettuce_20260828_173347.jpg,/hydroponic_project/data_collection/crops/lettuce_20260828_173347/P03.jpg,/hydroponic_project/data_collection/crops/lettuce_20260828_173347/P03_224.jpg,30.37,30.9,74.8,5.97,2.7459,1.531,765.5,2.2555,OK,66653,9.84615421295166,1.0158113241195679,30.952482223510742
CAP_20260828_173347,2026-08-28 17:33:47,P04,/hydroponic_project/data_collection/images/lettuce_20260828_173347.jpg,/hydroponic_project/data_collection/crops/lettuce_20260828_173347/P04.jpg,/hydroponic_project/data_collection/crops/lettuce_20260828_173347/P04_224.jpg,30.37,30.9,74.8,5.97,2.7459,1.531,765.5,2.2555,OK,66653,9.84615421295166,1.0158113241195679,30.952482223510742
CAP_20260828_173347,2026-08-28 17:33:47,P05,/hydroponic_project/data_collection/images/lettuce_20260828_173347.jpg,/hydroponic_project/data_collection/crops/lettuce_20260828_173347/P05.jpg,/hydroponic_project/data_collection/crops/lettuce_20260828_173347/P05_224.jpg,30.37,30.9,74.8,5.97,2.7459,1.531,765.5,2.2555,OK,66653,9.84615421295166,1.0158113241195679,30.952482223510742
CAP_20260828_173347,2026-08-28 17:33:47,P06,/hydroponic_project/data_collection/images/lettuce_20260828_173347.jpg,/hydroponic_project/data_collection/crops/lettuce_20260828_173347/P06.jpg,/hydroponic_project/data_collection/crops/lettuce_20260828_173347/P06_224.jpg,30.37,30.9,74.8,5.97,2.7459,1.531,765.5,2.2555,OK,66653,9.84615421295166,1.0158113241195679,30.952482223510742
CAP_20260828_173347,2026-08-28 17:33:47,P07,/hydroponic_project/data_collection/images/lettuce_20260828_173347.jpg,/hydroponic_project/data_collection/crops/lettuce_20260828_173347/P07.jpg,/hydroponic_project/data_collection/crops/lettuce_20260828_173347/P07_224.jpg,30.37,30.9,74.8,5.97,2.7459,1.531,765.5,2.2555,OK,66653,9.84615421295166,1.0158113241195679,30.952482223510742
CAP_20260828_173347,2026-08-28 17:33:47,P08,/hydroponic_project/data_collection/images/lettuce_20260828_173347.jpg,/hydroponic_project/data_collection/crops/lettuce_20260828_173347/P08.jpg,/hydroponic_project/data_collection/crops/lettuce_20260828_173347/P08_224.jpg,30.37,30.9,74.8,5.97,2.7459,1.531,765.5,2.2555,OK,66653,9.84615421295166,1.0158113241195679,30.952482223510742
CAP_20260828_173347,2026-08-28 17:33:47,P09,/hydroponic_project/data_collection/images/lettuce_20260828_173347.jpg,/hydroponic_project/data_collection/crops/lettuce_20260828_173347/P09.jpg,/hydroponic_project/data_collection/crops/lettuce_20260828_173347/P09_224.jpg,30.37,30.9,74.8,5.97,2.7459,1.531,765.5,2.2555,OK,66653,9.84615421295166,1.0158113241195679,30.952482223510742
CAP_20260828_173347,2026-08-28 17:33:47,P10,/hydroponic_project/data_collection/images/lettuce_20260828_173347.jpg,/hydroponic_project/data_collection/crops/lettuce_20260828_173347/P10.jpg,/hydroponic_project/data_collection/crops/lettuce_20260828_173347/P10_224.jpg,30.37,30.9,74.8,5.97,2.7459,1.531,765.5,2.2555,OK,66653,9.84615421295166,1.0158113241195679,30.952482223510742
CAP_20260828_173347,2026-08-28 17:33:47,P11,/hydroponic_project/data_collection/images/lettuce_20260828_173347.jpg,/hydroponic_project/data_collection/crops/lettuce_20260828_173347/P11.jpg,/hydroponic_project/data_collection/crops/lettuce_20260828_173347/P11_224.jpg,30.37,30.9,74.8,5.97,2.7459,1.531,765.5,2.2555,OK,66653,9.84615421295166,1.0158113241195679,30.952482223510742
CAP_20260828_173347,2026-08-28 17:33:47,P12,/hydroponic_project/data_collection/images/lettuce_20260828_173347.jpg,/hydroponic_project/data_collection/crops/lettuce_20260828_173347/P12.jpg,/hydroponic_project/data_collection/crops/lettuce_20260828_173347/P12_224.jpg,30.37,30.9,74.8,5.97,2.7459,1.531,765.5,2.2555,OK,66653,9.84615421295166,1.0158113241195679,30.952482223510742
CAP_20260828_173624,2026-08-28 17:36:24,P01,/hydroponic_project/data_collection/images/lettuce_20260828_173624.jpg,/hydroponic_project/data_collection/crops/lettuce_20260828_173624/P01.jpg,/hydroponic_project/data_collection/crops/lettuce_20260828_173624/P01_224.jpg,30.37,31.1,74.6,5.96,2.7479,1.54,770.1,2.2636,OK,66653,9.84615421295166,1.0158113241195679,28.9553165435791
CAP_20260828_173624,2026-08-28 17:36:24,P02,/hydroponic_project/data_collection/images/lettuce_20260828_173624.jpg,/hydroponic_project/data_collection/crops/lettuce_20260828_173624/P02.jpg,/hydroponic_project/data_collection/crops/lettuce_20260828_173624/P02_224.jpg,30.37,31.1,74.6,5.96,2.7479,1.54,770.1,2.2636,OK,66653,9.84615421295166,1.0158113241195679,28.9553165435791
CAP_20260828_173624,2026-08-28 17:36:24,P03,/hydroponic_project/data_collection/images/lettuce_20260828_173624.jpg,/hydroponic_project/data_collection/crops/lettuce_20260828_173624/P03.jpg,/hydroponic_project/data_collection/crops/lettuce_20260828_173624/P03_224.jpg,30.37,31.1,74.6,5.96,2.7479,1.54,770.1,2.2636,OK,66653,9.84615421295166,1.0158113241195679,28.9553165435791
CAP_20260828_173624,2026-08-28 17:36:24,P04,/hydroponic_project/data_collection/images/lettuce_20260828_173624.jpg,/hydroponic_project/data_collection/crops/lettuce_20260828_173624/P04.jpg,/hydroponic_project/data_collection/crops/lettuce_20260828_173624/P04_224.jpg,30.37,31.1,74.6,5.96,2.7479,1.54,770.1,2.2636,OK,66653,9.84615421295166,1.0158113241195679,28.9553165435791
CAP_20260828_173624,2026-08-28 17:36:24,P05,/hydroponic_project/data_collection/images/lettuce_20260828_173624.jpg,/hydroponic_project/data_collection/crops/lettuce_20260828_173624/P05.jpg,/hydroponic_project/data_collection/crops/lettuce_20260828_173624/P05_224.jpg,30.37,31.1,74.6,5.96,2.7479,1.54,770.1,2.2636,OK,66653,9.84615421295166,1.0158113241195679,28.9553165435791
CAP_20260828_173624,2026-08-28 17:36:24,P06,/hydroponic_project/data_collection/images/lettuce_20260828_173624.jpg,/hydroponic_project/data_collection/crops/lettuce_20260828_173624/P06.jpg,/hydroponic_project/data_collection/crops/lettuce_20260828_173624/P06_224.jpg,30.37,31.1,74.6,5.96,2.7479,1.54,770.1,2.2636,OK,66653,9.84615421295166,1.0158113241195679,28.9553165435791
CAP_20260828_173624,2026-08-28 17:36:24,P07,/hydroponic_project/data_collection/images/lettuce_20260828_173624.jpg,/hydroponic_project/data_collection/crops/lettuce_20260828_173624/P07.jpg,/hydroponic_project/data_collection/crops/lettuce_20260828_173624/P07_224.jpg,30.37,31.1,74.6,5.96,2.7479,1.54,770.1,2.2636,OK,66653,9.84615421295166,1.0158113241195679,28.9553165435791
CAP_20260828_173624,2026-08-28 17:36:24,P08,/hydroponic_project/data_collection/images/lettuce_20260828_173624.jpg,/hydroponic_project/data_collection/crops/lettuce_20260828_173624/P08.jpg,/hydroponic_project/data_collection/crops/lettuce_20260828_173624/P08_224.jpg,30.37,31.1,74.6,5.96,2.7479,1.54,770.1,2.2636,OK,66653,9.84615421295166,1.0158113241195679,28.9553165435791
CAP_20260828_173624,2026-08-28 17:36:24,P09,/hydroponic_project/data_collection/images/lettuce_20260828_173624.jpg,/hydroponic_project/data_collection/crops/lettuce_20260828_173624/P09.jpg,/hydroponic_project/data_collection/crops/lettuce_20260828_173624/P09_224.jpg,30.37,31.1,74.6,5.96,2.7479,1.54,770.1,2.2636,OK,66653,9.84615421295166,1.0158113241195679,28.9553165435791
CAP_20260828_173624,2026-08-28 17:36:24,P10,/hydroponic_project/data_collection/images/lettuce_20260828_173624.jpg,/hydroponic_project/data_collection/crops/lettuce_20260828_173624/P10.jpg,/hydroponic_project/data_collection/crops/lettuce_20260828_173624/P10_224.jpg,30.37,31.1,74.6,5.96,2.7479,1.54,770.1,2.2636,OK,66653,9.84615421295166,1.0158113241195679,28.9553165435791
CAP_20260828_173624,2026-08-28 17:36:24,P11,/hydroponic_project/data_collection/images/lettuce_20260828_173624.jpg,/hydroponic_project/data_collection/crops/lettuce_20260828_173624/P11.jpg,/hydroponic_project/data_collection/crops/lettuce_20260828_173624/P11_224.jpg,30.37,31.1,74.6,5.96,2.7479,1.54,770.1,2.2636,OK,66653,9.84615421295166,1.0158113241195679,28.9553165435791
CAP_20260828_173624,2026-08-28 17:36:24,P12,/hydroponic_project/data_collection/images/lettuce_20260828_173624.jpg,/hydroponic_project/data_collection/crops/lettuce_20260828_173624/P12.jpg,/hydroponic_project/data_collection/crops/lettuce_20260828_173624/P12_224.jpg,30.37,31.1,74.6,5.96,2.7479,1.54,770.1,2.2636,OK,66653,9.84615421295166,1.0158113241195679,28.9553165435791
CAP_20260828_175056,2026-08-28 17:50:56,P01,/hydroponic_project/data_collection/images/lettuce_20260828_175056.jpg,/hydroponic_project/data_collection/crops/lettuce_20260828_175056/P01.jpg,/hydroponic_project/data_collection/crops/lettuce_20260828_175056/P01_224.jpg,30.31,31.9,73.1,6.13,2.7203,1.533,766.5,2.2548,OK,66653,9.84615421295166,1.0158113241195679,17.201953887939453
CAP_20260828_175056,2026-08-28 17:50:56,P02,/hydroponic_project/data_collection/images/lettuce_20260828_175056.jpg,/hydroponic_project/data_collection/crops/lettuce_20260828_175056/P02.jpg,/hydroponic_project/data_collection/crops/lettuce_20260828_175056/P02_224.jpg,30.31,31.9,73.1,6.13,2.7203,1.533,766.5,2.2548,OK,66653,9.84615421295166,1.0158113241195679,17.201953887939453
CAP_20260828_175056,2026-08-28 17:50:56,P03,/hydroponic_project/data_collection/images/lettuce_20260828_175056.jpg,/hydroponic_project/data_collection/crops/lettuce_20260828_175056/P03.jpg,/hydroponic_project/data_collection/crops/lettuce_20260828_175056/P03_224.jpg,30.31,31.9,73.1,6.13,2.7203,1.533,766.5,2.2548,OK,66653,9.84615421295166,1.0158113241195679,17.201953887939453
CAP_20260828_175056,2026-08-28 17:50:56,P04,/hydroponic_project/data_collection/images/lettuce_20260828_175056.jpg,/hydroponic_project/data_collection/crops/lettuce_20260828_175056/P04.jpg,/hydroponic_project/data_collection/crops/lettuce_20260828_175056/P04_224.jpg,30.31,31.9,73.1,6.13,2.7203,1.533,766.5,2.2548,OK,66653,9.84615421295166,1.0158113241195679,17.201953887939453
CAP_20260828_175056,2026-08-28 17:50:56,P05,/hydroponic_project/data_collection/images/lettuce_20260828_175056.jpg,/hydroponic_project/data_collection/crops/lettuce_20260828_175056/P05.jpg,/hydroponic_project/data_collection/crops/lettuce_20260828_175056/P05_224.jpg,30.31,31.9,73.1,6.13,2.7203,1.533,766.5,2.2548,OK,66653,9.84615421295166,1.0158113241195679,17.201953887939453
CAP_20260828_175056,2026-08-28 17:50:56,P06,/hydroponic_project/data_collection/images/lettuce_20260828_175056.jpg,/hydroponic_project/data_collection/crops/lettuce_20260828_175056/P06.jpg,/hydroponic_project/data_collection/crops/lettuce_20260828_175056/P06_224.jpg,30.31,31.9,73.1,6.13,2.7203,1.533,766.5,2.2548,OK,66653,9.84615421295166,1.0158113241195679,17.201953887939453
CAP_20260828_175056,2026-08-28 17:50:56,P07,/hydroponic_project/data_collection/images/lettuce_20260828_175056.jpg,/hydroponic_project/data_collection/crops/lettuce_20260828_175056/P07.jpg,/hydroponic_project/data_collection/crops/lettuce_20260828_175056/P07_224.jpg,30.31,31.9,73.1,6.13,2.7203,1.533,766.5,2.2548,OK,66653,9.84615421295166,1.0158113241195679,17.201953887939453
CAP_20260828_175056,2026-08-28 17:50:56,P08,/hydroponic_project/data_collection/images/lettuce_20260828_175056.jpg,/hydroponic_project/data_collection/crops/lettuce_20260828_175056/P08.jpg,/hydroponic_project/data_collection/crops/lettuce_20260828_175056/P08_224.jpg,30.31,31.9,73.1,6.13,2.7203,1.533,766.5,2.2548,OK,66653,9.84615421295166,1.0158113241195679,17.201953887939453
CAP_20260828_175056,2026-08-28 17:50:56,P09,/hydroponic_project/data_collection/images/lettuce_20260828_175056.jpg,/hydroponic_project/data_collection/crops/lettuce_20260828_175056/P09.jpg,/hydroponic_project/data_collection/crops/lettuce_20260828_175056/P09_224.jpg,30.31,31.9,73.1,6.13,2.7203,1.533,766.5,2.2548,OK,66653,9.84615421295166,1.0158113241195679,17.201953887939453
CAP_20260828_175056,2026-08-28 17:50:56,P10,/hydroponic_project/data_collection/images/lettuce_20260828_175056.jpg,/hydroponic_project/data_collection/crops/lettuce_20260828_175056/P10.jpg,/hydroponic_project/data_collection/crops/lettuce_20260828_175056/P10_224.jpg,30.31,31.9,73.1,6.13,2.7203,1.533,766.5,2.2548,OK,66653,9.84615421295166,1.0158113241195679,17.201953887939453
CAP_20260828_175056,2026-08-28 17:50:56,P11,/hydroponic_project/data_collection/images/lettuce_20260828_175056.jpg,/hydroponic_project/data_collection/crops/lettuce_20260828_175056/P11.jpg,/hydroponic_project/data_collection/crops/lettuce_20260828_175056/P11_224.jpg,30.31,31.9,73.1,6.13,2.7203,1.533,766.5,2.2548,OK,66653,9.84615421295166,1.0158113241195679,17.201953887939453
CAP_20260828_175056,2026-08-28 17:50:56,P12,/hydroponic_project/data_collection/images/lettuce_20260828_175056.jpg,/hydroponic_project/data_collection/crops/lettuce_20260828_175056/P12.jpg,/hydroponic_project/data_collection/crops/lettuce_20260828_175056/P12_224.jpg,30.31,31.9,73.1,6.13,2.7203,1.533,766.5,2.2548,OK,66653,9.84615421295166,1.0158113241195679,17.201953887939453
CAP_20260828_175442,2026-08-28 17:54:42,P01,/hydroponic_project/data_collection/images/lettuce_20260828_175442.jpg,/hydroponic_project/data_collection/crops/lettuce_20260828_175442/P01.jpg,/hydroponic_project/data_collection/crops/lettuce_20260828_175442/P01_224.jpg,30.25,32.0,71.0,6.63,2.6383,1.528,763.8,2.2473,OK,66653,9.84615421295166,1.0158113241195679,16.311498641967773
CAP_20260828_175442,2026-08-28 17:54:42,P02,/hydroponic_project/data_collection/images/lettuce_20260828_175442.jpg,/hydroponic_project/data_collection/crops/lettuce_20260828_175442/P02.jpg,/hydroponic_project/data_collection/crops/lettuce_20260828_175442/P02_224.jpg,30.25,32.0,71.0,6.63,2.6383,1.528,763.8,2.2473,OK,66653,9.84615421295166,1.0158113241195679,16.311498641967773
CAP_20260828_175442,2026-08-28 17:54:42,P03,/hydroponic_project/data_collection/images/lettuce_20260828_175442.jpg,/hydroponic_project/data_collection/crops/lettuce_20260828_175442/P03.jpg,/hydroponic_project/data_collection/crops/lettuce_20260828_175442/P03_224.jpg,30.25,32.0,71.0,6.63,2.6383,1.528,763.8,2.2473,OK,66653,9.84615421295166,1.0158113241195679,16.311498641967773
CAP_20260828_175442,2026-08-28 17:54:42,P04,/hydroponic_project/data_collection/images/lettuce_20260828_175442.jpg,/hydroponic_project/data_collection/crops/lettuce_20260828_175442/P04.jpg,/hydroponic_project/data_collection/crops/lettuce_20260828_175442/P04_224.jpg,30.25,32.0,71.0,6.63,2.6383,1.528,763.8,2.2473,OK,66653,9.84615421295166,1.0158113241195679,16.311498641967773
CAP_20260828_175442,2026-08-28 17:54:42,P05,/hydroponic_project/data_collection/images/lettuce_20260828_175442.jpg,/hydroponic_project/data_collection/crops/lettuce_20260828_175442/P05.jpg,/hydroponic_project/data_collection/crops/lettuce_20260828_175442/P05_224.jpg,30.25,32.0,71.0,6.63,2.6383,1.528,763.8,2.2473,OK,66653,9.84615421295166,1.0158113241195679,16.311498641967773
CAP_20260828_175442,2026-08-28 17:54:42,P06,/hydroponic_project/data_collection/images/lettuce_20260828_175442.jpg,/hydroponic_project/data_collection/crops/lettuce_20260828_175442/P06.jpg,/hydroponic_project/data_collection/crops/lettuce_20260828_175442/P06_224.jpg,30.25,32.0,71.0,6.63,2.6383,1.528,763.8,2.2473,OK,66653,9.84615421295166,1.0158113241195679,16.311498641967773
CAP_20260828_175442,2026-08-28 17:54:42,P07,/hydroponic_project/data_collection/images/lettuce_20260828_175442.jpg,/hydroponic_project/data_collection/crops/lettuce_20260828_175442/P07.jpg,/hydroponic_project/data_collection/crops/lettuce_20260828_175442/P07_224.jpg,30.25,32.0,71.0,6.63,2.6383,1.528,763.8,2.2473,OK,66653,9.84615421295166,1.0158113241195679,16.311498641967773
CAP_20260828_175442,2026-08-28 17:54:42,P08,/hydroponic_project/data_collection/images/lettuce_20260828_175442.jpg,/hydroponic_project/data_collection/crops/lettuce_20260828_175442/P08.jpg,/hydroponic_project/data_collection/crops/lettuce_20260828_175442/P08_224.jpg,30.25,32.0,71.0,6.63,2.6383,1.528,763.8,2.2473,OK,66653,9.84615421295166,1.0158113241195679,16.311498641967773
CAP_20260828_175442,2026-08-28 17:54:42,P09,/hydroponic_project/data_collection/images/lettuce_20260828_175442.jpg,/hydroponic_project/data_collection/crops/lettuce_20260828_175442/P09.jpg,/hydroponic_project/data_collection/crops/lettuce_20260828_175442/P09_224.jpg,30.25,32.0,71.0,6.63,2.6383,1.528,763.8,2.2473,OK,66653,9.84615421295166,1.0158113241195679,16.311498641967773
CAP_20260828_175442,2026-08-28 17:54:42,P10,/hydroponic_project/data_collection/images/lettuce_20260828_175442.jpg,/hydroponic_project/data_collection/crops/lettuce_20260828_175442/P10.jpg,/hydroponic_project/data_collection/crops/lettuce_20260828_175442/P10_224.jpg,30.25,32.0,71.0,6.63,2.6383,1.528,763.8,2.2473,OK,66653,9.84615421295166,1.0158113241195679,16.311498641967773
CAP_20260828_175442,2026-08-28 17:54:42,P11,/hydroponic_project/data_collection/images/lettuce_20260828_175442.jpg,/hydroponic_project/data_collection/crops/lettuce_20260828_175442/P11.jpg,/hydroponic_project/data_collection/crops/lettuce_20260828_175442/P11_224.jpg,30.25,32.0,71.0,6.63,2.6383,1.528,763.8,2.2473,OK,66653,9.84615421295166,1.0158113241195679,16.311498641967773
CAP_20260828_175442,2026-08-28 17:54:42,P12,/hydroponic_project/data_collection/images/lettuce_20260828_175442.jpg,/hydroponic_project/data_collection/crops/lettuce_20260828_175442/P12.jpg,/hydroponic_project/data_collection/crops/lettuce_20260828_175442/P12_224.jpg,30.25,32.0,71.0,6.63,2.6383,1.528,763.8,2.2473,OK,66653,9.84615421295166,1.0158113241195679,16.311498641967773
CAP_20260828_175839,2026-08-28 17:58:39,P01,/hydroponic_project/data_collection/images/lettuce_20260828_175839.jpg,/hydroponic_project/data_collection/crops/lettuce_20260828_175839/P01.jpg,/hydroponic_project/data_collection/crops/lettuce_20260828_175839/P01_224.jpg,30.25,31.8,71.7,6.28,2.6958,1.527,763.6,2.247,OK,66653,9.84615421295166,1.0158113241195679,22.464950561523438
CAP_20260828_175839,2026-08-28 17:58:39,P02,/hydroponic_project/data_collection/images/lettuce_20260828_175839.jpg,/hydroponic_project/data_collection/crops/lettuce_20260828_175839/P02.jpg,/hydroponic_project/data_collection/crops/lettuce_20260828_175839/P02_224.jpg,30.25,31.8,71.7,6.28,2.6958,1.527,763.6,2.247,OK,66653,9.84615421295166,1.0158113241195679,22.464950561523438
CAP_20260828_175839,2026-08-28 17:58:39,P03,/hydroponic_project/data_collection/images/lettuce_20260828_175839.jpg,/hydroponic_project/data_collection/crops/lettuce_20260828_175839/P03.jpg,/hydroponic_project/data_collection/crops/lettuce_20260828_175839/P03_224.jpg,30.25,31.8,71.7,6.28,2.6958,1.527,763.6,2.247,OK,66653,9.84615421295166,1.0158113241195679,22.464950561523438
CAP_20260828_175839,2026-08-28 17:58:39,P04,/hydroponic_project/data_collection/images/lettuce_20260828_175839.jpg,/hydroponic_project/data_collection/crops/lettuce_20260828_175839/P04.jpg,/hydroponic_project/data_collection/crops/lettuce_20260828_175839/P04_224.jpg,30.25,31.8,71.7,6.28,2.6958,1.527,763.6,2.247,OK,66653,9.84615421295166,1.0158113241195679,22.464950561523438
CAP_20260828_175839,2026-08-28 17:58:39,P05,/hydroponic_project/data_collection/images/lettuce_20260828_175839.jpg,/hydroponic_project/data_collection/crops/lettuce_20260828_175839/P05.jpg,/hydroponic_project/data_collection/crops/lettuce_20260828_175839/P05_224.jpg,30.25,31.8,71.7,6.28,2.6958,1.527,763.6,2.247,OK,66653,9.84615421295166,1.0158113241195679,22.464950561523438
CAP_20260828_175839,2026-08-28 17:58:39,P06,/hydroponic_project/data_collection/images/lettuce_20260828_175839.jpg,/hydroponic_project/data_collection/crops/lettuce_20260828_175839/P06.jpg,/hydroponic_project/data_collection/crops/lettuce_20260828_175839/P06_224.jpg,30.25,31.8,71.7,6.28,2.6958,1.527,763.6,2.247,OK,66653,9.84615421295166,1.0158113241195679,22.464950561523438
CAP_20260828_175839,2026-08-28 17:58:39,P07,/hydroponic_project/data_collection/images/lettuce_20260828_175839.jpg,/hydroponic_project/data_collection/crops/lettuce_20260828_175839/P07.jpg,/hydroponic_project/data_collection/crops/lettuce_20260828_175839/P07_224.jpg,30.25,31.8,71.7,6.28,2.6958,1.527,763.6,2.247,OK,66653,9.84615421295166,1.0158113241195679,22.464950561523438
CAP_20260828_175839,2026-08-28 17:58:39,P08,/hydroponic_project/data_collection/images/lettuce_20260828_175839.jpg,/hydroponic_project/data_collection/crops/lettuce_20260828_175839/P08.jpg,/hydroponic_project/data_collection/crops/lettuce_20260828_175839/P08_224.jpg,30.25,31.8,71.7,6.28,2.6958,1.527,763.6,2.247,OK,66653,9.84615421295166,1.0158113241195679,22.464950561523438
CAP_20260828_175839,2026-08-28 17:58:39,P09,/hydroponic_project/data_collection/images/lettuce_20260828_175839.jpg,/hydroponic_project/data_collection/crops/lettuce_20260828_175839/P09.jpg,/hydroponic_project/data_collection/crops/lettuce_20260828_175839/P09_224.jpg,30.25,31.8,71.7,6.28,2.6958,1.527,763.6,2.247,OK,66653,9.84615421295166,1.0158113241195679,22.464950561523438
CAP_20260828_175839,2026-08-28 17:58:39,P10,/hydroponic_project/data_collection/images/lettuce_20260828_175839.jpg,/hydroponic_project/data_collection/crops/lettuce_20260828_175839/P10.jpg,/hydroponic_project/data_collection/crops/lettuce_20260828_175839/P10_224.jpg,30.25,31.8,71.7,6.28,2.6958,1.527,763.6,2.247,OK,66653,9.84615421295166,1.0158113241195679,22.464950561523438
CAP_20260828_175839,2026-08-28 17:58:39,P11,/hydroponic_project/data_collection/images/lettuce_20260828_175839.jpg,/hydroponic_project/data_collection/crops/lettuce_20260828_175839/P11.jpg,/hydroponic_project/data_collection/crops/lettuce_20260828_175839/P11_224.jpg,30.25,31.8,71.7,6.28,2.6958,1.527,763.6,2.247,OK,66653,9.84615421295166,1.0158113241195679,22.464950561523438
CAP_20260828_175839,2026-08-28 17:58:39,P12,/hydroponic_project/data_collection/images/lettuce_20260828_175839.jpg,/hydroponic_project/data_collection/crops/lettuce_20260828_175839/P12.jpg,/hydroponic_project/data_collection/crops/lettuce_20260828_175839/P12_224.jpg,30.25,31.8,71.7,6.28,2.6958,1.527,763.6,2.247,OK,66653,9.84615421295166,1.0158113241195679,22.464950561523438
CAP_20260828_180014,2026-08-28 18:00:14,P01,/hydroponic_project/data_collection/images/lettuce_20260828_180014.jpg,/hydroponic_project/data_collection/crops/lettuce_20260828_180014/P01.jpg,/hydroponic_project/data_collection/crops/lettuce_20260828_180014/P01_224.jpg,30.25,31.6,72.3,6.44,2.6689,1.525,762.6,2.2451,OK,66653,9.84615421295166,1.0158113241195679,35.57817840576172
CAP_20260828_180014,2026-08-28 18:00:14,P02,/hydroponic_project/data_collection/images/lettuce_20260828_180014.jpg,/hydroponic_project/data_collection/crops/lettuce_20260828_180014/P02.jpg,/hydroponic_project/data_collection/crops/lettuce_20260828_180014/P02_224.jpg,30.25,31.6,72.3,6.44,2.6689,1.525,762.6,2.2451,OK,66653,9.84615421295166,1.0158113241195679,35.57817840576172
CAP_20260828_180014,2026-08-28 18:00:14,P03,/hydroponic_project/data_collection/images/lettuce_20260828_180014.jpg,/hydroponic_project/data_collection/crops/lettuce_20260828_180014/P03.jpg,/hydroponic_project/data_collection/crops/lettuce_20260828_180014/P03_224.jpg,30.25,31.6,72.3,6.44,2.6689,1.525,762.6,2.2451,OK,66653,9.84615421295166,1.0158113241195679,35.57817840576172
CAP_20260828_180014,2026-08-28 18:00:14,P04,/hydroponic_project/data_collection/images/lettuce_20260828_180014.jpg,/hydroponic_project/data_collection/crops/lettuce_20260828_180014/P04.jpg,/hydroponic_project/data_collection/crops/lettuce_20260828_180014/P04_224.jpg,30.25,31.6,72.3,6.44,2.6689,1.525,762.6,2.2451,OK,66653,9.84615421295166,1.0158113241195679,35.57817840576172
CAP_20260828_180014,2026-08-28 18:00:14,P05,/hydroponic_project/data_collection/images/lettuce_20260828_180014.jpg,/hydroponic_project/data_collection/crops/lettuce_20260828_180014/P05.jpg,/hydroponic_project/data_collection/crops/lettuce_20260828_180014/P05_224.jpg,30.25,31.6,72.3,6.44,2.6689,1.525,762.6,2.2451,OK,66653,9.84615421295166,1.0158113241195679,35.57817840576172
CAP_20260828_180014,2026-08-28 18:00:14,P06,/hydroponic_project/data_collection/images/lettuce_20260828_180014.jpg,/hydroponic_project/data_collection/crops/lettuce_20260828_180014/P06.jpg,/hydroponic_project/data_collection/crops/lettuce_20260828_180014/P06_224.jpg,30.25,31.6,72.3,6.44,2.6689,1.525,762.6,2.2451,OK,66653,9.84615421295166,1.0158113241195679,35.57817840576172
CAP_20260828_180014,2026-08-28 18:00:14,P07,/hydroponic_project/data_collection/images/lettuce_20260828_180014.jpg,/hydroponic_project/data_collection/crops/lettuce_20260828_180014/P07.jpg,/hydroponic_project/data_collection/crops/lettuce_20260828_180014/P07_224.jpg,30.25,31.6,72.3,6.44,2.6689,1.525,762.6,2.2451,OK,66653,9.84615421295166,1.0158113241195679,35.57817840576172
CAP_20260828_180014,2026-08-28 18:00:14,P08,/hydroponic_project/data_collection/images/lettuce_20260828_180014.jpg,/hydroponic_project/data_collection/crops/lettuce_20260828_180014/P08.jpg,/hydroponic_project/data_collection/crops/lettuce_20260828_180014/P08_224.jpg,30.25,31.6,72.3,6.44,2.6689,1.525,762.6,2.2451,OK,66653,9.84615421295166,1.0158113241195679,35.57817840576172
CAP_20260828_180014,2026-08-28 18:00:14,P09,/hydroponic_project/data_collection/images/lettuce_20260828_180014.jpg,/hydroponic_project/data_collection/crops/lettuce_20260828_180014/P09.jpg,/hydroponic_project/data_collection/crops/lettuce_20260828_180014/P09_224.jpg,30.25,31.6,72.3,6.44,2.6689,1.525,762.6,2.2451,OK,66653,9.84615421295166,1.0158113241195679,35.57817840576172
CAP_20260828_180014,2026-08-28 18:00:14,P10,/hydroponic_project/data_collection/images/lettuce_20260828_180014.jpg,/hydroponic_project/data_collection/crops/lettuce_20260828_180014/P10.jpg,/hydroponic_project/data_collection/crops/lettuce_20260828_180014/P10_224.jpg,30.25,31.6,72.3,6.44,2.6689,1.525,762.6,2.2451,OK,66653,9.84615421295166,1.0158113241195679,35.57817840576172
CAP_20260828_180014,2026-08-28 18:00:14,P11,/hydroponic_project/data_collection/images/lettuce_20260828_180014.jpg,/hydroponic_project/data_collection/crops/lettuce_20260828_180014/P11.jpg,/hydroponic_project/data_collection/crops/lettuce_20260828_180014/P11_224.jpg,30.25,31.6,72.3,6.44,2.6689,1.525,762.6,2.2451,OK,66653,9.84615421295166,1.0158113241195679,35.57817840576172
CAP_20260828_180014,2026-08-28 18:00:14,P12,/hydroponic_project/data_collection/images/lettuce_20260828_180014.jpg,/hydroponic_project/data_collection/crops/lettuce_20260828_180014/P12.jpg,/hydroponic_project/data_collection/crops/lettuce_20260828_180014/P12_224.jpg,30.25,31.6,72.3,6.44,2.6689,1.525,762.6,2.2451,OK,66653,9.84615421295166,1.0158113241195679,35.57817840576172
CAP_20260829_111323,2026-08-29 11:13:23,P01,/hydroponic_project/data_collection/images/lettuce_20260829_111323.jpg,/hydroponic_project/data_collection/crops/lettuce_20260829_111323/P01.jpg,/hydroponic_project/data_collection/crops/lettuce_20260829_111323/P01_224.jpg,29.75,32.0,72.8,6.22,2.705,1.448,723.8,2.1549,OK,29999,3.7101449966430664,1.0078132152557373,250.63475036621094
CAP_20260829_111323,2026-08-29 11:13:23,P02,/hydroponic_project/data_collection/images/lettuce_20260829_111323.jpg,/hydroponic_project/data_collection/crops/lettuce_20260829_111323/P02.jpg,/hydroponic_project/data_collection/crops/lettuce_20260829_111323/P02_224.jpg,29.75,32.0,72.8,6.22,2.705,1.448,723.8,2.1549,OK,29999,3.7101449966430664,1.0078132152557373,250.63475036621094
CAP_20260829_111323,2026-08-29 11:13:23,P03,/hydroponic_project/data_collection/images/lettuce_20260829_111323.jpg,/hydroponic_project/data_collection/crops/lettuce_20260829_111323/P03.jpg,/hydroponic_project/data_collection/crops/lettuce_20260829_111323/P03_224.jpg,29.75,32.0,72.8,6.22,2.705,1.448,723.8,2.1549,OK,29999,3.7101449966430664,1.0078132152557373,250.63475036621094
CAP_20260829_111323,2026-08-29 11:13:23,P04,/hydroponic_project/data_collection/images/lettuce_20260829_111323.jpg,/hydroponic_project/data_collection/crops/lettuce_20260829_111323/P04.jpg,/hydroponic_project/data_collection/crops/lettuce_20260829_111323/P04_224.jpg,29.75,32.0,72.8,6.22,2.705,1.448,723.8,2.1549,OK,29999,3.7101449966430664,1.0078132152557373,250.63475036621094
CAP_20260829_111323,2026-08-29 11:13:23,P05,/hydroponic_project/data_collection/images/lettuce_20260829_111323.jpg,/hydroponic_project/data_collection/crops/lettuce_20260829_111323/P05.jpg,/hydroponic_project/data_collection/crops/lettuce_20260829_111323/P05_224.jpg,29.75,32.0,72.8,6.22,2.705,1.448,723.8,2.1549,OK,29999,3.7101449966430664,1.0078132152557373,250.63475036621094
CAP_20260829_111323,2026-08-29 11:13:23,P06,/hydroponic_project/data_collection/images/lettuce_20260829_111323.jpg,/hydroponic_project/data_collection/crops/lettuce_20260829_111323/P06.jpg,/hydroponic_project/data_collection/crops/lettuce_20260829_111323/P06_224.jpg,29.75,32.0,72.8,6.22,2.705,1.448,723.8,2.1549,OK,29999,3.7101449966430664,1.0078132152557373,250.63475036621094
CAP_20260829_111323,2026-08-29 11:13:23,P07,/hydroponic_project/data_collection/images/lettuce_20260829_111323.jpg,/hydroponic_project/data_collection/crops/lettuce_20260829_111323/P07.jpg,/hydroponic_project/data_collection/crops/lettuce_20260829_111323/P07_224.jpg,29.75,32.0,72.8,6.22,2.705,1.448,723.8,2.1549,OK,29999,3.7101449966430664,1.0078132152557373,250.63475036621094
CAP_20260829_111323,2026-08-29 11:13:23,P08,/hydroponic_project/data_collection/images/lettuce_20260829_111323.jpg,/hydroponic_project/data_collection/crops/lettuce_20260829_111323/P08.jpg,/hydroponic_project/data_collection/crops/lettuce_20260829_111323/P08_224.jpg,29.75,32.0,72.8,6.22,2.705,1.448,723.8,2.1549,OK,29999,3.7101449966430664,1.0078132152557373,250.63475036621094
CAP_20260829_111323,2026-08-29 11:13:23,P09,/hydroponic_project/data_collection/images/lettuce_20260829_111323.jpg,/hydroponic_project/data_collection/crops/lettuce_20260829_111323/P09.jpg,/hydroponic_project/data_collection/crops/lettuce_20260829_111323/P09_224.jpg,29.75,32.0,72.8,6.22,2.705,1.448,723.8,2.1549,OK,29999,3.7101449966430664,1.0078132152557373,250.63475036621094
CAP_20260829_111323,2026-08-29 11:13:23,P10,/hydroponic_project/data_collection/images/lettuce_20260829_111323.jpg,/hydroponic_project/data_collection/crops/lettuce_20260829_111323/P10.jpg,/hydroponic_project/data_collection/crops/lettuce_20260829_111323/P10_224.jpg,29.75,32.0,72.8,6.22,2.705,1.448,723.8,2.1549,OK,29999,3.7101449966430664,1.0078132152557373,250.63475036621094
CAP_20260829_111323,2026-08-29 11:13:23,P11,/hydroponic_project/data_collection/images/lettuce_20260829_111323.jpg,/hydroponic_project/data_collection/crops/lettuce_20260829_111323/P11.jpg,/hydroponic_project/data_collection/crops/lettuce_20260829_111323/P11_224.jpg,29.75,32.0,72.8,6.22,2.705,1.448,723.8,2.1549,OK,29999,3.7101449966430664,1.0078132152557373,250.63475036621094
CAP_20260829_111323,2026-08-29 11:13:23,P12,/hydroponic_project/data_collection/images/lettuce_20260829_111323.jpg,/hydroponic_project/data_collection/crops/lettuce_20260829_111323/P12.jpg,/hydroponic_project/data_collection/crops/lettuce_20260829_111323/P12_224.jpg,29.75,32.0,72.8,6.22,2.705,1.448,723.8,2.1549,OK,29999,3.7101449966430664,1.0078132152557373,250.63475036621094
CAP_20260829_111504,2026-08-29 11:15:04,P01,/hydroponic_project/data_collection/images/lettuce_20260829_111504.jpg,/hydroponic_project/data_collection/crops/lettuce_20260829_111504/P01.jpg,/hydroponic_project/data_collection/crops/lettuce_20260829_111504/P01_224.jpg,29.75,32.0,72.7,6.23,2.7038,1.447,723.6,2.1545,OK,30453,4.0,1.0005803108215332,235.65357971191406
CAP_20260829_111504,2026-08-29 11:15:04,P02,/hydroponic_project/data_collection/images/lettuce_20260829_111504.jpg,/hydroponic_project/data_collection/crops/lettuce_20260829_111504/P02.jpg,/hydroponic_project/data_collection/crops/lettuce_20260829_111504/P02_224.jpg,29.75,32.0,72.7,6.23,2.7038,1.447,723.6,2.1545,OK,30453,4.0,1.0005803108215332,235.65357971191406
CAP_20260829_111504,2026-08-29 11:15:04,P03,/hydroponic_project/data_collection/images/lettuce_20260829_111504.jpg,/hydroponic_project/data_collection/crops/lettuce_20260829_111504/P03.jpg,/hydroponic_project/data_collection/crops/lettuce_20260829_111504/P03_224.jpg,29.75,32.0,72.7,6.23,2.7038,1.447,723.6,2.1545,OK,30453,4.0,1.0005803108215332,235.65357971191406
CAP_20260829_111504,2026-08-29 11:15:04,P04,/hydroponic_project/data_collection/images/lettuce_20260829_111504.jpg,/hydroponic_project/data_collection/crops/lettuce_20260829_111504/P04.jpg,/hydroponic_project/data_collection/crops/lettuce_20260829_111504/P04_224.jpg,29.75,32.0,72.7,6.23,2.7038,1.447,723.6,2.1545,OK,30453,4.0,1.0005803108215332,235.65357971191406
CAP_20260829_111504,2026-08-29 11:15:04,P05,/hydroponic_project/data_collection/images/lettuce_20260829_111504.jpg,/hydroponic_project/data_collection/crops/lettuce_20260829_111504/P05.jpg,/hydroponic_project/data_collection/crops/lettuce_20260829_111504/P05_224.jpg,29.75,32.0,72.7,6.23,2.7038,1.447,723.6,2.1545,OK,30453,4.0,1.0005803108215332,235.65357971191406
CAP_20260829_111504,2026-08-29 11:15:04,P06,/hydroponic_project/data_collection/images/lettuce_20260829_111504.jpg,/hydroponic_project/data_collection/crops/lettuce_20260829_111504/P06.jpg,/hydroponic_project/data_collection/crops/lettuce_20260829_111504/P06_224.jpg,29.75,32.0,72.7,6.23,2.7038,1.447,723.6,2.1545,OK,30453,4.0,1.0005803108215332,235.65357971191406
CAP_20260829_111504,2026-08-29 11:15:04,P07,/hydroponic_project/data_collection/images/lettuce_20260829_111504.jpg,/hydroponic_project/data_collection/crops/lettuce_20260829_111504/P07.jpg,/hydroponic_project/data_collection/crops/lettuce_20260829_111504/P07_224.jpg,29.75,32.0,72.7,6.23,2.7038,1.447,723.6,2.1545,OK,30453,4.0,1.0005803108215332,235.65357971191406
CAP_20260829_111504,2026-08-29 11:15:04,P08,/hydroponic_project/data_collection/images/lettuce_20260829_111504.jpg,/hydroponic_project/data_collection/crops/lettuce_20260829_111504/P08.jpg,/hydroponic_project/data_collection/crops/lettuce_20260829_111504/P08_224.jpg,29.75,32.0,72.7,6.23,2.7038,1.447,723.6,2.1545,OK,30453,4.0,1.0005803108215332,235.65357971191406
CAP_20260829_111504,2026-08-29 11:15:04,P09,/hydroponic_project/data_collection/images/lettuce_20260829_111504.jpg,/hydroponic_project/data_collection/crops/lettuce_20260829_111504/P09.jpg,/hydroponic_project/data_collection/crops/lettuce_20260829_111504/P09_224.jpg,29.75,32.0,72.7,6.23,2.7038,1.447,723.6,2.1545,OK,30453,4.0,1.0005803108215332,235.65357971191406
CAP_20260829_111504,2026-08-29 11:15:04,P10,/hydroponic_project/data_collection/images/lettuce_20260829_111504.jpg,/hydroponic_project/data_collection/crops/lettuce_20260829_111504/P10.jpg,/hydroponic_project/data_collection/crops/lettuce_20260829_111504/P10_224.jpg,29.75,32.0,72.7,6.23,2.7038,1.447,723.6,2.1545,OK,30453,4.0,1.0005803108215332,235.65357971191406
CAP_20260829_111504,2026-08-29 11:15:04,P11,/hydroponic_project/data_collection/images/lettuce_20260829_111504.jpg,/hydroponic_project/data_collection/crops/lettuce_20260829_111504/P11.jpg,/hydroponic_project/data_collection/crops/lettuce_20260829_111504/P11_224.jpg,29.75,32.0,72.7,6.23,2.7038,1.447,723.6,2.1545,OK,30453,4.0,1.0005803108215332,235.65357971191406
CAP_20260829_111504,2026-08-29 11:15:04,P12,/hydroponic_project/data_collection/images/lettuce_20260829_111504.jpg,/hydroponic_project/data_collection/crops/lettuce_20260829_111504/P12.jpg,/hydroponic_project/data_collection/crops/lettuce_20260829_111504/P12_224.jpg,29.75,32.0,72.7,6.23,2.7038,1.447,723.6,2.1545,OK,30453,4.0,1.0005803108215332,235.65357971191406
CAP_20260829_113003,2026-08-29 11:30:03,P01,/hydroponic_project/data_collection/images/lettuce_20260829_113003.jpg,/hydroponic_project/data_collection/crops/lettuce_20260829_113003/P01.jpg,/hydroponic_project/data_collection/crops/lettuce_20260829_113003/P01_224.jpg,29.87,32.5,70.7,6.17,2.7139,1.431,715.5,2.1443,OK,30926,4.0,1.0002501010894775,232.0760498046875
CAP_20260829_113003,2026-08-29 11:30:03,P02,/hydroponic_project/data_collection/images/lettuce_20260829_113003.jpg,/hydroponic_project/data_collection/crops/lettuce_20260829_113003/P02.jpg,/hydroponic_project/data_collection/crops/lettuce_20260829_113003/P02_224.jpg,29.87,32.5,70.7,6.17,2.7139,1.431,715.5,2.1443,OK,30926,4.0,1.0002501010894775,232.0760498046875
CAP_20260829_113003,2026-08-29 11:30:03,P03,/hydroponic_project/data_collection/images/lettuce_20260829_113003.jpg,/hydroponic_project/data_collection/crops/lettuce_20260829_113003/P03.jpg,/hydroponic_project/data_collection/crops/lettuce_20260829_113003/P03_224.jpg,29.87,32.5,70.7,6.17,2.7139,1.431,715.5,2.1443,OK,30926,4.0,1.0002501010894775,232.0760498046875
CAP_20260829_113003,2026-08-29 11:30:03,P04,/hydroponic_project/data_collection/images/lettuce_20260829_113003.jpg,/hydroponic_project/data_collection/crops/lettuce_20260829_113003/P04.jpg,/hydroponic_project/data_collection/crops/lettuce_20260829_113003/P04_224.jpg,29.87,32.5,70.7,6.17,2.7139,1.431,715.5,2.1443,OK,30926,4.0,1.0002501010894775,232.0760498046875
CAP_20260829_113003,2026-08-29 11:30:03,P05,/hydroponic_project/data_collection/images/lettuce_20260829_113003.jpg,/hydroponic_project/data_collection/crops/lettuce_20260829_113003/P05.jpg,/hydroponic_project/data_collection/crops/lettuce_20260829_113003/P05_224.jpg,29.87,32.5,70.7,6.17,2.7139,1.431,715.5,2.1443,OK,30926,4.0,1.0002501010894775,232.0760498046875
CAP_20260829_113003,2026-08-29 11:30:03,P06,/hydroponic_project/data_collection/images/lettuce_20260829_113003.jpg,/hydroponic_project/data_collection/crops/lettuce_20260829_113003/P06.jpg,/hydroponic_project/data_collection/crops/lettuce_20260829_113003/P06_224.jpg,29.87,32.5,70.7,6.17,2.7139,1.431,715.5,2.1443,OK,30926,4.0,1.0002501010894775,232.0760498046875
CAP_20260829_113003,2026-08-29 11:30:03,P07,/hydroponic_project/data_collection/images/lettuce_20260829_113003.jpg,/hydroponic_project/data_collection/crops/lettuce_20260829_113003/P07.jpg,/hydroponic_project/data_collection/crops/lettuce_20260829_113003/P07_224.jpg,29.87,32.5,70.7,6.17,2.7139,1.431,715.5,2.1443,OK,30926,4.0,1.0002501010894775,232.0760498046875
CAP_20260829_113003,2026-08-29 11:30:03,P08,/hydroponic_project/data_collection/images/lettuce_20260829_113003.jpg,/hydroponic_project/data_collection/crops/lettuce_20260829_113003/P08.jpg,/hydroponic_project/data_collection/crops/lettuce_20260829_113003/P08_224.jpg,29.87,32.5,70.7,6.17,2.7139,1.431,715.5,2.1443,OK,30926,4.0,1.0002501010894775,232.0760498046875
CAP_20260829_113003,2026-08-29 11:30:03,P09,/hydroponic_project/data_collection/images/lettuce_20260829_113003.jpg,/hydroponic_project/data_collection/crops/lettuce_20260829_113003/P09.jpg,/hydroponic_project/data_collection/crops/lettuce_20260829_113003/P09_224.jpg,29.87,32.5,70.7,6.17,2.7139,1.431,715.5,2.1443,OK,30926,4.0,1.0002501010894775,232.0760498046875
CAP_20260829_113003,2026-08-29 11:30:03,P10,/hydroponic_project/data_collection/images/lettuce_20260829_113003.jpg,/hydroponic_project/data_collection/crops/lettuce_20260829_113003/P10.jpg,/hydroponic_project/data_collection/crops/lettuce_20260829_113003/P10_224.jpg,29.87,32.5,70.7,6.17,2.7139,1.431,715.5,2.1443,OK,30926,4.0,1.0002501010894775,232.0760498046875
CAP_20260829_113003,2026-08-29 11:30:03,P11,/hydroponic_project/data_collection/images/lettuce_20260829_113003.jpg,/hydroponic_project/data_collection/crops/lettuce_20260829_113003/P11.jpg,/hydroponic_project/data_collection/crops/lettuce_20260829_113003/P11_224.jpg,29.87,32.5,70.7,6.17,2.7139,1.431,715.5,2.1443,OK,30926,4.0,1.0002501010894775,232.0760498046875
CAP_20260829_113003,2026-08-29 11:30:03,P12,/hydroponic_project/data_collection/images/lettuce_20260829_113003.jpg,/hydroponic_project/data_collection/crops/lettuce_20260829_113003/P12.jpg,/hydroponic_project/data_collection/crops/lettuce_20260829_113003/P12_224.jpg,29.87,32.5,70.7,6.17,2.7139,1.431,715.5,2.1443,OK,30926,4.0,1.0002501010894775,232.0760498046875
CAP_20260829_114503,2026-08-29 11:45:03,P01,/hydroponic_project/data_collection/images/lettuce_20260829_114503.jpg,/hydroponic_project/data_collection/crops/lettuce_20260829_114503/P01.jpg,/hydroponic_project/data_collection/crops/lettuce_20260829_114503/P01_224.jpg,29.94,32.3,71.3,6.2,2.7083,1.424,712.1,2.1403,OK,29999,3.6571428775787354,1.0062448978424072,273.1937561035156
CAP_20260829_114503,2026-08-29 11:45:03,P02,/hydroponic_project/data_collection/images/lettuce_20260829_114503.jpg,/hydroponic_project/data_collection/crops/lettuce_20260829_114503/P02.jpg,/hydroponic_project/data_collection/crops/lettuce_20260829_114503/P02_224.jpg,29.94,32.3,71.3,6.2,2.7083,1.424,712.1,2.1403,OK,29999,3.6571428775787354,1.0062448978424072,273.1937561035156
CAP_20260829_114503,2026-08-29 11:45:03,P03,/hydroponic_project/data_collection/images/lettuce_20260829_114503.jpg,/hydroponic_project/data_collection/crops/lettuce_20260829_114503/P03.jpg,/hydroponic_project/data_collection/crops/lettuce_20260829_114503/P03_224.jpg,29.94,32.3,71.3,6.2,2.7083,1.424,712.1,2.1403,OK,29999,3.6571428775787354,1.0062448978424072,273.1937561035156
CAP_20260829_114503,2026-08-29 11:45:03,P04,/hydroponic_project/data_collection/images/lettuce_20260829_114503.jpg,/hydroponic_project/data_collection/crops/lettuce_20260829_114503/P04.jpg,/hydroponic_project/data_collection/crops/lettuce_20260829_114503/P04_224.jpg,29.94,32.3,71.3,6.2,2.7083,1.424,712.1,2.1403,OK,29999,3.6571428775787354,1.0062448978424072,273.1937561035156
CAP_20260829_114503,2026-08-29 11:45:03,P05,/hydroponic_project/data_collection/images/lettuce_20260829_114503.jpg,/hydroponic_project/data_collection/crops/lettuce_20260829_114503/P05.jpg,/hydroponic_project/data_collection/crops/lettuce_20260829_114503/P05_224.jpg,29.94,32.3,71.3,6.2,2.7083,1.424,712.1,2.1403,OK,29999,3.6571428775787354,1.0062448978424072,273.1937561035156
CAP_20260829_114503,2026-08-29 11:45:03,P06,/hydroponic_project/data_collection/images/lettuce_20260829_114503.jpg,/hydroponic_project/data_collection/crops/lettuce_20260829_114503/P06.jpg,/hydroponic_project/data_collection/crops/lettuce_20260829_114503/P06_224.jpg,29.94,32.3,71.3,6.2,2.7083,1.424,712.1,2.1403,OK,29999,3.6571428775787354,1.0062448978424072,273.1937561035156
CAP_20260829_114503,2026-08-29 11:45:03,P07,/hydroponic_project/data_collection/images/lettuce_20260829_114503.jpg,/hydroponic_project/data_collection/crops/lettuce_20260829_114503/P07.jpg,/hydroponic_project/data_collection/crops/lettuce_20260829_114503/P07_224.jpg,29.94,32.3,71.3,6.2,2.7083,1.424,712.1,2.1403,OK,29999,3.6571428775787354,1.0062448978424072,273.1937561035156
CAP_20260829_114503,2026-08-29 11:45:03,P08,/hydroponic_project/data_collection/images/lettuce_20260829_114503.jpg,/hydroponic_project/data_collection/crops/lettuce_20260829_114503/P08.jpg,/hydroponic_project/data_collection/crops/lettuce_20260829_114503/P08_224.jpg,29.94,32.3,71.3,6.2,2.7083,1.424,712.1,2.1403,OK,29999,3.6571428775787354,1.0062448978424072,273.1937561035156
CAP_20260829_114503,2026-08-29 11:45:03,P09,/hydroponic_project/data_collection/images/lettuce_20260829_114503.jpg,/hydroponic_project/data_collection/crops/lettuce_20260829_114503/P09.jpg,/hydroponic_project/data_collection/crops/lettuce_20260829_114503/P09_224.jpg,29.94,32.3,71.3,6.2,2.7083,1.424,712.1,2.1403,OK,29999,3.6571428775787354,1.0062448978424072,273.1937561035156
CAP_20260829_114503,2026-08-29 11:45:03,P10,/hydroponic_project/data_collection/images/lettuce_20260829_114503.jpg,/hydroponic_project/data_collection/crops/lettuce_20260829_114503/P10.jpg,/hydroponic_project/data_collection/crops/lettuce_20260829_114503/P10_224.jpg,29.94,32.3,71.3,6.2,2.7083,1.424,712.1,2.1403,OK,29999,3.6571428775787354,1.0062448978424072,273.1937561035156
CAP_20260829_114503,2026-08-29 11:45:03,P11,/hydroponic_project/data_collection/images/lettuce_20260829_114503.jpg,/hydroponic_project/data_collection/crops/lettuce_20260829_114503/P11.jpg,/hydroponic_project/data_collection/crops/lettuce_20260829_114503/P11_224.jpg,29.94,32.3,71.3,6.2,2.7083,1.424,712.1,2.1403,OK,29999,3.6571428775787354,1.0062448978424072,273.1937561035156
CAP_20260829_114503,2026-08-29 11:45:03,P12,/hydroponic_project/data_collection/images/lettuce_20260829_114503.jpg,/hydroponic_project/data_collection/crops/lettuce_20260829_114503/P12.jpg,/hydroponic_project/data_collection/crops/lettuce_20260829_114503/P12_224.jpg,29.94,32.3,71.3,6.2,2.7083,1.424,712.1,2.1403,OK,29999,3.6571428775787354,1.0062448978424072,273.1937561035156
CAP_20260829_120003,2026-08-29 12:00:03,P01,/hydroponic_project/data_collection/images/lettuce_20260829_120003.jpg,/hydroponic_project/data_collection/crops/lettuce_20260829_120003/P01.jpg,/hydroponic_project/data_collection/crops/lettuce_20260829_120003/P01_224.jpg,29.87,32.6,69.1,6.35,2.6834,1.422,710.8,2.1354,OK,29999,3.240506410598755,1.0056588649749756,291.99462890625
CAP_20260829_120003,2026-08-29 12:00:03,P02,/hydroponic_project/data_collection/images/lettuce_20260829_120003.jpg,/hydroponic_project/data_collection/crops/lettuce_20260829_120003/P02.jpg,/hydroponic_project/data_collection/crops/lettuce_20260829_120003/P02_224.jpg,29.87,32.6,69.1,6.35,2.6834,1.422,710.8,2.1354,OK,29999,3.240506410598755,1.0056588649749756,291.99462890625
CAP_20260829_120003,2026-08-29 12:00:03,P03,/hydroponic_project/data_collection/images/lettuce_20260829_120003.jpg,/hydroponic_project/data_collection/crops/lettuce_20260829_120003/P03.jpg,/hydroponic_project/data_collection/crops/lettuce_20260829_120003/P03_224.jpg,29.87,32.6,69.1,6.35,2.6834,1.422,710.8,2.1354,OK,29999,3.240506410598755,1.0056588649749756,291.99462890625
CAP_20260829_120003,2026-08-29 12:00:03,P04,/hydroponic_project/data_collection/images/lettuce_20260829_120003.jpg,/hydroponic_project/data_collection/crops/lettuce_20260829_120003/P04.jpg,/hydroponic_project/data_collection/crops/lettuce_20260829_120003/P04_224.jpg,29.87,32.6,69.1,6.35,2.6834,1.422,710.8,2.1354,OK,29999,3.240506410598755,1.0056588649749756,291.99462890625
CAP_20260829_120003,2026-08-29 12:00:03,P05,/hydroponic_project/data_collection/images/lettuce_20260829_120003.jpg,/hydroponic_project/data_collection/crops/lettuce_20260829_120003/P05.jpg,/hydroponic_project/data_collection/crops/lettuce_20260829_120003/P05_224.jpg,29.87,32.6,69.1,6.35,2.6834,1.422,710.8,2.1354,OK,29999,3.240506410598755,1.0056588649749756,291.99462890625
CAP_20260829_120003,2026-08-29 12:00:03,P06,/hydroponic_project/data_collection/images/lettuce_20260829_120003.jpg,/hydroponic_project/data_collection/crops/lettuce_20260829_120003/P06.jpg,/hydroponic_project/data_collection/crops/lettuce_20260829_120003/P06_224.jpg,29.87,32.6,69.1,6.35,2.6834,1.422,710.8,2.1354,OK,29999,3.240506410598755,1.0056588649749756,291.99462890625
CAP_20260829_120003,2026-08-29 12:00:03,P07,/hydroponic_project/data_collection/images/lettuce_20260829_120003.jpg,/hydroponic_project/data_collection/crops/lettuce_20260829_120003/P07.jpg,/hydroponic_project/data_collection/crops/lettuce_20260829_120003/P07_224.jpg,29.87,32.6,69.1,6.35,2.6834,1.422,710.8,2.1354,OK,29999,3.240506410598755,1.0056588649749756,291.99462890625
CAP_20260829_120003,2026-08-29 12:00:03,P08,/hydroponic_project/data_collection/images/lettuce_20260829_120003.jpg,/hydroponic_project/data_collection/crops/lettuce_20260829_120003/P08.jpg,/hydroponic_project/data_collection/crops/lettuce_20260829_120003/P08_224.jpg,29.87,32.6,69.1,6.35,2.6834,1.422,710.8,2.1354,OK,29999,3.240506410598755,1.0056588649749756,291.99462890625
CAP_20260829_120003,2026-08-29 12:00:03,P09,/hydroponic_project/data_collection/images/lettuce_20260829_120003.jpg,/hydroponic_project/data_collection/crops/lettuce_20260829_120003/P09.jpg,/hydroponic_project/data_collection/crops/lettuce_20260829_120003/P09_224.jpg,29.87,32.6,69.1,6.35,2.6834,1.422,710.8,2.1354,OK,29999,3.240506410598755,1.0056588649749756,291.99462890625
CAP_20260829_120003,2026-08-29 12:00:03,P10,/hydroponic_project/data_collection/images/lettuce_20260829_120003.jpg,/hydroponic_project/data_collection/crops/lettuce_20260829_120003/P10.jpg,/hydroponic_project/data_collection/crops/lettuce_20260829_120003/P10_224.jpg,29.87,32.6,69.1,6.35,2.6834,1.422,710.8,2.1354,OK,29999,3.240506410598755,1.0056588649749756,291.99462890625
CAP_20260829_120003,2026-08-29 12:00:03,P11,/hydroponic_project/data_collection/images/lettuce_20260829_120003.jpg,/hydroponic_project/data_collection/crops/lettuce_20260829_120003/P11.jpg,/hydroponic_project/data_collection/crops/lettuce_20260829_120003/P11_224.jpg,29.87,32.6,69.1,6.35,2.6834,1.422,710.8,2.1354,OK,29999,3.240506410598755,1.0056588649749756,291.99462890625
CAP_20260829_120003,2026-08-29 12:00:03,P12,/hydroponic_project/data_collection/images/lettuce_20260829_120003.jpg,/hydroponic_project/data_collection/crops/lettuce_20260829_120003/P12.jpg,/hydroponic_project/data_collection/crops/lettuce_20260829_120003/P12_224.jpg,29.87,32.6,69.1,6.35,2.6834,1.422,710.8,2.1354,OK,29999,3.240506410598755,1.0056588649749756,291.99462890625
CAP_20260829_121504,2026-08-29 12:15:04,P01,/hydroponic_project/data_collection/images/lettuce_20260829_121504.jpg,/hydroponic_project/data_collection/crops/lettuce_20260829_121504/P01.jpg,/hydroponic_project/data_collection/crops/lettuce_20260829_121504/P01_224.jpg,29.87,32.8,70.8,6.26,2.6988,1.418,708.8,2.1316,OK,29999,3.555555582046509,1.0021487474441528,268.4694519042969
CAP_20260829_121504,2026-08-29 12:15:04,P02,/hydroponic_project/data_collection/images/lettuce_20260829_121504.jpg,/hydroponic_project/data_collection/crops/lettuce_20260829_121504/P02.jpg,/hydroponic_project/data_collection/crops/lettuce_20260829_121504/P02_224.jpg,29.87,32.8,70.8,6.26,2.6988,1.418,708.8,2.1316,OK,29999,3.555555582046509,1.0021487474441528,268.4694519042969
CAP_20260829_121504,2026-08-29 12:15:04,P03,/hydroponic_project/data_collection/images/lettuce_20260829_121504.jpg,/hydroponic_project/data_collection/crops/lettuce_20260829_121504/P03.jpg,/hydroponic_project/data_collection/crops/lettuce_20260829_121504/P03_224.jpg,29.87,32.8,70.8,6.26,2.6988,1.418,708.8,2.1316,OK,29999,3.555555582046509,1.0021487474441528,268.4694519042969
CAP_20260829_121504,2026-08-29 12:15:04,P04,/hydroponic_project/data_collection/images/lettuce_20260829_121504.jpg,/hydroponic_project/data_collection/crops/lettuce_20260829_121504/P04.jpg,/hydroponic_project/data_collection/crops/lettuce_20260829_121504/P04_224.jpg,29.87,32.8,70.8,6.26,2.6988,1.418,708.8,2.1316,OK,29999,3.555555582046509,1.0021487474441528,268.4694519042969
CAP_20260829_121504,2026-08-29 12:15:04,P05,/hydroponic_project/data_collection/images/lettuce_20260829_121504.jpg,/hydroponic_project/data_collection/crops/lettuce_20260829_121504/P05.jpg,/hydroponic_project/data_collection/crops/lettuce_20260829_121504/P05_224.jpg,29.87,32.8,70.8,6.26,2.6988,1.418,708.8,2.1316,OK,29999,3.555555582046509,1.0021487474441528,268.4694519042969
CAP_20260829_121504,2026-08-29 12:15:04,P06,/hydroponic_project/data_collection/images/lettuce_20260829_121504.jpg,/hydroponic_project/data_collection/crops/lettuce_20260829_121504/P06.jpg,/hydroponic_project/data_collection/crops/lettuce_20260829_121504/P06_224.jpg,29.87,32.8,70.8,6.26,2.6988,1.418,708.8,2.1316,OK,29999,3.555555582046509,1.0021487474441528,268.4694519042969
CAP_20260829_121504,2026-08-29 12:15:04,P07,/hydroponic_project/data_collection/images/lettuce_20260829_121504.jpg,/hydroponic_project/data_collection/crops/lettuce_20260829_121504/P07.jpg,/hydroponic_project/data_collection/crops/lettuce_20260829_121504/P07_224.jpg,29.87,32.8,70.8,6.26,2.6988,1.418,708.8,2.1316,OK,29999,3.555555582046509,1.0021487474441528,268.4694519042969
CAP_20260829_121504,2026-08-29 12:15:04,P08,/hydroponic_project/data_collection/images/lettuce_20260829_121504.jpg,/hydroponic_project/data_collection/crops/lettuce_20260829_121504/P08.jpg,/hydroponic_project/data_collection/crops/lettuce_20260829_121504/P08_224.jpg,29.87,32.8,70.8,6.26,2.6988,1.418,708.8,2.1316,OK,29999,3.555555582046509,1.0021487474441528,268.4694519042969
CAP_20260829_121504,2026-08-29 12:15:04,P09,/hydroponic_project/data_collection/images/lettuce_20260829_121504.jpg,/hydroponic_project/data_collection/crops/lettuce_20260829_121504/P09.jpg,/hydroponic_project/data_collection/crops/lettuce_20260829_121504/P09_224.jpg,29.87,32.8,70.8,6.26,2.6988,1.418,708.8,2.1316,OK,29999,3.555555582046509,1.0021487474441528,268.4694519042969
CAP_20260829_121504,2026-08-29 12:15:04,P10,/hydroponic_project/data_collection/images/lettuce_20260829_121504.jpg,/hydroponic_project/data_collection/crops/lettuce_20260829_121504/P10.jpg,/hydroponic_project/data_collection/crops/lettuce_20260829_121504/P10_224.jpg,29.87,32.8,70.8,6.26,2.6988,1.418,708.8,2.1316,OK,29999,3.555555582046509,1.0021487474441528,268.4694519042969
CAP_20260829_121504,2026-08-29 12:15:04,P11,/hydroponic_project/data_collection/images/lettuce_20260829_121504.jpg,/hydroponic_project/data_collection/crops/lettuce_20260829_121504/P11.jpg,/hydroponic_project/data_collection/crops/lettuce_20260829_121504/P11_224.jpg,29.87,32.8,70.8,6.26,2.6988,1.418,708.8,2.1316,OK,29999,3.555555582046509,1.0021487474441528,268.4694519042969
CAP_20260829_121504,2026-08-29 12:15:04,P12,/hydroponic_project/data_collection/images/lettuce_20260829_121504.jpg,/hydroponic_project/data_collection/crops/lettuce_20260829_121504/P12.jpg,/hydroponic_project/data_collection/crops/lettuce_20260829_121504/P12_224.jpg,29.87,32.8,70.8,6.26,2.6988,1.418,708.8,2.1316,OK,29999,3.555555582046509,1.0021487474441528,268.4694519042969
CAP_20260829_123003,2026-08-29 12:30:03,P01,/hydroponic_project/data_collection/images/lettuce_20260829_123003.jpg,/hydroponic_project/data_collection/crops/lettuce_20260829_123003/P01.jpg,/hydroponic_project/data_collection/crops/lettuce_20260829_123003/P01_224.jpg,29.94,32.7,68.8,6.18,2.7116,1.412,706.2,2.1291,OK,29999,2.94252872467041,1.0038504600524902,313.8747863769531
CAP_20260829_123003,2026-08-29 12:30:03,P02,/hydroponic_project/data_collection/images/lettuce_20260829_123003.jpg,/hydroponic_project/data_collection/crops/lettuce_20260829_123003/P02.jpg,/hydroponic_project/data_collection/crops/lettuce_20260829_123003/P02_224.jpg,29.94,32.7,68.8,6.18,2.7116,1.412,706.2,2.1291,OK,29999,2.94252872467041,1.0038504600524902,313.8747863769531
CAP_20260829_123003,2026-08-29 12:30:03,P03,/hydroponic_project/data_collection/images/lettuce_20260829_123003.jpg,/hydroponic_project/data_collection/crops/lettuce_20260829_123003/P03.jpg,/hydroponic_project/data_collection/crops/lettuce_20260829_123003/P03_224.jpg,29.94,32.7,68.8,6.18,2.7116,1.412,706.2,2.1291,OK,29999,2.94252872467041,1.0038504600524902,313.8747863769531
CAP_20260829_123003,2026-08-29 12:30:03,P04,/hydroponic_project/data_collection/images/lettuce_20260829_123003.jpg,/hydroponic_project/data_collection/crops/lettuce_20260829_123003/P04.jpg,/hydroponic_project/data_collection/crops/lettuce_20260829_123003/P04_224.jpg,29.94,32.7,68.8,6.18,2.7116,1.412,706.2,2.1291,OK,29999,2.94252872467041,1.0038504600524902,313.8747863769531
CAP_20260829_123003,2026-08-29 12:30:03,P05,/hydroponic_project/data_collection/images/lettuce_20260829_123003.jpg,/hydroponic_project/data_collection/crops/lettuce_20260829_123003/P05.jpg,/hydroponic_project/data_collection/crops/lettuce_20260829_123003/P05_224.jpg,29.94,32.7,68.8,6.18,2.7116,1.412,706.2,2.1291,OK,29999,2.94252872467041,1.0038504600524902,313.8747863769531
CAP_20260829_123003,2026-08-29 12:30:03,P06,/hydroponic_project/data_collection/images/lettuce_20260829_123003.jpg,/hydroponic_project/data_collection/crops/lettuce_20260829_123003/P06.jpg,/hydroponic_project/data_collection/crops/lettuce_20260829_123003/P06_224.jpg,29.94,32.7,68.8,6.18,2.7116,1.412,706.2,2.1291,OK,29999,2.94252872467041,1.0038504600524902,313.8747863769531
CAP_20260829_123003,2026-08-29 12:30:03,P07,/hydroponic_project/data_collection/images/lettuce_20260829_123003.jpg,/hydroponic_project/data_collection/crops/lettuce_20260829_123003/P07.jpg,/hydroponic_project/data_collection/crops/lettuce_20260829_123003/P07_224.jpg,29.94,32.7,68.8,6.18,2.7116,1.412,706.2,2.1291,OK,29999,2.94252872467041,1.0038504600524902,313.8747863769531
CAP_20260829_123003,2026-08-29 12:30:03,P08,/hydroponic_project/data_collection/images/lettuce_20260829_123003.jpg,/hydroponic_project/data_collection/crops/lettuce_20260829_123003/P08.jpg,/hydroponic_project/data_collection/crops/lettuce_20260829_123003/P08_224.jpg,29.94,32.7,68.8,6.18,2.7116,1.412,706.2,2.1291,OK,29999,2.94252872467041,1.0038504600524902,313.8747863769531
CAP_20260829_123003,2026-08-29 12:30:03,P09,/hydroponic_project/data_collection/images/lettuce_20260829_123003.jpg,/hydroponic_project/data_collection/crops/lettuce_20260829_123003/P09.jpg,/hydroponic_project/data_collection/crops/lettuce_20260829_123003/P09_224.jpg,29.94,32.7,68.8,6.18,2.7116,1.412,706.2,2.1291,OK,29999,2.94252872467041,1.0038504600524902,313.8747863769531
CAP_20260829_123003,2026-08-29 12:30:03,P10,/hydroponic_project/data_collection/images/lettuce_20260829_123003.jpg,/hydroponic_project/data_collection/crops/lettuce_20260829_123003/P10.jpg,/hydroponic_project/data_collection/crops/lettuce_20260829_123003/P10_224.jpg,29.94,32.7,68.8,6.18,2.7116,1.412,706.2,2.1291,OK,29999,2.94252872467041,1.0038504600524902,313.8747863769531
CAP_20260829_123003,2026-08-29 12:30:03,P11,/hydroponic_project/data_collection/images/lettuce_20260829_123003.jpg,/hydroponic_project/data_collection/crops/lettuce_20260829_123003/P11.jpg,/hydroponic_project/data_collection/crops/lettuce_20260829_123003/P11_224.jpg,29.94,32.7,68.8,6.18,2.7116,1.412,706.2,2.1291,OK,29999,2.94252872467041,1.0038504600524902,313.8747863769531
CAP_20260829_123003,2026-08-29 12:30:03,P12,/hydroponic_project/data_collection/images/lettuce_20260829_123003.jpg,/hydroponic_project/data_collection/crops/lettuce_20260829_123003/P12.jpg,/hydroponic_project/data_collection/crops/lettuce_20260829_123003/P12_224.jpg,29.94,32.7,68.8,6.18,2.7116,1.412,706.2,2.1291,OK,29999,2.94252872467041,1.0038504600524902,313.8747863769531
CAP_20260829_124503,2026-08-29 12:45:03,P01,/hydroponic_project/data_collection/images/lettuce_20260829_124503.jpg,/hydroponic_project/data_collection/crops/lettuce_20260829_124503/P01.jpg,/hydroponic_project/data_collection/crops/lettuce_20260829_124503/P01_224.jpg,30.0,32.5,69.9,6.25,2.7006,1.408,704.0,2.1274,OK,40831,4.0,1.0004619359970093,172.75335693359375
CAP_20260829_124503,2026-08-29 12:45:03,P02,/hydroponic_project/data_collection/images/lettuce_20260829_124503.jpg,/hydroponic_project/data_collection/crops/lettuce_20260829_124503/P02.jpg,/hydroponic_project/data_collection/crops/lettuce_20260829_124503/P02_224.jpg,30.0,32.5,69.9,6.25,2.7006,1.408,704.0,2.1274,OK,40831,4.0,1.0004619359970093,172.75335693359375
CAP_20260829_124503,2026-08-29 12:45:03,P03,/hydroponic_project/data_collection/images/lettuce_20260829_124503.jpg,/hydroponic_project/data_collection/crops/lettuce_20260829_124503/P03.jpg,/hydroponic_project/data_collection/crops/lettuce_20260829_124503/P03_224.jpg,30.0,32.5,69.9,6.25,2.7006,1.408,704.0,2.1274,OK,40831,4.0,1.0004619359970093,172.75335693359375
CAP_20260829_124503,2026-08-29 12:45:03,P04,/hydroponic_project/data_collection/images/lettuce_20260829_124503.jpg,/hydroponic_project/data_collection/crops/lettuce_20260829_124503/P04.jpg,/hydroponic_project/data_collection/crops/lettuce_20260829_124503/P04_224.jpg,30.0,32.5,69.9,6.25,2.7006,1.408,704.0,2.1274,OK,40831,4.0,1.0004619359970093,172.75335693359375
CAP_20260829_124503,2026-08-29 12:45:03,P05,/hydroponic_project/data_collection/images/lettuce_20260829_124503.jpg,/hydroponic_project/data_collection/crops/lettuce_20260829_124503/P05.jpg,/hydroponic_project/data_collection/crops/lettuce_20260829_124503/P05_224.jpg,30.0,32.5,69.9,6.25,2.7006,1.408,704.0,2.1274,OK,40831,4.0,1.0004619359970093,172.75335693359375
CAP_20260829_124503,2026-08-29 12:45:03,P06,/hydroponic_project/data_collection/images/lettuce_20260829_124503.jpg,/hydroponic_project/data_collection/crops/lettuce_20260829_124503/P06.jpg,/hydroponic_project/data_collection/crops/lettuce_20260829_124503/P06_224.jpg,30.0,32.5,69.9,6.25,2.7006,1.408,704.0,2.1274,OK,40831,4.0,1.0004619359970093,172.75335693359375
CAP_20260829_124503,2026-08-29 12:45:03,P07,/hydroponic_project/data_collection/images/lettuce_20260829_124503.jpg,/hydroponic_project/data_collection/crops/lettuce_20260829_124503/P07.jpg,/hydroponic_project/data_collection/crops/lettuce_20260829_124503/P07_224.jpg,30.0,32.5,69.9,6.25,2.7006,1.408,704.0,2.1274,OK,40831,4.0,1.0004619359970093,172.75335693359375
CAP_20260829_124503,2026-08-29 12:45:03,P08,/hydroponic_project/data_collection/images/lettuce_20260829_124503.jpg,/hydroponic_project/data_collection/crops/lettuce_20260829_124503/P08.jpg,/hydroponic_project/data_collection/crops/lettuce_20260829_124503/P08_224.jpg,30.0,32.5,69.9,6.25,2.7006,1.408,704.0,2.1274,OK,40831,4.0,1.0004619359970093,172.75335693359375
CAP_20260829_124503,2026-08-29 12:45:03,P09,/hydroponic_project/data_collection/images/lettuce_20260829_124503.jpg,/hydroponic_project/data_collection/crops/lettuce_20260829_124503/P09.jpg,/hydroponic_project/data_collection/crops/lettuce_20260829_124503/P09_224.jpg,30.0,32.5,69.9,6.25,2.7006,1.408,704.0,2.1274,OK,40831,4.0,1.0004619359970093,172.75335693359375
CAP_20260829_124503,2026-08-29 12:45:03,P10,/hydroponic_project/data_collection/images/lettuce_20260829_124503.jpg,/hydroponic_project/data_collection/crops/lettuce_20260829_124503/P10.jpg,/hydroponic_project/data_collection/crops/lettuce_20260829_124503/P10_224.jpg,30.0,32.5,69.9,6.25,2.7006,1.408,704.0,2.1274,OK,40831,4.0,1.0004619359970093,172.75335693359375
CAP_20260829_124503,2026-08-29 12:45:03,P11,/hydroponic_project/data_collection/images/lettuce_20260829_124503.jpg,/hydroponic_project/data_collection/crops/lettuce_20260829_124503/P11.jpg,/hydroponic_project/data_collection/crops/lettuce_20260829_124503/P11_224.jpg,30.0,32.5,69.9,6.25,2.7006,1.408,704.0,2.1274,OK,40831,4.0,1.0004619359970093,172.75335693359375
CAP_20260829_124503,2026-08-29 12:45:03,P12,/hydroponic_project/data_collection/images/lettuce_20260829_124503.jpg,/hydroponic_project/data_collection/crops/lettuce_20260829_124503/P12.jpg,/hydroponic_project/data_collection/crops/lettuce_20260829_124503/P12_224.jpg,30.0,32.5,69.9,6.25,2.7006,1.408,704.0,2.1274,OK,40831,4.0,1.0004619359970093,172.75335693359375
CAP_20260829_130004,2026-08-29 13:00:04,P01,/hydroponic_project/data_collection/images/lettuce_20260829_130004.jpg,/hydroponic_project/data_collection/crops/lettuce_20260829_130004/P01.jpg,/hydroponic_project/data_collection/crops/lettuce_20260829_130004/P01_224.jpg,30.06,32.3,70.5,6.2,2.7078,1.402,701.1,2.1243,OK,32778,4.0,1.0003094673156738,220.43423461914062
CAP_20260829_130004,2026-08-29 13:00:04,P02,/hydroponic_project/data_collection/images/lettuce_20260829_130004.jpg,/hydroponic_project/data_collection/crops/lettuce_20260829_130004/P02.jpg,/hydroponic_project/data_collection/crops/lettuce_20260829_130004/P02_224.jpg,30.06,32.3,70.5,6.2,2.7078,1.402,701.1,2.1243,OK,32778,4.0,1.0003094673156738,220.43423461914062
CAP_20260829_130004,2026-08-29 13:00:04,P03,/hydroponic_project/data_collection/images/lettuce_20260829_130004.jpg,/hydroponic_project/data_collection/crops/lettuce_20260829_130004/P03.jpg,/hydroponic_project/data_collection/crops/lettuce_20260829_130004/P03_224.jpg,30.06,32.3,70.5,6.2,2.7078,1.402,701.1,2.1243,OK,32778,4.0,1.0003094673156738,220.43423461914062
CAP_20260829_130004,2026-08-29 13:00:04,P04,/hydroponic_project/data_collection/images/lettuce_20260829_130004.jpg,/hydroponic_project/data_collection/crops/lettuce_20260829_130004/P04.jpg,/hydroponic_project/data_collection/crops/lettuce_20260829_130004/P04_224.jpg,30.06,32.3,70.5,6.2,2.7078,1.402,701.1,2.1243,OK,32778,4.0,1.0003094673156738,220.43423461914062
CAP_20260829_130004,2026-08-29 13:00:04,P05,/hydroponic_project/data_collection/images/lettuce_20260829_130004.jpg,/hydroponic_project/data_collection/crops/lettuce_20260829_130004/P05.jpg,/hydroponic_project/data_collection/crops/lettuce_20260829_130004/P05_224.jpg,30.06,32.3,70.5,6.2,2.7078,1.402,701.1,2.1243,OK,32778,4.0,1.0003094673156738,220.43423461914062
CAP_20260829_130004,2026-08-29 13:00:04,P06,/hydroponic_project/data_collection/images/lettuce_20260829_130004.jpg,/hydroponic_project/data_collection/crops/lettuce_20260829_130004/P06.jpg,/hydroponic_project/data_collection/crops/lettuce_20260829_130004/P06_224.jpg,30.06,32.3,70.5,6.2,2.7078,1.402,701.1,2.1243,OK,32778,4.0,1.0003094673156738,220.43423461914062
CAP_20260829_130004,2026-08-29 13:00:04,P07,/hydroponic_project/data_collection/images/lettuce_20260829_130004.jpg,/hydroponic_project/data_collection/crops/lettuce_20260829_130004/P07.jpg,/hydroponic_project/data_collection/crops/lettuce_20260829_130004/P07_224.jpg,30.06,32.3,70.5,6.2,2.7078,1.402,701.1,2.1243,OK,32778,4.0,1.0003094673156738,220.43423461914062
CAP_20260829_130004,2026-08-29 13:00:04,P08,/hydroponic_project/data_collection/images/lettuce_20260829_130004.jpg,/hydroponic_project/data_collection/crops/lettuce_20260829_130004/P08.jpg,/hydroponic_project/data_collection/crops/lettuce_20260829_130004/P08_224.jpg,30.06,32.3,70.5,6.2,2.7078,1.402,701.1,2.1243,OK,32778,4.0,1.0003094673156738,220.43423461914062
CAP_20260829_130004,2026-08-29 13:00:04,P09,/hydroponic_project/data_collection/images/lettuce_20260829_130004.jpg,/hydroponic_project/data_collection/crops/lettuce_20260829_130004/P09.jpg,/hydroponic_project/data_collection/crops/lettuce_20260829_130004/P09_224.jpg,30.06,32.3,70.5,6.2,2.7078,1.402,701.1,2.1243,OK,32778,4.0,1.0003094673156738,220.43423461914062
CAP_20260829_130004,2026-08-29 13:00:04,P10,/hydroponic_project/data_collection/images/lettuce_20260829_130004.jpg,/hydroponic_project/data_collection/crops/lettuce_20260829_130004/P10.jpg,/hydroponic_project/data_collection/crops/lettuce_20260829_130004/P10_224.jpg,30.06,32.3,70.5,6.2,2.7078,1.402,701.1,2.1243,OK,32778,4.0,1.0003094673156738,220.43423461914062
CAP_20260829_130004,2026-08-29 13:00:04,P11,/hydroponic_project/data_collection/images/lettuce_20260829_130004.jpg,/hydroponic_project/data_collection/crops/lettuce_20260829_130004/P11.jpg,/hydroponic_project/data_collection/crops/lettuce_20260829_130004/P11_224.jpg,30.06,32.3,70.5,6.2,2.7078,1.402,701.1,2.1243,OK,32778,4.0,1.0003094673156738,220.43423461914062
CAP_20260829_130004,2026-08-29 13:00:04,P12,/hydroponic_project/data_collection/images/lettuce_20260829_130004.jpg,/hydroponic_project/data_collection/crops/lettuce_20260829_130004/P12.jpg,/hydroponic_project/data_collection/crops/lettuce_20260829_130004/P12_224.jpg,30.06,32.3,70.5,6.2,2.7078,1.402,701.1,2.1243,OK,32778,4.0,1.0003094673156738,220.43423461914062
CAP_20260829_131504,2026-08-29 13:15:04,P01,/hydroponic_project/data_collection/images/lettuce_20260829_131504.jpg,/hydroponic_project/data_collection/crops/lettuce_20260829_131504/P01.jpg,/hydroponic_project/data_collection/crops/lettuce_20260829_131504/P01_224.jpg,30.06,32.4,69.2,6.25,2.6998,1.408,704.2,2.1303,OK,29999,3.7101449966430664,1.0061951875686646,245.7418212890625
CAP_20260829_131504,2026-08-29 13:15:04,P02,/hydroponic_project/data_collection/images/lettuce_20260829_131504.jpg,/hydroponic_project/data_collection/crops/lettuce_20260829_131504/P02.jpg,/hydroponic_project/data_collection/crops/lettuce_20260829_131504/P02_224.jpg,30.06,32.4,69.2,6.25,2.6998,1.408,704.2,2.1303,OK,29999,3.7101449966430664,1.0061951875686646,245.7418212890625
CAP_20260829_131504,2026-08-29 13:15:04,P03,/hydroponic_project/data_collection/images/lettuce_20260829_131504.jpg,/hydroponic_project/data_collection/crops/lettuce_20260829_131504/P03.jpg,/hydroponic_project/data_collection/crops/lettuce_20260829_131504/P03_224.jpg,30.06,32.4,69.2,6.25,2.6998,1.408,704.2,2.1303,OK,29999,3.7101449966430664,1.0061951875686646,245.7418212890625
CAP_20260829_131504,2026-08-29 13:15:04,P04,/hydroponic_project/data_collection/images/lettuce_20260829_131504.jpg,/hydroponic_project/data_collection/crops/lettuce_20260829_131504/P04.jpg,/hydroponic_project/data_collection/crops/lettuce_20260829_131504/P04_224.jpg,30.06,32.4,69.2,6.25,2.6998,1.408,704.2,2.1303,OK,29999,3.7101449966430664,1.0061951875686646,245.7418212890625
CAP_20260829_131504,2026-08-29 13:15:04,P05,/hydroponic_project/data_collection/images/lettuce_20260829_131504.jpg,/hydroponic_project/data_collection/crops/lettuce_20260829_131504/P05.jpg,/hydroponic_project/data_collection/crops/lettuce_20260829_131504/P05_224.jpg,30.06,32.4,69.2,6.25,2.6998,1.408,704.2,2.1303,OK,29999,3.7101449966430664,1.0061951875686646,245.7418212890625
CAP_20260829_131504,2026-08-29 13:15:04,P06,/hydroponic_project/data_collection/images/lettuce_20260829_131504.jpg,/hydroponic_project/data_collection/crops/lettuce_20260829_131504/P06.jpg,/hydroponic_project/data_collection/crops/lettuce_20260829_131504/P06_224.jpg,30.06,32.4,69.2,6.25,2.6998,1.408,704.2,2.1303,OK,29999,3.7101449966430664,1.0061951875686646,245.7418212890625
CAP_20260829_131504,2026-08-29 13:15:04,P07,/hydroponic_project/data_collection/images/lettuce_20260829_131504.jpg,/hydroponic_project/data_collection/crops/lettuce_20260829_131504/P07.jpg,/hydroponic_project/data_collection/crops/lettuce_20260829_131504/P07_224.jpg,30.06,32.4,69.2,6.25,2.6998,1.408,704.2,2.1303,OK,29999,3.7101449966430664,1.0061951875686646,245.7418212890625
CAP_20260829_131504,2026-08-29 13:15:04,P08,/hydroponic_project/data_collection/images/lettuce_20260829_131504.jpg,/hydroponic_project/data_collection/crops/lettuce_20260829_131504/P08.jpg,/hydroponic_project/data_collection/crops/lettuce_20260829_131504/P08_224.jpg,30.06,32.4,69.2,6.25,2.6998,1.408,704.2,2.1303,OK,29999,3.7101449966430664,1.0061951875686646,245.7418212890625
CAP_20260829_131504,2026-08-29 13:15:04,P09,/hydroponic_project/data_collection/images/lettuce_20260829_131504.jpg,/hydroponic_project/data_collection/crops/lettuce_20260829_131504/P09.jpg,/hydroponic_project/data_collection/crops/lettuce_20260829_131504/P09_224.jpg,30.06,32.4,69.2,6.25,2.6998,1.408,704.2,2.1303,OK,29999,3.7101449966430664,1.0061951875686646,245.7418212890625
CAP_20260829_131504,2026-08-29 13:15:04,P10,/hydroponic_project/data_collection/images/lettuce_20260829_131504.jpg,/hydroponic_project/data_collection/crops/lettuce_20260829_131504/P10.jpg,/hydroponic_project/data_collection/crops/lettuce_20260829_131504/P10_224.jpg,30.06,32.4,69.2,6.25,2.6998,1.408,704.2,2.1303,OK,29999,3.7101449966430664,1.0061951875686646,245.7418212890625
CAP_20260829_131504,2026-08-29 13:15:04,P11,/hydroponic_project/data_collection/images/lettuce_20260829_131504.jpg,/hydroponic_project/data_collection/crops/lettuce_20260829_131504/P11.jpg,/hydroponic_project/data_collection/crops/lettuce_20260829_131504/P11_224.jpg,30.06,32.4,69.2,6.25,2.6998,1.408,704.2,2.1303,OK,29999,3.7101449966430664,1.0061951875686646,245.7418212890625
CAP_20260829_131504,2026-08-29 13:15:04,P12,/hydroponic_project/data_collection/images/lettuce_20260829_131504.jpg,/hydroponic_project/data_collection/crops/lettuce_20260829_131504/P12.jpg,/hydroponic_project/data_collection/crops/lettuce_20260829_131504/P12_224.jpg,30.06,32.4,69.2,6.25,2.6998,1.408,704.2,2.1303,OK,29999,3.7101449966430664,1.0061951875686646,245.7418212890625
CAP_20260829_133003,2026-08-29 13:30:03,P01,/hydroponic_project/data_collection/images/lettuce_20260829_133003.jpg,/hydroponic_project/data_collection/crops/lettuce_20260829_133003/P01.jpg,/hydroponic_project/data_collection/crops/lettuce_20260829_133003/P01_224.jpg,30.12,32.9,69.8,5.89,2.7578,1.621,810.6,2.323,OK,29999,3.9384615421295166,1.007794737815857,239.35951232910156
CAP_20260829_133003,2026-08-29 13:30:03,P02,/hydroponic_project/data_collection/images/lettuce_20260829_133003.jpg,/hydroponic_project/data_collection/crops/lettuce_20260829_133003/P02.jpg,/hydroponic_project/data_collection/crops/lettuce_20260829_133003/P02_224.jpg,30.12,32.9,69.8,5.89,2.7578,1.621,810.6,2.323,OK,29999,3.9384615421295166,1.007794737815857,239.35951232910156
CAP_20260829_133003,2026-08-29 13:30:03,P03,/hydroponic_project/data_collection/images/lettuce_20260829_133003.jpg,/hydroponic_project/data_collection/crops/lettuce_20260829_133003/P03.jpg,/hydroponic_project/data_collection/crops/lettuce_20260829_133003/P03_224.jpg,30.12,32.9,69.8,5.89,2.7578,1.621,810.6,2.323,OK,29999,3.9384615421295166,1.007794737815857,239.35951232910156
CAP_20260829_133003,2026-08-29 13:30:03,P04,/hydroponic_project/data_collection/images/lettuce_20260829_133003.jpg,/hydroponic_project/data_collection/crops/lettuce_20260829_133003/P04.jpg,/hydroponic_project/data_collection/crops/lettuce_20260829_133003/P04_224.jpg,30.12,32.9,69.8,5.89,2.7578,1.621,810.6,2.323,OK,29999,3.9384615421295166,1.007794737815857,239.35951232910156
CAP_20260829_133003,2026-08-29 13:30:03,P05,/hydroponic_project/data_collection/images/lettuce_20260829_133003.jpg,/hydroponic_project/data_collection/crops/lettuce_20260829_133003/P05.jpg,/hydroponic_project/data_collection/crops/lettuce_20260829_133003/P05_224.jpg,30.12,32.9,69.8,5.89,2.7578,1.621,810.6,2.323,OK,29999,3.9384615421295166,1.007794737815857,239.35951232910156
CAP_20260829_133003,2026-08-29 13:30:03,P06,/hydroponic_project/data_collection/images/lettuce_20260829_133003.jpg,/hydroponic_project/data_collection/crops/lettuce_20260829_133003/P06.jpg,/hydroponic_project/data_collection/crops/lettuce_20260829_133003/P06_224.jpg,30.12,32.9,69.8,5.89,2.7578,1.621,810.6,2.323,OK,29999,3.9384615421295166,1.007794737815857,239.35951232910156
CAP_20260829_133003,2026-08-29 13:30:03,P07,/hydroponic_project/data_collection/images/lettuce_20260829_133003.jpg,/hydroponic_project/data_collection/crops/lettuce_20260829_133003/P07.jpg,/hydroponic_project/data_collection/crops/lettuce_20260829_133003/P07_224.jpg,30.12,32.9,69.8,5.89,2.7578,1.621,810.6,2.323,OK,29999,3.9384615421295166,1.007794737815857,239.35951232910156
CAP_20260829_133003,2026-08-29 13:30:03,P08,/hydroponic_project/data_collection/images/lettuce_20260829_133003.jpg,/hydroponic_project/data_collection/crops/lettuce_20260829_133003/P08.jpg,/hydroponic_project/data_collection/crops/lettuce_20260829_133003/P08_224.jpg,30.12,32.9,69.8,5.89,2.7578,1.621,810.6,2.323,OK,29999,3.9384615421295166,1.007794737815857,239.35951232910156
CAP_20260829_133003,2026-08-29 13:30:03,P09,/hydroponic_project/data_collection/images/lettuce_20260829_133003.jpg,/hydroponic_project/data_collection/crops/lettuce_20260829_133003/P09.jpg,/hydroponic_project/data_collection/crops/lettuce_20260829_133003/P09_224.jpg,30.12,32.9,69.8,5.89,2.7578,1.621,810.6,2.323,OK,29999,3.9384615421295166,1.007794737815857,239.35951232910156
CAP_20260829_133003,2026-08-29 13:30:03,P10,/hydroponic_project/data_collection/images/lettuce_20260829_133003.jpg,/hydroponic_project/data_collection/crops/lettuce_20260829_133003/P10.jpg,/hydroponic_project/data_collection/crops/lettuce_20260829_133003/P10_224.jpg,30.12,32.9,69.8,5.89,2.7578,1.621,810.6,2.323,OK,29999,3.9384615421295166,1.007794737815857,239.35951232910156
CAP_20260829_133003,2026-08-29 13:30:03,P11,/hydroponic_project/data_collection/images/lettuce_20260829_133003.jpg,/hydroponic_project/data_collection/crops/lettuce_20260829_133003/P11.jpg,/hydroponic_project/data_collection/crops/lettuce_20260829_133003/P11_224.jpg,30.12,32.9,69.8,5.89,2.7578,1.621,810.6,2.323,OK,29999,3.9384615421295166,1.007794737815857,239.35951232910156
CAP_20260829_133003,2026-08-29 13:30:03,P12,/hydroponic_project/data_collection/images/lettuce_20260829_133003.jpg,/hydroponic_project/data_collection/crops/lettuce_20260829_133003/P12.jpg,/hydroponic_project/data_collection/crops/lettuce_20260829_133003/P12_224.jpg,30.12,32.9,69.8,5.89,2.7578,1.621,810.6,2.323,OK,29999,3.9384615421295166,1.007794737815857,239.35951232910156
CAP_20260829_134503,2026-08-29 13:45:03,P01,/hydroponic_project/data_collection/images/lettuce_20260829_134503.jpg,/hydroponic_project/data_collection/crops/lettuce_20260829_134503/P01.jpg,/hydroponic_project/data_collection/crops/lettuce_20260829_134503/P01_224.jpg,30.12,33.0,67.9,5.89,2.7585,1.632,816.0,2.3319,OK,29999,3.121951103210449,1.0067970752716064,301.43817138671875
CAP_20260829_134503,2026-08-29 13:45:03,P02,/hydroponic_project/data_collection/images/lettuce_20260829_134503.jpg,/hydroponic_project/data_collection/crops/lettuce_20260829_134503/P02.jpg,/hydroponic_project/data_collection/crops/lettuce_20260829_134503/P02_224.jpg,30.12,33.0,67.9,5.89,2.7585,1.632,816.0,2.3319,OK,29999,3.121951103210449,1.0067970752716064,301.43817138671875
CAP_20260829_134503,2026-08-29 13:45:03,P03,/hydroponic_project/data_collection/images/lettuce_20260829_134503.jpg,/hydroponic_project/data_collection/crops/lettuce_20260829_134503/P03.jpg,/hydroponic_project/data_collection/crops/lettuce_20260829_134503/P03_224.jpg,30.12,33.0,67.9,5.89,2.7585,1.632,816.0,2.3319,OK,29999,3.121951103210449,1.0067970752716064,301.43817138671875
CAP_20260829_134503,2026-08-29 13:45:03,P04,/hydroponic_project/data_collection/images/lettuce_20260829_134503.jpg,/hydroponic_project/data_collection/crops/lettuce_20260829_134503/P04.jpg,/hydroponic_project/data_collection/crops/lettuce_20260829_134503/P04_224.jpg,30.12,33.0,67.9,5.89,2.7585,1.632,816.0,2.3319,OK,29999,3.121951103210449,1.0067970752716064,301.43817138671875
CAP_20260829_134503,2026-08-29 13:45:03,P05,/hydroponic_project/data_collection/images/lettuce_20260829_134503.jpg,/hydroponic_project/data_collection/crops/lettuce_20260829_134503/P05.jpg,/hydroponic_project/data_collection/crops/lettuce_20260829_134503/P05_224.jpg,30.12,33.0,67.9,5.89,2.7585,1.632,816.0,2.3319,OK,29999,3.121951103210449,1.0067970752716064,301.43817138671875
CAP_20260829_134503,2026-08-29 13:45:03,P06,/hydroponic_project/data_collection/images/lettuce_20260829_134503.jpg,/hydroponic_project/data_collection/crops/lettuce_20260829_134503/P06.jpg,/hydroponic_project/data_collection/crops/lettuce_20260829_134503/P06_224.jpg,30.12,33.0,67.9,5.89,2.7585,1.632,816.0,2.3319,OK,29999,3.121951103210449,1.0067970752716064,301.43817138671875
CAP_20260829_134503,2026-08-29 13:45:03,P07,/hydroponic_project/data_collection/images/lettuce_20260829_134503.jpg,/hydroponic_project/data_collection/crops/lettuce_20260829_134503/P07.jpg,/hydroponic_project/data_collection/crops/lettuce_20260829_134503/P07_224.jpg,30.12,33.0,67.9,5.89,2.7585,1.632,816.0,2.3319,OK,29999,3.121951103210449,1.0067970752716064,301.43817138671875
CAP_20260829_134503,2026-08-29 13:45:03,P08,/hydroponic_project/data_collection/images/lettuce_20260829_134503.jpg,/hydroponic_project/data_collection/crops/lettuce_20260829_134503/P08.jpg,/hydroponic_project/data_collection/crops/lettuce_20260829_134503/P08_224.jpg,30.12,33.0,67.9,5.89,2.7585,1.632,816.0,2.3319,OK,29999,3.121951103210449,1.0067970752716064,301.43817138671875
CAP_20260829_134503,2026-08-29 13:45:03,P09,/hydroponic_project/data_collection/images/lettuce_20260829_134503.jpg,/hydroponic_project/data_collection/crops/lettuce_20260829_134503/P09.jpg,/hydroponic_project/data_collection/crops/lettuce_20260829_134503/P09_224.jpg,30.12,33.0,67.9,5.89,2.7585,1.632,816.0,2.3319,OK,29999,3.121951103210449,1.0067970752716064,301.43817138671875
CAP_20260829_134503,2026-08-29 13:45:03,P10,/hydroponic_project/data_collection/images/lettuce_20260829_134503.jpg,/hydroponic_project/data_collection/crops/lettuce_20260829_134503/P10.jpg,/hydroponic_project/data_collection/crops/lettuce_20260829_134503/P10_224.jpg,30.12,33.0,67.9,5.89,2.7585,1.632,816.0,2.3319,OK,29999,3.121951103210449,1.0067970752716064,301.43817138671875
CAP_20260829_134503,2026-08-29 13:45:03,P11,/hydroponic_project/data_collection/images/lettuce_20260829_134503.jpg,/hydroponic_project/data_collection/crops/lettuce_20260829_134503/P11.jpg,/hydroponic_project/data_collection/crops/lettuce_20260829_134503/P11_224.jpg,30.12,33.0,67.9,5.89,2.7585,1.632,816.0,2.3319,OK,29999,3.121951103210449,1.0067970752716064,301.43817138671875
CAP_20260829_134503,2026-08-29 13:45:03,P12,/hydroponic_project/data_collection/images/lettuce_20260829_134503.jpg,/hydroponic_project/data_collection/crops/lettuce_20260829_134503/P12.jpg,/hydroponic_project/data_collection/crops/lettuce_20260829_134503/P12_224.jpg,30.12,33.0,67.9,5.89,2.7585,1.632,816.0,2.3319,OK,29999,3.121951103210449,1.0067970752716064,301.43817138671875
CAP_20260829_140004,2026-08-29 14:00:04,P01,/hydroponic_project/data_collection/images/lettuce_20260829_140004.jpg,/hydroponic_project/data_collection/crops/lettuce_20260829_140004/P01.jpg,/hydroponic_project/data_collection/crops/lettuce_20260829_140004/P01_224.jpg,30.25,32.8,68.2,5.98,2.744,1.629,814.7,2.3351,OK,29999,3.200000047683716,1.0041465759277344,301.2534484863281
CAP_20260829_140004,2026-08-29 14:00:04,P02,/hydroponic_project/data_collection/images/lettuce_20260829_140004.jpg,/hydroponic_project/data_collection/crops/lettuce_20260829_140004/P02.jpg,/hydroponic_project/data_collection/crops/lettuce_20260829_140004/P02_224.jpg,30.25,32.8,68.2,5.98,2.744,1.629,814.7,2.3351,OK,29999,3.200000047683716,1.0041465759277344,301.2534484863281
CAP_20260829_140004,2026-08-29 14:00:04,P03,/hydroponic_project/data_collection/images/lettuce_20260829_140004.jpg,/hydroponic_project/data_collection/crops/lettuce_20260829_140004/P03.jpg,/hydroponic_project/data_collection/crops/lettuce_20260829_140004/P03_224.jpg,30.25,32.8,68.2,5.98,2.744,1.629,814.7,2.3351,OK,29999,3.200000047683716,1.0041465759277344,301.2534484863281
CAP_20260829_140004,2026-08-29 14:00:04,P04,/hydroponic_project/data_collection/images/lettuce_20260829_140004.jpg,/hydroponic_project/data_collection/crops/lettuce_20260829_140004/P04.jpg,/hydroponic_project/data_collection/crops/lettuce_20260829_140004/P04_224.jpg,30.25,32.8,68.2,5.98,2.744,1.629,814.7,2.3351,OK,29999,3.200000047683716,1.0041465759277344,301.2534484863281
CAP_20260829_140004,2026-08-29 14:00:04,P05,/hydroponic_project/data_collection/images/lettuce_20260829_140004.jpg,/hydroponic_project/data_collection/crops/lettuce_20260829_140004/P05.jpg,/hydroponic_project/data_collection/crops/lettuce_20260829_140004/P05_224.jpg,30.25,32.8,68.2,5.98,2.744,1.629,814.7,2.3351,OK,29999,3.200000047683716,1.0041465759277344,301.2534484863281
CAP_20260829_140004,2026-08-29 14:00:04,P06,/hydroponic_project/data_collection/images/lettuce_20260829_140004.jpg,/hydroponic_project/data_collection/crops/lettuce_20260829_140004/P06.jpg,/hydroponic_project/data_collection/crops/lettuce_20260829_140004/P06_224.jpg,30.25,32.8,68.2,5.98,2.744,1.629,814.7,2.3351,OK,29999,3.200000047683716,1.0041465759277344,301.2534484863281
CAP_20260829_140004,2026-08-29 14:00:04,P07,/hydroponic_project/data_collection/images/lettuce_20260829_140004.jpg,/hydroponic_project/data_collection/crops/lettuce_20260829_140004/P07.jpg,/hydroponic_project/data_collection/crops/lettuce_20260829_140004/P07_224.jpg,30.25,32.8,68.2,5.98,2.744,1.629,814.7,2.3351,OK,29999,3.200000047683716,1.0041465759277344,301.2534484863281
CAP_20260829_140004,2026-08-29 14:00:04,P08,/hydroponic_project/data_collection/images/lettuce_20260829_140004.jpg,/hydroponic_project/data_collection/crops/lettuce_20260829_140004/P08.jpg,/hydroponic_project/data_collection/crops/lettuce_20260829_140004/P08_224.jpg,30.25,32.8,68.2,5.98,2.744,1.629,814.7,2.3351,OK,29999,3.200000047683716,1.0041465759277344,301.2534484863281
CAP_20260829_140004,2026-08-29 14:00:04,P09,/hydroponic_project/data_collection/images/lettuce_20260829_140004.jpg,/hydroponic_project/data_collection/crops/lettuce_20260829_140004/P09.jpg,/hydroponic_project/data_collection/crops/lettuce_20260829_140004/P09_224.jpg,30.25,32.8,68.2,5.98,2.744,1.629,814.7,2.3351,OK,29999,3.200000047683716,1.0041465759277344,301.2534484863281
CAP_20260829_140004,2026-08-29 14:00:04,P10,/hydroponic_project/data_collection/images/lettuce_20260829_140004.jpg,/hydroponic_project/data_collection/crops/lettuce_20260829_140004/P10.jpg,/hydroponic_project/data_collection/crops/lettuce_20260829_140004/P10_224.jpg,30.25,32.8,68.2,5.98,2.744,1.629,814.7,2.3351,OK,29999,3.200000047683716,1.0041465759277344,301.2534484863281
CAP_20260829_140004,2026-08-29 14:00:04,P11,/hydroponic_project/data_collection/images/lettuce_20260829_140004.jpg,/hydroponic_project/data_collection/crops/lettuce_20260829_140004/P11.jpg,/hydroponic_project/data_collection/crops/lettuce_20260829_140004/P11_224.jpg,30.25,32.8,68.2,5.98,2.744,1.629,814.7,2.3351,OK,29999,3.200000047683716,1.0041465759277344,301.2534484863281
CAP_20260829_140004,2026-08-29 14:00:04,P12,/hydroponic_project/data_collection/images/lettuce_20260829_140004.jpg,/hydroponic_project/data_collection/crops/lettuce_20260829_140004/P12.jpg,/hydroponic_project/data_collection/crops/lettuce_20260829_140004/P12_224.jpg,30.25,32.8,68.2,5.98,2.744,1.629,814.7,2.3351,OK,29999,3.200000047683716,1.0041465759277344,301.2534484863281
CAP_20260829_141503,2026-08-29 14:15:03,P01,/hydroponic_project/data_collection/images/lettuce_20260829_141503.jpg,/hydroponic_project/data_collection/crops/lettuce_20260829_141503/P01.jpg,/hydroponic_project/data_collection/crops/lettuce_20260829_141503/P01_224.jpg,30.31,32.8,69.6,6.08,2.7273,1.629,814.3,2.337,OK,39376,4.0,1.0000735521316528,184.2255859375
CAP_20260829_141503,2026-08-29 14:15:03,P02,/hydroponic_project/data_collection/images/lettuce_20260829_141503.jpg,/hydroponic_project/data_collection/crops/lettuce_20260829_141503/P02.jpg,/hydroponic_project/data_collection/crops/lettuce_20260829_141503/P02_224.jpg,30.31,32.8,69.6,6.08,2.7273,1.629,814.3,2.337,OK,39376,4.0,1.0000735521316528,184.2255859375
CAP_20260829_141503,2026-08-29 14:15:03,P03,/hydroponic_project/data_collection/images/lettuce_20260829_141503.jpg,/hydroponic_project/data_collection/crops/lettuce_20260829_141503/P03.jpg,/hydroponic_project/data_collection/crops/lettuce_20260829_141503/P03_224.jpg,30.31,32.8,69.6,6.08,2.7273,1.629,814.3,2.337,OK,39376,4.0,1.0000735521316528,184.2255859375
CAP_20260829_141503,2026-08-29 14:15:03,P04,/hydroponic_project/data_collection/images/lettuce_20260829_141503.jpg,/hydroponic_project/data_collection/crops/lettuce_20260829_141503/P04.jpg,/hydroponic_project/data_collection/crops/lettuce_20260829_141503/P04_224.jpg,30.31,32.8,69.6,6.08,2.7273,1.629,814.3,2.337,OK,39376,4.0,1.0000735521316528,184.2255859375
CAP_20260829_141503,2026-08-29 14:15:03,P05,/hydroponic_project/data_collection/images/lettuce_20260829_141503.jpg,/hydroponic_project/data_collection/crops/lettuce_20260829_141503/P05.jpg,/hydroponic_project/data_collection/crops/lettuce_20260829_141503/P05_224.jpg,30.31,32.8,69.6,6.08,2.7273,1.629,814.3,2.337,OK,39376,4.0,1.0000735521316528,184.2255859375
CAP_20260829_141503,2026-08-29 14:15:03,P06,/hydroponic_project/data_collection/images/lettuce_20260829_141503.jpg,/hydroponic_project/data_collection/crops/lettuce_20260829_141503/P06.jpg,/hydroponic_project/data_collection/crops/lettuce_20260829_141503/P06_224.jpg,30.31,32.8,69.6,6.08,2.7273,1.629,814.3,2.337,OK,39376,4.0,1.0000735521316528,184.2255859375
CAP_20260829_141503,2026-08-29 14:15:03,P07,/hydroponic_project/data_collection/images/lettuce_20260829_141503.jpg,/hydroponic_project/data_collection/crops/lettuce_20260829_141503/P07.jpg,/hydroponic_project/data_collection/crops/lettuce_20260829_141503/P07_224.jpg,30.31,32.8,69.6,6.08,2.7273,1.629,814.3,2.337,OK,39376,4.0,1.0000735521316528,184.2255859375
CAP_20260829_141503,2026-08-29 14:15:03,P08,/hydroponic_project/data_collection/images/lettuce_20260829_141503.jpg,/hydroponic_project/data_collection/crops/lettuce_20260829_141503/P08.jpg,/hydroponic_project/data_collection/crops/lettuce_20260829_141503/P08_224.jpg,30.31,32.8,69.6,6.08,2.7273,1.629,814.3,2.337,OK,39376,4.0,1.0000735521316528,184.2255859375
CAP_20260829_141503,2026-08-29 14:15:03,P09,/hydroponic_project/data_collection/images/lettuce_20260829_141503.jpg,/hydroponic_project/data_collection/crops/lettuce_20260829_141503/P09.jpg,/hydroponic_project/data_collection/crops/lettuce_20260829_141503/P09_224.jpg,30.31,32.8,69.6,6.08,2.7273,1.629,814.3,2.337,OK,39376,4.0,1.0000735521316528,184.2255859375
CAP_20260829_141503,2026-08-29 14:15:03,P10,/hydroponic_project/data_collection/images/lettuce_20260829_141503.jpg,/hydroponic_project/data_collection/crops/lettuce_20260829_141503/P10.jpg,/hydroponic_project/data_collection/crops/lettuce_20260829_141503/P10_224.jpg,30.31,32.8,69.6,6.08,2.7273,1.629,814.3,2.337,OK,39376,4.0,1.0000735521316528,184.2255859375
CAP_20260829_141503,2026-08-29 14:15:03,P11,/hydroponic_project/data_collection/images/lettuce_20260829_141503.jpg,/hydroponic_project/data_collection/crops/lettuce_20260829_141503/P11.jpg,/hydroponic_project/data_collection/crops/lettuce_20260829_141503/P11_224.jpg,30.31,32.8,69.6,6.08,2.7273,1.629,814.3,2.337,OK,39376,4.0,1.0000735521316528,184.2255859375
CAP_20260829_141503,2026-08-29 14:15:03,P12,/hydroponic_project/data_collection/images/lettuce_20260829_141503.jpg,/hydroponic_project/data_collection/crops/lettuce_20260829_141503/P12.jpg,/hydroponic_project/data_collection/crops/lettuce_20260829_141503/P12_224.jpg,30.31,32.8,69.6,6.08,2.7273,1.629,814.3,2.337,OK,39376,4.0,1.0000735521316528,184.2255859375
CAP_20260829_143003,2026-08-29 14:30:03,P01,/hydroponic_project/data_collection/images/lettuce_20260829_143003.jpg,/hydroponic_project/data_collection/crops/lettuce_20260829_143003/P01.jpg,/hydroponic_project/data_collection/crops/lettuce_20260829_143003/P01_224.jpg,30.37,32.9,68.5,6.11,2.7228,1.627,813.5,2.3384,OK,29999,3.0843372344970703,1.0112736225128174,314.22430419921875
CAP_20260829_143003,2026-08-29 14:30:03,P02,/hydroponic_project/data_collection/images/lettuce_20260829_143003.jpg,/hydroponic_project/data_collection/crops/lettuce_20260829_143003/P02.jpg,/hydroponic_project/data_collection/crops/lettuce_20260829_143003/P02_224.jpg,30.37,32.9,68.5,6.11,2.7228,1.627,813.5,2.3384,OK,29999,3.0843372344970703,1.0112736225128174,314.22430419921875
CAP_20260829_143003,2026-08-29 14:30:03,P03,/hydroponic_project/data_collection/images/lettuce_20260829_143003.jpg,/hydroponic_project/data_collection/crops/lettuce_20260829_143003/P03.jpg,/hydroponic_project/data_collection/crops/lettuce_20260829_143003/P03_224.jpg,30.37,32.9,68.5,6.11,2.7228,1.627,813.5,2.3384,OK,29999,3.0843372344970703,1.0112736225128174,314.22430419921875
CAP_20260829_143003,2026-08-29 14:30:03,P04,/hydroponic_project/data_collection/images/lettuce_20260829_143003.jpg,/hydroponic_project/data_collection/crops/lettuce_20260829_143003/P04.jpg,/hydroponic_project/data_collection/crops/lettuce_20260829_143003/P04_224.jpg,30.37,32.9,68.5,6.11,2.7228,1.627,813.5,2.3384,OK,29999,3.0843372344970703,1.0112736225128174,314.22430419921875
CAP_20260829_143003,2026-08-29 14:30:03,P05,/hydroponic_project/data_collection/images/lettuce_20260829_143003.jpg,/hydroponic_project/data_collection/crops/lettuce_20260829_143003/P05.jpg,/hydroponic_project/data_collection/crops/lettuce_20260829_143003/P05_224.jpg,30.37,32.9,68.5,6.11,2.7228,1.627,813.5,2.3384,OK,29999,3.0843372344970703,1.0112736225128174,314.22430419921875
CAP_20260829_143003,2026-08-29 14:30:03,P06,/hydroponic_project/data_collection/images/lettuce_20260829_143003.jpg,/hydroponic_project/data_collection/crops/lettuce_20260829_143003/P06.jpg,/hydroponic_project/data_collection/crops/lettuce_20260829_143003/P06_224.jpg,30.37,32.9,68.5,6.11,2.7228,1.627,813.5,2.3384,OK,29999,3.0843372344970703,1.0112736225128174,314.22430419921875
CAP_20260829_143003,2026-08-29 14:30:03,P07,/hydroponic_project/data_collection/images/lettuce_20260829_143003.jpg,/hydroponic_project/data_collection/crops/lettuce_20260829_143003/P07.jpg,/hydroponic_project/data_collection/crops/lettuce_20260829_143003/P07_224.jpg,30.37,32.9,68.5,6.11,2.7228,1.627,813.5,2.3384,OK,29999,3.0843372344970703,1.0112736225128174,314.22430419921875
CAP_20260829_143003,2026-08-29 14:30:03,P08,/hydroponic_project/data_collection/images/lettuce_20260829_143003.jpg,/hydroponic_project/data_collection/crops/lettuce_20260829_143003/P08.jpg,/hydroponic_project/data_collection/crops/lettuce_20260829_143003/P08_224.jpg,30.37,32.9,68.5,6.11,2.7228,1.627,813.5,2.3384,OK,29999,3.0843372344970703,1.0112736225128174,314.22430419921875
CAP_20260829_143003,2026-08-29 14:30:03,P09,/hydroponic_project/data_collection/images/lettuce_20260829_143003.jpg,/hydroponic_project/data_collection/crops/lettuce_20260829_143003/P09.jpg,/hydroponic_project/data_collection/crops/lettuce_20260829_143003/P09_224.jpg,30.37,32.9,68.5,6.11,2.7228,1.627,813.5,2.3384,OK,29999,3.0843372344970703,1.0112736225128174,314.22430419921875
CAP_20260829_143003,2026-08-29 14:30:03,P10,/hydroponic_project/data_collection/images/lettuce_20260829_143003.jpg,/hydroponic_project/data_collection/crops/lettuce_20260829_143003/P10.jpg,/hydroponic_project/data_collection/crops/lettuce_20260829_143003/P10_224.jpg,30.37,32.9,68.5,6.11,2.7228,1.627,813.5,2.3384,OK,29999,3.0843372344970703,1.0112736225128174,314.22430419921875
CAP_20260829_143003,2026-08-29 14:30:03,P11,/hydroponic_project/data_collection/images/lettuce_20260829_143003.jpg,/hydroponic_project/data_collection/crops/lettuce_20260829_143003/P11.jpg,/hydroponic_project/data_collection/crops/lettuce_20260829_143003/P11_224.jpg,30.37,32.9,68.5,6.11,2.7228,1.627,813.5,2.3384,OK,29999,3.0843372344970703,1.0112736225128174,314.22430419921875
CAP_20260829_143003,2026-08-29 14:30:03,P12,/hydroponic_project/data_collection/images/lettuce_20260829_143003.jpg,/hydroponic_project/data_collection/crops/lettuce_20260829_143003/P12.jpg,/hydroponic_project/data_collection/crops/lettuce_20260829_143003/P12_224.jpg,30.37,32.9,68.5,6.11,2.7228,1.627,813.5,2.3384,OK,29999,3.0843372344970703,1.0112736225128174,314.22430419921875
CAP_20260829_144504,2026-08-29 14:45:04,P01,/hydroponic_project/data_collection/images/lettuce_20260829_144504.jpg,/hydroponic_project/data_collection/crops/lettuce_20260829_144504/P01.jpg,/hydroponic_project/data_collection/crops/lettuce_20260829_144504/P01_224.jpg,30.44,32.9,67.6,6.12,2.7219,1.626,812.9,2.34,OK,29999,2.559999942779541,1.006890058517456,409.29241943359375
CAP_20260829_144504,2026-08-29 14:45:04,P02,/hydroponic_project/data_collection/images/lettuce_20260829_144504.jpg,/hydroponic_project/data_collection/crops/lettuce_20260829_144504/P02.jpg,/hydroponic_project/data_collection/crops/lettuce_20260829_144504/P02_224.jpg,30.44,32.9,67.6,6.12,2.7219,1.626,812.9,2.34,OK,29999,2.559999942779541,1.006890058517456,409.29241943359375
CAP_20260829_144504,2026-08-29 14:45:04,P03,/hydroponic_project/data_collection/images/lettuce_20260829_144504.jpg,/hydroponic_project/data_collection/crops/lettuce_20260829_144504/P03.jpg,/hydroponic_project/data_collection/crops/lettuce_20260829_144504/P03_224.jpg,30.44,32.9,67.6,6.12,2.7219,1.626,812.9,2.34,OK,29999,2.559999942779541,1.006890058517456,409.29241943359375
CAP_20260829_144504,2026-08-29 14:45:04,P04,/hydroponic_project/data_collection/images/lettuce_20260829_144504.jpg,/hydroponic_project/data_collection/crops/lettuce_20260829_144504/P04.jpg,/hydroponic_project/data_collection/crops/lettuce_20260829_144504/P04_224.jpg,30.44,32.9,67.6,6.12,2.7219,1.626,812.9,2.34,OK,29999,2.559999942779541,1.006890058517456,409.29241943359375
CAP_20260829_144504,2026-08-29 14:45:04,P05,/hydroponic_project/data_collection/images/lettuce_20260829_144504.jpg,/hydroponic_project/data_collection/crops/lettuce_20260829_144504/P05.jpg,/hydroponic_project/data_collection/crops/lettuce_20260829_144504/P05_224.jpg,30.44,32.9,67.6,6.12,2.7219,1.626,812.9,2.34,OK,29999,2.559999942779541,1.006890058517456,409.29241943359375
CAP_20260829_144504,2026-08-29 14:45:04,P06,/hydroponic_project/data_collection/images/lettuce_20260829_144504.jpg,/hydroponic_project/data_collection/crops/lettuce_20260829_144504/P06.jpg,/hydroponic_project/data_collection/crops/lettuce_20260829_144504/P06_224.jpg,30.44,32.9,67.6,6.12,2.7219,1.626,812.9,2.34,OK,29999,2.559999942779541,1.006890058517456,409.29241943359375
CAP_20260829_144504,2026-08-29 14:45:04,P07,/hydroponic_project/data_collection/images/lettuce_20260829_144504.jpg,/hydroponic_project/data_collection/crops/lettuce_20260829_144504/P07.jpg,/hydroponic_project/data_collection/crops/lettuce_20260829_144504/P07_224.jpg,30.44,32.9,67.6,6.12,2.7219,1.626,812.9,2.34,OK,29999,2.559999942779541,1.006890058517456,409.29241943359375
CAP_20260829_144504,2026-08-29 14:45:04,P08,/hydroponic_project/data_collection/images/lettuce_20260829_144504.jpg,/hydroponic_project/data_collection/crops/lettuce_20260829_144504/P08.jpg,/hydroponic_project/data_collection/crops/lettuce_20260829_144504/P08_224.jpg,30.44,32.9,67.6,6.12,2.7219,1.626,812.9,2.34,OK,29999,2.559999942779541,1.006890058517456,409.29241943359375
CAP_20260829_144504,2026-08-29 14:45:04,P09,/hydroponic_project/data_collection/images/lettuce_20260829_144504.jpg,/hydroponic_project/data_collection/crops/lettuce_20260829_144504/P09.jpg,/hydroponic_project/data_collection/crops/lettuce_20260829_144504/P09_224.jpg,30.44,32.9,67.6,6.12,2.7219,1.626,812.9,2.34,OK,29999,2.559999942779541,1.006890058517456,409.29241943359375
CAP_20260829_144504,2026-08-29 14:45:04,P10,/hydroponic_project/data_collection/images/lettuce_20260829_144504.jpg,/hydroponic_project/data_collection/crops/lettuce_20260829_144504/P10.jpg,/hydroponic_project/data_collection/crops/lettuce_20260829_144504/P10_224.jpg,30.44,32.9,67.6,6.12,2.7219,1.626,812.9,2.34,OK,29999,2.559999942779541,1.006890058517456,409.29241943359375
CAP_20260829_144504,2026-08-29 14:45:04,P11,/hydroponic_project/data_collection/images/lettuce_20260829_144504.jpg,/hydroponic_project/data_collection/crops/lettuce_20260829_144504/P11.jpg,/hydroponic_project/data_collection/crops/lettuce_20260829_144504/P11_224.jpg,30.44,32.9,67.6,6.12,2.7219,1.626,812.9,2.34,OK,29999,2.559999942779541,1.006890058517456,409.29241943359375
CAP_20260829_144504,2026-08-29 14:45:04,P12,/hydroponic_project/data_collection/images/lettuce_20260829_144504.jpg,/hydroponic_project/data_collection/crops/lettuce_20260829_144504/P12.jpg,/hydroponic_project/data_collection/crops/lettuce_20260829_144504/P12_224.jpg,30.44,32.9,67.6,6.12,2.7219,1.626,812.9,2.34,OK,29999,2.559999942779541,1.006890058517456,409.29241943359375
CAP_20260829_150004,2026-08-29 15:00:04,P01,/hydroponic_project/data_collection/images/lettuce_20260829_150004.jpg,/hydroponic_project/data_collection/crops/lettuce_20260829_150004/P01.jpg,/hydroponic_project/data_collection/crops/lettuce_20260829_150004/P01_224.jpg,30.5,32.7,69.3,6.15,2.7159,1.622,811.1,2.3395,OK,28676,2.0,1.0001052618026733,492.50396728515625
CAP_20260829_150004,2026-08-29 15:00:04,P02,/hydroponic_project/data_collection/images/lettuce_20260829_150004.jpg,/hydroponic_project/data_collection/crops/lettuce_20260829_150004/P02.jpg,/hydroponic_project/data_collection/crops/lettuce_20260829_150004/P02_224.jpg,30.5,32.7,69.3,6.15,2.7159,1.622,811.1,2.3395,OK,28676,2.0,1.0001052618026733,492.50396728515625
CAP_20260829_150004,2026-08-29 15:00:04,P03,/hydroponic_project/data_collection/images/lettuce_20260829_150004.jpg,/hydroponic_project/data_collection/crops/lettuce_20260829_150004/P03.jpg,/hydroponic_project/data_collection/crops/lettuce_20260829_150004/P03_224.jpg,30.5,32.7,69.3,6.15,2.7159,1.622,811.1,2.3395,OK,28676,2.0,1.0001052618026733,492.50396728515625
CAP_20260829_150004,2026-08-29 15:00:04,P04,/hydroponic_project/data_collection/images/lettuce_20260829_150004.jpg,/hydroponic_project/data_collection/crops/lettuce_20260829_150004/P04.jpg,/hydroponic_project/data_collection/crops/lettuce_20260829_150004/P04_224.jpg,30.5,32.7,69.3,6.15,2.7159,1.622,811.1,2.3395,OK,28676,2.0,1.0001052618026733,492.50396728515625
CAP_20260829_150004,2026-08-29 15:00:04,P05,/hydroponic_project/data_collection/images/lettuce_20260829_150004.jpg,/hydroponic_project/data_collection/crops/lettuce_20260829_150004/P05.jpg,/hydroponic_project/data_collection/crops/lettuce_20260829_150004/P05_224.jpg,30.5,32.7,69.3,6.15,2.7159,1.622,811.1,2.3395,OK,28676,2.0,1.0001052618026733,492.50396728515625
CAP_20260829_150004,2026-08-29 15:00:04,P06,/hydroponic_project/data_collection/images/lettuce_20260829_150004.jpg,/hydroponic_project/data_collection/crops/lettuce_20260829_150004/P06.jpg,/hydroponic_project/data_collection/crops/lettuce_20260829_150004/P06_224.jpg,30.5,32.7,69.3,6.15,2.7159,1.622,811.1,2.3395,OK,28676,2.0,1.0001052618026733,492.50396728515625
CAP_20260829_150004,2026-08-29 15:00:04,P07,/hydroponic_project/data_collection/images/lettuce_20260829_150004.jpg,/hydroponic_project/data_collection/crops/lettuce_20260829_150004/P07.jpg,/hydroponic_project/data_collection/crops/lettuce_20260829_150004/P07_224.jpg,30.5,32.7,69.3,6.15,2.7159,1.622,811.1,2.3395,OK,28676,2.0,1.0001052618026733,492.50396728515625
CAP_20260829_150004,2026-08-29 15:00:04,P08,/hydroponic_project/data_collection/images/lettuce_20260829_150004.jpg,/hydroponic_project/data_collection/crops/lettuce_20260829_150004/P08.jpg,/hydroponic_project/data_collection/crops/lettuce_20260829_150004/P08_224.jpg,30.5,32.7,69.3,6.15,2.7159,1.622,811.1,2.3395,OK,28676,2.0,1.0001052618026733,492.50396728515625
CAP_20260829_150004,2026-08-29 15:00:04,P09,/hydroponic_project/data_collection/images/lettuce_20260829_150004.jpg,/hydroponic_project/data_collection/crops/lettuce_20260829_150004/P09.jpg,/hydroponic_project/data_collection/crops/lettuce_20260829_150004/P09_224.jpg,30.5,32.7,69.3,6.15,2.7159,1.622,811.1,2.3395,OK,28676,2.0,1.0001052618026733,492.50396728515625
CAP_20260829_150004,2026-08-29 15:00:04,P10,/hydroponic_project/data_collection/images/lettuce_20260829_150004.jpg,/hydroponic_project/data_collection/crops/lettuce_20260829_150004/P10.jpg,/hydroponic_project/data_collection/crops/lettuce_20260829_150004/P10_224.jpg,30.5,32.7,69.3,6.15,2.7159,1.622,811.1,2.3395,OK,28676,2.0,1.0001052618026733,492.50396728515625
CAP_20260829_150004,2026-08-29 15:00:04,P11,/hydroponic_project/data_collection/images/lettuce_20260829_150004.jpg,/hydroponic_project/data_collection/crops/lettuce_20260829_150004/P11.jpg,/hydroponic_project/data_collection/crops/lettuce_20260829_150004/P11_224.jpg,30.5,32.7,69.3,6.15,2.7159,1.622,811.1,2.3395,OK,28676,2.0,1.0001052618026733,492.50396728515625
CAP_20260829_150004,2026-08-29 15:00:04,P12,/hydroponic_project/data_collection/images/lettuce_20260829_150004.jpg,/hydroponic_project/data_collection/crops/lettuce_20260829_150004/P12.jpg,/hydroponic_project/data_collection/crops/lettuce_20260829_150004/P12_224.jpg,30.5,32.7,69.3,6.15,2.7159,1.622,811.1,2.3395,OK,28676,2.0,1.0001052618026733,492.50396728515625
CAP_20260829_151503,2026-08-29 15:15:03,P01,/hydroponic_project/data_collection/images/lettuce_20260829_151503.jpg,/hydroponic_project/data_collection/crops/lettuce_20260829_151503/P01.jpg,/hydroponic_project/data_collection/crops/lettuce_20260829_151503/P01_224.jpg,30.56,32.7,68.1,6.09,2.726,1.62,809.9,2.3401,OK,33950,4.0,1.0004682540893555,210.73867797851562
CAP_20260829_151503,2026-08-29 15:15:03,P02,/hydroponic_project/data_collection/images/lettuce_20260829_151503.jpg,/hydroponic_project/data_collection/crops/lettuce_20260829_151503/P02.jpg,/hydroponic_project/data_collection/crops/lettuce_20260829_151503/P02_224.jpg,30.56,32.7,68.1,6.09,2.726,1.62,809.9,2.3401,OK,33950,4.0,1.0004682540893555,210.73867797851562
CAP_20260829_151503,2026-08-29 15:15:03,P03,/hydroponic_project/data_collection/images/lettuce_20260829_151503.jpg,/hydroponic_project/data_collection/crops/lettuce_20260829_151503/P03.jpg,/hydroponic_project/data_collection/crops/lettuce_20260829_151503/P03_224.jpg,30.56,32.7,68.1,6.09,2.726,1.62,809.9,2.3401,OK,33950,4.0,1.0004682540893555,210.73867797851562
CAP_20260829_151503,2026-08-29 15:15:03,P04,/hydroponic_project/data_collection/images/lettuce_20260829_151503.jpg,/hydroponic_project/data_collection/crops/lettuce_20260829_151503/P04.jpg,/hydroponic_project/data_collection/crops/lettuce_20260829_151503/P04_224.jpg,30.56,32.7,68.1,6.09,2.726,1.62,809.9,2.3401,OK,33950,4.0,1.0004682540893555,210.73867797851562
CAP_20260829_151503,2026-08-29 15:15:03,P05,/hydroponic_project/data_collection/images/lettuce_20260829_151503.jpg,/hydroponic_project/data_collection/crops/lettuce_20260829_151503/P05.jpg,/hydroponic_project/data_collection/crops/lettuce_20260829_151503/P05_224.jpg,30.56,32.7,68.1,6.09,2.726,1.62,809.9,2.3401,OK,33950,4.0,1.0004682540893555,210.73867797851562
CAP_20260829_151503,2026-08-29 15:15:03,P06,/hydroponic_project/data_collection/images/lettuce_20260829_151503.jpg,/hydroponic_project/data_collection/crops/lettuce_20260829_151503/P06.jpg,/hydroponic_project/data_collection/crops/lettuce_20260829_151503/P06_224.jpg,30.56,32.7,68.1,6.09,2.726,1.62,809.9,2.3401,OK,33950,4.0,1.0004682540893555,210.73867797851562
CAP_20260829_151503,2026-08-29 15:15:03,P07,/hydroponic_project/data_collection/images/lettuce_20260829_151503.jpg,/hydroponic_project/data_collection/crops/lettuce_20260829_151503/P07.jpg,/hydroponic_project/data_collection/crops/lettuce_20260829_151503/P07_224.jpg,30.56,32.7,68.1,6.09,2.726,1.62,809.9,2.3401,OK,33950,4.0,1.0004682540893555,210.73867797851562
CAP_20260829_151503,2026-08-29 15:15:03,P08,/hydroponic_project/data_collection/images/lettuce_20260829_151503.jpg,/hydroponic_project/data_collection/crops/lettuce_20260829_151503/P08.jpg,/hydroponic_project/data_collection/crops/lettuce_20260829_151503/P08_224.jpg,30.56,32.7,68.1,6.09,2.726,1.62,809.9,2.3401,OK,33950,4.0,1.0004682540893555,210.73867797851562
CAP_20260829_151503,2026-08-29 15:15:03,P09,/hydroponic_project/data_collection/images/lettuce_20260829_151503.jpg,/hydroponic_project/data_collection/crops/lettuce_20260829_151503/P09.jpg,/hydroponic_project/data_collection/crops/lettuce_20260829_151503/P09_224.jpg,30.56,32.7,68.1,6.09,2.726,1.62,809.9,2.3401,OK,33950,4.0,1.0004682540893555,210.73867797851562
CAP_20260829_151503,2026-08-29 15:15:03,P10,/hydroponic_project/data_collection/images/lettuce_20260829_151503.jpg,/hydroponic_project/data_collection/crops/lettuce_20260829_151503/P10.jpg,/hydroponic_project/data_collection/crops/lettuce_20260829_151503/P10_224.jpg,30.56,32.7,68.1,6.09,2.726,1.62,809.9,2.3401,OK,33950,4.0,1.0004682540893555,210.73867797851562
CAP_20260829_151503,2026-08-29 15:15:03,P11,/hydroponic_project/data_collection/images/lettuce_20260829_151503.jpg,/hydroponic_project/data_collection/crops/lettuce_20260829_151503/P11.jpg,/hydroponic_project/data_collection/crops/lettuce_20260829_151503/P11_224.jpg,30.56,32.7,68.1,6.09,2.726,1.62,809.9,2.3401,OK,33950,4.0,1.0004682540893555,210.73867797851562
CAP_20260829_151503,2026-08-29 15:15:03,P12,/hydroponic_project/data_collection/images/lettuce_20260829_151503.jpg,/hydroponic_project/data_collection/crops/lettuce_20260829_151503/P12.jpg,/hydroponic_project/data_collection/crops/lettuce_20260829_151503/P12_224.jpg,30.56,32.7,68.1,6.09,2.726,1.62,809.9,2.3401,OK,33950,4.0,1.0004682540893555,210.73867797851562
CAP_20260829_153003,2026-08-29 15:30:03,P01,/hydroponic_project/data_collection/images/lettuce_20260829_153003.jpg,/hydroponic_project/data_collection/crops/lettuce_20260829_153003/P01.jpg,/hydroponic_project/data_collection/crops/lettuce_20260829_153003/P01_224.jpg,30.5,32.5,69.6,6.14,2.7185,1.622,810.9,2.3393,OK,32022,4.0,1.000523328781128,222.52664184570312
CAP_20260829_153003,2026-08-29 15:30:03,P02,/hydroponic_project/data_collection/images/lettuce_20260829_153003.jpg,/hydroponic_project/data_collection/crops/lettuce_20260829_153003/P02.jpg,/hydroponic_project/data_collection/crops/lettuce_20260829_153003/P02_224.jpg,30.5,32.5,69.6,6.14,2.7185,1.622,810.9,2.3393,OK,32022,4.0,1.000523328781128,222.52664184570312
CAP_20260829_153003,2026-08-29 15:30:03,P03,/hydroponic_project/data_collection/images/lettuce_20260829_153003.jpg,/hydroponic_project/data_collection/crops/lettuce_20260829_153003/P03.jpg,/hydroponic_project/data_collection/crops/lettuce_20260829_153003/P03_224.jpg,30.5,32.5,69.6,6.14,2.7185,1.622,810.9,2.3393,OK,32022,4.0,1.000523328781128,222.52664184570312
CAP_20260829_153003,2026-08-29 15:30:03,P04,/hydroponic_project/data_collection/images/lettuce_20260829_153003.jpg,/hydroponic_project/data_collection/crops/lettuce_20260829_153003/P04.jpg,/hydroponic_project/data_collection/crops/lettuce_20260829_153003/P04_224.jpg,30.5,32.5,69.6,6.14,2.7185,1.622,810.9,2.3393,OK,32022,4.0,1.000523328781128,222.52664184570312
CAP_20260829_153003,2026-08-29 15:30:03,P05,/hydroponic_project/data_collection/images/lettuce_20260829_153003.jpg,/hydroponic_project/data_collection/crops/lettuce_20260829_153003/P05.jpg,/hydroponic_project/data_collection/crops/lettuce_20260829_153003/P05_224.jpg,30.5,32.5,69.6,6.14,2.7185,1.622,810.9,2.3393,OK,32022,4.0,1.000523328781128,222.52664184570312
CAP_20260829_153003,2026-08-29 15:30:03,P06,/hydroponic_project/data_collection/images/lettuce_20260829_153003.jpg,/hydroponic_project/data_collection/crops/lettuce_20260829_153003/P06.jpg,/hydroponic_project/data_collection/crops/lettuce_20260829_153003/P06_224.jpg,30.5,32.5,69.6,6.14,2.7185,1.622,810.9,2.3393,OK,32022,4.0,1.000523328781128,222.52664184570312
CAP_20260829_153003,2026-08-29 15:30:03,P07,/hydroponic_project/data_collection/images/lettuce_20260829_153003.jpg,/hydroponic_project/data_collection/crops/lettuce_20260829_153003/P07.jpg,/hydroponic_project/data_collection/crops/lettuce_20260829_153003/P07_224.jpg,30.5,32.5,69.6,6.14,2.7185,1.622,810.9,2.3393,OK,32022,4.0,1.000523328781128,222.52664184570312
CAP_20260829_153003,2026-08-29 15:30:03,P08,/hydroponic_project/data_collection/images/lettuce_20260829_153003.jpg,/hydroponic_project/data_collection/crops/lettuce_20260829_153003/P08.jpg,/hydroponic_project/data_collection/crops/lettuce_20260829_153003/P08_224.jpg,30.5,32.5,69.6,6.14,2.7185,1.622,810.9,2.3393,OK,32022,4.0,1.000523328781128,222.52664184570312
CAP_20260829_153003,2026-08-29 15:30:03,P09,/hydroponic_project/data_collection/images/lettuce_20260829_153003.jpg,/hydroponic_project/data_collection/crops/lettuce_20260829_153003/P09.jpg,/hydroponic_project/data_collection/crops/lettuce_20260829_153003/P09_224.jpg,30.5,32.5,69.6,6.14,2.7185,1.622,810.9,2.3393,OK,32022,4.0,1.000523328781128,222.52664184570312
CAP_20260829_153003,2026-08-29 15:30:03,P10,/hydroponic_project/data_collection/images/lettuce_20260829_153003.jpg,/hydroponic_project/data_collection/crops/lettuce_20260829_153003/P10.jpg,/hydroponic_project/data_collection/crops/lettuce_20260829_153003/P10_224.jpg,30.5,32.5,69.6,6.14,2.7185,1.622,810.9,2.3393,OK,32022,4.0,1.000523328781128,222.52664184570312
CAP_20260829_153003,2026-08-29 15:30:03,P11,/hydroponic_project/data_collection/images/lettuce_20260829_153003.jpg,/hydroponic_project/data_collection/crops/lettuce_20260829_153003/P11.jpg,/hydroponic_project/data_collection/crops/lettuce_20260829_153003/P11_224.jpg,30.5,32.5,69.6,6.14,2.7185,1.622,810.9,2.3393,OK,32022,4.0,1.000523328781128,222.52664184570312
CAP_20260829_153003,2026-08-29 15:30:03,P12,/hydroponic_project/data_collection/images/lettuce_20260829_153003.jpg,/hydroponic_project/data_collection/crops/lettuce_20260829_153003/P12.jpg,/hydroponic_project/data_collection/crops/lettuce_20260829_153003/P12_224.jpg,30.5,32.5,69.6,6.14,2.7185,1.622,810.9,2.3393,OK,32022,4.0,1.000523328781128,222.52664184570312
CAP_20260829_154504,2026-08-29 15:45:04,P01,/hydroponic_project/data_collection/images/lettuce_20260829_154504.jpg,/hydroponic_project/data_collection/crops/lettuce_20260829_154504/P01.jpg,/hydroponic_project/data_collection/crops/lettuce_20260829_154504/P01_224.jpg,30.56,32.6,69.6,6.18,2.712,1.618,809.0,2.3386,OK,30945,4.0,1.0005029439926147,234.26844787597656
CAP_20260829_154504,2026-08-29 15:45:04,P02,/hydroponic_project/data_collection/images/lettuce_20260829_154504.jpg,/hydroponic_project/data_collection/crops/lettuce_20260829_154504/P02.jpg,/hydroponic_project/data_collection/crops/lettuce_20260829_154504/P02_224.jpg,30.56,32.6,69.6,6.18,2.712,1.618,809.0,2.3386,OK,30945,4.0,1.0005029439926147,234.26844787597656
CAP_20260829_154504,2026-08-29 15:45:04,P03,/hydroponic_project/data_collection/images/lettuce_20260829_154504.jpg,/hydroponic_project/data_collection/crops/lettuce_20260829_154504/P03.jpg,/hydroponic_project/data_collection/crops/lettuce_20260829_154504/P03_224.jpg,30.56,32.6,69.6,6.18,2.712,1.618,809.0,2.3386,OK,30945,4.0,1.0005029439926147,234.26844787597656
CAP_20260829_154504,2026-08-29 15:45:04,P04,/hydroponic_project/data_collection/images/lettuce_20260829_154504.jpg,/hydroponic_project/data_collection/crops/lettuce_20260829_154504/P04.jpg,/hydroponic_project/data_collection/crops/lettuce_20260829_154504/P04_224.jpg,30.56,32.6,69.6,6.18,2.712,1.618,809.0,2.3386,OK,30945,4.0,1.0005029439926147,234.26844787597656
CAP_20260829_154504,2026-08-29 15:45:04,P05,/hydroponic_project/data_collection/images/lettuce_20260829_154504.jpg,/hydroponic_project/data_collection/crops/lettuce_20260829_154504/P05.jpg,/hydroponic_project/data_collection/crops/lettuce_20260829_154504/P05_224.jpg,30.56,32.6,69.6,6.18,2.712,1.618,809.0,2.3386,OK,30945,4.0,1.0005029439926147,234.26844787597656
CAP_20260829_154504,2026-08-29 15:45:04,P06,/hydroponic_project/data_collection/images/lettuce_20260829_154504.jpg,/hydroponic_project/data_collection/crops/lettuce_20260829_154504/P06.jpg,/hydroponic_project/data_collection/crops/lettuce_20260829_154504/P06_224.jpg,30.56,32.6,69.6,6.18,2.712,1.618,809.0,2.3386,OK,30945,4.0,1.0005029439926147,234.26844787597656
CAP_20260829_154504,2026-08-29 15:45:04,P07,/hydroponic_project/data_collection/images/lettuce_20260829_154504.jpg,/hydroponic_project/data_collection/crops/lettuce_20260829_154504/P07.jpg,/hydroponic_project/data_collection/crops/lettuce_20260829_154504/P07_224.jpg,30.56,32.6,69.6,6.18,2.712,1.618,809.0,2.3386,OK,30945,4.0,1.0005029439926147,234.26844787597656
CAP_20260829_154504,2026-08-29 15:45:04,P08,/hydroponic_project/data_collection/images/lettuce_20260829_154504.jpg,/hydroponic_project/data_collection/crops/lettuce_20260829_154504/P08.jpg,/hydroponic_project/data_collection/crops/lettuce_20260829_154504/P08_224.jpg,30.56,32.6,69.6,6.18,2.712,1.618,809.0,2.3386,OK,30945,4.0,1.0005029439926147,234.26844787597656
CAP_20260829_154504,2026-08-29 15:45:04,P09,/hydroponic_project/data_collection/images/lettuce_20260829_154504.jpg,/hydroponic_project/data_collection/crops/lettuce_20260829_154504/P09.jpg,/hydroponic_project/data_collection/crops/lettuce_20260829_154504/P09_224.jpg,30.56,32.6,69.6,6.18,2.712,1.618,809.0,2.3386,OK,30945,4.0,1.0005029439926147,234.26844787597656
CAP_20260829_154504,2026-08-29 15:45:04,P10,/hydroponic_project/data_collection/images/lettuce_20260829_154504.jpg,/hydroponic_project/data_collection/crops/lettuce_20260829_154504/P10.jpg,/hydroponic_project/data_collection/crops/lettuce_20260829_154504/P10_224.jpg,30.56,32.6,69.6,6.18,2.712,1.618,809.0,2.3386,OK,30945,4.0,1.0005029439926147,234.26844787597656
CAP_20260829_154504,2026-08-29 15:45:04,P11,/hydroponic_project/data_collection/images/lettuce_20260829_154504.jpg,/hydroponic_project/data_collection/crops/lettuce_20260829_154504/P11.jpg,/hydroponic_project/data_collection/crops/lettuce_20260829_154504/P11_224.jpg,30.56,32.6,69.6,6.18,2.712,1.618,809.0,2.3386,OK,30945,4.0,1.0005029439926147,234.26844787597656
CAP_20260829_154504,2026-08-29 15:45:04,P12,/hydroponic_project/data_collection/images/lettuce_20260829_154504.jpg,/hydroponic_project/data_collection/crops/lettuce_20260829_154504/P12.jpg,/hydroponic_project/data_collection/crops/lettuce_20260829_154504/P12_224.jpg,30.56,32.6,69.6,6.18,2.712,1.618,809.0,2.3386,OK,30945,4.0,1.0005029439926147,234.26844787597656
CAP_20260829_160004,2026-08-29 16:00:04,P01,/hydroponic_project/data_collection/images/lettuce_20260829_160004.jpg,/hydroponic_project/data_collection/crops/lettuce_20260829_160004/P01.jpg,/hydroponic_project/data_collection/crops/lettuce_20260829_160004/P01_224.jpg,30.56,32.5,69.4,6.12,2.7211,1.617,808.6,2.338,OK,32325,4.0,1.0004525184631348,220.49539184570312
CAP_20260829_160004,2026-08-29 16:00:04,P02,/hydroponic_project/data_collection/images/lettuce_20260829_160004.jpg,/hydroponic_project/data_collection/crops/lettuce_20260829_160004/P02.jpg,/hydroponic_project/data_collection/crops/lettuce_20260829_160004/P02_224.jpg,30.56,32.5,69.4,6.12,2.7211,1.617,808.6,2.338,OK,32325,4.0,1.0004525184631348,220.49539184570312
CAP_20260829_160004,2026-08-29 16:00:04,P03,/hydroponic_project/data_collection/images/lettuce_20260829_160004.jpg,/hydroponic_project/data_collection/crops/lettuce_20260829_160004/P03.jpg,/hydroponic_project/data_collection/crops/lettuce_20260829_160004/P03_224.jpg,30.56,32.5,69.4,6.12,2.7211,1.617,808.6,2.338,OK,32325,4.0,1.0004525184631348,220.49539184570312
CAP_20260829_160004,2026-08-29 16:00:04,P04,/hydroponic_project/data_collection/images/lettuce_20260829_160004.jpg,/hydroponic_project/data_collection/crops/lettuce_20260829_160004/P04.jpg,/hydroponic_project/data_collection/crops/lettuce_20260829_160004/P04_224.jpg,30.56,32.5,69.4,6.12,2.7211,1.617,808.6,2.338,OK,32325,4.0,1.0004525184631348,220.49539184570312
CAP_20260829_160004,2026-08-29 16:00:04,P05,/hydroponic_project/data_collection/images/lettuce_20260829_160004.jpg,/hydroponic_project/data_collection/crops/lettuce_20260829_160004/P05.jpg,/hydroponic_project/data_collection/crops/lettuce_20260829_160004/P05_224.jpg,30.56,32.5,69.4,6.12,2.7211,1.617,808.6,2.338,OK,32325,4.0,1.0004525184631348,220.49539184570312
CAP_20260829_160004,2026-08-29 16:00:04,P06,/hydroponic_project/data_collection/images/lettuce_20260829_160004.jpg,/hydroponic_project/data_collection/crops/lettuce_20260829_160004/P06.jpg,/hydroponic_project/data_collection/crops/lettuce_20260829_160004/P06_224.jpg,30.56,32.5,69.4,6.12,2.7211,1.617,808.6,2.338,OK,32325,4.0,1.0004525184631348,220.49539184570312
CAP_20260829_160004,2026-08-29 16:00:04,P07,/hydroponic_project/data_collection/images/lettuce_20260829_160004.jpg,/hydroponic_project/data_collection/crops/lettuce_20260829_160004/P07.jpg,/hydroponic_project/data_collection/crops/lettuce_20260829_160004/P07_224.jpg,30.56,32.5,69.4,6.12,2.7211,1.617,808.6,2.338,OK,32325,4.0,1.0004525184631348,220.49539184570312
CAP_20260829_160004,2026-08-29 16:00:04,P08,/hydroponic_project/data_collection/images/lettuce_20260829_160004.jpg,/hydroponic_project/data_collection/crops/lettuce_20260829_160004/P08.jpg,/hydroponic_project/data_collection/crops/lettuce_20260829_160004/P08_224.jpg,30.56,32.5,69.4,6.12,2.7211,1.617,808.6,2.338,OK,32325,4.0,1.0004525184631348,220.49539184570312
CAP_20260829_160004,2026-08-29 16:00:04,P09,/hydroponic_project/data_collection/images/lettuce_20260829_160004.jpg,/hydroponic_project/data_collection/crops/lettuce_20260829_160004/P09.jpg,/hydroponic_project/data_collection/crops/lettuce_20260829_160004/P09_224.jpg,30.56,32.5,69.4,6.12,2.7211,1.617,808.6,2.338,OK,32325,4.0,1.0004525184631348,220.49539184570312
CAP_20260829_160004,2026-08-29 16:00:04,P10,/hydroponic_project/data_collection/images/lettuce_20260829_160004.jpg,/hydroponic_project/data_collection/crops/lettuce_20260829_160004/P10.jpg,/hydroponic_project/data_collection/crops/lettuce_20260829_160004/P10_224.jpg,30.56,32.5,69.4,6.12,2.7211,1.617,808.6,2.338,OK,32325,4.0,1.0004525184631348,220.49539184570312
CAP_20260829_160004,2026-08-29 16:00:04,P11,/hydroponic_project/data_collection/images/lettuce_20260829_160004.jpg,/hydroponic_project/data_collection/crops/lettuce_20260829_160004/P11.jpg,/hydroponic_project/data_collection/crops/lettuce_20260829_160004/P11_224.jpg,30.56,32.5,69.4,6.12,2.7211,1.617,808.6,2.338,OK,32325,4.0,1.0004525184631348,220.49539184570312
CAP_20260829_160004,2026-08-29 16:00:04,P12,/hydroponic_project/data_collection/images/lettuce_20260829_160004.jpg,/hydroponic_project/data_collection/crops/lettuce_20260829_160004/P12.jpg,/hydroponic_project/data_collection/crops/lettuce_20260829_160004/P12_224.jpg,30.56,32.5,69.4,6.12,2.7211,1.617,808.6,2.338,OK,32325,4.0,1.0004525184631348,220.49539184570312
CAP_20260829_161503,2026-08-29 16:15:03,P01,/hydroponic_project/data_collection/images/lettuce_20260829_161503.jpg,/hydroponic_project/data_collection/crops/lettuce_20260829_161503/P01.jpg,/hydroponic_project/data_collection/crops/lettuce_20260829_161503/P01_224.jpg,30.5,32.1,69.2,6.12,2.7214,1.619,809.3,2.3365,OK,43345,4.0,1.0004137754440308,164.55990600585938
CAP_20260829_161503,2026-08-29 16:15:03,P02,/hydroponic_project/data_collection/images/lettuce_20260829_161503.jpg,/hydroponic_project/data_collection/crops/lettuce_20260829_161503/P02.jpg,/hydroponic_project/data_collection/crops/lettuce_20260829_161503/P02_224.jpg,30.5,32.1,69.2,6.12,2.7214,1.619,809.3,2.3365,OK,43345,4.0,1.0004137754440308,164.55990600585938
CAP_20260829_161503,2026-08-29 16:15:03,P03,/hydroponic_project/data_collection/images/lettuce_20260829_161503.jpg,/hydroponic_project/data_collection/crops/lettuce_20260829_161503/P03.jpg,/hydroponic_project/data_collection/crops/lettuce_20260829_161503/P03_224.jpg,30.5,32.1,69.2,6.12,2.7214,1.619,809.3,2.3365,OK,43345,4.0,1.0004137754440308,164.55990600585938
CAP_20260829_161503,2026-08-29 16:15:03,P04,/hydroponic_project/data_collection/images/lettuce_20260829_161503.jpg,/hydroponic_project/data_collection/crops/lettuce_20260829_161503/P04.jpg,/hydroponic_project/data_collection/crops/lettuce_20260829_161503/P04_224.jpg,30.5,32.1,69.2,6.12,2.7214,1.619,809.3,2.3365,OK,43345,4.0,1.0004137754440308,164.55990600585938
CAP_20260829_161503,2026-08-29 16:15:03,P05,/hydroponic_project/data_collection/images/lettuce_20260829_161503.jpg,/hydroponic_project/data_collection/crops/lettuce_20260829_161503/P05.jpg,/hydroponic_project/data_collection/crops/lettuce_20260829_161503/P05_224.jpg,30.5,32.1,69.2,6.12,2.7214,1.619,809.3,2.3365,OK,43345,4.0,1.0004137754440308,164.55990600585938
CAP_20260829_161503,2026-08-29 16:15:03,P06,/hydroponic_project/data_collection/images/lettuce_20260829_161503.jpg,/hydroponic_project/data_collection/crops/lettuce_20260829_161503/P06.jpg,/hydroponic_project/data_collection/crops/lettuce_20260829_161503/P06_224.jpg,30.5,32.1,69.2,6.12,2.7214,1.619,809.3,2.3365,OK,43345,4.0,1.0004137754440308,164.55990600585938
CAP_20260829_161503,2026-08-29 16:15:03,P07,/hydroponic_project/data_collection/images/lettuce_20260829_161503.jpg,/hydroponic_project/data_collection/crops/lettuce_20260829_161503/P07.jpg,/hydroponic_project/data_collection/crops/lettuce_20260829_161503/P07_224.jpg,30.5,32.1,69.2,6.12,2.7214,1.619,809.3,2.3365,OK,43345,4.0,1.0004137754440308,164.55990600585938
CAP_20260829_161503,2026-08-29 16:15:03,P08,/hydroponic_project/data_collection/images/lettuce_20260829_161503.jpg,/hydroponic_project/data_collection/crops/lettuce_20260829_161503/P08.jpg,/hydroponic_project/data_collection/crops/lettuce_20260829_161503/P08_224.jpg,30.5,32.1,69.2,6.12,2.7214,1.619,809.3,2.3365,OK,43345,4.0,1.0004137754440308,164.55990600585938
CAP_20260829_161503,2026-08-29 16:15:03,P09,/hydroponic_project/data_collection/images/lettuce_20260829_161503.jpg,/hydroponic_project/data_collection/crops/lettuce_20260829_161503/P09.jpg,/hydroponic_project/data_collection/crops/lettuce_20260829_161503/P09_224.jpg,30.5,32.1,69.2,6.12,2.7214,1.619,809.3,2.3365,OK,43345,4.0,1.0004137754440308,164.55990600585938
CAP_20260829_161503,2026-08-29 16:15:03,P10,/hydroponic_project/data_collection/images/lettuce_20260829_161503.jpg,/hydroponic_project/data_collection/crops/lettuce_20260829_161503/P10.jpg,/hydroponic_project/data_collection/crops/lettuce_20260829_161503/P10_224.jpg,30.5,32.1,69.2,6.12,2.7214,1.619,809.3,2.3365,OK,43345,4.0,1.0004137754440308,164.55990600585938
CAP_20260829_161503,2026-08-29 16:15:03,P11,/hydroponic_project/data_collection/images/lettuce_20260829_161503.jpg,/hydroponic_project/data_collection/crops/lettuce_20260829_161503/P11.jpg,/hydroponic_project/data_collection/crops/lettuce_20260829_161503/P11_224.jpg,30.5,32.1,69.2,6.12,2.7214,1.619,809.3,2.3365,OK,43345,4.0,1.0004137754440308,164.55990600585938
CAP_20260829_161503,2026-08-29 16:15:03,P12,/hydroponic_project/data_collection/images/lettuce_20260829_161503.jpg,/hydroponic_project/data_collection/crops/lettuce_20260829_161503/P12.jpg,/hydroponic_project/data_collection/crops/lettuce_20260829_161503/P12_224.jpg,30.5,32.1,69.2,6.12,2.7214,1.619,809.3,2.3365,OK,43345,4.0,1.0004137754440308,164.55990600585938
CAP_20260829_163004,2026-08-29 16:30:04,P01,/hydroponic_project/data_collection/images/lettuce_20260829_163004.jpg,/hydroponic_project/data_collection/crops/lettuce_20260829_163004/P01.jpg,/hydroponic_project/data_collection/crops/lettuce_20260829_163004/P01_224.jpg,30.44,31.8,70.8,6.17,2.7136,1.62,809.8,2.3348,OK,56672,4.0,1.0002778768539429,127.6761703491211
CAP_20260829_163004,2026-08-29 16:30:04,P02,/hydroponic_project/data_collection/images/lettuce_20260829_163004.jpg,/hydroponic_project/data_collection/crops/lettuce_20260829_163004/P02.jpg,/hydroponic_project/data_collection/crops/lettuce_20260829_163004/P02_224.jpg,30.44,31.8,70.8,6.17,2.7136,1.62,809.8,2.3348,OK,56672,4.0,1.0002778768539429,127.6761703491211
CAP_20260829_163004,2026-08-29 16:30:04,P03,/hydroponic_project/data_collection/images/lettuce_20260829_163004.jpg,/hydroponic_project/data_collection/crops/lettuce_20260829_163004/P03.jpg,/hydroponic_project/data_collection/crops/lettuce_20260829_163004/P03_224.jpg,30.44,31.8,70.8,6.17,2.7136,1.62,809.8,2.3348,OK,56672,4.0,1.0002778768539429,127.6761703491211
CAP_20260829_163004,2026-08-29 16:30:04,P04,/hydroponic_project/data_collection/images/lettuce_20260829_163004.jpg,/hydroponic_project/data_collection/crops/lettuce_20260829_163004/P04.jpg,/hydroponic_project/data_collection/crops/lettuce_20260829_163004/P04_224.jpg,30.44,31.8,70.8,6.17,2.7136,1.62,809.8,2.3348,OK,56672,4.0,1.0002778768539429,127.6761703491211
CAP_20260829_163004,2026-08-29 16:30:04,P05,/hydroponic_project/data_collection/images/lettuce_20260829_163004.jpg,/hydroponic_project/data_collection/crops/lettuce_20260829_163004/P05.jpg,/hydroponic_project/data_collection/crops/lettuce_20260829_163004/P05_224.jpg,30.44,31.8,70.8,6.17,2.7136,1.62,809.8,2.3348,OK,56672,4.0,1.0002778768539429,127.6761703491211
CAP_20260829_163004,2026-08-29 16:30:04,P06,/hydroponic_project/data_collection/images/lettuce_20260829_163004.jpg,/hydroponic_project/data_collection/crops/lettuce_20260829_163004/P06.jpg,/hydroponic_project/data_collection/crops/lettuce_20260829_163004/P06_224.jpg,30.44,31.8,70.8,6.17,2.7136,1.62,809.8,2.3348,OK,56672,4.0,1.0002778768539429,127.6761703491211
CAP_20260829_163004,2026-08-29 16:30:04,P07,/hydroponic_project/data_collection/images/lettuce_20260829_163004.jpg,/hydroponic_project/data_collection/crops/lettuce_20260829_163004/P07.jpg,/hydroponic_project/data_collection/crops/lettuce_20260829_163004/P07_224.jpg,30.44,31.8,70.8,6.17,2.7136,1.62,809.8,2.3348,OK,56672,4.0,1.0002778768539429,127.6761703491211
CAP_20260829_163004,2026-08-29 16:30:04,P08,/hydroponic_project/data_collection/images/lettuce_20260829_163004.jpg,/hydroponic_project/data_collection/crops/lettuce_20260829_163004/P08.jpg,/hydroponic_project/data_collection/crops/lettuce_20260829_163004/P08_224.jpg,30.44,31.8,70.8,6.17,2.7136,1.62,809.8,2.3348,OK,56672,4.0,1.0002778768539429,127.6761703491211
CAP_20260829_163004,2026-08-29 16:30:04,P09,/hydroponic_project/data_collection/images/lettuce_20260829_163004.jpg,/hydroponic_project/data_collection/crops/lettuce_20260829_163004/P09.jpg,/hydroponic_project/data_collection/crops/lettuce_20260829_163004/P09_224.jpg,30.44,31.8,70.8,6.17,2.7136,1.62,809.8,2.3348,OK,56672,4.0,1.0002778768539429,127.6761703491211
CAP_20260829_163004,2026-08-29 16:30:04,P10,/hydroponic_project/data_collection/images/lettuce_20260829_163004.jpg,/hydroponic_project/data_collection/crops/lettuce_20260829_163004/P10.jpg,/hydroponic_project/data_collection/crops/lettuce_20260829_163004/P10_224.jpg,30.44,31.8,70.8,6.17,2.7136,1.62,809.8,2.3348,OK,56672,4.0,1.0002778768539429,127.6761703491211
CAP_20260829_163004,2026-08-29 16:30:04,P11,/hydroponic_project/data_collection/images/lettuce_20260829_163004.jpg,/hydroponic_project/data_collection/crops/lettuce_20260829_163004/P11.jpg,/hydroponic_project/data_collection/crops/lettuce_20260829_163004/P11_224.jpg,30.44,31.8,70.8,6.17,2.7136,1.62,809.8,2.3348,OK,56672,4.0,1.0002778768539429,127.6761703491211
CAP_20260829_163004,2026-08-29 16:30:04,P12,/hydroponic_project/data_collection/images/lettuce_20260829_163004.jpg,/hydroponic_project/data_collection/crops/lettuce_20260829_163004/P12.jpg,/hydroponic_project/data_collection/crops/lettuce_20260829_163004/P12_224.jpg,30.44,31.8,70.8,6.17,2.7136,1.62,809.8,2.3348,OK,56672,4.0,1.0002778768539429,127.6761703491211
CAP_20260829_164504,2026-08-29 16:45:04,P01,/hydroponic_project/data_collection/images/lettuce_20260829_164504.jpg,/hydroponic_project/data_collection/crops/lettuce_20260829_164504/P01.jpg,/hydroponic_project/data_collection/crops/lettuce_20260829_164504/P01_224.jpg,30.31,31.7,69.8,6.07,2.7295,1.623,811.7,2.3328,OK,58865,4.0,1.0002093315124512,119.05323028564453
CAP_20260829_164504,2026-08-29 16:45:04,P02,/hydroponic_project/data_collection/images/lettuce_20260829_164504.jpg,/hydroponic_project/data_collection/crops/lettuce_20260829_164504/P02.jpg,/hydroponic_project/data_collection/crops/lettuce_20260829_164504/P02_224.jpg,30.31,31.7,69.8,6.07,2.7295,1.623,811.7,2.3328,OK,58865,4.0,1.0002093315124512,119.05323028564453
CAP_20260829_164504,2026-08-29 16:45:04,P03,/hydroponic_project/data_collection/images/lettuce_20260829_164504.jpg,/hydroponic_project/data_collection/crops/lettuce_20260829_164504/P03.jpg,/hydroponic_project/data_collection/crops/lettuce_20260829_164504/P03_224.jpg,30.31,31.7,69.8,6.07,2.7295,1.623,811.7,2.3328,OK,58865,4.0,1.0002093315124512,119.05323028564453
CAP_20260829_164504,2026-08-29 16:45:04,P04,/hydroponic_project/data_collection/images/lettuce_20260829_164504.jpg,/hydroponic_project/data_collection/crops/lettuce_20260829_164504/P04.jpg,/hydroponic_project/data_collection/crops/lettuce_20260829_164504/P04_224.jpg,30.31,31.7,69.8,6.07,2.7295,1.623,811.7,2.3328,OK,58865,4.0,1.0002093315124512,119.05323028564453
CAP_20260829_164504,2026-08-29 16:45:04,P05,/hydroponic_project/data_collection/images/lettuce_20260829_164504.jpg,/hydroponic_project/data_collection/crops/lettuce_20260829_164504/P05.jpg,/hydroponic_project/data_collection/crops/lettuce_20260829_164504/P05_224.jpg,30.31,31.7,69.8,6.07,2.7295,1.623,811.7,2.3328,OK,58865,4.0,1.0002093315124512,119.05323028564453
CAP_20260829_164504,2026-08-29 16:45:04,P06,/hydroponic_project/data_collection/images/lettuce_20260829_164504.jpg,/hydroponic_project/data_collection/crops/lettuce_20260829_164504/P06.jpg,/hydroponic_project/data_collection/crops/lettuce_20260829_164504/P06_224.jpg,30.31,31.7,69.8,6.07,2.7295,1.623,811.7,2.3328,OK,58865,4.0,1.0002093315124512,119.05323028564453
CAP_20260829_164504,2026-08-29 16:45:04,P07,/hydroponic_project/data_collection/images/lettuce_20260829_164504.jpg,/hydroponic_project/data_collection/crops/lettuce_20260829_164504/P07.jpg,/hydroponic_project/data_collection/crops/lettuce_20260829_164504/P07_224.jpg,30.31,31.7,69.8,6.07,2.7295,1.623,811.7,2.3328,OK,58865,4.0,1.0002093315124512,119.05323028564453
CAP_20260829_164504,2026-08-29 16:45:04,P08,/hydroponic_project/data_collection/images/lettuce_20260829_164504.jpg,/hydroponic_project/data_collection/crops/lettuce_20260829_164504/P08.jpg,/hydroponic_project/data_collection/crops/lettuce_20260829_164504/P08_224.jpg,30.31,31.7,69.8,6.07,2.7295,1.623,811.7,2.3328,OK,58865,4.0,1.0002093315124512,119.05323028564453
CAP_20260829_164504,2026-08-29 16:45:04,P09,/hydroponic_project/data_collection/images/lettuce_20260829_164504.jpg,/hydroponic_project/data_collection/crops/lettuce_20260829_164504/P09.jpg,/hydroponic_project/data_collection/crops/lettuce_20260829_164504/P09_224.jpg,30.31,31.7,69.8,6.07,2.7295,1.623,811.7,2.3328,OK,58865,4.0,1.0002093315124512,119.05323028564453
CAP_20260829_164504,2026-08-29 16:45:04,P10,/hydroponic_project/data_collection/images/lettuce_20260829_164504.jpg,/hydroponic_project/data_collection/crops/lettuce_20260829_164504/P10.jpg,/hydroponic_project/data_collection/crops/lettuce_20260829_164504/P10_224.jpg,30.31,31.7,69.8,6.07,2.7295,1.623,811.7,2.3328,OK,58865,4.0,1.0002093315124512,119.05323028564453
CAP_20260829_164504,2026-08-29 16:45:04,P11,/hydroponic_project/data_collection/images/lettuce_20260829_164504.jpg,/hydroponic_project/data_collection/crops/lettuce_20260829_164504/P11.jpg,/hydroponic_project/data_collection/crops/lettuce_20260829_164504/P11_224.jpg,30.31,31.7,69.8,6.07,2.7295,1.623,811.7,2.3328,OK,58865,4.0,1.0002093315124512,119.05323028564453
CAP_20260829_164504,2026-08-29 16:45:04,P12,/hydroponic_project/data_collection/images/lettuce_20260829_164504.jpg,/hydroponic_project/data_collection/crops/lettuce_20260829_164504/P12.jpg,/hydroponic_project/data_collection/crops/lettuce_20260829_164504/P12_224.jpg,30.31,31.7,69.8,6.07,2.7295,1.623,811.7,2.3328,OK,58865,4.0,1.0002093315124512,119.05323028564453
CAP_20260829_170004,2026-08-29 17:00:04,P01,/hydroponic_project/data_collection/images/lettuce_20260829_170004.jpg,/hydroponic_project/data_collection/crops/lettuce_20260829_170004/P01.jpg,/hydroponic_project/data_collection/crops/lettuce_20260829_170004/P01_224.jpg,30.19,31.7,70.5,6.18,2.7111,1.627,813.3,2.3301,OK,59999,5.446808338165283,1.0176352262496948,84.36885070800781
CAP_20260829_170004,2026-08-29 17:00:04,P02,/hydroponic_project/data_collection/images/lettuce_20260829_170004.jpg,/hydroponic_project/data_collection/crops/lettuce_20260829_170004/P02.jpg,/hydroponic_project/data_collection/crops/lettuce_20260829_170004/P02_224.jpg,30.19,31.7,70.5,6.18,2.7111,1.627,813.3,2.3301,OK,59999,5.446808338165283,1.0176352262496948,84.36885070800781
CAP_20260829_170004,2026-08-29 17:00:04,P03,/hydroponic_project/data_collection/images/lettuce_20260829_170004.jpg,/hydroponic_project/data_collection/crops/lettuce_20260829_170004/P03.jpg,/hydroponic_project/data_collection/crops/lettuce_20260829_170004/P03_224.jpg,30.19,31.7,70.5,6.18,2.7111,1.627,813.3,2.3301,OK,59999,5.446808338165283,1.0176352262496948,84.36885070800781
CAP_20260829_170004,2026-08-29 17:00:04,P04,/hydroponic_project/data_collection/images/lettuce_20260829_170004.jpg,/hydroponic_project/data_collection/crops/lettuce_20260829_170004/P04.jpg,/hydroponic_project/data_collection/crops/lettuce_20260829_170004/P04_224.jpg,30.19,31.7,70.5,6.18,2.7111,1.627,813.3,2.3301,OK,59999,5.446808338165283,1.0176352262496948,84.36885070800781
CAP_20260829_170004,2026-08-29 17:00:04,P05,/hydroponic_project/data_collection/images/lettuce_20260829_170004.jpg,/hydroponic_project/data_collection/crops/lettuce_20260829_170004/P05.jpg,/hydroponic_project/data_collection/crops/lettuce_20260829_170004/P05_224.jpg,30.19,31.7,70.5,6.18,2.7111,1.627,813.3,2.3301,OK,59999,5.446808338165283,1.0176352262496948,84.36885070800781
CAP_20260829_170004,2026-08-29 17:00:04,P06,/hydroponic_project/data_collection/images/lettuce_20260829_170004.jpg,/hydroponic_project/data_collection/crops/lettuce_20260829_170004/P06.jpg,/hydroponic_project/data_collection/crops/lettuce_20260829_170004/P06_224.jpg,30.19,31.7,70.5,6.18,2.7111,1.627,813.3,2.3301,OK,59999,5.446808338165283,1.0176352262496948,84.36885070800781
CAP_20260829_170004,2026-08-29 17:00:04,P07,/hydroponic_project/data_collection/images/lettuce_20260829_170004.jpg,/hydroponic_project/data_collection/crops/lettuce_20260829_170004/P07.jpg,/hydroponic_project/data_collection/crops/lettuce_20260829_170004/P07_224.jpg,30.19,31.7,70.5,6.18,2.7111,1.627,813.3,2.3301,OK,59999,5.446808338165283,1.0176352262496948,84.36885070800781
CAP_20260829_170004,2026-08-29 17:00:04,P08,/hydroponic_project/data_collection/images/lettuce_20260829_170004.jpg,/hydroponic_project/data_collection/crops/lettuce_20260829_170004/P08.jpg,/hydroponic_project/data_collection/crops/lettuce_20260829_170004/P08_224.jpg,30.19,31.7,70.5,6.18,2.7111,1.627,813.3,2.3301,OK,59999,5.446808338165283,1.0176352262496948,84.36885070800781
CAP_20260829_170004,2026-08-29 17:00:04,P09,/hydroponic_project/data_collection/images/lettuce_20260829_170004.jpg,/hydroponic_project/data_collection/crops/lettuce_20260829_170004/P09.jpg,/hydroponic_project/data_collection/crops/lettuce_20260829_170004/P09_224.jpg,30.19,31.7,70.5,6.18,2.7111,1.627,813.3,2.3301,OK,59999,5.446808338165283,1.0176352262496948,84.36885070800781
CAP_20260829_170004,2026-08-29 17:00:04,P10,/hydroponic_project/data_collection/images/lettuce_20260829_170004.jpg,/hydroponic_project/data_collection/crops/lettuce_20260829_170004/P10.jpg,/hydroponic_project/data_collection/crops/lettuce_20260829_170004/P10_224.jpg,30.19,31.7,70.5,6.18,2.7111,1.627,813.3,2.3301,OK,59999,5.446808338165283,1.0176352262496948,84.36885070800781
CAP_20260829_170004,2026-08-29 17:00:04,P11,/hydroponic_project/data_collection/images/lettuce_20260829_170004.jpg,/hydroponic_project/data_collection/crops/lettuce_20260829_170004/P11.jpg,/hydroponic_project/data_collection/crops/lettuce_20260829_170004/P11_224.jpg,30.19,31.7,70.5,6.18,2.7111,1.627,813.3,2.3301,OK,59999,5.446808338165283,1.0176352262496948,84.36885070800781
CAP_20260829_170004,2026-08-29 17:00:04,P12,/hydroponic_project/data_collection/images/lettuce_20260829_170004.jpg,/hydroponic_project/data_collection/crops/lettuce_20260829_170004/P12.jpg,/hydroponic_project/data_collection/crops/lettuce_20260829_170004/P12_224.jpg,30.19,31.7,70.5,6.18,2.7111,1.627,813.3,2.3301,OK,59999,5.446808338165283,1.0176352262496948,84.36885070800781
CAP_20260829_171507,2026-08-29 17:15:07,P01,/hydroponic_project/data_collection/images/lettuce_20260829_171507.jpg,/hydroponic_project/data_collection/crops/lettuce_20260829_171507/P01.jpg,/hydroponic_project/data_collection/crops/lettuce_20260829_171507/P01_224.jpg,30.12,31.3,72.6,6.06,2.7308,1.628,814.2,2.3289,OK,66653,9.142857551574707,1.0257312059402466,46.43730163574219
CAP_20260829_171507,2026-08-29 17:15:07,P02,/hydroponic_project/data_collection/images/lettuce_20260829_171507.jpg,/hydroponic_project/data_collection/crops/lettuce_20260829_171507/P02.jpg,/hydroponic_project/data_collection/crops/lettuce_20260829_171507/P02_224.jpg,30.12,31.3,72.6,6.06,2.7308,1.628,814.2,2.3289,OK,66653,9.142857551574707,1.0257312059402466,46.43730163574219
CAP_20260829_171507,2026-08-29 17:15:07,P03,/hydroponic_project/data_collection/images/lettuce_20260829_171507.jpg,/hydroponic_project/data_collection/crops/lettuce_20260829_171507/P03.jpg,/hydroponic_project/data_collection/crops/lettuce_20260829_171507/P03_224.jpg,30.12,31.3,72.6,6.06,2.7308,1.628,814.2,2.3289,OK,66653,9.142857551574707,1.0257312059402466,46.43730163574219
CAP_20260829_171507,2026-08-29 17:15:07,P04,/hydroponic_project/data_collection/images/lettuce_20260829_171507.jpg,/hydroponic_project/data_collection/crops/lettuce_20260829_171507/P04.jpg,/hydroponic_project/data_collection/crops/lettuce_20260829_171507/P04_224.jpg,30.12,31.3,72.6,6.06,2.7308,1.628,814.2,2.3289,OK,66653,9.142857551574707,1.0257312059402466,46.43730163574219
CAP_20260829_171507,2026-08-29 17:15:07,P05,/hydroponic_project/data_collection/images/lettuce_20260829_171507.jpg,/hydroponic_project/data_collection/crops/lettuce_20260829_171507/P05.jpg,/hydroponic_project/data_collection/crops/lettuce_20260829_171507/P05_224.jpg,30.12,31.3,72.6,6.06,2.7308,1.628,814.2,2.3289,OK,66653,9.142857551574707,1.0257312059402466,46.43730163574219
CAP_20260829_171507,2026-08-29 17:15:07,P06,/hydroponic_project/data_collection/images/lettuce_20260829_171507.jpg,/hydroponic_project/data_collection/crops/lettuce_20260829_171507/P06.jpg,/hydroponic_project/data_collection/crops/lettuce_20260829_171507/P06_224.jpg,30.12,31.3,72.6,6.06,2.7308,1.628,814.2,2.3289,OK,66653,9.142857551574707,1.0257312059402466,46.43730163574219
CAP_20260829_171507,2026-08-29 17:15:07,P07,/hydroponic_project/data_collection/images/lettuce_20260829_171507.jpg,/hydroponic_project/data_collection/crops/lettuce_20260829_171507/P07.jpg,/hydroponic_project/data_collection/crops/lettuce_20260829_171507/P07_224.jpg,30.12,31.3,72.6,6.06,2.7308,1.628,814.2,2.3289,OK,66653,9.142857551574707,1.0257312059402466,46.43730163574219
CAP_20260829_171507,2026-08-29 17:15:07,P08,/hydroponic_project/data_collection/images/lettuce_20260829_171507.jpg,/hydroponic_project/data_collection/crops/lettuce_20260829_171507/P08.jpg,/hydroponic_project/data_collection/crops/lettuce_20260829_171507/P08_224.jpg,30.12,31.3,72.6,6.06,2.7308,1.628,814.2,2.3289,OK,66653,9.142857551574707,1.0257312059402466,46.43730163574219
CAP_20260829_171507,2026-08-29 17:15:07,P09,/hydroponic_project/data_collection/images/lettuce_20260829_171507.jpg,/hydroponic_project/data_collection/crops/lettuce_20260829_171507/P09.jpg,/hydroponic_project/data_collection/crops/lettuce_20260829_171507/P09_224.jpg,30.12,31.3,72.6,6.06,2.7308,1.628,814.2,2.3289,OK,66653,9.142857551574707,1.0257312059402466,46.43730163574219
CAP_20260829_171507,2026-08-29 17:15:07,P10,/hydroponic_project/data_collection/images/lettuce_20260829_171507.jpg,/hydroponic_project/data_collection/crops/lettuce_20260829_171507/P10.jpg,/hydroponic_project/data_collection/crops/lettuce_20260829_171507/P10_224.jpg,30.12,31.3,72.6,6.06,2.7308,1.628,814.2,2.3289,OK,66653,9.142857551574707,1.0257312059402466,46.43730163574219
CAP_20260829_171507,2026-08-29 17:15:07,P11,/hydroponic_project/data_collection/images/lettuce_20260829_171507.jpg,/hydroponic_project/data_collection/crops/lettuce_20260829_171507/P11.jpg,/hydroponic_project/data_collection/crops/lettuce_20260829_171507/P11_224.jpg,30.12,31.3,72.6,6.06,2.7308,1.628,814.2,2.3289,OK,66653,9.142857551574707,1.0257312059402466,46.43730163574219
CAP_20260829_171507,2026-08-29 17:15:07,P12,/hydroponic_project/data_collection/images/lettuce_20260829_171507.jpg,/hydroponic_project/data_collection/crops/lettuce_20260829_171507/P12.jpg,/hydroponic_project/data_collection/crops/lettuce_20260829_171507/P12_224.jpg,30.12,31.3,72.6,6.06,2.7308,1.628,814.2,2.3289,OK,66653,9.142857551574707,1.0257312059402466,46.43730163574219
CAP_20260829_173003,2026-08-29 17:30:03,P01,/hydroponic_project/data_collection/images/lettuce_20260829_173003.jpg,/hydroponic_project/data_collection/crops/lettuce_20260829_173003/P01.jpg,/hydroponic_project/data_collection/crops/lettuce_20260829_173003/P01_224.jpg,30.06,31.3,72.2,6.23,2.7036,1.629,814.5,2.3268,OK,66653,9.142857551574707,1.0239156484603882,44.87998580932617
CAP_20260829_173003,2026-08-29 17:30:03,P02,/hydroponic_project/data_collection/images/lettuce_20260829_173003.jpg,/hydroponic_project/data_collection/crops/lettuce_20260829_173003/P02.jpg,/hydroponic_project/data_collection/crops/lettuce_20260829_173003/P02_224.jpg,30.06,31.3,72.2,6.23,2.7036,1.629,814.5,2.3268,OK,66653,9.142857551574707,1.0239156484603882,44.87998580932617
CAP_20260829_173003,2026-08-29 17:30:03,P03,/hydroponic_project/data_collection/images/lettuce_20260829_173003.jpg,/hydroponic_project/data_collection/crops/lettuce_20260829_173003/P03.jpg,/hydroponic_project/data_collection/crops/lettuce_20260829_173003/P03_224.jpg,30.06,31.3,72.2,6.23,2.7036,1.629,814.5,2.3268,OK,66653,9.142857551574707,1.0239156484603882,44.87998580932617
CAP_20260829_173003,2026-08-29 17:30:03,P04,/hydroponic_project/data_collection/images/lettuce_20260829_173003.jpg,/hydroponic_project/data_collection/crops/lettuce_20260829_173003/P04.jpg,/hydroponic_project/data_collection/crops/lettuce_20260829_173003/P04_224.jpg,30.06,31.3,72.2,6.23,2.7036,1.629,814.5,2.3268,OK,66653,9.142857551574707,1.0239156484603882,44.87998580932617
CAP_20260829_173003,2026-08-29 17:30:03,P05,/hydroponic_project/data_collection/images/lettuce_20260829_173003.jpg,/hydroponic_project/data_collection/crops/lettuce_20260829_173003/P05.jpg,/hydroponic_project/data_collection/crops/lettuce_20260829_173003/P05_224.jpg,30.06,31.3,72.2,6.23,2.7036,1.629,814.5,2.3268,OK,66653,9.142857551574707,1.0239156484603882,44.87998580932617
CAP_20260829_173003,2026-08-29 17:30:03,P06,/hydroponic_project/data_collection/images/lettuce_20260829_173003.jpg,/hydroponic_project/data_collection/crops/lettuce_20260829_173003/P06.jpg,/hydroponic_project/data_collection/crops/lettuce_20260829_173003/P06_224.jpg,30.06,31.3,72.2,6.23,2.7036,1.629,814.5,2.3268,OK,66653,9.142857551574707,1.0239156484603882,44.87998580932617
CAP_20260829_173003,2026-08-29 17:30:03,P07,/hydroponic_project/data_collection/images/lettuce_20260829_173003.jpg,/hydroponic_project/data_collection/crops/lettuce_20260829_173003/P07.jpg,/hydroponic_project/data_collection/crops/lettuce_20260829_173003/P07_224.jpg,30.06,31.3,72.2,6.23,2.7036,1.629,814.5,2.3268,OK,66653,9.142857551574707,1.0239156484603882,44.87998580932617
CAP_20260829_173003,2026-08-29 17:30:03,P08,/hydroponic_project/data_collection/images/lettuce_20260829_173003.jpg,/hydroponic_project/data_collection/crops/lettuce_20260829_173003/P08.jpg,/hydroponic_project/data_collection/crops/lettuce_20260829_173003/P08_224.jpg,30.06,31.3,72.2,6.23,2.7036,1.629,814.5,2.3268,OK,66653,9.142857551574707,1.0239156484603882,44.87998580932617
CAP_20260829_173003,2026-08-29 17:30:03,P09,/hydroponic_project/data_collection/images/lettuce_20260829_173003.jpg,/hydroponic_project/data_collection/crops/lettuce_20260829_173003/P09.jpg,/hydroponic_project/data_collection/crops/lettuce_20260829_173003/P09_224.jpg,30.06,31.3,72.2,6.23,2.7036,1.629,814.5,2.3268,OK,66653,9.142857551574707,1.0239156484603882,44.87998580932617
CAP_20260829_173003,2026-08-29 17:30:03,P10,/hydroponic_project/data_collection/images/lettuce_20260829_173003.jpg,/hydroponic_project/data_collection/crops/lettuce_20260829_173003/P10.jpg,/hydroponic_project/data_collection/crops/lettuce_20260829_173003/P10_224.jpg,30.06,31.3,72.2,6.23,2.7036,1.629,814.5,2.3268,OK,66653,9.142857551574707,1.0239156484603882,44.87998580932617
CAP_20260829_173003,2026-08-29 17:30:03,P11,/hydroponic_project/data_collection/images/lettuce_20260829_173003.jpg,/hydroponic_project/data_collection/crops/lettuce_20260829_173003/P11.jpg,/hydroponic_project/data_collection/crops/lettuce_20260829_173003/P11_224.jpg,30.06,31.3,72.2,6.23,2.7036,1.629,814.5,2.3268,OK,66653,9.142857551574707,1.0239156484603882,44.87998580932617
CAP_20260829_173003,2026-08-29 17:30:03,P12,/hydroponic_project/data_collection/images/lettuce_20260829_173003.jpg,/hydroponic_project/data_collection/crops/lettuce_20260829_173003/P12.jpg,/hydroponic_project/data_collection/crops/lettuce_20260829_173003/P12_224.jpg,30.06,31.3,72.2,6.23,2.7036,1.629,814.5,2.3268,OK,66653,9.142857551574707,1.0239156484603882,44.87998580932617
CAP_20260829_174504,2026-08-29 17:45:04,P01,/hydroponic_project/data_collection/images/lettuce_20260829_174504.jpg,/hydroponic_project/data_collection/crops/lettuce_20260829_174504/P01.jpg,/hydroponic_project/data_collection/crops/lettuce_20260829_174504/P01_224.jpg,30.0,31.2,72.1,6.19,2.7096,1.63,814.9,2.3249,OK,66653,9.84615421295166,1.0158113241195679,19.29722023010254
CAP_20260829_174504,2026-08-29 17:45:04,P02,/hydroponic_project/data_collection/images/lettuce_20260829_174504.jpg,/hydroponic_project/data_collection/crops/lettuce_20260829_174504/P02.jpg,/hydroponic_project/data_collection/crops/lettuce_20260829_174504/P02_224.jpg,30.0,31.2,72.1,6.19,2.7096,1.63,814.9,2.3249,OK,66653,9.84615421295166,1.0158113241195679,19.29722023010254
CAP_20260829_174504,2026-08-29 17:45:04,P03,/hydroponic_project/data_collection/images/lettuce_20260829_174504.jpg,/hydroponic_project/data_collection/crops/lettuce_20260829_174504/P03.jpg,/hydroponic_project/data_collection/crops/lettuce_20260829_174504/P03_224.jpg,30.0,31.2,72.1,6.19,2.7096,1.63,814.9,2.3249,OK,66653,9.84615421295166,1.0158113241195679,19.29722023010254
CAP_20260829_174504,2026-08-29 17:45:04,P04,/hydroponic_project/data_collection/images/lettuce_20260829_174504.jpg,/hydroponic_project/data_collection/crops/lettuce_20260829_174504/P04.jpg,/hydroponic_project/data_collection/crops/lettuce_20260829_174504/P04_224.jpg,30.0,31.2,72.1,6.19,2.7096,1.63,814.9,2.3249,OK,66653,9.84615421295166,1.0158113241195679,19.29722023010254
CAP_20260829_174504,2026-08-29 17:45:04,P05,/hydroponic_project/data_collection/images/lettuce_20260829_174504.jpg,/hydroponic_project/data_collection/crops/lettuce_20260829_174504/P05.jpg,/hydroponic_project/data_collection/crops/lettuce_20260829_174504/P05_224.jpg,30.0,31.2,72.1,6.19,2.7096,1.63,814.9,2.3249,OK,66653,9.84615421295166,1.0158113241195679,19.29722023010254
CAP_20260829_174504,2026-08-29 17:45:04,P06,/hydroponic_project/data_collection/images/lettuce_20260829_174504.jpg,/hydroponic_project/data_collection/crops/lettuce_20260829_174504/P06.jpg,/hydroponic_project/data_collection/crops/lettuce_20260829_174504/P06_224.jpg,30.0,31.2,72.1,6.19,2.7096,1.63,814.9,2.3249,OK,66653,9.84615421295166,1.0158113241195679,19.29722023010254
CAP_20260829_174504,2026-08-29 17:45:04,P07,/hydroponic_project/data_collection/images/lettuce_20260829_174504.jpg,/hydroponic_project/data_collection/crops/lettuce_20260829_174504/P07.jpg,/hydroponic_project/data_collection/crops/lettuce_20260829_174504/P07_224.jpg,30.0,31.2,72.1,6.19,2.7096,1.63,814.9,2.3249,OK,66653,9.84615421295166,1.0158113241195679,19.29722023010254
CAP_20260829_174504,2026-08-29 17:45:04,P08,/hydroponic_project/data_collection/images/lettuce_20260829_174504.jpg,/hydroponic_project/data_collection/crops/lettuce_20260829_174504/P08.jpg,/hydroponic_project/data_collection/crops/lettuce_20260829_174504/P08_224.jpg,30.0,31.2,72.1,6.19,2.7096,1.63,814.9,2.3249,OK,66653,9.84615421295166,1.0158113241195679,19.29722023010254
CAP_20260829_174504,2026-08-29 17:45:04,P09,/hydroponic_project/data_collection/images/lettuce_20260829_174504.jpg,/hydroponic_project/data_collection/crops/lettuce_20260829_174504/P09.jpg,/hydroponic_project/data_collection/crops/lettuce_20260829_174504/P09_224.jpg,30.0,31.2,72.1,6.19,2.7096,1.63,814.9,2.3249,OK,66653,9.84615421295166,1.0158113241195679,19.29722023010254
CAP_20260829_174504,2026-08-29 17:45:04,P10,/hydroponic_project/data_collection/images/lettuce_20260829_174504.jpg,/hydroponic_project/data_collection/crops/lettuce_20260829_174504/P10.jpg,/hydroponic_project/data_collection/crops/lettuce_20260829_174504/P10_224.jpg,30.0,31.2,72.1,6.19,2.7096,1.63,814.9,2.3249,OK,66653,9.84615421295166,1.0158113241195679,19.29722023010254
CAP_20260829_174504,2026-08-29 17:45:04,P11,/hydroponic_project/data_collection/images/lettuce_20260829_174504.jpg,/hydroponic_project/data_collection/crops/lettuce_20260829_174504/P11.jpg,/hydroponic_project/data_collection/crops/lettuce_20260829_174504/P11_224.jpg,30.0,31.2,72.1,6.19,2.7096,1.63,814.9,2.3249,OK,66653,9.84615421295166,1.0158113241195679,19.29722023010254
CAP_20260829_174504,2026-08-29 17:45:04,P12,/hydroponic_project/data_collection/images/lettuce_20260829_174504.jpg,/hydroponic_project/data_collection/crops/lettuce_20260829_174504/P12.jpg,/hydroponic_project/data_collection/crops/lettuce_20260829_174504/P12_224.jpg,30.0,31.2,72.1,6.19,2.7096,1.63,814.9,2.3249,OK,66653,9.84615421295166,1.0158113241195679,19.29722023010254
CAP_20260829_180004,2026-08-29 18:00:04,P01,/hydroponic_project/data_collection/images/lettuce_20260829_180004.jpg,/hydroponic_project/data_collection/crops/lettuce_20260829_180004/P01.jpg,/hydroponic_project/data_collection/crops/lettuce_20260829_180004/P01_224.jpg,29.94,31.0,72.9,6.2,2.7084,1.63,815.2,2.3226,OK,66653,9.84615421295166,1.0158113241195679,3.7031960487365723
CAP_20260829_180004,2026-08-29 18:00:04,P02,/hydroponic_project/data_collection/images/lettuce_20260829_180004.jpg,/hydroponic_project/data_collection/crops/lettuce_20260829_180004/P02.jpg,/hydroponic_project/data_collection/crops/lettuce_20260829_180004/P02_224.jpg,29.94,31.0,72.9,6.2,2.7084,1.63,815.2,2.3226,OK,66653,9.84615421295166,1.0158113241195679,3.7031960487365723
CAP_20260829_180004,2026-08-29 18:00:04,P03,/hydroponic_project/data_collection/images/lettuce_20260829_180004.jpg,/hydroponic_project/data_collection/crops/lettuce_20260829_180004/P03.jpg,/hydroponic_project/data_collection/crops/lettuce_20260829_180004/P03_224.jpg,29.94,31.0,72.9,6.2,2.7084,1.63,815.2,2.3226,OK,66653,9.84615421295166,1.0158113241195679,3.7031960487365723
CAP_20260829_180004,2026-08-29 18:00:04,P04,/hydroponic_project/data_collection/images/lettuce_20260829_180004.jpg,/hydroponic_project/data_collection/crops/lettuce_20260829_180004/P04.jpg,/hydroponic_project/data_collection/crops/lettuce_20260829_180004/P04_224.jpg,29.94,31.0,72.9,6.2,2.7084,1.63,815.2,2.3226,OK,66653,9.84615421295166,1.0158113241195679,3.7031960487365723
CAP_20260829_180004,2026-08-29 18:00:04,P05,/hydroponic_project/data_collection/images/lettuce_20260829_180004.jpg,/hydroponic_project/data_collection/crops/lettuce_20260829_180004/P05.jpg,/hydroponic_project/data_collection/crops/lettuce_20260829_180004/P05_224.jpg,29.94,31.0,72.9,6.2,2.7084,1.63,815.2,2.3226,OK,66653,9.84615421295166,1.0158113241195679,3.7031960487365723
CAP_20260829_180004,2026-08-29 18:00:04,P06,/hydroponic_project/data_collection/images/lettuce_20260829_180004.jpg,/hydroponic_project/data_collection/crops/lettuce_20260829_180004/P06.jpg,/hydroponic_project/data_collection/crops/lettuce_20260829_180004/P06_224.jpg,29.94,31.0,72.9,6.2,2.7084,1.63,815.2,2.3226,OK,66653,9.84615421295166,1.0158113241195679,3.7031960487365723
CAP_20260829_180004,2026-08-29 18:00:04,P07,/hydroponic_project/data_collection/images/lettuce_20260829_180004.jpg,/hydroponic_project/data_collection/crops/lettuce_20260829_180004/P07.jpg,/hydroponic_project/data_collection/crops/lettuce_20260829_180004/P07_224.jpg,29.94,31.0,72.9,6.2,2.7084,1.63,815.2,2.3226,OK,66653,9.84615421295166,1.0158113241195679,3.7031960487365723
CAP_20260829_180004,2026-08-29 18:00:04,P08,/hydroponic_project/data_collection/images/lettuce_20260829_180004.jpg,/hydroponic_project/data_collection/crops/lettuce_20260829_180004/P08.jpg,/hydroponic_project/data_collection/crops/lettuce_20260829_180004/P08_224.jpg,29.94,31.0,72.9,6.2,2.7084,1.63,815.2,2.3226,OK,66653,9.84615421295166,1.0158113241195679,3.7031960487365723
CAP_20260829_180004,2026-08-29 18:00:04,P09,/hydroponic_project/data_collection/images/lettuce_20260829_180004.jpg,/hydroponic_project/data_collection/crops/lettuce_20260829_180004/P09.jpg,/hydroponic_project/data_collection/crops/lettuce_20260829_180004/P09_224.jpg,29.94,31.0,72.9,6.2,2.7084,1.63,815.2,2.3226,OK,66653,9.84615421295166,1.0158113241195679,3.7031960487365723
CAP_20260829_180004,2026-08-29 18:00:04,P10,/hydroponic_project/data_collection/images/lettuce_20260829_180004.jpg,/hydroponic_project/data_collection/crops/lettuce_20260829_180004/P10.jpg,/hydroponic_project/data_collection/crops/lettuce_20260829_180004/P10_224.jpg,29.94,31.0,72.9,6.2,2.7084,1.63,815.2,2.3226,OK,66653,9.84615421295166,1.0158113241195679,3.7031960487365723
CAP_20260829_180004,2026-08-29 18:00:04,P11,/hydroponic_project/data_collection/images/lettuce_20260829_180004.jpg,/hydroponic_project/data_collection/crops/lettuce_20260829_180004/P11.jpg,/hydroponic_project/data_collection/crops/lettuce_20260829_180004/P11_224.jpg,29.94,31.0,72.9,6.2,2.7084,1.63,815.2,2.3226,OK,66653,9.84615421295166,1.0158113241195679,3.7031960487365723
CAP_20260829_180004,2026-08-29 18:00:04,P12,/hydroponic_project/data_collection/images/lettuce_20260829_180004.jpg,/hydroponic_project/data_collection/crops/lettuce_20260829_180004/P12.jpg,/hydroponic_project/data_collection/crops/lettuce_20260829_180004/P12_224.jpg,29.94,31.0,72.9,6.2,2.7084,1.63,815.2,2.3226,OK,66653,9.84615421295166,1.0158113241195679,3.7031960487365723
CAP_20260829_181504,2026-08-29 18:15:04,P01,/hydroponic_project/data_collection/images/lettuce_20260829_181504.jpg,/hydroponic_project/data_collection/crops/lettuce_20260829_181504/P01.jpg,/hydroponic_project/data_collection/crops/lettuce_20260829_181504/P01_224.jpg,29.87,31.0,73.7,6.08,2.7283,1.632,815.8,2.3211,OK,66653,9.84615421295166,1.0158113241195679,1.0580586194992065
CAP_20260829_181504,2026-08-29 18:15:04,P02,/hydroponic_project/data_collection/images/lettuce_20260829_181504.jpg,/hydroponic_project/data_collection/crops/lettuce_20260829_181504/P02.jpg,/hydroponic_project/data_collection/crops/lettuce_20260829_181504/P02_224.jpg,29.87,31.0,73.7,6.08,2.7283,1.632,815.8,2.3211,OK,66653,9.84615421295166,1.0158113241195679,1.0580586194992065
CAP_20260829_181504,2026-08-29 18:15:04,P03,/hydroponic_project/data_collection/images/lettuce_20260829_181504.jpg,/hydroponic_project/data_collection/crops/lettuce_20260829_181504/P03.jpg,/hydroponic_project/data_collection/crops/lettuce_20260829_181504/P03_224.jpg,29.87,31.0,73.7,6.08,2.7283,1.632,815.8,2.3211,OK,66653,9.84615421295166,1.0158113241195679,1.0580586194992065
CAP_20260829_181504,2026-08-29 18:15:04,P04,/hydroponic_project/data_collection/images/lettuce_20260829_181504.jpg,/hydroponic_project/data_collection/crops/lettuce_20260829_181504/P04.jpg,/hydroponic_project/data_collection/crops/lettuce_20260829_181504/P04_224.jpg,29.87,31.0,73.7,6.08,2.7283,1.632,815.8,2.3211,OK,66653,9.84615421295166,1.0158113241195679,1.0580586194992065
CAP_20260829_181504,2026-08-29 18:15:04,P05,/hydroponic_project/data_collection/images/lettuce_20260829_181504.jpg,/hydroponic_project/data_collection/crops/lettuce_20260829_181504/P05.jpg,/hydroponic_project/data_collection/crops/lettuce_20260829_181504/P05_224.jpg,29.87,31.0,73.7,6.08,2.7283,1.632,815.8,2.3211,OK,66653,9.84615421295166,1.0158113241195679,1.0580586194992065
CAP_20260829_181504,2026-08-29 18:15:04,P06,/hydroponic_project/data_collection/images/lettuce_20260829_181504.jpg,/hydroponic_project/data_collection/crops/lettuce_20260829_181504/P06.jpg,/hydroponic_project/data_collection/crops/lettuce_20260829_181504/P06_224.jpg,29.87,31.0,73.7,6.08,2.7283,1.632,815.8,2.3211,OK,66653,9.84615421295166,1.0158113241195679,1.0580586194992065
CAP_20260829_181504,2026-08-29 18:15:04,P07,/hydroponic_project/data_collection/images/lettuce_20260829_181504.jpg,/hydroponic_project/data_collection/crops/lettuce_20260829_181504/P07.jpg,/hydroponic_project/data_collection/crops/lettuce_20260829_181504/P07_224.jpg,29.87,31.0,73.7,6.08,2.7283,1.632,815.8,2.3211,OK,66653,9.84615421295166,1.0158113241195679,1.0580586194992065
CAP_20260829_181504,2026-08-29 18:15:04,P08,/hydroponic_project/data_collection/images/lettuce_20260829_181504.jpg,/hydroponic_project/data_collection/crops/lettuce_20260829_181504/P08.jpg,/hydroponic_project/data_collection/crops/lettuce_20260829_181504/P08_224.jpg,29.87,31.0,73.7,6.08,2.7283,1.632,815.8,2.3211,OK,66653,9.84615421295166,1.0158113241195679,1.0580586194992065
CAP_20260829_181504,2026-08-29 18:15:04,P09,/hydroponic_project/data_collection/images/lettuce_20260829_181504.jpg,/hydroponic_project/data_collection/crops/lettuce_20260829_181504/P09.jpg,/hydroponic_project/data_collection/crops/lettuce_20260829_181504/P09_224.jpg,29.87,31.0,73.7,6.08,2.7283,1.632,815.8,2.3211,OK,66653,9.84615421295166,1.0158113241195679,1.0580586194992065
CAP_20260829_181504,2026-08-29 18:15:04,P10,/hydroponic_project/data_collection/images/lettuce_20260829_181504.jpg,/hydroponic_project/data_collection/crops/lettuce_20260829_181504/P10.jpg,/hydroponic_project/data_collection/crops/lettuce_20260829_181504/P10_224.jpg,29.87,31.0,73.7,6.08,2.7283,1.632,815.8,2.3211,OK,66653,9.84615421295166,1.0158113241195679,1.0580586194992065
CAP_20260829_181504,2026-08-29 18:15:04,P11,/hydroponic_project/data_collection/images/lettuce_20260829_181504.jpg,/hydroponic_project/data_collection/crops/lettuce_20260829_181504/P11.jpg,/hydroponic_project/data_collection/crops/lettuce_20260829_181504/P11_224.jpg,29.87,31.0,73.7,6.08,2.7283,1.632,815.8,2.3211,OK,66653,9.84615421295166,1.0158113241195679,1.0580586194992065
CAP_20260829_181504,2026-08-29 18:15:04,P12,/hydroponic_project/data_collection/images/lettuce_20260829_181504.jpg,/hydroponic_project/data_collection/crops/lettuce_20260829_181504/P12.jpg,/hydroponic_project/data_collection/crops/lettuce_20260829_181504/P12_224.jpg,29.87,31.0,73.7,6.08,2.7283,1.632,815.8,2.3211,OK,66653,9.84615421295166,1.0158113241195679,1.0580586194992065
CAP_20260829_183004,2026-08-29 18:30:04,P01,/hydroponic_project/data_collection/images/lettuce_20260829_183004.jpg,/hydroponic_project/data_collection/crops/lettuce_20260829_183004/P01.jpg,/hydroponic_project/data_collection/crops/lettuce_20260829_183004/P01_224.jpg,29.87,31.0,74.2,6.19,2.7094,1.629,814.6,2.3191,OK,66653,9.84615421295166,1.0158113241195679,0.4819588363170624
CAP_20260829_183004,2026-08-29 18:30:04,P02,/hydroponic_project/data_collection/images/lettuce_20260829_183004.jpg,/hydroponic_project/data_collection/crops/lettuce_20260829_183004/P02.jpg,/hydroponic_project/data_collection/crops/lettuce_20260829_183004/P02_224.jpg,29.87,31.0,74.2,6.19,2.7094,1.629,814.6,2.3191,OK,66653,9.84615421295166,1.0158113241195679,0.4819588363170624
CAP_20260829_183004,2026-08-29 18:30:04,P03,/hydroponic_project/data_collection/images/lettuce_20260829_183004.jpg,/hydroponic_project/data_collection/crops/lettuce_20260829_183004/P03.jpg,/hydroponic_project/data_collection/crops/lettuce_20260829_183004/P03_224.jpg,29.87,31.0,74.2,6.19,2.7094,1.629,814.6,2.3191,OK,66653,9.84615421295166,1.0158113241195679,0.4819588363170624
CAP_20260829_183004,2026-08-29 18:30:04,P04,/hydroponic_project/data_collection/images/lettuce_20260829_183004.jpg,/hydroponic_project/data_collection/crops/lettuce_20260829_183004/P04.jpg,/hydroponic_project/data_collection/crops/lettuce_20260829_183004/P04_224.jpg,29.87,31.0,74.2,6.19,2.7094,1.629,814.6,2.3191,OK,66653,9.84615421295166,1.0158113241195679,0.4819588363170624
CAP_20260829_183004,2026-08-29 18:30:04,P05,/hydroponic_project/data_collection/images/lettuce_20260829_183004.jpg,/hydroponic_project/data_collection/crops/lettuce_20260829_183004/P05.jpg,/hydroponic_project/data_collection/crops/lettuce_20260829_183004/P05_224.jpg,29.87,31.0,74.2,6.19,2.7094,1.629,814.6,2.3191,OK,66653,9.84615421295166,1.0158113241195679,0.4819588363170624
CAP_20260829_183004,2026-08-29 18:30:04,P06,/hydroponic_project/data_collection/images/lettuce_20260829_183004.jpg,/hydroponic_project/data_collection/crops/lettuce_20260829_183004/P06.jpg,/hydroponic_project/data_collection/crops/lettuce_20260829_183004/P06_224.jpg,29.87,31.0,74.2,6.19,2.7094,1.629,814.6,2.3191,OK,66653,9.84615421295166,1.0158113241195679,0.4819588363170624
CAP_20260829_183004,2026-08-29 18:30:04,P07,/hydroponic_project/data_collection/images/lettuce_20260829_183004.jpg,/hydroponic_project/data_collection/crops/lettuce_20260829_183004/P07.jpg,/hydroponic_project/data_collection/crops/lettuce_20260829_183004/P07_224.jpg,29.87,31.0,74.2,6.19,2.7094,1.629,814.6,2.3191,OK,66653,9.84615421295166,1.0158113241195679,0.4819588363170624
CAP_20260829_183004,2026-08-29 18:30:04,P08,/hydroponic_project/data_collection/images/lettuce_20260829_183004.jpg,/hydroponic_project/data_collection/crops/lettuce_20260829_183004/P08.jpg,/hydroponic_project/data_collection/crops/lettuce_20260829_183004/P08_224.jpg,29.87,31.0,74.2,6.19,2.7094,1.629,814.6,2.3191,OK,66653,9.84615421295166,1.0158113241195679,0.4819588363170624
CAP_20260829_183004,2026-08-29 18:30:04,P09,/hydroponic_project/data_collection/images/lettuce_20260829_183004.jpg,/hydroponic_project/data_collection/crops/lettuce_20260829_183004/P09.jpg,/hydroponic_project/data_collection/crops/lettuce_20260829_183004/P09_224.jpg,29.87,31.0,74.2,6.19,2.7094,1.629,814.6,2.3191,OK,66653,9.84615421295166,1.0158113241195679,0.4819588363170624
CAP_20260829_183004,2026-08-29 18:30:04,P10,/hydroponic_project/data_collection/images/lettuce_20260829_183004.jpg,/hydroponic_project/data_collection/crops/lettuce_20260829_183004/P10.jpg,/hydroponic_project/data_collection/crops/lettuce_20260829_183004/P10_224.jpg,29.87,31.0,74.2,6.19,2.7094,1.629,814.6,2.3191,OK,66653,9.84615421295166,1.0158113241195679,0.4819588363170624
CAP_20260829_183004,2026-08-29 18:30:04,P11,/hydroponic_project/data_collection/images/lettuce_20260829_183004.jpg,/hydroponic_project/data_collection/crops/lettuce_20260829_183004/P11.jpg,/hydroponic_project/data_collection/crops/lettuce_20260829_183004/P11_224.jpg,29.87,31.0,74.2,6.19,2.7094,1.629,814.6,2.3191,OK,66653,9.84615421295166,1.0158113241195679,0.4819588363170624
CAP_20260829_183004,2026-08-29 18:30:04,P12,/hydroponic_project/data_collection/images/lettuce_20260829_183004.jpg,/hydroponic_project/data_collection/crops/lettuce_20260829_183004/P12.jpg,/hydroponic_project/data_collection/crops/lettuce_20260829_183004/P12_224.jpg,29.87,31.0,74.2,6.19,2.7094,1.629,814.6,2.3191,OK,66653,9.84615421295166,1.0158113241195679,0.4819588363170624
CAP_20260829_184504,2026-08-29 18:45:04,P01,/hydroponic_project/data_collection/images/lettuce_20260829_184504.jpg,/hydroponic_project/data_collection/crops/lettuce_20260829_184504/P01.jpg,/hydroponic_project/data_collection/crops/lettuce_20260829_184504/P01_224.jpg,29.81,31.0,74.7,6.16,2.7146,1.631,815.3,2.3176,OK,66653,9.84615421295166,1.0158113241195679,0.5555849671363831
CAP_20260829_184504,2026-08-29 18:45:04,P02,/hydroponic_project/data_collection/images/lettuce_20260829_184504.jpg,/hydroponic_project/data_collection/crops/lettuce_20260829_184504/P02.jpg,/hydroponic_project/data_collection/crops/lettuce_20260829_184504/P02_224.jpg,29.81,31.0,74.7,6.16,2.7146,1.631,815.3,2.3176,OK,66653,9.84615421295166,1.0158113241195679,0.5555849671363831
CAP_20260829_184504,2026-08-29 18:45:04,P03,/hydroponic_project/data_collection/images/lettuce_20260829_184504.jpg,/hydroponic_project/data_collection/crops/lettuce_20260829_184504/P03.jpg,/hydroponic_project/data_collection/crops/lettuce_20260829_184504/P03_224.jpg,29.81,31.0,74.7,6.16,2.7146,1.631,815.3,2.3176,OK,66653,9.84615421295166,1.0158113241195679,0.5555849671363831
CAP_20260829_184504,2026-08-29 18:45:04,P04,/hydroponic_project/data_collection/images/lettuce_20260829_184504.jpg,/hydroponic_project/data_collection/crops/lettuce_20260829_184504/P04.jpg,/hydroponic_project/data_collection/crops/lettuce_20260829_184504/P04_224.jpg,29.81,31.0,74.7,6.16,2.7146,1.631,815.3,2.3176,OK,66653,9.84615421295166,1.0158113241195679,0.5555849671363831
CAP_20260829_184504,2026-08-29 18:45:04,P05,/hydroponic_project/data_collection/images/lettuce_20260829_184504.jpg,/hydroponic_project/data_collection/crops/lettuce_20260829_184504/P05.jpg,/hydroponic_project/data_collection/crops/lettuce_20260829_184504/P05_224.jpg,29.81,31.0,74.7,6.16,2.7146,1.631,815.3,2.3176,OK,66653,9.84615421295166,1.0158113241195679,0.5555849671363831
CAP_20260829_184504,2026-08-29 18:45:04,P06,/hydroponic_project/data_collection/images/lettuce_20260829_184504.jpg,/hydroponic_project/data_collection/crops/lettuce_20260829_184504/P06.jpg,/hydroponic_project/data_collection/crops/lettuce_20260829_184504/P06_224.jpg,29.81,31.0,74.7,6.16,2.7146,1.631,815.3,2.3176,OK,66653,9.84615421295166,1.0158113241195679,0.5555849671363831
CAP_20260829_184504,2026-08-29 18:45:04,P07,/hydroponic_project/data_collection/images/lettuce_20260829_184504.jpg,/hydroponic_project/data_collection/crops/lettuce_20260829_184504/P07.jpg,/hydroponic_project/data_collection/crops/lettuce_20260829_184504/P07_224.jpg,29.81,31.0,74.7,6.16,2.7146,1.631,815.3,2.3176,OK,66653,9.84615421295166,1.0158113241195679,0.5555849671363831
CAP_20260829_184504,2026-08-29 18:45:04,P08,/hydroponic_project/data_collection/images/lettuce_20260829_184504.jpg,/hydroponic_project/data_collection/crops/lettuce_20260829_184504/P08.jpg,/hydroponic_project/data_collection/crops/lettuce_20260829_184504/P08_224.jpg,29.81,31.0,74.7,6.16,2.7146,1.631,815.3,2.3176,OK,66653,9.84615421295166,1.0158113241195679,0.5555849671363831
CAP_20260829_184504,2026-08-29 18:45:04,P09,/hydroponic_project/data_collection/images/lettuce_20260829_184504.jpg,/hydroponic_project/data_collection/crops/lettuce_20260829_184504/P09.jpg,/hydroponic_project/data_collection/crops/lettuce_20260829_184504/P09_224.jpg,29.81,31.0,74.7,6.16,2.7146,1.631,815.3,2.3176,OK,66653,9.84615421295166,1.0158113241195679,0.5555849671363831
CAP_20260829_184504,2026-08-29 18:45:04,P10,/hydroponic_project/data_collection/images/lettuce_20260829_184504.jpg,/hydroponic_project/data_collection/crops/lettuce_20260829_184504/P10.jpg,/hydroponic_project/data_collection/crops/lettuce_20260829_184504/P10_224.jpg,29.81,31.0,74.7,6.16,2.7146,1.631,815.3,2.3176,OK,66653,9.84615421295166,1.0158113241195679,0.5555849671363831
CAP_20260829_184504,2026-08-29 18:45:04,P11,/hydroponic_project/data_collection/images/lettuce_20260829_184504.jpg,/hydroponic_project/data_collection/crops/lettuce_20260829_184504/P11.jpg,/hydroponic_project/data_collection/crops/lettuce_20260829_184504/P11_224.jpg,29.81,31.0,74.7,6.16,2.7146,1.631,815.3,2.3176,OK,66653,9.84615421295166,1.0158113241195679,0.5555849671363831
CAP_20260829_184504,2026-08-29 18:45:04,P12,/hydroponic_project/data_collection/images/lettuce_20260829_184504.jpg,/hydroponic_project/data_collection/crops/lettuce_20260829_184504/P12.jpg,/hydroponic_project/data_collection/crops/lettuce_20260829_184504/P12_224.jpg,29.81,31.0,74.7,6.16,2.7146,1.631,815.3,2.3176,OK,66653,9.84615421295166,1.0158113241195679,0.5555849671363831
CAP_20260829_190004,2026-08-29 19:00:04,P01,/hydroponic_project/data_collection/images/lettuce_20260829_190004.jpg,/hydroponic_project/data_collection/crops/lettuce_20260829_190004/P01.jpg,/hydroponic_project/data_collection/crops/lettuce_20260829_190004/P01_224.jpg,29.81,30.9,75.2,6.09,2.7255,1.63,814.9,2.3169,OK,66653,9.84615421295166,1.0158113241195679,0.5493463277816772
CAP_20260829_190004,2026-08-29 19:00:04,P02,/hydroponic_project/data_collection/images/lettuce_20260829_190004.jpg,/hydroponic_project/data_collection/crops/lettuce_20260829_190004/P02.jpg,/hydroponic_project/data_collection/crops/lettuce_20260829_190004/P02_224.jpg,29.81,30.9,75.2,6.09,2.7255,1.63,814.9,2.3169,OK,66653,9.84615421295166,1.0158113241195679,0.5493463277816772
CAP_20260829_190004,2026-08-29 19:00:04,P03,/hydroponic_project/data_collection/images/lettuce_20260829_190004.jpg,/hydroponic_project/data_collection/crops/lettuce_20260829_190004/P03.jpg,/hydroponic_project/data_collection/crops/lettuce_20260829_190004/P03_224.jpg,29.81,30.9,75.2,6.09,2.7255,1.63,814.9,2.3169,OK,66653,9.84615421295166,1.0158113241195679,0.5493463277816772
CAP_20260829_190004,2026-08-29 19:00:04,P04,/hydroponic_project/data_collection/images/lettuce_20260829_190004.jpg,/hydroponic_project/data_collection/crops/lettuce_20260829_190004/P04.jpg,/hydroponic_project/data_collection/crops/lettuce_20260829_190004/P04_224.jpg,29.81,30.9,75.2,6.09,2.7255,1.63,814.9,2.3169,OK,66653,9.84615421295166,1.0158113241195679,0.5493463277816772
CAP_20260829_190004,2026-08-29 19:00:04,P05,/hydroponic_project/data_collection/images/lettuce_20260829_190004.jpg,/hydroponic_project/data_collection/crops/lettuce_20260829_190004/P05.jpg,/hydroponic_project/data_collection/crops/lettuce_20260829_190004/P05_224.jpg,29.81,30.9,75.2,6.09,2.7255,1.63,814.9,2.3169,OK,66653,9.84615421295166,1.0158113241195679,0.5493463277816772
CAP_20260829_190004,2026-08-29 19:00:04,P06,/hydroponic_project/data_collection/images/lettuce_20260829_190004.jpg,/hydroponic_project/data_collection/crops/lettuce_20260829_190004/P06.jpg,/hydroponic_project/data_collection/crops/lettuce_20260829_190004/P06_224.jpg,29.81,30.9,75.2,6.09,2.7255,1.63,814.9,2.3169,OK,66653,9.84615421295166,1.0158113241195679,0.5493463277816772
CAP_20260829_190004,2026-08-29 19:00:04,P07,/hydroponic_project/data_collection/images/lettuce_20260829_190004.jpg,/hydroponic_project/data_collection/crops/lettuce_20260829_190004/P07.jpg,/hydroponic_project/data_collection/crops/lettuce_20260829_190004/P07_224.jpg,29.81,30.9,75.2,6.09,2.7255,1.63,814.9,2.3169,OK,66653,9.84615421295166,1.0158113241195679,0.5493463277816772
CAP_20260829_190004,2026-08-29 19:00:04,P08,/hydroponic_project/data_collection/images/lettuce_20260829_190004.jpg,/hydroponic_project/data_collection/crops/lettuce_20260829_190004/P08.jpg,/hydroponic_project/data_collection/crops/lettuce_20260829_190004/P08_224.jpg,29.81,30.9,75.2,6.09,2.7255,1.63,814.9,2.3169,OK,66653,9.84615421295166,1.0158113241195679,0.5493463277816772
CAP_20260829_190004,2026-08-29 19:00:04,P09,/hydroponic_project/data_collection/images/lettuce_20260829_190004.jpg,/hydroponic_project/data_collection/crops/lettuce_20260829_190004/P09.jpg,/hydroponic_project/data_collection/crops/lettuce_20260829_190004/P09_224.jpg,29.81,30.9,75.2,6.09,2.7255,1.63,814.9,2.3169,OK,66653,9.84615421295166,1.0158113241195679,0.5493463277816772
CAP_20260829_190004,2026-08-29 19:00:04,P10,/hydroponic_project/data_collection/images/lettuce_20260829_190004.jpg,/hydroponic_project/data_collection/crops/lettuce_20260829_190004/P10.jpg,/hydroponic_project/data_collection/crops/lettuce_20260829_190004/P10_224.jpg,29.81,30.9,75.2,6.09,2.7255,1.63,814.9,2.3169,OK,66653,9.84615421295166,1.0158113241195679,0.5493463277816772
CAP_20260829_190004,2026-08-29 19:00:04,P11,/hydroponic_project/data_collection/images/lettuce_20260829_190004.jpg,/hydroponic_project/data_collection/crops/lettuce_20260829_190004/P11.jpg,/hydroponic_project/data_collection/crops/lettuce_20260829_190004/P11_224.jpg,29.81,30.9,75.2,6.09,2.7255,1.63,814.9,2.3169,OK,66653,9.84615421295166,1.0158113241195679,0.5493463277816772
CAP_20260829_190004,2026-08-29 19:00:04,P12,/hydroponic_project/data_collection/images/lettuce_20260829_190004.jpg,/hydroponic_project/data_collection/crops/lettuce_20260829_190004/P12.jpg,/hydroponic_project/data_collection/crops/lettuce_20260829_190004/P12_224.jpg,29.81,30.9,75.2,6.09,2.7255,1.63,814.9,2.3169,OK,66653,9.84615421295166,1.0158113241195679,0.5493463277816772
CAP_20260829_191503,2026-08-29 19:15:03,P01,/hydroponic_project/data_collection/images/lettuce_20260829_191503.jpg,/hydroponic_project/data_collection/crops/lettuce_20260829_191503/P01.jpg,/hydroponic_project/data_collection/crops/lettuce_20260829_191503/P01_224.jpg,29.81,30.9,74.6,6.09,2.7264,1.627,813.4,2.3144,OK,66653,9.84615421295166,1.0158113241195679,0.5553345680236816
CAP_20260829_191503,2026-08-29 19:15:03,P02,/hydroponic_project/data_collection/images/lettuce_20260829_191503.jpg,/hydroponic_project/data_collection/crops/lettuce_20260829_191503/P02.jpg,/hydroponic_project/data_collection/crops/lettuce_20260829_191503/P02_224.jpg,29.81,30.9,74.6,6.09,2.7264,1.627,813.4,2.3144,OK,66653,9.84615421295166,1.0158113241195679,0.5553345680236816
CAP_20260829_191503,2026-08-29 19:15:03,P03,/hydroponic_project/data_collection/images/lettuce_20260829_191503.jpg,/hydroponic_project/data_collection/crops/lettuce_20260829_191503/P03.jpg,/hydroponic_project/data_collection/crops/lettuce_20260829_191503/P03_224.jpg,29.81,30.9,74.6,6.09,2.7264,1.627,813.4,2.3144,OK,66653,9.84615421295166,1.0158113241195679,0.5553345680236816
CAP_20260829_191503,2026-08-29 19:15:03,P04,/hydroponic_project/data_collection/images/lettuce_20260829_191503.jpg,/hydroponic_project/data_collection/crops/lettuce_20260829_191503/P04.jpg,/hydroponic_project/data_collection/crops/lettuce_20260829_191503/P04_224.jpg,29.81,30.9,74.6,6.09,2.7264,1.627,813.4,2.3144,OK,66653,9.84615421295166,1.0158113241195679,0.5553345680236816
CAP_20260829_191503,2026-08-29 19:15:03,P05,/hydroponic_project/data_collection/images/lettuce_20260829_191503.jpg,/hydroponic_project/data_collection/crops/lettuce_20260829_191503/P05.jpg,/hydroponic_project/data_collection/crops/lettuce_20260829_191503/P05_224.jpg,29.81,30.9,74.6,6.09,2.7264,1.627,813.4,2.3144,OK,66653,9.84615421295166,1.0158113241195679,0.5553345680236816
CAP_20260829_191503,2026-08-29 19:15:03,P06,/hydroponic_project/data_collection/images/lettuce_20260829_191503.jpg,/hydroponic_project/data_collection/crops/lettuce_20260829_191503/P06.jpg,/hydroponic_project/data_collection/crops/lettuce_20260829_191503/P06_224.jpg,29.81,30.9,74.6,6.09,2.7264,1.627,813.4,2.3144,OK,66653,9.84615421295166,1.0158113241195679,0.5553345680236816
CAP_20260829_191503,2026-08-29 19:15:03,P07,/hydroponic_project/data_collection/images/lettuce_20260829_191503.jpg,/hydroponic_project/data_collection/crops/lettuce_20260829_191503/P07.jpg,/hydroponic_project/data_collection/crops/lettuce_20260829_191503/P07_224.jpg,29.81,30.9,74.6,6.09,2.7264,1.627,813.4,2.3144,OK,66653,9.84615421295166,1.0158113241195679,0.5553345680236816
CAP_20260829_191503,2026-08-29 19:15:03,P08,/hydroponic_project/data_collection/images/lettuce_20260829_191503.jpg,/hydroponic_project/data_collection/crops/lettuce_20260829_191503/P08.jpg,/hydroponic_project/data_collection/crops/lettuce_20260829_191503/P08_224.jpg,29.81,30.9,74.6,6.09,2.7264,1.627,813.4,2.3144,OK,66653,9.84615421295166,1.0158113241195679,0.5553345680236816
CAP_20260829_191503,2026-08-29 19:15:03,P09,/hydroponic_project/data_collection/images/lettuce_20260829_191503.jpg,/hydroponic_project/data_collection/crops/lettuce_20260829_191503/P09.jpg,/hydroponic_project/data_collection/crops/lettuce_20260829_191503/P09_224.jpg,29.81,30.9,74.6,6.09,2.7264,1.627,813.4,2.3144,OK,66653,9.84615421295166,1.0158113241195679,0.5553345680236816
CAP_20260829_191503,2026-08-29 19:15:03,P10,/hydroponic_project/data_collection/images/lettuce_20260829_191503.jpg,/hydroponic_project/data_collection/crops/lettuce_20260829_191503/P10.jpg,/hydroponic_project/data_collection/crops/lettuce_20260829_191503/P10_224.jpg,29.81,30.9,74.6,6.09,2.7264,1.627,813.4,2.3144,OK,66653,9.84615421295166,1.0158113241195679,0.5553345680236816
CAP_20260829_191503,2026-08-29 19:15:03,P11,/hydroponic_project/data_collection/images/lettuce_20260829_191503.jpg,/hydroponic_project/data_collection/crops/lettuce_20260829_191503/P11.jpg,/hydroponic_project/data_collection/crops/lettuce_20260829_191503/P11_224.jpg,29.81,30.9,74.6,6.09,2.7264,1.627,813.4,2.3144,OK,66653,9.84615421295166,1.0158113241195679,0.5553345680236816
CAP_20260829_191503,2026-08-29 19:15:03,P12,/hydroponic_project/data_collection/images/lettuce_20260829_191503.jpg,/hydroponic_project/data_collection/crops/lettuce_20260829_191503/P12.jpg,/hydroponic_project/data_collection/crops/lettuce_20260829_191503/P12_224.jpg,29.81,30.9,74.6,6.09,2.7264,1.627,813.4,2.3144,OK,66653,9.84615421295166,1.0158113241195679,0.5553345680236816
CAP_20260829_193004,2026-08-29 19:30:04,P01,/hydroponic_project/data_collection/images/lettuce_20260829_193004.jpg,/hydroponic_project/data_collection/crops/lettuce_20260829_193004/P01.jpg,/hydroponic_project/data_collection/crops/lettuce_20260829_193004/P01_224.jpg,29.75,30.8,74.4,5.86,2.7639,1.629,814.5,2.3136,OK,66653,9.84615421295166,1.0158113241195679,0.5538617968559265
CAP_20260829_193004,2026-08-29 19:30:04,P02,/hydroponic_project/data_collection/images/lettuce_20260829_193004.jpg,/hydroponic_project/data_collection/crops/lettuce_20260829_193004/P02.jpg,/hydroponic_project/data_collection/crops/lettuce_20260829_193004/P02_224.jpg,29.75,30.8,74.4,5.86,2.7639,1.629,814.5,2.3136,OK,66653,9.84615421295166,1.0158113241195679,0.5538617968559265
CAP_20260829_193004,2026-08-29 19:30:04,P03,/hydroponic_project/data_collection/images/lettuce_20260829_193004.jpg,/hydroponic_project/data_collection/crops/lettuce_20260829_193004/P03.jpg,/hydroponic_project/data_collection/crops/lettuce_20260829_193004/P03_224.jpg,29.75,30.8,74.4,5.86,2.7639,1.629,814.5,2.3136,OK,66653,9.84615421295166,1.0158113241195679,0.5538617968559265
CAP_20260829_193004,2026-08-29 19:30:04,P04,/hydroponic_project/data_collection/images/lettuce_20260829_193004.jpg,/hydroponic_project/data_collection/crops/lettuce_20260829_193004/P04.jpg,/hydroponic_project/data_collection/crops/lettuce_20260829_193004/P04_224.jpg,29.75,30.8,74.4,5.86,2.7639,1.629,814.5,2.3136,OK,66653,9.84615421295166,1.0158113241195679,0.5538617968559265
CAP_20260829_193004,2026-08-29 19:30:04,P05,/hydroponic_project/data_collection/images/lettuce_20260829_193004.jpg,/hydroponic_project/data_collection/crops/lettuce_20260829_193004/P05.jpg,/hydroponic_project/data_collection/crops/lettuce_20260829_193004/P05_224.jpg,29.75,30.8,74.4,5.86,2.7639,1.629,814.5,2.3136,OK,66653,9.84615421295166,1.0158113241195679,0.5538617968559265
CAP_20260829_193004,2026-08-29 19:30:04,P06,/hydroponic_project/data_collection/images/lettuce_20260829_193004.jpg,/hydroponic_project/data_collection/crops/lettuce_20260829_193004/P06.jpg,/hydroponic_project/data_collection/crops/lettuce_20260829_193004/P06_224.jpg,29.75,30.8,74.4,5.86,2.7639,1.629,814.5,2.3136,OK,66653,9.84615421295166,1.0158113241195679,0.5538617968559265
CAP_20260829_193004,2026-08-29 19:30:04,P07,/hydroponic_project/data_collection/images/lettuce_20260829_193004.jpg,/hydroponic_project/data_collection/crops/lettuce_20260829_193004/P07.jpg,/hydroponic_project/data_collection/crops/lettuce_20260829_193004/P07_224.jpg,29.75,30.8,74.4,5.86,2.7639,1.629,814.5,2.3136,OK,66653,9.84615421295166,1.0158113241195679,0.5538617968559265
CAP_20260829_193004,2026-08-29 19:30:04,P08,/hydroponic_project/data_collection/images/lettuce_20260829_193004.jpg,/hydroponic_project/data_collection/crops/lettuce_20260829_193004/P08.jpg,/hydroponic_project/data_collection/crops/lettuce_20260829_193004/P08_224.jpg,29.75,30.8,74.4,5.86,2.7639,1.629,814.5,2.3136,OK,66653,9.84615421295166,1.0158113241195679,0.5538617968559265
CAP_20260829_193004,2026-08-29 19:30:04,P09,/hydroponic_project/data_collection/images/lettuce_20260829_193004.jpg,/hydroponic_project/data_collection/crops/lettuce_20260829_193004/P09.jpg,/hydroponic_project/data_collection/crops/lettuce_20260829_193004/P09_224.jpg,29.75,30.8,74.4,5.86,2.7639,1.629,814.5,2.3136,OK,66653,9.84615421295166,1.0158113241195679,0.5538617968559265
CAP_20260829_193004,2026-08-29 19:30:04,P10,/hydroponic_project/data_collection/images/lettuce_20260829_193004.jpg,/hydroponic_project/data_collection/crops/lettuce_20260829_193004/P10.jpg,/hydroponic_project/data_collection/crops/lettuce_20260829_193004/P10_224.jpg,29.75,30.8,74.4,5.86,2.7639,1.629,814.5,2.3136,OK,66653,9.84615421295166,1.0158113241195679,0.5538617968559265
CAP_20260829_193004,2026-08-29 19:30:04,P11,/hydroponic_project/data_collection/images/lettuce_20260829_193004.jpg,/hydroponic_project/data_collection/crops/lettuce_20260829_193004/P11.jpg,/hydroponic_project/data_collection/crops/lettuce_20260829_193004/P11_224.jpg,29.75,30.8,74.4,5.86,2.7639,1.629,814.5,2.3136,OK,66653,9.84615421295166,1.0158113241195679,0.5538617968559265
CAP_20260829_193004,2026-08-29 19:30:04,P12,/hydroponic_project/data_collection/images/lettuce_20260829_193004.jpg,/hydroponic_project/data_collection/crops/lettuce_20260829_193004/P12.jpg,/hydroponic_project/data_collection/crops/lettuce_20260829_193004/P12_224.jpg,29.75,30.8,74.4,5.86,2.7639,1.629,814.5,2.3136,OK,66653,9.84615421295166,1.0158113241195679,0.5538617968559265
CAP_20260829_194503,2026-08-29 19:45:03,P01,/hydroponic_project/data_collection/images/lettuce_20260829_194503.jpg,/hydroponic_project/data_collection/crops/lettuce_20260829_194503/P01.jpg,/hydroponic_project/data_collection/crops/lettuce_20260829_194503/P01_224.jpg,29.75,30.7,74.0,6.08,2.727,1.626,813.2,2.3115,OK,66653,9.84615421295166,1.0158113241195679,0.5411065816879272
CAP_20260829_194503,2026-08-29 19:45:03,P02,/hydroponic_project/data_collection/images/lettuce_20260829_194503.jpg,/hydroponic_project/data_collection/crops/lettuce_20260829_194503/P02.jpg,/hydroponic_project/data_collection/crops/lettuce_20260829_194503/P02_224.jpg,29.75,30.7,74.0,6.08,2.727,1.626,813.2,2.3115,OK,66653,9.84615421295166,1.0158113241195679,0.5411065816879272
CAP_20260829_194503,2026-08-29 19:45:03,P03,/hydroponic_project/data_collection/images/lettuce_20260829_194503.jpg,/hydroponic_project/data_collection/crops/lettuce_20260829_194503/P03.jpg,/hydroponic_project/data_collection/crops/lettuce_20260829_194503/P03_224.jpg,29.75,30.7,74.0,6.08,2.727,1.626,813.2,2.3115,OK,66653,9.84615421295166,1.0158113241195679,0.5411065816879272
CAP_20260829_194503,2026-08-29 19:45:03,P04,/hydroponic_project/data_collection/images/lettuce_20260829_194503.jpg,/hydroponic_project/data_collection/crops/lettuce_20260829_194503/P04.jpg,/hydroponic_project/data_collection/crops/lettuce_20260829_194503/P04_224.jpg,29.75,30.7,74.0,6.08,2.727,1.626,813.2,2.3115,OK,66653,9.84615421295166,1.0158113241195679,0.5411065816879272
CAP_20260829_194503,2026-08-29 19:45:03,P05,/hydroponic_project/data_collection/images/lettuce_20260829_194503.jpg,/hydroponic_project/data_collection/crops/lettuce_20260829_194503/P05.jpg,/hydroponic_project/data_collection/crops/lettuce_20260829_194503/P05_224.jpg,29.75,30.7,74.0,6.08,2.727,1.626,813.2,2.3115,OK,66653,9.84615421295166,1.0158113241195679,0.5411065816879272
CAP_20260829_194503,2026-08-29 19:45:03,P06,/hydroponic_project/data_collection/images/lettuce_20260829_194503.jpg,/hydroponic_project/data_collection/crops/lettuce_20260829_194503/P06.jpg,/hydroponic_project/data_collection/crops/lettuce_20260829_194503/P06_224.jpg,29.75,30.7,74.0,6.08,2.727,1.626,813.2,2.3115,OK,66653,9.84615421295166,1.0158113241195679,0.5411065816879272
CAP_20260829_194503,2026-08-29 19:45:03,P07,/hydroponic_project/data_collection/images/lettuce_20260829_194503.jpg,/hydroponic_project/data_collection/crops/lettuce_20260829_194503/P07.jpg,/hydroponic_project/data_collection/crops/lettuce_20260829_194503/P07_224.jpg,29.75,30.7,74.0,6.08,2.727,1.626,813.2,2.3115,OK,66653,9.84615421295166,1.0158113241195679,0.5411065816879272
CAP_20260829_194503,2026-08-29 19:45:03,P08,/hydroponic_project/data_collection/images/lettuce_20260829_194503.jpg,/hydroponic_project/data_collection/crops/lettuce_20260829_194503/P08.jpg,/hydroponic_project/data_collection/crops/lettuce_20260829_194503/P08_224.jpg,29.75,30.7,74.0,6.08,2.727,1.626,813.2,2.3115,OK,66653,9.84615421295166,1.0158113241195679,0.5411065816879272
CAP_20260829_194503,2026-08-29 19:45:03,P09,/hydroponic_project/data_collection/images/lettuce_20260829_194503.jpg,/hydroponic_project/data_collection/crops/lettuce_20260829_194503/P09.jpg,/hydroponic_project/data_collection/crops/lettuce_20260829_194503/P09_224.jpg,29.75,30.7,74.0,6.08,2.727,1.626,813.2,2.3115,OK,66653,9.84615421295166,1.0158113241195679,0.5411065816879272
CAP_20260829_194503,2026-08-29 19:45:03,P10,/hydroponic_project/data_collection/images/lettuce_20260829_194503.jpg,/hydroponic_project/data_collection/crops/lettuce_20260829_194503/P10.jpg,/hydroponic_project/data_collection/crops/lettuce_20260829_194503/P10_224.jpg,29.75,30.7,74.0,6.08,2.727,1.626,813.2,2.3115,OK,66653,9.84615421295166,1.0158113241195679,0.5411065816879272
CAP_20260829_194503,2026-08-29 19:45:03,P11,/hydroponic_project/data_collection/images/lettuce_20260829_194503.jpg,/hydroponic_project/data_collection/crops/lettuce_20260829_194503/P11.jpg,/hydroponic_project/data_collection/crops/lettuce_20260829_194503/P11_224.jpg,29.75,30.7,74.0,6.08,2.727,1.626,813.2,2.3115,OK,66653,9.84615421295166,1.0158113241195679,0.5411065816879272
CAP_20260829_194503,2026-08-29 19:45:03,P12,/hydroponic_project/data_collection/images/lettuce_20260829_194503.jpg,/hydroponic_project/data_collection/crops/lettuce_20260829_194503/P12.jpg,/hydroponic_project/data_collection/crops/lettuce_20260829_194503/P12_224.jpg,29.75,30.7,74.0,6.08,2.727,1.626,813.2,2.3115,OK,66653,9.84615421295166,1.0158113241195679,0.5411065816879272
CAP_20260830_063007,2026-08-30 06:30:07,P01,/hydroponic_project/data_collection/images/lettuce_20260830_063007.jpg,/hydroponic_project/data_collection/crops/lettuce_20260830_063007/P01.jpg,/hydroponic_project/data_collection/crops/lettuce_20260830_063007/P01_224.jpg,28.87,27.6,85.8,6.32,2.6896,1.623,811.3,2.2714,OK,66653,9.84615421295166,1.0158113241195679,34.082618713378906
CAP_20260830_063007,2026-08-30 06:30:07,P02,/hydroponic_project/data_collection/images/lettuce_20260830_063007.jpg,/hydroponic_project/data_collection/crops/lettuce_20260830_063007/P02.jpg,/hydroponic_project/data_collection/crops/lettuce_20260830_063007/P02_224.jpg,28.87,27.6,85.8,6.32,2.6896,1.623,811.3,2.2714,OK,66653,9.84615421295166,1.0158113241195679,34.082618713378906
CAP_20260830_063007,2026-08-30 06:30:07,P03,/hydroponic_project/data_collection/images/lettuce_20260830_063007.jpg,/hydroponic_project/data_collection/crops/lettuce_20260830_063007/P03.jpg,/hydroponic_project/data_collection/crops/lettuce_20260830_063007/P03_224.jpg,28.87,27.6,85.8,6.32,2.6896,1.623,811.3,2.2714,OK,66653,9.84615421295166,1.0158113241195679,34.082618713378906
CAP_20260830_063007,2026-08-30 06:30:07,P04,/hydroponic_project/data_collection/images/lettuce_20260830_063007.jpg,/hydroponic_project/data_collection/crops/lettuce_20260830_063007/P04.jpg,/hydroponic_project/data_collection/crops/lettuce_20260830_063007/P04_224.jpg,28.87,27.6,85.8,6.32,2.6896,1.623,811.3,2.2714,OK,66653,9.84615421295166,1.0158113241195679,34.082618713378906
CAP_20260830_063007,2026-08-30 06:30:07,P05,/hydroponic_project/data_collection/images/lettuce_20260830_063007.jpg,/hydroponic_project/data_collection/crops/lettuce_20260830_063007/P05.jpg,/hydroponic_project/data_collection/crops/lettuce_20260830_063007/P05_224.jpg,28.87,27.6,85.8,6.32,2.6896,1.623,811.3,2.2714,OK,66653,9.84615421295166,1.0158113241195679,34.082618713378906
CAP_20260830_063007,2026-08-30 06:30:07,P06,/hydroponic_project/data_collection/images/lettuce_20260830_063007.jpg,/hydroponic_project/data_collection/crops/lettuce_20260830_063007/P06.jpg,/hydroponic_project/data_collection/crops/lettuce_20260830_063007/P06_224.jpg,28.87,27.6,85.8,6.32,2.6896,1.623,811.3,2.2714,OK,66653,9.84615421295166,1.0158113241195679,34.082618713378906
CAP_20260830_063007,2026-08-30 06:30:07,P07,/hydroponic_project/data_collection/images/lettuce_20260830_063007.jpg,/hydroponic_project/data_collection/crops/lettuce_20260830_063007/P07.jpg,/hydroponic_project/data_collection/crops/lettuce_20260830_063007/P07_224.jpg,28.87,27.6,85.8,6.32,2.6896,1.623,811.3,2.2714,OK,66653,9.84615421295166,1.0158113241195679,34.082618713378906
CAP_20260830_063007,2026-08-30 06:30:07,P08,/hydroponic_project/data_collection/images/lettuce_20260830_063007.jpg,/hydroponic_project/data_collection/crops/lettuce_20260830_063007/P08.jpg,/hydroponic_project/data_collection/crops/lettuce_20260830_063007/P08_224.jpg,28.87,27.6,85.8,6.32,2.6896,1.623,811.3,2.2714,OK,66653,9.84615421295166,1.0158113241195679,34.082618713378906
CAP_20260830_063007,2026-08-30 06:30:07,P09,/hydroponic_project/data_collection/images/lettuce_20260830_063007.jpg,/hydroponic_project/data_collection/crops/lettuce_20260830_063007/P09.jpg,/hydroponic_project/data_collection/crops/lettuce_20260830_063007/P09_224.jpg,28.87,27.6,85.8,6.32,2.6896,1.623,811.3,2.2714,OK,66653,9.84615421295166,1.0158113241195679,34.082618713378906
CAP_20260830_063007,2026-08-30 06:30:07,P10,/hydroponic_project/data_collection/images/lettuce_20260830_063007.jpg,/hydroponic_project/data_collection/crops/lettuce_20260830_063007/P10.jpg,/hydroponic_project/data_collection/crops/lettuce_20260830_063007/P10_224.jpg,28.87,27.6,85.8,6.32,2.6896,1.623,811.3,2.2714,OK,66653,9.84615421295166,1.0158113241195679,34.082618713378906
CAP_20260830_063007,2026-08-30 06:30:07,P11,/hydroponic_project/data_collection/images/lettuce_20260830_063007.jpg,/hydroponic_project/data_collection/crops/lettuce_20260830_063007/P11.jpg,/hydroponic_project/data_collection/crops/lettuce_20260830_063007/P11_224.jpg,28.87,27.6,85.8,6.32,2.6896,1.623,811.3,2.2714,OK,66653,9.84615421295166,1.0158113241195679,34.082618713378906
CAP_20260830_063007,2026-08-30 06:30:07,P12,/hydroponic_project/data_collection/images/lettuce_20260830_063007.jpg,/hydroponic_project/data_collection/crops/lettuce_20260830_063007/P12.jpg,/hydroponic_project/data_collection/crops/lettuce_20260830_063007/P12_224.jpg,28.87,27.6,85.8,6.32,2.6896,1.623,811.3,2.2714,OK,66653,9.84615421295166,1.0158113241195679,34.082618713378906
CAP_20260830_064504,2026-08-30 06:45:04,P01,/hydroponic_project/data_collection/images/lettuce_20260830_064504.jpg,/hydroponic_project/data_collection/crops/lettuce_20260830_064504/P01.jpg,/hydroponic_project/data_collection/crops/lettuce_20260830_064504/P01_224.jpg,28.87,29.1,80.0,6.21,2.7064,1.552,776.2,2.2128,OK,64763,5.953488349914551,1.0080358982086182,76.32524871826172
CAP_20260830_064504,2026-08-30 06:45:04,P02,/hydroponic_project/data_collection/images/lettuce_20260830_064504.jpg,/hydroponic_project/data_collection/crops/lettuce_20260830_064504/P02.jpg,/hydroponic_project/data_collection/crops/lettuce_20260830_064504/P02_224.jpg,28.87,29.1,80.0,6.21,2.7064,1.552,776.2,2.2128,OK,64763,5.953488349914551,1.0080358982086182,76.32524871826172
CAP_20260830_064504,2026-08-30 06:45:04,P03,/hydroponic_project/data_collection/images/lettuce_20260830_064504.jpg,/hydroponic_project/data_collection/crops/lettuce_20260830_064504/P03.jpg,/hydroponic_project/data_collection/crops/lettuce_20260830_064504/P03_224.jpg,28.87,29.1,80.0,6.21,2.7064,1.552,776.2,2.2128,OK,64763,5.953488349914551,1.0080358982086182,76.32524871826172
CAP_20260830_064504,2026-08-30 06:45:04,P04,/hydroponic_project/data_collection/images/lettuce_20260830_064504.jpg,/hydroponic_project/data_collection/crops/lettuce_20260830_064504/P04.jpg,/hydroponic_project/data_collection/crops/lettuce_20260830_064504/P04_224.jpg,28.87,29.1,80.0,6.21,2.7064,1.552,776.2,2.2128,OK,64763,5.953488349914551,1.0080358982086182,76.32524871826172
CAP_20260830_064504,2026-08-30 06:45:04,P05,/hydroponic_project/data_collection/images/lettuce_20260830_064504.jpg,/hydroponic_project/data_collection/crops/lettuce_20260830_064504/P05.jpg,/hydroponic_project/data_collection/crops/lettuce_20260830_064504/P05_224.jpg,28.87,29.1,80.0,6.21,2.7064,1.552,776.2,2.2128,OK,64763,5.953488349914551,1.0080358982086182,76.32524871826172
CAP_20260830_064504,2026-08-30 06:45:04,P06,/hydroponic_project/data_collection/images/lettuce_20260830_064504.jpg,/hydroponic_project/data_collection/crops/lettuce_20260830_064504/P06.jpg,/hydroponic_project/data_collection/crops/lettuce_20260830_064504/P06_224.jpg,28.87,29.1,80.0,6.21,2.7064,1.552,776.2,2.2128,OK,64763,5.953488349914551,1.0080358982086182,76.32524871826172
CAP_20260830_064504,2026-08-30 06:45:04,P07,/hydroponic_project/data_collection/images/lettuce_20260830_064504.jpg,/hydroponic_project/data_collection/crops/lettuce_20260830_064504/P07.jpg,/hydroponic_project/data_collection/crops/lettuce_20260830_064504/P07_224.jpg,28.87,29.1,80.0,6.21,2.7064,1.552,776.2,2.2128,OK,64763,5.953488349914551,1.0080358982086182,76.32524871826172
CAP_20260830_064504,2026-08-30 06:45:04,P08,/hydroponic_project/data_collection/images/lettuce_20260830_064504.jpg,/hydroponic_project/data_collection/crops/lettuce_20260830_064504/P08.jpg,/hydroponic_project/data_collection/crops/lettuce_20260830_064504/P08_224.jpg,28.87,29.1,80.0,6.21,2.7064,1.552,776.2,2.2128,OK,64763,5.953488349914551,1.0080358982086182,76.32524871826172
CAP_20260830_064504,2026-08-30 06:45:04,P09,/hydroponic_project/data_collection/images/lettuce_20260830_064504.jpg,/hydroponic_project/data_collection/crops/lettuce_20260830_064504/P09.jpg,/hydroponic_project/data_collection/crops/lettuce_20260830_064504/P09_224.jpg,28.87,29.1,80.0,6.21,2.7064,1.552,776.2,2.2128,OK,64763,5.953488349914551,1.0080358982086182,76.32524871826172
CAP_20260830_064504,2026-08-30 06:45:04,P10,/hydroponic_project/data_collection/images/lettuce_20260830_064504.jpg,/hydroponic_project/data_collection/crops/lettuce_20260830_064504/P10.jpg,/hydroponic_project/data_collection/crops/lettuce_20260830_064504/P10_224.jpg,28.87,29.1,80.0,6.21,2.7064,1.552,776.2,2.2128,OK,64763,5.953488349914551,1.0080358982086182,76.32524871826172
CAP_20260830_064504,2026-08-30 06:45:04,P11,/hydroponic_project/data_collection/images/lettuce_20260830_064504.jpg,/hydroponic_project/data_collection/crops/lettuce_20260830_064504/P11.jpg,/hydroponic_project/data_collection/crops/lettuce_20260830_064504/P11_224.jpg,28.87,29.1,80.0,6.21,2.7064,1.552,776.2,2.2128,OK,64763,5.953488349914551,1.0080358982086182,76.32524871826172
CAP_20260830_064504,2026-08-30 06:45:04,P12,/hydroponic_project/data_collection/images/lettuce_20260830_064504.jpg,/hydroponic_project/data_collection/crops/lettuce_20260830_064504/P12.jpg,/hydroponic_project/data_collection/crops/lettuce_20260830_064504/P12_224.jpg,28.87,29.1,80.0,6.21,2.7064,1.552,776.2,2.2128,OK,64763,5.953488349914551,1.0080358982086182,76.32524871826172
CAP_20260830_070004,2026-08-30 07:00:04,P01,/hydroponic_project/data_collection/images/lettuce_20260830_070004.jpg,/hydroponic_project/data_collection/crops/lettuce_20260830_070004/P01.jpg,/hydroponic_project/data_collection/crops/lettuce_20260830_070004/P01_224.jpg,28.87,29.6,77.1,6.21,2.7064,1.546,772.9,2.207,OK,59999,4.0,1.0097202062606812,122.84605407714844
CAP_20260830_070004,2026-08-30 07:00:04,P02,/hydroponic_project/data_collection/images/lettuce_20260830_070004.jpg,/hydroponic_project/data_collection/crops/lettuce_20260830_070004/P02.jpg,/hydroponic_project/data_collection/crops/lettuce_20260830_070004/P02_224.jpg,28.87,29.6,77.1,6.21,2.7064,1.546,772.9,2.207,OK,59999,4.0,1.0097202062606812,122.84605407714844
CAP_20260830_070004,2026-08-30 07:00:04,P03,/hydroponic_project/data_collection/images/lettuce_20260830_070004.jpg,/hydroponic_project/data_collection/crops/lettuce_20260830_070004/P03.jpg,/hydroponic_project/data_collection/crops/lettuce_20260830_070004/P03_224.jpg,28.87,29.6,77.1,6.21,2.7064,1.546,772.9,2.207,OK,59999,4.0,1.0097202062606812,122.84605407714844
CAP_20260830_070004,2026-08-30 07:00:04,P04,/hydroponic_project/data_collection/images/lettuce_20260830_070004.jpg,/hydroponic_project/data_collection/crops/lettuce_20260830_070004/P04.jpg,/hydroponic_project/data_collection/crops/lettuce_20260830_070004/P04_224.jpg,28.87,29.6,77.1,6.21,2.7064,1.546,772.9,2.207,OK,59999,4.0,1.0097202062606812,122.84605407714844
CAP_20260830_070004,2026-08-30 07:00:04,P05,/hydroponic_project/data_collection/images/lettuce_20260830_070004.jpg,/hydroponic_project/data_collection/crops/lettuce_20260830_070004/P05.jpg,/hydroponic_project/data_collection/crops/lettuce_20260830_070004/P05_224.jpg,28.87,29.6,77.1,6.21,2.7064,1.546,772.9,2.207,OK,59999,4.0,1.0097202062606812,122.84605407714844
CAP_20260830_070004,2026-08-30 07:00:04,P06,/hydroponic_project/data_collection/images/lettuce_20260830_070004.jpg,/hydroponic_project/data_collection/crops/lettuce_20260830_070004/P06.jpg,/hydroponic_project/data_collection/crops/lettuce_20260830_070004/P06_224.jpg,28.87,29.6,77.1,6.21,2.7064,1.546,772.9,2.207,OK,59999,4.0,1.0097202062606812,122.84605407714844
CAP_20260830_070004,2026-08-30 07:00:04,P07,/hydroponic_project/data_collection/images/lettuce_20260830_070004.jpg,/hydroponic_project/data_collection/crops/lettuce_20260830_070004/P07.jpg,/hydroponic_project/data_collection/crops/lettuce_20260830_070004/P07_224.jpg,28.87,29.6,77.1,6.21,2.7064,1.546,772.9,2.207,OK,59999,4.0,1.0097202062606812,122.84605407714844
CAP_20260830_070004,2026-08-30 07:00:04,P08,/hydroponic_project/data_collection/images/lettuce_20260830_070004.jpg,/hydroponic_project/data_collection/crops/lettuce_20260830_070004/P08.jpg,/hydroponic_project/data_collection/crops/lettuce_20260830_070004/P08_224.jpg,28.87,29.6,77.1,6.21,2.7064,1.546,772.9,2.207,OK,59999,4.0,1.0097202062606812,122.84605407714844
CAP_20260830_070004,2026-08-30 07:00:04,P09,/hydroponic_project/data_collection/images/lettuce_20260830_070004.jpg,/hydroponic_project/data_collection/crops/lettuce_20260830_070004/P09.jpg,/hydroponic_project/data_collection/crops/lettuce_20260830_070004/P09_224.jpg,28.87,29.6,77.1,6.21,2.7064,1.546,772.9,2.207,OK,59999,4.0,1.0097202062606812,122.84605407714844
CAP_20260830_070004,2026-08-30 07:00:04,P10,/hydroponic_project/data_collection/images/lettuce_20260830_070004.jpg,/hydroponic_project/data_collection/crops/lettuce_20260830_070004/P10.jpg,/hydroponic_project/data_collection/crops/lettuce_20260830_070004/P10_224.jpg,28.87,29.6,77.1,6.21,2.7064,1.546,772.9,2.207,OK,59999,4.0,1.0097202062606812,122.84605407714844
CAP_20260830_070004,2026-08-30 07:00:04,P11,/hydroponic_project/data_collection/images/lettuce_20260830_070004.jpg,/hydroponic_project/data_collection/crops/lettuce_20260830_070004/P11.jpg,/hydroponic_project/data_collection/crops/lettuce_20260830_070004/P11_224.jpg,28.87,29.6,77.1,6.21,2.7064,1.546,772.9,2.207,OK,59999,4.0,1.0097202062606812,122.84605407714844
CAP_20260830_070004,2026-08-30 07:00:04,P12,/hydroponic_project/data_collection/images/lettuce_20260830_070004.jpg,/hydroponic_project/data_collection/crops/lettuce_20260830_070004/P12.jpg,/hydroponic_project/data_collection/crops/lettuce_20260830_070004/P12_224.jpg,28.87,29.6,77.1,6.21,2.7064,1.546,772.9,2.207,OK,59999,4.0,1.0097202062606812,122.84605407714844
CAP_20260830_071503,2026-08-30 07:15:03,P01,/hydroponic_project/data_collection/images/lettuce_20260830_071503.jpg,/hydroponic_project/data_collection/crops/lettuce_20260830_071503/P01.jpg,/hydroponic_project/data_collection/crops/lettuce_20260830_071503/P01_224.jpg,28.94,30.0,77.0,6.35,2.6833,1.576,788.2,2.2356,OK,45462,4.0,1.0003613233566284,161.6306915283203
CAP_20260830_071503,2026-08-30 07:15:03,P02,/hydroponic_project/data_collection/images/lettuce_20260830_071503.jpg,/hydroponic_project/data_collection/crops/lettuce_20260830_071503/P02.jpg,/hydroponic_project/data_collection/crops/lettuce_20260830_071503/P02_224.jpg,28.94,30.0,77.0,6.35,2.6833,1.576,788.2,2.2356,OK,45462,4.0,1.0003613233566284,161.6306915283203
CAP_20260830_071503,2026-08-30 07:15:03,P03,/hydroponic_project/data_collection/images/lettuce_20260830_071503.jpg,/hydroponic_project/data_collection/crops/lettuce_20260830_071503/P03.jpg,/hydroponic_project/data_collection/crops/lettuce_20260830_071503/P03_224.jpg,28.94,30.0,77.0,6.35,2.6833,1.576,788.2,2.2356,OK,45462,4.0,1.0003613233566284,161.6306915283203
CAP_20260830_071503,2026-08-30 07:15:03,P04,/hydroponic_project/data_collection/images/lettuce_20260830_071503.jpg,/hydroponic_project/data_collection/crops/lettuce_20260830_071503/P04.jpg,/hydroponic_project/data_collection/crops/lettuce_20260830_071503/P04_224.jpg,28.94,30.0,77.0,6.35,2.6833,1.576,788.2,2.2356,OK,45462,4.0,1.0003613233566284,161.6306915283203
CAP_20260830_071503,2026-08-30 07:15:03,P05,/hydroponic_project/data_collection/images/lettuce_20260830_071503.jpg,/hydroponic_project/data_collection/crops/lettuce_20260830_071503/P05.jpg,/hydroponic_project/data_collection/crops/lettuce_20260830_071503/P05_224.jpg,28.94,30.0,77.0,6.35,2.6833,1.576,788.2,2.2356,OK,45462,4.0,1.0003613233566284,161.6306915283203
CAP_20260830_071503,2026-08-30 07:15:03,P06,/hydroponic_project/data_collection/images/lettuce_20260830_071503.jpg,/hydroponic_project/data_collection/crops/lettuce_20260830_071503/P06.jpg,/hydroponic_project/data_collection/crops/lettuce_20260830_071503/P06_224.jpg,28.94,30.0,77.0,6.35,2.6833,1.576,788.2,2.2356,OK,45462,4.0,1.0003613233566284,161.6306915283203
CAP_20260830_071503,2026-08-30 07:15:03,P07,/hydroponic_project/data_collection/images/lettuce_20260830_071503.jpg,/hydroponic_project/data_collection/crops/lettuce_20260830_071503/P07.jpg,/hydroponic_project/data_collection/crops/lettuce_20260830_071503/P07_224.jpg,28.94,30.0,77.0,6.35,2.6833,1.576,788.2,2.2356,OK,45462,4.0,1.0003613233566284,161.6306915283203
CAP_20260830_071503,2026-08-30 07:15:03,P08,/hydroponic_project/data_collection/images/lettuce_20260830_071503.jpg,/hydroponic_project/data_collection/crops/lettuce_20260830_071503/P08.jpg,/hydroponic_project/data_collection/crops/lettuce_20260830_071503/P08_224.jpg,28.94,30.0,77.0,6.35,2.6833,1.576,788.2,2.2356,OK,45462,4.0,1.0003613233566284,161.6306915283203
CAP_20260830_071503,2026-08-30 07:15:03,P09,/hydroponic_project/data_collection/images/lettuce_20260830_071503.jpg,/hydroponic_project/data_collection/crops/lettuce_20260830_071503/P09.jpg,/hydroponic_project/data_collection/crops/lettuce_20260830_071503/P09_224.jpg,28.94,30.0,77.0,6.35,2.6833,1.576,788.2,2.2356,OK,45462,4.0,1.0003613233566284,161.6306915283203
CAP_20260830_071503,2026-08-30 07:15:03,P10,/hydroponic_project/data_collection/images/lettuce_20260830_071503.jpg,/hydroponic_project/data_collection/crops/lettuce_20260830_071503/P10.jpg,/hydroponic_project/data_collection/crops/lettuce_20260830_071503/P10_224.jpg,28.94,30.0,77.0,6.35,2.6833,1.576,788.2,2.2356,OK,45462,4.0,1.0003613233566284,161.6306915283203
CAP_20260830_071503,2026-08-30 07:15:03,P11,/hydroponic_project/data_collection/images/lettuce_20260830_071503.jpg,/hydroponic_project/data_collection/crops/lettuce_20260830_071503/P11.jpg,/hydroponic_project/data_collection/crops/lettuce_20260830_071503/P11_224.jpg,28.94,30.0,77.0,6.35,2.6833,1.576,788.2,2.2356,OK,45462,4.0,1.0003613233566284,161.6306915283203
CAP_20260830_071503,2026-08-30 07:15:03,P12,/hydroponic_project/data_collection/images/lettuce_20260830_071503.jpg,/hydroponic_project/data_collection/crops/lettuce_20260830_071503/P12.jpg,/hydroponic_project/data_collection/crops/lettuce_20260830_071503/P12_224.jpg,28.94,30.0,77.0,6.35,2.6833,1.576,788.2,2.2356,OK,45462,4.0,1.0003613233566284,161.6306915283203
CAP_20260830_073004,2026-08-30 07:30:04,P01,/hydroponic_project/data_collection/images/lettuce_20260830_073004.jpg,/hydroponic_project/data_collection/crops/lettuce_20260830_073004/P01.jpg,/hydroponic_project/data_collection/crops/lettuce_20260830_073004/P01_224.jpg,29.0,30.4,77.3,6.26,2.6986,1.623,811.7,2.2773,OK,53232,4.0,1.0001981258392334,142.105712890625
CAP_20260830_073004,2026-08-30 07:30:04,P02,/hydroponic_project/data_collection/images/lettuce_20260830_073004.jpg,/hydroponic_project/data_collection/crops/lettuce_20260830_073004/P02.jpg,/hydroponic_project/data_collection/crops/lettuce_20260830_073004/P02_224.jpg,29.0,30.4,77.3,6.26,2.6986,1.623,811.7,2.2773,OK,53232,4.0,1.0001981258392334,142.105712890625
CAP_20260830_073004,2026-08-30 07:30:04,P03,/hydroponic_project/data_collection/images/lettuce_20260830_073004.jpg,/hydroponic_project/data_collection/crops/lettuce_20260830_073004/P03.jpg,/hydroponic_project/data_collection/crops/lettuce_20260830_073004/P03_224.jpg,29.0,30.4,77.3,6.26,2.6986,1.623,811.7,2.2773,OK,53232,4.0,1.0001981258392334,142.105712890625
CAP_20260830_073004,2026-08-30 07:30:04,P04,/hydroponic_project/data_collection/images/lettuce_20260830_073004.jpg,/hydroponic_project/data_collection/crops/lettuce_20260830_073004/P04.jpg,/hydroponic_project/data_collection/crops/lettuce_20260830_073004/P04_224.jpg,29.0,30.4,77.3,6.26,2.6986,1.623,811.7,2.2773,OK,53232,4.0,1.0001981258392334,142.105712890625
CAP_20260830_073004,2026-08-30 07:30:04,P05,/hydroponic_project/data_collection/images/lettuce_20260830_073004.jpg,/hydroponic_project/data_collection/crops/lettuce_20260830_073004/P05.jpg,/hydroponic_project/data_collection/crops/lettuce_20260830_073004/P05_224.jpg,29.0,30.4,77.3,6.26,2.6986,1.623,811.7,2.2773,OK,53232,4.0,1.0001981258392334,142.105712890625
CAP_20260830_073004,2026-08-30 07:30:04,P06,/hydroponic_project/data_collection/images/lettuce_20260830_073004.jpg,/hydroponic_project/data_collection/crops/lettuce_20260830_073004/P06.jpg,/hydroponic_project/data_collection/crops/lettuce_20260830_073004/P06_224.jpg,29.0,30.4,77.3,6.26,2.6986,1.623,811.7,2.2773,OK,53232,4.0,1.0001981258392334,142.105712890625
CAP_20260830_073004,2026-08-30 07:30:04,P07,/hydroponic_project/data_collection/images/lettuce_20260830_073004.jpg,/hydroponic_project/data_collection/crops/lettuce_20260830_073004/P07.jpg,/hydroponic_project/data_collection/crops/lettuce_20260830_073004/P07_224.jpg,29.0,30.4,77.3,6.26,2.6986,1.623,811.7,2.2773,OK,53232,4.0,1.0001981258392334,142.105712890625
CAP_20260830_073004,2026-08-30 07:30:04,P08,/hydroponic_project/data_collection/images/lettuce_20260830_073004.jpg,/hydroponic_project/data_collection/crops/lettuce_20260830_073004/P08.jpg,/hydroponic_project/data_collection/crops/lettuce_20260830_073004/P08_224.jpg,29.0,30.4,77.3,6.26,2.6986,1.623,811.7,2.2773,OK,53232,4.0,1.0001981258392334,142.105712890625
CAP_20260830_073004,2026-08-30 07:30:04,P09,/hydroponic_project/data_collection/images/lettuce_20260830_073004.jpg,/hydroponic_project/data_collection/crops/lettuce_20260830_073004/P09.jpg,/hydroponic_project/data_collection/crops/lettuce_20260830_073004/P09_224.jpg,29.0,30.4,77.3,6.26,2.6986,1.623,811.7,2.2773,OK,53232,4.0,1.0001981258392334,142.105712890625
CAP_20260830_073004,2026-08-30 07:30:04,P10,/hydroponic_project/data_collection/images/lettuce_20260830_073004.jpg,/hydroponic_project/data_collection/crops/lettuce_20260830_073004/P10.jpg,/hydroponic_project/data_collection/crops/lettuce_20260830_073004/P10_224.jpg,29.0,30.4,77.3,6.26,2.6986,1.623,811.7,2.2773,OK,53232,4.0,1.0001981258392334,142.105712890625
CAP_20260830_073004,2026-08-30 07:30:04,P11,/hydroponic_project/data_collection/images/lettuce_20260830_073004.jpg,/hydroponic_project/data_collection/crops/lettuce_20260830_073004/P11.jpg,/hydroponic_project/data_collection/crops/lettuce_20260830_073004/P11_224.jpg,29.0,30.4,77.3,6.26,2.6986,1.623,811.7,2.2773,OK,53232,4.0,1.0001981258392334,142.105712890625
CAP_20260830_073004,2026-08-30 07:30:04,P12,/hydroponic_project/data_collection/images/lettuce_20260830_073004.jpg,/hydroponic_project/data_collection/crops/lettuce_20260830_073004/P12.jpg,/hydroponic_project/data_collection/crops/lettuce_20260830_073004/P12_224.jpg,29.0,30.4,77.3,6.26,2.6986,1.623,811.7,2.2773,OK,53232,4.0,1.0001981258392334,142.105712890625
CAP_20260830_074504,2026-08-30 07:45:04,P01,/hydroponic_project/data_collection/images/lettuce_20260830_074504.jpg,/hydroponic_project/data_collection/crops/lettuce_20260830_074504/P01.jpg,/hydroponic_project/data_collection/crops/lettuce_20260830_074504/P01_224.jpg,28.94,30.6,75.5,6.3,2.6929,1.622,811.1,2.2736,OK,59999,4.196721076965332,1.0084768533706665,115.23822021484375
CAP_20260830_074504,2026-08-30 07:45:04,P02,/hydroponic_project/data_collection/images/lettuce_20260830_074504.jpg,/hydroponic_project/data_collection/crops/lettuce_20260830_074504/P02.jpg,/hydroponic_project/data_collection/crops/lettuce_20260830_074504/P02_224.jpg,28.94,30.6,75.5,6.3,2.6929,1.622,811.1,2.2736,OK,59999,4.196721076965332,1.0084768533706665,115.23822021484375
CAP_20260830_074504,2026-08-30 07:45:04,P03,/hydroponic_project/data_collection/images/lettuce_20260830_074504.jpg,/hydroponic_project/data_collection/crops/lettuce_20260830_074504/P03.jpg,/hydroponic_project/data_collection/crops/lettuce_20260830_074504/P03_224.jpg,28.94,30.6,75.5,6.3,2.6929,1.622,811.1,2.2736,OK,59999,4.196721076965332,1.0084768533706665,115.23822021484375
CAP_20260830_074504,2026-08-30 07:45:04,P04,/hydroponic_project/data_collection/images/lettuce_20260830_074504.jpg,/hydroponic_project/data_collection/crops/lettuce_20260830_074504/P04.jpg,/hydroponic_project/data_collection/crops/lettuce_20260830_074504/P04_224.jpg,28.94,30.6,75.5,6.3,2.6929,1.622,811.1,2.2736,OK,59999,4.196721076965332,1.0084768533706665,115.23822021484375
CAP_20260830_074504,2026-08-30 07:45:04,P05,/hydroponic_project/data_collection/images/lettuce_20260830_074504.jpg,/hydroponic_project/data_collection/crops/lettuce_20260830_074504/P05.jpg,/hydroponic_project/data_collection/crops/lettuce_20260830_074504/P05_224.jpg,28.94,30.6,75.5,6.3,2.6929,1.622,811.1,2.2736,OK,59999,4.196721076965332,1.0084768533706665,115.23822021484375
CAP_20260830_074504,2026-08-30 07:45:04,P06,/hydroponic_project/data_collection/images/lettuce_20260830_074504.jpg,/hydroponic_project/data_collection/crops/lettuce_20260830_074504/P06.jpg,/hydroponic_project/data_collection/crops/lettuce_20260830_074504/P06_224.jpg,28.94,30.6,75.5,6.3,2.6929,1.622,811.1,2.2736,OK,59999,4.196721076965332,1.0084768533706665,115.23822021484375
CAP_20260830_074504,2026-08-30 07:45:04,P07,/hydroponic_project/data_collection/images/lettuce_20260830_074504.jpg,/hydroponic_project/data_collection/crops/lettuce_20260830_074504/P07.jpg,/hydroponic_project/data_collection/crops/lettuce_20260830_074504/P07_224.jpg,28.94,30.6,75.5,6.3,2.6929,1.622,811.1,2.2736,OK,59999,4.196721076965332,1.0084768533706665,115.23822021484375
CAP_20260830_074504,2026-08-30 07:45:04,P08,/hydroponic_project/data_collection/images/lettuce_20260830_074504.jpg,/hydroponic_project/data_collection/crops/lettuce_20260830_074504/P08.jpg,/hydroponic_project/data_collection/crops/lettuce_20260830_074504/P08_224.jpg,28.94,30.6,75.5,6.3,2.6929,1.622,811.1,2.2736,OK,59999,4.196721076965332,1.0084768533706665,115.23822021484375
CAP_20260830_074504,2026-08-30 07:45:04,P09,/hydroponic_project/data_collection/images/lettuce_20260830_074504.jpg,/hydroponic_project/data_collection/crops/lettuce_20260830_074504/P09.jpg,/hydroponic_project/data_collection/crops/lettuce_20260830_074504/P09_224.jpg,28.94,30.6,75.5,6.3,2.6929,1.622,811.1,2.2736,OK,59999,4.196721076965332,1.0084768533706665,115.23822021484375
CAP_20260830_074504,2026-08-30 07:45:04,P10,/hydroponic_project/data_collection/images/lettuce_20260830_074504.jpg,/hydroponic_project/data_collection/crops/lettuce_20260830_074504/P10.jpg,/hydroponic_project/data_collection/crops/lettuce_20260830_074504/P10_224.jpg,28.94,30.6,75.5,6.3,2.6929,1.622,811.1,2.2736,OK,59999,4.196721076965332,1.0084768533706665,115.23822021484375
CAP_20260830_074504,2026-08-30 07:45:04,P11,/hydroponic_project/data_collection/images/lettuce_20260830_074504.jpg,/hydroponic_project/data_collection/crops/lettuce_20260830_074504/P11.jpg,/hydroponic_project/data_collection/crops/lettuce_20260830_074504/P11_224.jpg,28.94,30.6,75.5,6.3,2.6929,1.622,811.1,2.2736,OK,59999,4.196721076965332,1.0084768533706665,115.23822021484375
CAP_20260830_074504,2026-08-30 07:45:04,P12,/hydroponic_project/data_collection/images/lettuce_20260830_074504.jpg,/hydroponic_project/data_collection/crops/lettuce_20260830_074504/P12.jpg,/hydroponic_project/data_collection/crops/lettuce_20260830_074504/P12_224.jpg,28.94,30.6,75.5,6.3,2.6929,1.622,811.1,2.2736,OK,59999,4.196721076965332,1.0084768533706665,115.23822021484375
CAP_20260830_080003,2026-08-30 08:00:03,P01,/hydroponic_project/data_collection/images/lettuce_20260830_080003.jpg,/hydroponic_project/data_collection/crops/lettuce_20260830_080003/P01.jpg,/hydroponic_project/data_collection/crops/lettuce_20260830_080003/P01_224.jpg,28.94,30.4,76.5,6.22,2.7045,1.618,809.1,2.2704,OK,32532,4.0,1.0005146265029907,221.38990783691406
CAP_20260830_080003,2026-08-30 08:00:03,P02,/hydroponic_project/data_collection/images/lettuce_20260830_080003.jpg,/hydroponic_project/data_collection/crops/lettuce_20260830_080003/P02.jpg,/hydroponic_project/data_collection/crops/lettuce_20260830_080003/P02_224.jpg,28.94,30.4,76.5,6.22,2.7045,1.618,809.1,2.2704,OK,32532,4.0,1.0005146265029907,221.38990783691406
CAP_20260830_080003,2026-08-30 08:00:03,P03,/hydroponic_project/data_collection/images/lettuce_20260830_080003.jpg,/hydroponic_project/data_collection/crops/lettuce_20260830_080003/P03.jpg,/hydroponic_project/data_collection/crops/lettuce_20260830_080003/P03_224.jpg,28.94,30.4,76.5,6.22,2.7045,1.618,809.1,2.2704,OK,32532,4.0,1.0005146265029907,221.38990783691406
CAP_20260830_080003,2026-08-30 08:00:03,P04,/hydroponic_project/data_collection/images/lettuce_20260830_080003.jpg,/hydroponic_project/data_collection/crops/lettuce_20260830_080003/P04.jpg,/hydroponic_project/data_collection/crops/lettuce_20260830_080003/P04_224.jpg,28.94,30.4,76.5,6.22,2.7045,1.618,809.1,2.2704,OK,32532,4.0,1.0005146265029907,221.38990783691406
CAP_20260830_080003,2026-08-30 08:00:03,P05,/hydroponic_project/data_collection/images/lettuce_20260830_080003.jpg,/hydroponic_project/data_collection/crops/lettuce_20260830_080003/P05.jpg,/hydroponic_project/data_collection/crops/lettuce_20260830_080003/P05_224.jpg,28.94,30.4,76.5,6.22,2.7045,1.618,809.1,2.2704,OK,32532,4.0,1.0005146265029907,221.38990783691406
CAP_20260830_080003,2026-08-30 08:00:03,P06,/hydroponic_project/data_collection/images/lettuce_20260830_080003.jpg,/hydroponic_project/data_collection/crops/lettuce_20260830_080003/P06.jpg,/hydroponic_project/data_collection/crops/lettuce_20260830_080003/P06_224.jpg,28.94,30.4,76.5,6.22,2.7045,1.618,809.1,2.2704,OK,32532,4.0,1.0005146265029907,221.38990783691406
CAP_20260830_080003,2026-08-30 08:00:03,P07,/hydroponic_project/data_collection/images/lettuce_20260830_080003.jpg,/hydroponic_project/data_collection/crops/lettuce_20260830_080003/P07.jpg,/hydroponic_project/data_collection/crops/lettuce_20260830_080003/P07_224.jpg,28.94,30.4,76.5,6.22,2.7045,1.618,809.1,2.2704,OK,32532,4.0,1.0005146265029907,221.38990783691406
CAP_20260830_080003,2026-08-30 08:00:03,P08,/hydroponic_project/data_collection/images/lettuce_20260830_080003.jpg,/hydroponic_project/data_collection/crops/lettuce_20260830_080003/P08.jpg,/hydroponic_project/data_collection/crops/lettuce_20260830_080003/P08_224.jpg,28.94,30.4,76.5,6.22,2.7045,1.618,809.1,2.2704,OK,32532,4.0,1.0005146265029907,221.38990783691406
CAP_20260830_080003,2026-08-30 08:00:03,P09,/hydroponic_project/data_collection/images/lettuce_20260830_080003.jpg,/hydroponic_project/data_collection/crops/lettuce_20260830_080003/P09.jpg,/hydroponic_project/data_collection/crops/lettuce_20260830_080003/P09_224.jpg,28.94,30.4,76.5,6.22,2.7045,1.618,809.1,2.2704,OK,32532,4.0,1.0005146265029907,221.38990783691406
CAP_20260830_080003,2026-08-30 08:00:03,P10,/hydroponic_project/data_collection/images/lettuce_20260830_080003.jpg,/hydroponic_project/data_collection/crops/lettuce_20260830_080003/P10.jpg,/hydroponic_project/data_collection/crops/lettuce_20260830_080003/P10_224.jpg,28.94,30.4,76.5,6.22,2.7045,1.618,809.1,2.2704,OK,32532,4.0,1.0005146265029907,221.38990783691406
CAP_20260830_080003,2026-08-30 08:00:03,P11,/hydroponic_project/data_collection/images/lettuce_20260830_080003.jpg,/hydroponic_project/data_collection/crops/lettuce_20260830_080003/P11.jpg,/hydroponic_project/data_collection/crops/lettuce_20260830_080003/P11_224.jpg,28.94,30.4,76.5,6.22,2.7045,1.618,809.1,2.2704,OK,32532,4.0,1.0005146265029907,221.38990783691406
CAP_20260830_080003,2026-08-30 08:00:03,P12,/hydroponic_project/data_collection/images/lettuce_20260830_080003.jpg,/hydroponic_project/data_collection/crops/lettuce_20260830_080003/P12.jpg,/hydroponic_project/data_collection/crops/lettuce_20260830_080003/P12_224.jpg,28.94,30.4,76.5,6.22,2.7045,1.618,809.1,2.2704,OK,32532,4.0,1.0005146265029907,221.38990783691406
CAP_20260830_081503,2026-08-30 08:15:03,P01,/hydroponic_project/data_collection/images/lettuce_20260830_081503.jpg,/hydroponic_project/data_collection/crops/lettuce_20260830_081503/P01.jpg,/hydroponic_project/data_collection/crops/lettuce_20260830_081503/P01_224.jpg,29.0,30.5,75.2,6.3,2.6921,1.612,805.8,2.2676,OK,57617,4.0,1.0001037120819092,126.1030502319336
CAP_20260830_081503,2026-08-30 08:15:03,P02,/hydroponic_project/data_collection/images/lettuce_20260830_081503.jpg,/hydroponic_project/data_collection/crops/lettuce_20260830_081503/P02.jpg,/hydroponic_project/data_collection/crops/lettuce_20260830_081503/P02_224.jpg,29.0,30.5,75.2,6.3,2.6921,1.612,805.8,2.2676,OK,57617,4.0,1.0001037120819092,126.1030502319336
CAP_20260830_081503,2026-08-30 08:15:03,P03,/hydroponic_project/data_collection/images/lettuce_20260830_081503.jpg,/hydroponic_project/data_collection/crops/lettuce_20260830_081503/P03.jpg,/hydroponic_project/data_collection/crops/lettuce_20260830_081503/P03_224.jpg,29.0,30.5,75.2,6.3,2.6921,1.612,805.8,2.2676,OK,57617,4.0,1.0001037120819092,126.1030502319336
CAP_20260830_081503,2026-08-30 08:15:03,P04,/hydroponic_project/data_collection/images/lettuce_20260830_081503.jpg,/hydroponic_project/data_collection/crops/lettuce_20260830_081503/P04.jpg,/hydroponic_project/data_collection/crops/lettuce_20260830_081503/P04_224.jpg,29.0,30.5,75.2,6.3,2.6921,1.612,805.8,2.2676,OK,57617,4.0,1.0001037120819092,126.1030502319336
CAP_20260830_081503,2026-08-30 08:15:03,P05,/hydroponic_project/data_collection/images/lettuce_20260830_081503.jpg,/hydroponic_project/data_collection/crops/lettuce_20260830_081503/P05.jpg,/hydroponic_project/data_collection/crops/lettuce_20260830_081503/P05_224.jpg,29.0,30.5,75.2,6.3,2.6921,1.612,805.8,2.2676,OK,57617,4.0,1.0001037120819092,126.1030502319336
CAP_20260830_081503,2026-08-30 08:15:03,P06,/hydroponic_project/data_collection/images/lettuce_20260830_081503.jpg,/hydroponic_project/data_collection/crops/lettuce_20260830_081503/P06.jpg,/hydroponic_project/data_collection/crops/lettuce_20260830_081503/P06_224.jpg,29.0,30.5,75.2,6.3,2.6921,1.612,805.8,2.2676,OK,57617,4.0,1.0001037120819092,126.1030502319336
CAP_20260830_081503,2026-08-30 08:15:03,P07,/hydroponic_project/data_collection/images/lettuce_20260830_081503.jpg,/hydroponic_project/data_collection/crops/lettuce_20260830_081503/P07.jpg,/hydroponic_project/data_collection/crops/lettuce_20260830_081503/P07_224.jpg,29.0,30.5,75.2,6.3,2.6921,1.612,805.8,2.2676,OK,57617,4.0,1.0001037120819092,126.1030502319336
CAP_20260830_081503,2026-08-30 08:15:03,P08,/hydroponic_project/data_collection/images/lettuce_20260830_081503.jpg,/hydroponic_project/data_collection/crops/lettuce_20260830_081503/P08.jpg,/hydroponic_project/data_collection/crops/lettuce_20260830_081503/P08_224.jpg,29.0,30.5,75.2,6.3,2.6921,1.612,805.8,2.2676,OK,57617,4.0,1.0001037120819092,126.1030502319336
CAP_20260830_081503,2026-08-30 08:15:03,P09,/hydroponic_project/data_collection/images/lettuce_20260830_081503.jpg,/hydroponic_project/data_collection/crops/lettuce_20260830_081503/P09.jpg,/hydroponic_project/data_collection/crops/lettuce_20260830_081503/P09_224.jpg,29.0,30.5,75.2,6.3,2.6921,1.612,805.8,2.2676,OK,57617,4.0,1.0001037120819092,126.1030502319336
CAP_20260830_081503,2026-08-30 08:15:03,P10,/hydroponic_project/data_collection/images/lettuce_20260830_081503.jpg,/hydroponic_project/data_collection/crops/lettuce_20260830_081503/P10.jpg,/hydroponic_project/data_collection/crops/lettuce_20260830_081503/P10_224.jpg,29.0,30.5,75.2,6.3,2.6921,1.612,805.8,2.2676,OK,57617,4.0,1.0001037120819092,126.1030502319336
CAP_20260830_081503,2026-08-30 08:15:03,P11,/hydroponic_project/data_collection/images/lettuce_20260830_081503.jpg,/hydroponic_project/data_collection/crops/lettuce_20260830_081503/P11.jpg,/hydroponic_project/data_collection/crops/lettuce_20260830_081503/P11_224.jpg,29.0,30.5,75.2,6.3,2.6921,1.612,805.8,2.2676,OK,57617,4.0,1.0001037120819092,126.1030502319336
CAP_20260830_081503,2026-08-30 08:15:03,P12,/hydroponic_project/data_collection/images/lettuce_20260830_081503.jpg,/hydroponic_project/data_collection/crops/lettuce_20260830_081503/P12.jpg,/hydroponic_project/data_collection/crops/lettuce_20260830_081503/P12_224.jpg,29.0,30.5,75.2,6.3,2.6921,1.612,805.8,2.2676,OK,57617,4.0,1.0001037120819092,126.1030502319336
CAP_20260830_083004,2026-08-30 08:30:04,P01,/hydroponic_project/data_collection/images/lettuce_20260830_083004.jpg,/hydroponic_project/data_collection/crops/lettuce_20260830_083004/P01.jpg,/hydroponic_project/data_collection/crops/lettuce_20260830_083004/P01_224.jpg,28.94,30.7,74.6,6.24,2.701,1.611,805.7,2.2648,OK,29999,3.2820513248443604,1.0040578842163086,285.3414306640625
CAP_20260830_083004,2026-08-30 08:30:04,P02,/hydroponic_project/data_collection/images/lettuce_20260830_083004.jpg,/hydroponic_project/data_collection/crops/lettuce_20260830_083004/P02.jpg,/hydroponic_project/data_collection/crops/lettuce_20260830_083004/P02_224.jpg,28.94,30.7,74.6,6.24,2.701,1.611,805.7,2.2648,OK,29999,3.2820513248443604,1.0040578842163086,285.3414306640625
CAP_20260830_083004,2026-08-30 08:30:04,P03,/hydroponic_project/data_collection/images/lettuce_20260830_083004.jpg,/hydroponic_project/data_collection/crops/lettuce_20260830_083004/P03.jpg,/hydroponic_project/data_collection/crops/lettuce_20260830_083004/P03_224.jpg,28.94,30.7,74.6,6.24,2.701,1.611,805.7,2.2648,OK,29999,3.2820513248443604,1.0040578842163086,285.3414306640625
CAP_20260830_083004,2026-08-30 08:30:04,P04,/hydroponic_project/data_collection/images/lettuce_20260830_083004.jpg,/hydroponic_project/data_collection/crops/lettuce_20260830_083004/P04.jpg,/hydroponic_project/data_collection/crops/lettuce_20260830_083004/P04_224.jpg,28.94,30.7,74.6,6.24,2.701,1.611,805.7,2.2648,OK,29999,3.2820513248443604,1.0040578842163086,285.3414306640625
CAP_20260830_083004,2026-08-30 08:30:04,P05,/hydroponic_project/data_collection/images/lettuce_20260830_083004.jpg,/hydroponic_project/data_collection/crops/lettuce_20260830_083004/P05.jpg,/hydroponic_project/data_collection/crops/lettuce_20260830_083004/P05_224.jpg,28.94,30.7,74.6,6.24,2.701,1.611,805.7,2.2648,OK,29999,3.2820513248443604,1.0040578842163086,285.3414306640625
CAP_20260830_083004,2026-08-30 08:30:04,P06,/hydroponic_project/data_collection/images/lettuce_20260830_083004.jpg,/hydroponic_project/data_collection/crops/lettuce_20260830_083004/P06.jpg,/hydroponic_project/data_collection/crops/lettuce_20260830_083004/P06_224.jpg,28.94,30.7,74.6,6.24,2.701,1.611,805.7,2.2648,OK,29999,3.2820513248443604,1.0040578842163086,285.3414306640625
CAP_20260830_083004,2026-08-30 08:30:04,P07,/hydroponic_project/data_collection/images/lettuce_20260830_083004.jpg,/hydroponic_project/data_collection/crops/lettuce_20260830_083004/P07.jpg,/hydroponic_project/data_collection/crops/lettuce_20260830_083004/P07_224.jpg,28.94,30.7,74.6,6.24,2.701,1.611,805.7,2.2648,OK,29999,3.2820513248443604,1.0040578842163086,285.3414306640625
CAP_20260830_083004,2026-08-30 08:30:04,P08,/hydroponic_project/data_collection/images/lettuce_20260830_083004.jpg,/hydroponic_project/data_collection/crops/lettuce_20260830_083004/P08.jpg,/hydroponic_project/data_collection/crops/lettuce_20260830_083004/P08_224.jpg,28.94,30.7,74.6,6.24,2.701,1.611,805.7,2.2648,OK,29999,3.2820513248443604,1.0040578842163086,285.3414306640625
CAP_20260830_083004,2026-08-30 08:30:04,P09,/hydroponic_project/data_collection/images/lettuce_20260830_083004.jpg,/hydroponic_project/data_collection/crops/lettuce_20260830_083004/P09.jpg,/hydroponic_project/data_collection/crops/lettuce_20260830_083004/P09_224.jpg,28.94,30.7,74.6,6.24,2.701,1.611,805.7,2.2648,OK,29999,3.2820513248443604,1.0040578842163086,285.3414306640625
CAP_20260830_083004,2026-08-30 08:30:04,P10,/hydroponic_project/data_collection/images/lettuce_20260830_083004.jpg,/hydroponic_project/data_collection/crops/lettuce_20260830_083004/P10.jpg,/hydroponic_project/data_collection/crops/lettuce_20260830_083004/P10_224.jpg,28.94,30.7,74.6,6.24,2.701,1.611,805.7,2.2648,OK,29999,3.2820513248443604,1.0040578842163086,285.3414306640625
CAP_20260830_083004,2026-08-30 08:30:04,P11,/hydroponic_project/data_collection/images/lettuce_20260830_083004.jpg,/hydroponic_project/data_collection/crops/lettuce_20260830_083004/P11.jpg,/hydroponic_project/data_collection/crops/lettuce_20260830_083004/P11_224.jpg,28.94,30.7,74.6,6.24,2.701,1.611,805.7,2.2648,OK,29999,3.2820513248443604,1.0040578842163086,285.3414306640625
CAP_20260830_083004,2026-08-30 08:30:04,P12,/hydroponic_project/data_collection/images/lettuce_20260830_083004.jpg,/hydroponic_project/data_collection/crops/lettuce_20260830_083004/P12.jpg,/hydroponic_project/data_collection/crops/lettuce_20260830_083004/P12_224.jpg,28.94,30.7,74.6,6.24,2.701,1.611,805.7,2.2648,OK,29999,3.2820513248443604,1.0040578842163086,285.3414306640625
CAP_20260830_084504,2026-08-30 08:45:04,P01,/hydroponic_project/data_collection/images/lettuce_20260830_084504.jpg,/hydroponic_project/data_collection/crops/lettuce_20260830_084504/P01.jpg,/hydroponic_project/data_collection/crops/lettuce_20260830_084504/P01_224.jpg,29.0,31.0,74.0,6.25,2.6996,1.606,803.2,2.2633,OK,29999,3.3246753215789795,1.0044207572937012,283.06500244140625
CAP_20260830_084504,2026-08-30 08:45:04,P02,/hydroponic_project/data_collection/images/lettuce_20260830_084504.jpg,/hydroponic_project/data_collection/crops/lettuce_20260830_084504/P02.jpg,/hydroponic_project/data_collection/crops/lettuce_20260830_084504/P02_224.jpg,29.0,31.0,74.0,6.25,2.6996,1.606,803.2,2.2633,OK,29999,3.3246753215789795,1.0044207572937012,283.06500244140625
CAP_20260830_084504,2026-08-30 08:45:04,P03,/hydroponic_project/data_collection/images/lettuce_20260830_084504.jpg,/hydroponic_project/data_collection/crops/lettuce_20260830_084504/P03.jpg,/hydroponic_project/data_collection/crops/lettuce_20260830_084504/P03_224.jpg,29.0,31.0,74.0,6.25,2.6996,1.606,803.2,2.2633,OK,29999,3.3246753215789795,1.0044207572937012,283.06500244140625
CAP_20260830_084504,2026-08-30 08:45:04,P04,/hydroponic_project/data_collection/images/lettuce_20260830_084504.jpg,/hydroponic_project/data_collection/crops/lettuce_20260830_084504/P04.jpg,/hydroponic_project/data_collection/crops/lettuce_20260830_084504/P04_224.jpg,29.0,31.0,74.0,6.25,2.6996,1.606,803.2,2.2633,OK,29999,3.3246753215789795,1.0044207572937012,283.06500244140625
CAP_20260830_084504,2026-08-30 08:45:04,P05,/hydroponic_project/data_collection/images/lettuce_20260830_084504.jpg,/hydroponic_project/data_collection/crops/lettuce_20260830_084504/P05.jpg,/hydroponic_project/data_collection/crops/lettuce_20260830_084504/P05_224.jpg,29.0,31.0,74.0,6.25,2.6996,1.606,803.2,2.2633,OK,29999,3.3246753215789795,1.0044207572937012,283.06500244140625
CAP_20260830_084504,2026-08-30 08:45:04,P06,/hydroponic_project/data_collection/images/lettuce_20260830_084504.jpg,/hydroponic_project/data_collection/crops/lettuce_20260830_084504/P06.jpg,/hydroponic_project/data_collection/crops/lettuce_20260830_084504/P06_224.jpg,29.0,31.0,74.0,6.25,2.6996,1.606,803.2,2.2633,OK,29999,3.3246753215789795,1.0044207572937012,283.06500244140625
CAP_20260830_084504,2026-08-30 08:45:04,P07,/hydroponic_project/data_collection/images/lettuce_20260830_084504.jpg,/hydroponic_project/data_collection/crops/lettuce_20260830_084504/P07.jpg,/hydroponic_project/data_collection/crops/lettuce_20260830_084504/P07_224.jpg,29.0,31.0,74.0,6.25,2.6996,1.606,803.2,2.2633,OK,29999,3.3246753215789795,1.0044207572937012,283.06500244140625
CAP_20260830_084504,2026-08-30 08:45:04,P08,/hydroponic_project/data_collection/images/lettuce_20260830_084504.jpg,/hydroponic_project/data_collection/crops/lettuce_20260830_084504/P08.jpg,/hydroponic_project/data_collection/crops/lettuce_20260830_084504/P08_224.jpg,29.0,31.0,74.0,6.25,2.6996,1.606,803.2,2.2633,OK,29999,3.3246753215789795,1.0044207572937012,283.06500244140625
CAP_20260830_084504,2026-08-30 08:45:04,P09,/hydroponic_project/data_collection/images/lettuce_20260830_084504.jpg,/hydroponic_project/data_collection/crops/lettuce_20260830_084504/P09.jpg,/hydroponic_project/data_collection/crops/lettuce_20260830_084504/P09_224.jpg,29.0,31.0,74.0,6.25,2.6996,1.606,803.2,2.2633,OK,29999,3.3246753215789795,1.0044207572937012,283.06500244140625
CAP_20260830_084504,2026-08-30 08:45:04,P10,/hydroponic_project/data_collection/images/lettuce_20260830_084504.jpg,/hydroponic_project/data_collection/crops/lettuce_20260830_084504/P10.jpg,/hydroponic_project/data_collection/crops/lettuce_20260830_084504/P10_224.jpg,29.0,31.0,74.0,6.25,2.6996,1.606,803.2,2.2633,OK,29999,3.3246753215789795,1.0044207572937012,283.06500244140625
CAP_20260830_084504,2026-08-30 08:45:04,P11,/hydroponic_project/data_collection/images/lettuce_20260830_084504.jpg,/hydroponic_project/data_collection/crops/lettuce_20260830_084504/P11.jpg,/hydroponic_project/data_collection/crops/lettuce_20260830_084504/P11_224.jpg,29.0,31.0,74.0,6.25,2.6996,1.606,803.2,2.2633,OK,29999,3.3246753215789795,1.0044207572937012,283.06500244140625
CAP_20260830_084504,2026-08-30 08:45:04,P12,/hydroponic_project/data_collection/images/lettuce_20260830_084504.jpg,/hydroponic_project/data_collection/crops/lettuce_20260830_084504/P12.jpg,/hydroponic_project/data_collection/crops/lettuce_20260830_084504/P12_224.jpg,29.0,31.0,74.0,6.25,2.6996,1.606,803.2,2.2633,OK,29999,3.3246753215789795,1.0044207572937012,283.06500244140625
CAP_20260830_090003,2026-08-30 09:00:03,P01,/hydroponic_project/data_collection/images/lettuce_20260830_090003.jpg,/hydroponic_project/data_collection/crops/lettuce_20260830_090003/P01.jpg,/hydroponic_project/data_collection/crops/lettuce_20260830_090003/P01_224.jpg,29.06,31.2,73.0,6.34,2.6853,1.601,800.6,2.2616,OK,36540,4.0,1.0003786087036133,199.44091796875
CAP_20260830_090003,2026-08-30 09:00:03,P02,/hydroponic_project/data_collection/images/lettuce_20260830_090003.jpg,/hydroponic_project/data_collection/crops/lettuce_20260830_090003/P02.jpg,/hydroponic_project/data_collection/crops/lettuce_20260830_090003/P02_224.jpg,29.06,31.2,73.0,6.34,2.6853,1.601,800.6,2.2616,OK,36540,4.0,1.0003786087036133,199.44091796875
CAP_20260830_090003,2026-08-30 09:00:03,P03,/hydroponic_project/data_collection/images/lettuce_20260830_090003.jpg,/hydroponic_project/data_collection/crops/lettuce_20260830_090003/P03.jpg,/hydroponic_project/data_collection/crops/lettuce_20260830_090003/P03_224.jpg,29.06,31.2,73.0,6.34,2.6853,1.601,800.6,2.2616,OK,36540,4.0,1.0003786087036133,199.44091796875
CAP_20260830_090003,2026-08-30 09:00:03,P04,/hydroponic_project/data_collection/images/lettuce_20260830_090003.jpg,/hydroponic_project/data_collection/crops/lettuce_20260830_090003/P04.jpg,/hydroponic_project/data_collection/crops/lettuce_20260830_090003/P04_224.jpg,29.06,31.2,73.0,6.34,2.6853,1.601,800.6,2.2616,OK,36540,4.0,1.0003786087036133,199.44091796875
CAP_20260830_090003,2026-08-30 09:00:03,P05,/hydroponic_project/data_collection/images/lettuce_20260830_090003.jpg,/hydroponic_project/data_collection/crops/lettuce_20260830_090003/P05.jpg,/hydroponic_project/data_collection/crops/lettuce_20260830_090003/P05_224.jpg,29.06,31.2,73.0,6.34,2.6853,1.601,800.6,2.2616,OK,36540,4.0,1.0003786087036133,199.44091796875
CAP_20260830_090003,2026-08-30 09:00:03,P06,/hydroponic_project/data_collection/images/lettuce_20260830_090003.jpg,/hydroponic_project/data_collection/crops/lettuce_20260830_090003/P06.jpg,/hydroponic_project/data_collection/crops/lettuce_20260830_090003/P06_224.jpg,29.06,31.2,73.0,6.34,2.6853,1.601,800.6,2.2616,OK,36540,4.0,1.0003786087036133,199.44091796875
CAP_20260830_090003,2026-08-30 09:00:03,P07,/hydroponic_project/data_collection/images/lettuce_20260830_090003.jpg,/hydroponic_project/data_collection/crops/lettuce_20260830_090003/P07.jpg,/hydroponic_project/data_collection/crops/lettuce_20260830_090003/P07_224.jpg,29.06,31.2,73.0,6.34,2.6853,1.601,800.6,2.2616,OK,36540,4.0,1.0003786087036133,199.44091796875
CAP_20260830_090003,2026-08-30 09:00:03,P08,/hydroponic_project/data_collection/images/lettuce_20260830_090003.jpg,/hydroponic_project/data_collection/crops/lettuce_20260830_090003/P08.jpg,/hydroponic_project/data_collection/crops/lettuce_20260830_090003/P08_224.jpg,29.06,31.2,73.0,6.34,2.6853,1.601,800.6,2.2616,OK,36540,4.0,1.0003786087036133,199.44091796875
CAP_20260830_090003,2026-08-30 09:00:03,P09,/hydroponic_project/data_collection/images/lettuce_20260830_090003.jpg,/hydroponic_project/data_collection/crops/lettuce_20260830_090003/P09.jpg,/hydroponic_project/data_collection/crops/lettuce_20260830_090003/P09_224.jpg,29.06,31.2,73.0,6.34,2.6853,1.601,800.6,2.2616,OK,36540,4.0,1.0003786087036133,199.44091796875
CAP_20260830_090003,2026-08-30 09:00:03,P10,/hydroponic_project/data_collection/images/lettuce_20260830_090003.jpg,/hydroponic_project/data_collection/crops/lettuce_20260830_090003/P10.jpg,/hydroponic_project/data_collection/crops/lettuce_20260830_090003/P10_224.jpg,29.06,31.2,73.0,6.34,2.6853,1.601,800.6,2.2616,OK,36540,4.0,1.0003786087036133,199.44091796875
CAP_20260830_090003,2026-08-30 09:00:03,P11,/hydroponic_project/data_collection/images/lettuce_20260830_090003.jpg,/hydroponic_project/data_collection/crops/lettuce_20260830_090003/P11.jpg,/hydroponic_project/data_collection/crops/lettuce_20260830_090003/P11_224.jpg,29.06,31.2,73.0,6.34,2.6853,1.601,800.6,2.2616,OK,36540,4.0,1.0003786087036133,199.44091796875
CAP_20260830_090003,2026-08-30 09:00:03,P12,/hydroponic_project/data_collection/images/lettuce_20260830_090003.jpg,/hydroponic_project/data_collection/crops/lettuce_20260830_090003/P12.jpg,/hydroponic_project/data_collection/crops/lettuce_20260830_090003/P12_224.jpg,29.06,31.2,73.0,6.34,2.6853,1.601,800.6,2.2616,OK,36540,4.0,1.0003786087036133,199.44091796875
CAP_20260830_091503,2026-08-30 09:15:03,P01,/hydroponic_project/data_collection/images/lettuce_20260830_091503.jpg,/hydroponic_project/data_collection/crops/lettuce_20260830_091503/P01.jpg,/hydroponic_project/data_collection/crops/lettuce_20260830_091503/P01_224.jpg,29.12,31.4,71.1,6.26,2.698,1.597,798.4,2.2606,OK,31379,4.0,1.0003308057785034,236.2327423095703
CAP_20260830_091503,2026-08-30 09:15:03,P02,/hydroponic_project/data_collection/images/lettuce_20260830_091503.jpg,/hydroponic_project/data_collection/crops/lettuce_20260830_091503/P02.jpg,/hydroponic_project/data_collection/crops/lettuce_20260830_091503/P02_224.jpg,29.12,31.4,71.1,6.26,2.698,1.597,798.4,2.2606,OK,31379,4.0,1.0003308057785034,236.2327423095703
CAP_20260830_091503,2026-08-30 09:15:03,P03,/hydroponic_project/data_collection/images/lettuce_20260830_091503.jpg,/hydroponic_project/data_collection/crops/lettuce_20260830_091503/P03.jpg,/hydroponic_project/data_collection/crops/lettuce_20260830_091503/P03_224.jpg,29.12,31.4,71.1,6.26,2.698,1.597,798.4,2.2606,OK,31379,4.0,1.0003308057785034,236.2327423095703
CAP_20260830_091503,2026-08-30 09:15:03,P04,/hydroponic_project/data_collection/images/lettuce_20260830_091503.jpg,/hydroponic_project/data_collection/crops/lettuce_20260830_091503/P04.jpg,/hydroponic_project/data_collection/crops/lettuce_20260830_091503/P04_224.jpg,29.12,31.4,71.1,6.26,2.698,1.597,798.4,2.2606,OK,31379,4.0,1.0003308057785034,236.2327423095703
CAP_20260830_091503,2026-08-30 09:15:03,P05,/hydroponic_project/data_collection/images/lettuce_20260830_091503.jpg,/hydroponic_project/data_collection/crops/lettuce_20260830_091503/P05.jpg,/hydroponic_project/data_collection/crops/lettuce_20260830_091503/P05_224.jpg,29.12,31.4,71.1,6.26,2.698,1.597,798.4,2.2606,OK,31379,4.0,1.0003308057785034,236.2327423095703
CAP_20260830_091503,2026-08-30 09:15:03,P06,/hydroponic_project/data_collection/images/lettuce_20260830_091503.jpg,/hydroponic_project/data_collection/crops/lettuce_20260830_091503/P06.jpg,/hydroponic_project/data_collection/crops/lettuce_20260830_091503/P06_224.jpg,29.12,31.4,71.1,6.26,2.698,1.597,798.4,2.2606,OK,31379,4.0,1.0003308057785034,236.2327423095703
CAP_20260830_091503,2026-08-30 09:15:03,P07,/hydroponic_project/data_collection/images/lettuce_20260830_091503.jpg,/hydroponic_project/data_collection/crops/lettuce_20260830_091503/P07.jpg,/hydroponic_project/data_collection/crops/lettuce_20260830_091503/P07_224.jpg,29.12,31.4,71.1,6.26,2.698,1.597,798.4,2.2606,OK,31379,4.0,1.0003308057785034,236.2327423095703
CAP_20260830_091503,2026-08-30 09:15:03,P08,/hydroponic_project/data_collection/images/lettuce_20260830_091503.jpg,/hydroponic_project/data_collection/crops/lettuce_20260830_091503/P08.jpg,/hydroponic_project/data_collection/crops/lettuce_20260830_091503/P08_224.jpg,29.12,31.4,71.1,6.26,2.698,1.597,798.4,2.2606,OK,31379,4.0,1.0003308057785034,236.2327423095703
CAP_20260830_091503,2026-08-30 09:15:03,P09,/hydroponic_project/data_collection/images/lettuce_20260830_091503.jpg,/hydroponic_project/data_collection/crops/lettuce_20260830_091503/P09.jpg,/hydroponic_project/data_collection/crops/lettuce_20260830_091503/P09_224.jpg,29.12,31.4,71.1,6.26,2.698,1.597,798.4,2.2606,OK,31379,4.0,1.0003308057785034,236.2327423095703
CAP_20260830_091503,2026-08-30 09:15:03,P10,/hydroponic_project/data_collection/images/lettuce_20260830_091503.jpg,/hydroponic_project/data_collection/crops/lettuce_20260830_091503/P10.jpg,/hydroponic_project/data_collection/crops/lettuce_20260830_091503/P10_224.jpg,29.12,31.4,71.1,6.26,2.698,1.597,798.4,2.2606,OK,31379,4.0,1.0003308057785034,236.2327423095703
CAP_20260830_091503,2026-08-30 09:15:03,P11,/hydroponic_project/data_collection/images/lettuce_20260830_091503.jpg,/hydroponic_project/data_collection/crops/lettuce_20260830_091503/P11.jpg,/hydroponic_project/data_collection/crops/lettuce_20260830_091503/P11_224.jpg,29.12,31.4,71.1,6.26,2.698,1.597,798.4,2.2606,OK,31379,4.0,1.0003308057785034,236.2327423095703
CAP_20260830_091503,2026-08-30 09:15:03,P12,/hydroponic_project/data_collection/images/lettuce_20260830_091503.jpg,/hydroponic_project/data_collection/crops/lettuce_20260830_091503/P12.jpg,/hydroponic_project/data_collection/crops/lettuce_20260830_091503/P12_224.jpg,29.12,31.4,71.1,6.26,2.698,1.597,798.4,2.2606,OK,31379,4.0,1.0003308057785034,236.2327423095703
CAP_20260830_093003,2026-08-30 09:30:03,P01,/hydroponic_project/data_collection/images/lettuce_20260830_093003.jpg,/hydroponic_project/data_collection/crops/lettuce_20260830_093003/P01.jpg,/hydroponic_project/data_collection/crops/lettuce_20260830_093003/P01_224.jpg,29.25,31.4,71.0,6.25,2.7003,1.589,794.7,2.2595,OK,29999,2.4380953311920166,1.0041704177856445,396.61505126953125
CAP_20260830_093003,2026-08-30 09:30:03,P02,/hydroponic_project/data_collection/images/lettuce_20260830_093003.jpg,/hydroponic_project/data_collection/crops/lettuce_20260830_093003/P02.jpg,/hydroponic_project/data_collection/crops/lettuce_20260830_093003/P02_224.jpg,29.25,31.4,71.0,6.25,2.7003,1.589,794.7,2.2595,OK,29999,2.4380953311920166,1.0041704177856445,396.61505126953125
CAP_20260830_093003,2026-08-30 09:30:03,P03,/hydroponic_project/data_collection/images/lettuce_20260830_093003.jpg,/hydroponic_project/data_collection/crops/lettuce_20260830_093003/P03.jpg,/hydroponic_project/data_collection/crops/lettuce_20260830_093003/P03_224.jpg,29.25,31.4,71.0,6.25,2.7003,1.589,794.7,2.2595,OK,29999,2.4380953311920166,1.0041704177856445,396.61505126953125
CAP_20260830_093003,2026-08-30 09:30:03,P04,/hydroponic_project/data_collection/images/lettuce_20260830_093003.jpg,/hydroponic_project/data_collection/crops/lettuce_20260830_093003/P04.jpg,/hydroponic_project/data_collection/crops/lettuce_20260830_093003/P04_224.jpg,29.25,31.4,71.0,6.25,2.7003,1.589,794.7,2.2595,OK,29999,2.4380953311920166,1.0041704177856445,396.61505126953125
CAP_20260830_093003,2026-08-30 09:30:03,P05,/hydroponic_project/data_collection/images/lettuce_20260830_093003.jpg,/hydroponic_project/data_collection/crops/lettuce_20260830_093003/P05.jpg,/hydroponic_project/data_collection/crops/lettuce_20260830_093003/P05_224.jpg,29.25,31.4,71.0,6.25,2.7003,1.589,794.7,2.2595,OK,29999,2.4380953311920166,1.0041704177856445,396.61505126953125
CAP_20260830_093003,2026-08-30 09:30:03,P06,/hydroponic_project/data_collection/images/lettuce_20260830_093003.jpg,/hydroponic_project/data_collection/crops/lettuce_20260830_093003/P06.jpg,/hydroponic_project/data_collection/crops/lettuce_20260830_093003/P06_224.jpg,29.25,31.4,71.0,6.25,2.7003,1.589,794.7,2.2595,OK,29999,2.4380953311920166,1.0041704177856445,396.61505126953125
CAP_20260830_093003,2026-08-30 09:30:03,P07,/hydroponic_project/data_collection/images/lettuce_20260830_093003.jpg,/hydroponic_project/data_collection/crops/lettuce_20260830_093003/P07.jpg,/hydroponic_project/data_collection/crops/lettuce_20260830_093003/P07_224.jpg,29.25,31.4,71.0,6.25,2.7003,1.589,794.7,2.2595,OK,29999,2.4380953311920166,1.0041704177856445,396.61505126953125
CAP_20260830_093003,2026-08-30 09:30:03,P08,/hydroponic_project/data_collection/images/lettuce_20260830_093003.jpg,/hydroponic_project/data_collection/crops/lettuce_20260830_093003/P08.jpg,/hydroponic_project/data_collection/crops/lettuce_20260830_093003/P08_224.jpg,29.25,31.4,71.0,6.25,2.7003,1.589,794.7,2.2595,OK,29999,2.4380953311920166,1.0041704177856445,396.61505126953125
CAP_20260830_093003,2026-08-30 09:30:03,P09,/hydroponic_project/data_collection/images/lettuce_20260830_093003.jpg,/hydroponic_project/data_collection/crops/lettuce_20260830_093003/P09.jpg,/hydroponic_project/data_collection/crops/lettuce_20260830_093003/P09_224.jpg,29.25,31.4,71.0,6.25,2.7003,1.589,794.7,2.2595,OK,29999,2.4380953311920166,1.0041704177856445,396.61505126953125
CAP_20260830_093003,2026-08-30 09:30:03,P10,/hydroponic_project/data_collection/images/lettuce_20260830_093003.jpg,/hydroponic_project/data_collection/crops/lettuce_20260830_093003/P10.jpg,/hydroponic_project/data_collection/crops/lettuce_20260830_093003/P10_224.jpg,29.25,31.4,71.0,6.25,2.7003,1.589,794.7,2.2595,OK,29999,2.4380953311920166,1.0041704177856445,396.61505126953125
CAP_20260830_093003,2026-08-30 09:30:03,P11,/hydroponic_project/data_collection/images/lettuce_20260830_093003.jpg,/hydroponic_project/data_collection/crops/lettuce_20260830_093003/P11.jpg,/hydroponic_project/data_collection/crops/lettuce_20260830_093003/P11_224.jpg,29.25,31.4,71.0,6.25,2.7003,1.589,794.7,2.2595,OK,29999,2.4380953311920166,1.0041704177856445,396.61505126953125
CAP_20260830_093003,2026-08-30 09:30:03,P12,/hydroponic_project/data_collection/images/lettuce_20260830_093003.jpg,/hydroponic_project/data_collection/crops/lettuce_20260830_093003/P12.jpg,/hydroponic_project/data_collection/crops/lettuce_20260830_093003/P12_224.jpg,29.25,31.4,71.0,6.25,2.7003,1.589,794.7,2.2595,OK,29999,2.4380953311920166,1.0041704177856445,396.61505126953125
CAP_20260830_094504,2026-08-30 09:45:04,P01,/hydroponic_project/data_collection/images/lettuce_20260830_094504.jpg,/hydroponic_project/data_collection/crops/lettuce_20260830_094504/P01.jpg,/hydroponic_project/data_collection/crops/lettuce_20260830_094504/P01_224.jpg,29.12,31.6,71.1,6.28,2.6955,1.592,795.8,2.2561,OK,29999,2.3925232887268066,1.0036697387695312,396.1837158203125
CAP_20260830_094504,2026-08-30 09:45:04,P02,/hydroponic_project/data_collection/images/lettuce_20260830_094504.jpg,/hydroponic_project/data_collection/crops/lettuce_20260830_094504/P02.jpg,/hydroponic_project/data_collection/crops/lettuce_20260830_094504/P02_224.jpg,29.12,31.6,71.1,6.28,2.6955,1.592,795.8,2.2561,OK,29999,2.3925232887268066,1.0036697387695312,396.1837158203125
CAP_20260830_094504,2026-08-30 09:45:04,P03,/hydroponic_project/data_collection/images/lettuce_20260830_094504.jpg,/hydroponic_project/data_collection/crops/lettuce_20260830_094504/P03.jpg,/hydroponic_project/data_collection/crops/lettuce_20260830_094504/P03_224.jpg,29.12,31.6,71.1,6.28,2.6955,1.592,795.8,2.2561,OK,29999,2.3925232887268066,1.0036697387695312,396.1837158203125
CAP_20260830_094504,2026-08-30 09:45:04,P04,/hydroponic_project/data_collection/images/lettuce_20260830_094504.jpg,/hydroponic_project/data_collection/crops/lettuce_20260830_094504/P04.jpg,/hydroponic_project/data_collection/crops/lettuce_20260830_094504/P04_224.jpg,29.12,31.6,71.1,6.28,2.6955,1.592,795.8,2.2561,OK,29999,2.3925232887268066,1.0036697387695312,396.1837158203125
CAP_20260830_094504,2026-08-30 09:45:04,P05,/hydroponic_project/data_collection/images/lettuce_20260830_094504.jpg,/hydroponic_project/data_collection/crops/lettuce_20260830_094504/P05.jpg,/hydroponic_project/data_collection/crops/lettuce_20260830_094504/P05_224.jpg,29.12,31.6,71.1,6.28,2.6955,1.592,795.8,2.2561,OK,29999,2.3925232887268066,1.0036697387695312,396.1837158203125
CAP_20260830_094504,2026-08-30 09:45:04,P06,/hydroponic_project/data_collection/images/lettuce_20260830_094504.jpg,/hydroponic_project/data_collection/crops/lettuce_20260830_094504/P06.jpg,/hydroponic_project/data_collection/crops/lettuce_20260830_094504/P06_224.jpg,29.12,31.6,71.1,6.28,2.6955,1.592,795.8,2.2561,OK,29999,2.3925232887268066,1.0036697387695312,396.1837158203125
CAP_20260830_094504,2026-08-30 09:45:04,P07,/hydroponic_project/data_collection/images/lettuce_20260830_094504.jpg,/hydroponic_project/data_collection/crops/lettuce_20260830_094504/P07.jpg,/hydroponic_project/data_collection/crops/lettuce_20260830_094504/P07_224.jpg,29.12,31.6,71.1,6.28,2.6955,1.592,795.8,2.2561,OK,29999,2.3925232887268066,1.0036697387695312,396.1837158203125
CAP_20260830_094504,2026-08-30 09:45:04,P08,/hydroponic_project/data_collection/images/lettuce_20260830_094504.jpg,/hydroponic_project/data_collection/crops/lettuce_20260830_094504/P08.jpg,/hydroponic_project/data_collection/crops/lettuce_20260830_094504/P08_224.jpg,29.12,31.6,71.1,6.28,2.6955,1.592,795.8,2.2561,OK,29999,2.3925232887268066,1.0036697387695312,396.1837158203125
CAP_20260830_094504,2026-08-30 09:45:04,P09,/hydroponic_project/data_collection/images/lettuce_20260830_094504.jpg,/hydroponic_project/data_collection/crops/lettuce_20260830_094504/P09.jpg,/hydroponic_project/data_collection/crops/lettuce_20260830_094504/P09_224.jpg,29.12,31.6,71.1,6.28,2.6955,1.592,795.8,2.2561,OK,29999,2.3925232887268066,1.0036697387695312,396.1837158203125
CAP_20260830_094504,2026-08-30 09:45:04,P10,/hydroponic_project/data_collection/images/lettuce_20260830_094504.jpg,/hydroponic_project/data_collection/crops/lettuce_20260830_094504/P10.jpg,/hydroponic_project/data_collection/crops/lettuce_20260830_094504/P10_224.jpg,29.12,31.6,71.1,6.28,2.6955,1.592,795.8,2.2561,OK,29999,2.3925232887268066,1.0036697387695312,396.1837158203125
CAP_20260830_094504,2026-08-30 09:45:04,P11,/hydroponic_project/data_collection/images/lettuce_20260830_094504.jpg,/hydroponic_project/data_collection/crops/lettuce_20260830_094504/P11.jpg,/hydroponic_project/data_collection/crops/lettuce_20260830_094504/P11_224.jpg,29.12,31.6,71.1,6.28,2.6955,1.592,795.8,2.2561,OK,29999,2.3925232887268066,1.0036697387695312,396.1837158203125
CAP_20260830_094504,2026-08-30 09:45:04,P12,/hydroponic_project/data_collection/images/lettuce_20260830_094504.jpg,/hydroponic_project/data_collection/crops/lettuce_20260830_094504/P12.jpg,/hydroponic_project/data_collection/crops/lettuce_20260830_094504/P12_224.jpg,29.12,31.6,71.1,6.28,2.6955,1.592,795.8,2.2561,OK,29999,2.3925232887268066,1.0036697387695312,396.1837158203125
CAP_20260830_100003,2026-08-30 10:00:03,P01,/hydroponic_project/data_collection/images/lettuce_20260830_100003.jpg,/hydroponic_project/data_collection/crops/lettuce_20260830_100003/P01.jpg,/hydroponic_project/data_collection/crops/lettuce_20260830_100003/P01_224.jpg,29.25,32.1,68.8,6.31,2.6899,1.584,792.0,2.255,OK,31531,4.0,1.0001146793365479,229.28524780273438
CAP_20260830_100003,2026-08-30 10:00:03,P02,/hydroponic_project/data_collection/images/lettuce_20260830_100003.jpg,/hydroponic_project/data_collection/crops/lettuce_20260830_100003/P02.jpg,/hydroponic_project/data_collection/crops/lettuce_20260830_100003/P02_224.jpg,29.25,32.1,68.8,6.31,2.6899,1.584,792.0,2.255,OK,31531,4.0,1.0001146793365479,229.28524780273438
CAP_20260830_100003,2026-08-30 10:00:03,P03,/hydroponic_project/data_collection/images/lettuce_20260830_100003.jpg,/hydroponic_project/data_collection/crops/lettuce_20260830_100003/P03.jpg,/hydroponic_project/data_collection/crops/lettuce_20260830_100003/P03_224.jpg,29.25,32.1,68.8,6.31,2.6899,1.584,792.0,2.255,OK,31531,4.0,1.0001146793365479,229.28524780273438
CAP_20260830_100003,2026-08-30 10:00:03,P04,/hydroponic_project/data_collection/images/lettuce_20260830_100003.jpg,/hydroponic_project/data_collection/crops/lettuce_20260830_100003/P04.jpg,/hydroponic_project/data_collection/crops/lettuce_20260830_100003/P04_224.jpg,29.25,32.1,68.8,6.31,2.6899,1.584,792.0,2.255,OK,31531,4.0,1.0001146793365479,229.28524780273438
CAP_20260830_100003,2026-08-30 10:00:03,P05,/hydroponic_project/data_collection/images/lettuce_20260830_100003.jpg,/hydroponic_project/data_collection/crops/lettuce_20260830_100003/P05.jpg,/hydroponic_project/data_collection/crops/lettuce_20260830_100003/P05_224.jpg,29.25,32.1,68.8,6.31,2.6899,1.584,792.0,2.255,OK,31531,4.0,1.0001146793365479,229.28524780273438
CAP_20260830_100003,2026-08-30 10:00:03,P06,/hydroponic_project/data_collection/images/lettuce_20260830_100003.jpg,/hydroponic_project/data_collection/crops/lettuce_20260830_100003/P06.jpg,/hydroponic_project/data_collection/crops/lettuce_20260830_100003/P06_224.jpg,29.25,32.1,68.8,6.31,2.6899,1.584,792.0,2.255,OK,31531,4.0,1.0001146793365479,229.28524780273438
CAP_20260830_100003,2026-08-30 10:00:03,P07,/hydroponic_project/data_collection/images/lettuce_20260830_100003.jpg,/hydroponic_project/data_collection/crops/lettuce_20260830_100003/P07.jpg,/hydroponic_project/data_collection/crops/lettuce_20260830_100003/P07_224.jpg,29.25,32.1,68.8,6.31,2.6899,1.584,792.0,2.255,OK,31531,4.0,1.0001146793365479,229.28524780273438
CAP_20260830_100003,2026-08-30 10:00:03,P08,/hydroponic_project/data_collection/images/lettuce_20260830_100003.jpg,/hydroponic_project/data_collection/crops/lettuce_20260830_100003/P08.jpg,/hydroponic_project/data_collection/crops/lettuce_20260830_100003/P08_224.jpg,29.25,32.1,68.8,6.31,2.6899,1.584,792.0,2.255,OK,31531,4.0,1.0001146793365479,229.28524780273438
CAP_20260830_100003,2026-08-30 10:00:03,P09,/hydroponic_project/data_collection/images/lettuce_20260830_100003.jpg,/hydroponic_project/data_collection/crops/lettuce_20260830_100003/P09.jpg,/hydroponic_project/data_collection/crops/lettuce_20260830_100003/P09_224.jpg,29.25,32.1,68.8,6.31,2.6899,1.584,792.0,2.255,OK,31531,4.0,1.0001146793365479,229.28524780273438
CAP_20260830_100003,2026-08-30 10:00:03,P10,/hydroponic_project/data_collection/images/lettuce_20260830_100003.jpg,/hydroponic_project/data_collection/crops/lettuce_20260830_100003/P10.jpg,/hydroponic_project/data_collection/crops/lettuce_20260830_100003/P10_224.jpg,29.25,32.1,68.8,6.31,2.6899,1.584,792.0,2.255,OK,31531,4.0,1.0001146793365479,229.28524780273438
CAP_20260830_100003,2026-08-30 10:00:03,P11,/hydroponic_project/data_collection/images/lettuce_20260830_100003.jpg,/hydroponic_project/data_collection/crops/lettuce_20260830_100003/P11.jpg,/hydroponic_project/data_collection/crops/lettuce_20260830_100003/P11_224.jpg,29.25,32.1,68.8,6.31,2.6899,1.584,792.0,2.255,OK,31531,4.0,1.0001146793365479,229.28524780273438
CAP_20260830_100003,2026-08-30 10:00:03,P12,/hydroponic_project/data_collection/images/lettuce_20260830_100003.jpg,/hydroponic_project/data_collection/crops/lettuce_20260830_100003/P12.jpg,/hydroponic_project/data_collection/crops/lettuce_20260830_100003/P12_224.jpg,29.25,32.1,68.8,6.31,2.6899,1.584,792.0,2.255,OK,31531,4.0,1.0001146793365479,229.28524780273438
CAP_20260830_101503,2026-08-30 10:15:03,P01,/hydroponic_project/data_collection/images/lettuce_20260830_101503.jpg,/hydroponic_project/data_collection/crops/lettuce_20260830_101503/P01.jpg,/hydroponic_project/data_collection/crops/lettuce_20260830_101503/P01_224.jpg,29.31,32.2,68.2,6.35,2.6846,1.579,789.3,2.2531,OK,29999,2.8131868839263916,1.0058342218399048,333.3263244628906
CAP_20260830_101503,2026-08-30 10:15:03,P02,/hydroponic_project/data_collection/images/lettuce_20260830_101503.jpg,/hydroponic_project/data_collection/crops/lettuce_20260830_101503/P02.jpg,/hydroponic_project/data_collection/crops/lettuce_20260830_101503/P02_224.jpg,29.31,32.2,68.2,6.35,2.6846,1.579,789.3,2.2531,OK,29999,2.8131868839263916,1.0058342218399048,333.3263244628906
CAP_20260830_101503,2026-08-30 10:15:03,P03,/hydroponic_project/data_collection/images/lettuce_20260830_101503.jpg,/hydroponic_project/data_collection/crops/lettuce_20260830_101503/P03.jpg,/hydroponic_project/data_collection/crops/lettuce_20260830_101503/P03_224.jpg,29.31,32.2,68.2,6.35,2.6846,1.579,789.3,2.2531,OK,29999,2.8131868839263916,1.0058342218399048,333.3263244628906
CAP_20260830_101503,2026-08-30 10:15:03,P04,/hydroponic_project/data_collection/images/lettuce_20260830_101503.jpg,/hydroponic_project/data_collection/crops/lettuce_20260830_101503/P04.jpg,/hydroponic_project/data_collection/crops/lettuce_20260830_101503/P04_224.jpg,29.31,32.2,68.2,6.35,2.6846,1.579,789.3,2.2531,OK,29999,2.8131868839263916,1.0058342218399048,333.3263244628906
CAP_20260830_101503,2026-08-30 10:15:03,P05,/hydroponic_project/data_collection/images/lettuce_20260830_101503.jpg,/hydroponic_project/data_collection/crops/lettuce_20260830_101503/P05.jpg,/hydroponic_project/data_collection/crops/lettuce_20260830_101503/P05_224.jpg,29.31,32.2,68.2,6.35,2.6846,1.579,789.3,2.2531,OK,29999,2.8131868839263916,1.0058342218399048,333.3263244628906
CAP_20260830_101503,2026-08-30 10:15:03,P06,/hydroponic_project/data_collection/images/lettuce_20260830_101503.jpg,/hydroponic_project/data_collection/crops/lettuce_20260830_101503/P06.jpg,/hydroponic_project/data_collection/crops/lettuce_20260830_101503/P06_224.jpg,29.31,32.2,68.2,6.35,2.6846,1.579,789.3,2.2531,OK,29999,2.8131868839263916,1.0058342218399048,333.3263244628906
CAP_20260830_101503,2026-08-30 10:15:03,P07,/hydroponic_project/data_collection/images/lettuce_20260830_101503.jpg,/hydroponic_project/data_collection/crops/lettuce_20260830_101503/P07.jpg,/hydroponic_project/data_collection/crops/lettuce_20260830_101503/P07_224.jpg,29.31,32.2,68.2,6.35,2.6846,1.579,789.3,2.2531,OK,29999,2.8131868839263916,1.0058342218399048,333.3263244628906
CAP_20260830_101503,2026-08-30 10:15:03,P08,/hydroponic_project/data_collection/images/lettuce_20260830_101503.jpg,/hydroponic_project/data_collection/crops/lettuce_20260830_101503/P08.jpg,/hydroponic_project/data_collection/crops/lettuce_20260830_101503/P08_224.jpg,29.31,32.2,68.2,6.35,2.6846,1.579,789.3,2.2531,OK,29999,2.8131868839263916,1.0058342218399048,333.3263244628906
CAP_20260830_101503,2026-08-30 10:15:03,P09,/hydroponic_project/data_collection/images/lettuce_20260830_101503.jpg,/hydroponic_project/data_collection/crops/lettuce_20260830_101503/P09.jpg,/hydroponic_project/data_collection/crops/lettuce_20260830_101503/P09_224.jpg,29.31,32.2,68.2,6.35,2.6846,1.579,789.3,2.2531,OK,29999,2.8131868839263916,1.0058342218399048,333.3263244628906
CAP_20260830_101503,2026-08-30 10:15:03,P10,/hydroponic_project/data_collection/images/lettuce_20260830_101503.jpg,/hydroponic_project/data_collection/crops/lettuce_20260830_101503/P10.jpg,/hydroponic_project/data_collection/crops/lettuce_20260830_101503/P10_224.jpg,29.31,32.2,68.2,6.35,2.6846,1.579,789.3,2.2531,OK,29999,2.8131868839263916,1.0058342218399048,333.3263244628906
CAP_20260830_101503,2026-08-30 10:15:03,P11,/hydroponic_project/data_collection/images/lettuce_20260830_101503.jpg,/hydroponic_project/data_collection/crops/lettuce_20260830_101503/P11.jpg,/hydroponic_project/data_collection/crops/lettuce_20260830_101503/P11_224.jpg,29.31,32.2,68.2,6.35,2.6846,1.579,789.3,2.2531,OK,29999,2.8131868839263916,1.0058342218399048,333.3263244628906
CAP_20260830_101503,2026-08-30 10:15:03,P12,/hydroponic_project/data_collection/images/lettuce_20260830_101503.jpg,/hydroponic_project/data_collection/crops/lettuce_20260830_101503/P12.jpg,/hydroponic_project/data_collection/crops/lettuce_20260830_101503/P12_224.jpg,29.31,32.2,68.2,6.35,2.6846,1.579,789.3,2.2531,OK,29999,2.8131868839263916,1.0058342218399048,333.3263244628906
CAP_20260830_103004,2026-08-30 10:30:04,P01,/hydroponic_project/data_collection/images/lettuce_20260830_103004.jpg,/hydroponic_project/data_collection/crops/lettuce_20260830_103004/P01.jpg,/hydroponic_project/data_collection/crops/lettuce_20260830_103004/P01_224.jpg,29.44,32.2,68.7,6.24,2.701,1.571,785.5,2.2517,OK,29999,2.9767441749572754,1.0076384544372559,320.6162109375
CAP_20260830_103004,2026-08-30 10:30:04,P02,/hydroponic_project/data_collection/images/lettuce_20260830_103004.jpg,/hydroponic_project/data_collection/crops/lettuce_20260830_103004/P02.jpg,/hydroponic_project/data_collection/crops/lettuce_20260830_103004/P02_224.jpg,29.44,32.2,68.7,6.24,2.701,1.571,785.5,2.2517,OK,29999,2.9767441749572754,1.0076384544372559,320.6162109375
CAP_20260830_103004,2026-08-30 10:30:04,P03,/hydroponic_project/data_collection/images/lettuce_20260830_103004.jpg,/hydroponic_project/data_collection/crops/lettuce_20260830_103004/P03.jpg,/hydroponic_project/data_collection/crops/lettuce_20260830_103004/P03_224.jpg,29.44,32.2,68.7,6.24,2.701,1.571,785.5,2.2517,OK,29999,2.9767441749572754,1.0076384544372559,320.6162109375
CAP_20260830_103004,2026-08-30 10:30:04,P04,/hydroponic_project/data_collection/images/lettuce_20260830_103004.jpg,/hydroponic_project/data_collection/crops/lettuce_20260830_103004/P04.jpg,/hydroponic_project/data_collection/crops/lettuce_20260830_103004/P04_224.jpg,29.44,32.2,68.7,6.24,2.701,1.571,785.5,2.2517,OK,29999,2.9767441749572754,1.0076384544372559,320.6162109375
CAP_20260830_103004,2026-08-30 10:30:04,P05,/hydroponic_project/data_collection/images/lettuce_20260830_103004.jpg,/hydroponic_project/data_collection/crops/lettuce_20260830_103004/P05.jpg,/hydroponic_project/data_collection/crops/lettuce_20260830_103004/P05_224.jpg,29.44,32.2,68.7,6.24,2.701,1.571,785.5,2.2517,OK,29999,2.9767441749572754,1.0076384544372559,320.6162109375
CAP_20260830_103004,2026-08-30 10:30:04,P06,/hydroponic_project/data_collection/images/lettuce_20260830_103004.jpg,/hydroponic_project/data_collection/crops/lettuce_20260830_103004/P06.jpg,/hydroponic_project/data_collection/crops/lettuce_20260830_103004/P06_224.jpg,29.44,32.2,68.7,6.24,2.701,1.571,785.5,2.2517,OK,29999,2.9767441749572754,1.0076384544372559,320.6162109375
CAP_20260830_103004,2026-08-30 10:30:04,P07,/hydroponic_project/data_collection/images/lettuce_20260830_103004.jpg,/hydroponic_project/data_collection/crops/lettuce_20260830_103004/P07.jpg,/hydroponic_project/data_collection/crops/lettuce_20260830_103004/P07_224.jpg,29.44,32.2,68.7,6.24,2.701,1.571,785.5,2.2517,OK,29999,2.9767441749572754,1.0076384544372559,320.6162109375
CAP_20260830_103004,2026-08-30 10:30:04,P08,/hydroponic_project/data_collection/images/lettuce_20260830_103004.jpg,/hydroponic_project/data_collection/crops/lettuce_20260830_103004/P08.jpg,/hydroponic_project/data_collection/crops/lettuce_20260830_103004/P08_224.jpg,29.44,32.2,68.7,6.24,2.701,1.571,785.5,2.2517,OK,29999,2.9767441749572754,1.0076384544372559,320.6162109375
CAP_20260830_103004,2026-08-30 10:30:04,P09,/hydroponic_project/data_collection/images/lettuce_20260830_103004.jpg,/hydroponic_project/data_collection/crops/lettuce_20260830_103004/P09.jpg,/hydroponic_project/data_collection/crops/lettuce_20260830_103004/P09_224.jpg,29.44,32.2,68.7,6.24,2.701,1.571,785.5,2.2517,OK,29999,2.9767441749572754,1.0076384544372559,320.6162109375
CAP_20260830_103004,2026-08-30 10:30:04,P10,/hydroponic_project/data_collection/images/lettuce_20260830_103004.jpg,/hydroponic_project/data_collection/crops/lettuce_20260830_103004/P10.jpg,/hydroponic_project/data_collection/crops/lettuce_20260830_103004/P10_224.jpg,29.44,32.2,68.7,6.24,2.701,1.571,785.5,2.2517,OK,29999,2.9767441749572754,1.0076384544372559,320.6162109375
CAP_20260830_103004,2026-08-30 10:30:04,P11,/hydroponic_project/data_collection/images/lettuce_20260830_103004.jpg,/hydroponic_project/data_collection/crops/lettuce_20260830_103004/P11.jpg,/hydroponic_project/data_collection/crops/lettuce_20260830_103004/P11_224.jpg,29.44,32.2,68.7,6.24,2.701,1.571,785.5,2.2517,OK,29999,2.9767441749572754,1.0076384544372559,320.6162109375
CAP_20260830_103004,2026-08-30 10:30:04,P12,/hydroponic_project/data_collection/images/lettuce_20260830_103004.jpg,/hydroponic_project/data_collection/crops/lettuce_20260830_103004/P12.jpg,/hydroponic_project/data_collection/crops/lettuce_20260830_103004/P12_224.jpg,29.44,32.2,68.7,6.24,2.701,1.571,785.5,2.2517,OK,29999,2.9767441749572754,1.0076384544372559,320.6162109375
CAP_20260830_104504,2026-08-30 10:45:04,P01,/hydroponic_project/data_collection/images/lettuce_20260830_104504.jpg,/hydroponic_project/data_collection/crops/lettuce_20260830_104504/P01.jpg,/hydroponic_project/data_collection/crops/lettuce_20260830_104504/P01_224.jpg,29.5,32.2,68.9,6.3,2.6919,1.566,782.8,2.2498,OK,29999,3.7647058963775635,1.0123411417007446,254.83810424804688
CAP_20260830_104504,2026-08-30 10:45:04,P02,/hydroponic_project/data_collection/images/lettuce_20260830_104504.jpg,/hydroponic_project/data_collection/crops/lettuce_20260830_104504/P02.jpg,/hydroponic_project/data_collection/crops/lettuce_20260830_104504/P02_224.jpg,29.5,32.2,68.9,6.3,2.6919,1.566,782.8,2.2498,OK,29999,3.7647058963775635,1.0123411417007446,254.83810424804688
CAP_20260830_104504,2026-08-30 10:45:04,P03,/hydroponic_project/data_collection/images/lettuce_20260830_104504.jpg,/hydroponic_project/data_collection/crops/lettuce_20260830_104504/P03.jpg,/hydroponic_project/data_collection/crops/lettuce_20260830_104504/P03_224.jpg,29.5,32.2,68.9,6.3,2.6919,1.566,782.8,2.2498,OK,29999,3.7647058963775635,1.0123411417007446,254.83810424804688
CAP_20260830_104504,2026-08-30 10:45:04,P04,/hydroponic_project/data_collection/images/lettuce_20260830_104504.jpg,/hydroponic_project/data_collection/crops/lettuce_20260830_104504/P04.jpg,/hydroponic_project/data_collection/crops/lettuce_20260830_104504/P04_224.jpg,29.5,32.2,68.9,6.3,2.6919,1.566,782.8,2.2498,OK,29999,3.7647058963775635,1.0123411417007446,254.83810424804688
CAP_20260830_104504,2026-08-30 10:45:04,P05,/hydroponic_project/data_collection/images/lettuce_20260830_104504.jpg,/hydroponic_project/data_collection/crops/lettuce_20260830_104504/P05.jpg,/hydroponic_project/data_collection/crops/lettuce_20260830_104504/P05_224.jpg,29.5,32.2,68.9,6.3,2.6919,1.566,782.8,2.2498,OK,29999,3.7647058963775635,1.0123411417007446,254.83810424804688
CAP_20260830_104504,2026-08-30 10:45:04,P06,/hydroponic_project/data_collection/images/lettuce_20260830_104504.jpg,/hydroponic_project/data_collection/crops/lettuce_20260830_104504/P06.jpg,/hydroponic_project/data_collection/crops/lettuce_20260830_104504/P06_224.jpg,29.5,32.2,68.9,6.3,2.6919,1.566,782.8,2.2498,OK,29999,3.7647058963775635,1.0123411417007446,254.83810424804688
CAP_20260830_104504,2026-08-30 10:45:04,P07,/hydroponic_project/data_collection/images/lettuce_20260830_104504.jpg,/hydroponic_project/data_collection/crops/lettuce_20260830_104504/P07.jpg,/hydroponic_project/data_collection/crops/lettuce_20260830_104504/P07_224.jpg,29.5,32.2,68.9,6.3,2.6919,1.566,782.8,2.2498,OK,29999,3.7647058963775635,1.0123411417007446,254.83810424804688
CAP_20260830_104504,2026-08-30 10:45:04,P08,/hydroponic_project/data_collection/images/lettuce_20260830_104504.jpg,/hydroponic_project/data_collection/crops/lettuce_20260830_104504/P08.jpg,/hydroponic_project/data_collection/crops/lettuce_20260830_104504/P08_224.jpg,29.5,32.2,68.9,6.3,2.6919,1.566,782.8,2.2498,OK,29999,3.7647058963775635,1.0123411417007446,254.83810424804688
CAP_20260830_104504,2026-08-30 10:45:04,P09,/hydroponic_project/data_collection/images/lettuce_20260830_104504.jpg,/hydroponic_project/data_collection/crops/lettuce_20260830_104504/P09.jpg,/hydroponic_project/data_collection/crops/lettuce_20260830_104504/P09_224.jpg,29.5,32.2,68.9,6.3,2.6919,1.566,782.8,2.2498,OK,29999,3.7647058963775635,1.0123411417007446,254.83810424804688
CAP_20260830_104504,2026-08-30 10:45:04,P10,/hydroponic_project/data_collection/images/lettuce_20260830_104504.jpg,/hydroponic_project/data_collection/crops/lettuce_20260830_104504/P10.jpg,/hydroponic_project/data_collection/crops/lettuce_20260830_104504/P10_224.jpg,29.5,32.2,68.9,6.3,2.6919,1.566,782.8,2.2498,OK,29999,3.7647058963775635,1.0123411417007446,254.83810424804688
CAP_20260830_104504,2026-08-30 10:45:04,P11,/hydroponic_project/data_collection/images/lettuce_20260830_104504.jpg,/hydroponic_project/data_collection/crops/lettuce_20260830_104504/P11.jpg,/hydroponic_project/data_collection/crops/lettuce_20260830_104504/P11_224.jpg,29.5,32.2,68.9,6.3,2.6919,1.566,782.8,2.2498,OK,29999,3.7647058963775635,1.0123411417007446,254.83810424804688
CAP_20260830_104504,2026-08-30 10:45:04,P12,/hydroponic_project/data_collection/images/lettuce_20260830_104504.jpg,/hydroponic_project/data_collection/crops/lettuce_20260830_104504/P12.jpg,/hydroponic_project/data_collection/crops/lettuce_20260830_104504/P12_224.jpg,29.5,32.2,68.9,6.3,2.6919,1.566,782.8,2.2498,OK,29999,3.7647058963775635,1.0123411417007446,254.83810424804688
CAP_20260830_110003,2026-08-30 11:00:03,P01,/hydroponic_project/data_collection/images/lettuce_20260830_110003.jpg,/hydroponic_project/data_collection/crops/lettuce_20260830_110003/P01.jpg,/hydroponic_project/data_collection/crops/lettuce_20260830_110003/P01_224.jpg,29.5,32.2,67.5,6.29,2.6941,1.562,781.1,2.2469,OK,29999,3.3246753215789795,1.012476921081543,290.756103515625
CAP_20260830_110003,2026-08-30 11:00:03,P02,/hydroponic_project/data_collection/images/lettuce_20260830_110003.jpg,/hydroponic_project/data_collection/crops/lettuce_20260830_110003/P02.jpg,/hydroponic_project/data_collection/crops/lettuce_20260830_110003/P02_224.jpg,29.5,32.2,67.5,6.29,2.6941,1.562,781.1,2.2469,OK,29999,3.3246753215789795,1.012476921081543,290.756103515625
CAP_20260830_110003,2026-08-30 11:00:03,P03,/hydroponic_project/data_collection/images/lettuce_20260830_110003.jpg,/hydroponic_project/data_collection/crops/lettuce_20260830_110003/P03.jpg,/hydroponic_project/data_collection/crops/lettuce_20260830_110003/P03_224.jpg,29.5,32.2,67.5,6.29,2.6941,1.562,781.1,2.2469,OK,29999,3.3246753215789795,1.012476921081543,290.756103515625
CAP_20260830_110003,2026-08-30 11:00:03,P04,/hydroponic_project/data_collection/images/lettuce_20260830_110003.jpg,/hydroponic_project/data_collection/crops/lettuce_20260830_110003/P04.jpg,/hydroponic_project/data_collection/crops/lettuce_20260830_110003/P04_224.jpg,29.5,32.2,67.5,6.29,2.6941,1.562,781.1,2.2469,OK,29999,3.3246753215789795,1.012476921081543,290.756103515625
CAP_20260830_110003,2026-08-30 11:00:03,P05,/hydroponic_project/data_collection/images/lettuce_20260830_110003.jpg,/hydroponic_project/data_collection/crops/lettuce_20260830_110003/P05.jpg,/hydroponic_project/data_collection/crops/lettuce_20260830_110003/P05_224.jpg,29.5,32.2,67.5,6.29,2.6941,1.562,781.1,2.2469,OK,29999,3.3246753215789795,1.012476921081543,290.756103515625
CAP_20260830_110003,2026-08-30 11:00:03,P06,/hydroponic_project/data_collection/images/lettuce_20260830_110003.jpg,/hydroponic_project/data_collection/crops/lettuce_20260830_110003/P06.jpg,/hydroponic_project/data_collection/crops/lettuce_20260830_110003/P06_224.jpg,29.5,32.2,67.5,6.29,2.6941,1.562,781.1,2.2469,OK,29999,3.3246753215789795,1.012476921081543,290.756103515625
CAP_20260830_110003,2026-08-30 11:00:03,P07,/hydroponic_project/data_collection/images/lettuce_20260830_110003.jpg,/hydroponic_project/data_collection/crops/lettuce_20260830_110003/P07.jpg,/hydroponic_project/data_collection/crops/lettuce_20260830_110003/P07_224.jpg,29.5,32.2,67.5,6.29,2.6941,1.562,781.1,2.2469,OK,29999,3.3246753215789795,1.012476921081543,290.756103515625
CAP_20260830_110003,2026-08-30 11:00:03,P08,/hydroponic_project/data_collection/images/lettuce_20260830_110003.jpg,/hydroponic_project/data_collection/crops/lettuce_20260830_110003/P08.jpg,/hydroponic_project/data_collection/crops/lettuce_20260830_110003/P08_224.jpg,29.5,32.2,67.5,6.29,2.6941,1.562,781.1,2.2469,OK,29999,3.3246753215789795,1.012476921081543,290.756103515625
CAP_20260830_110003,2026-08-30 11:00:03,P09,/hydroponic_project/data_collection/images/lettuce_20260830_110003.jpg,/hydroponic_project/data_collection/crops/lettuce_20260830_110003/P09.jpg,/hydroponic_project/data_collection/crops/lettuce_20260830_110003/P09_224.jpg,29.5,32.2,67.5,6.29,2.6941,1.562,781.1,2.2469,OK,29999,3.3246753215789795,1.012476921081543,290.756103515625
CAP_20260830_110003,2026-08-30 11:00:03,P10,/hydroponic_project/data_collection/images/lettuce_20260830_110003.jpg,/hydroponic_project/data_collection/crops/lettuce_20260830_110003/P10.jpg,/hydroponic_project/data_collection/crops/lettuce_20260830_110003/P10_224.jpg,29.5,32.2,67.5,6.29,2.6941,1.562,781.1,2.2469,OK,29999,3.3246753215789795,1.012476921081543,290.756103515625
CAP_20260830_110003,2026-08-30 11:00:03,P11,/hydroponic_project/data_collection/images/lettuce_20260830_110003.jpg,/hydroponic_project/data_collection/crops/lettuce_20260830_110003/P11.jpg,/hydroponic_project/data_collection/crops/lettuce_20260830_110003/P11_224.jpg,29.5,32.2,67.5,6.29,2.6941,1.562,781.1,2.2469,OK,29999,3.3246753215789795,1.012476921081543,290.756103515625
CAP_20260830_110003,2026-08-30 11:00:03,P12,/hydroponic_project/data_collection/images/lettuce_20260830_110003.jpg,/hydroponic_project/data_collection/crops/lettuce_20260830_110003/P12.jpg,/hydroponic_project/data_collection/crops/lettuce_20260830_110003/P12_224.jpg,29.5,32.2,67.5,6.29,2.6941,1.562,781.1,2.2469,OK,29999,3.3246753215789795,1.012476921081543,290.756103515625
CAP_20260830_111504,2026-08-30 11:15:04,P01,/hydroponic_project/data_collection/images/lettuce_20260830_111504.jpg,/hydroponic_project/data_collection/crops/lettuce_20260830_111504/P01.jpg,/hydroponic_project/data_collection/crops/lettuce_20260830_111504/P01_224.jpg,29.56,32.5,68.3,6.29,2.6943,1.556,778.2,2.2444,OK,29999,3.6056337356567383,1.0040605068206787,265.83599853515625
CAP_20260830_111504,2026-08-30 11:15:04,P02,/hydroponic_project/data_collection/images/lettuce_20260830_111504.jpg,/hydroponic_project/data_collection/crops/lettuce_20260830_111504/P02.jpg,/hydroponic_project/data_collection/crops/lettuce_20260830_111504/P02_224.jpg,29.56,32.5,68.3,6.29,2.6943,1.556,778.2,2.2444,OK,29999,3.6056337356567383,1.0040605068206787,265.83599853515625
CAP_20260830_111504,2026-08-30 11:15:04,P03,/hydroponic_project/data_collection/images/lettuce_20260830_111504.jpg,/hydroponic_project/data_collection/crops/lettuce_20260830_111504/P03.jpg,/hydroponic_project/data_collection/crops/lettuce_20260830_111504/P03_224.jpg,29.56,32.5,68.3,6.29,2.6943,1.556,778.2,2.2444,OK,29999,3.6056337356567383,1.0040605068206787,265.83599853515625
CAP_20260830_111504,2026-08-30 11:15:04,P04,/hydroponic_project/data_collection/images/lettuce_20260830_111504.jpg,/hydroponic_project/data_collection/crops/lettuce_20260830_111504/P04.jpg,/hydroponic_project/data_collection/crops/lettuce_20260830_111504/P04_224.jpg,29.56,32.5,68.3,6.29,2.6943,1.556,778.2,2.2444,OK,29999,3.6056337356567383,1.0040605068206787,265.83599853515625
CAP_20260830_111504,2026-08-30 11:15:04,P05,/hydroponic_project/data_collection/images/lettuce_20260830_111504.jpg,/hydroponic_project/data_collection/crops/lettuce_20260830_111504/P05.jpg,/hydroponic_project/data_collection/crops/lettuce_20260830_111504/P05_224.jpg,29.56,32.5,68.3,6.29,2.6943,1.556,778.2,2.2444,OK,29999,3.6056337356567383,1.0040605068206787,265.83599853515625
CAP_20260830_111504,2026-08-30 11:15:04,P06,/hydroponic_project/data_collection/images/lettuce_20260830_111504.jpg,/hydroponic_project/data_collection/crops/lettuce_20260830_111504/P06.jpg,/hydroponic_project/data_collection/crops/lettuce_20260830_111504/P06_224.jpg,29.56,32.5,68.3,6.29,2.6943,1.556,778.2,2.2444,OK,29999,3.6056337356567383,1.0040605068206787,265.83599853515625
CAP_20260830_111504,2026-08-30 11:15:04,P07,/hydroponic_project/data_collection/images/lettuce_20260830_111504.jpg,/hydroponic_project/data_collection/crops/lettuce_20260830_111504/P07.jpg,/hydroponic_project/data_collection/crops/lettuce_20260830_111504/P07_224.jpg,29.56,32.5,68.3,6.29,2.6943,1.556,778.2,2.2444,OK,29999,3.6056337356567383,1.0040605068206787,265.83599853515625
CAP_20260830_111504,2026-08-30 11:15:04,P08,/hydroponic_project/data_collection/images/lettuce_20260830_111504.jpg,/hydroponic_project/data_collection/crops/lettuce_20260830_111504/P08.jpg,/hydroponic_project/data_collection/crops/lettuce_20260830_111504/P08_224.jpg,29.56,32.5,68.3,6.29,2.6943,1.556,778.2,2.2444,OK,29999,3.6056337356567383,1.0040605068206787,265.83599853515625
CAP_20260830_111504,2026-08-30 11:15:04,P09,/hydroponic_project/data_collection/images/lettuce_20260830_111504.jpg,/hydroponic_project/data_collection/crops/lettuce_20260830_111504/P09.jpg,/hydroponic_project/data_collection/crops/lettuce_20260830_111504/P09_224.jpg,29.56,32.5,68.3,6.29,2.6943,1.556,778.2,2.2444,OK,29999,3.6056337356567383,1.0040605068206787,265.83599853515625
CAP_20260830_111504,2026-08-30 11:15:04,P10,/hydroponic_project/data_collection/images/lettuce_20260830_111504.jpg,/hydroponic_project/data_collection/crops/lettuce_20260830_111504/P10.jpg,/hydroponic_project/data_collection/crops/lettuce_20260830_111504/P10_224.jpg,29.56,32.5,68.3,6.29,2.6943,1.556,778.2,2.2444,OK,29999,3.6056337356567383,1.0040605068206787,265.83599853515625
CAP_20260830_111504,2026-08-30 11:15:04,P11,/hydroponic_project/data_collection/images/lettuce_20260830_111504.jpg,/hydroponic_project/data_collection/crops/lettuce_20260830_111504/P11.jpg,/hydroponic_project/data_collection/crops/lettuce_20260830_111504/P11_224.jpg,29.56,32.5,68.3,6.29,2.6943,1.556,778.2,2.2444,OK,29999,3.6056337356567383,1.0040605068206787,265.83599853515625
CAP_20260830_111504,2026-08-30 11:15:04,P12,/hydroponic_project/data_collection/images/lettuce_20260830_111504.jpg,/hydroponic_project/data_collection/crops/lettuce_20260830_111504/P12.jpg,/hydroponic_project/data_collection/crops/lettuce_20260830_111504/P12_224.jpg,29.56,32.5,68.3,6.29,2.6943,1.556,778.2,2.2444,OK,29999,3.6056337356567383,1.0040605068206787,265.83599853515625
CAP_20260830_113004,2026-08-30 11:30:04,P01,/hydroponic_project/data_collection/images/lettuce_20260830_113004.jpg,/hydroponic_project/data_collection/crops/lettuce_20260830_113004/P01.jpg,/hydroponic_project/data_collection/crops/lettuce_20260830_113004/P01_224.jpg,29.69,32.6,67.3,6.31,2.6904,1.549,774.3,2.2429,OK,29999,2.694736957550049,1.002862572669983,351.5068054199219
CAP_20260830_113004,2026-08-30 11:30:04,P02,/hydroponic_project/data_collection/images/lettuce_20260830_113004.jpg,/hydroponic_project/data_collection/crops/lettuce_20260830_113004/P02.jpg,/hydroponic_project/data_collection/crops/lettuce_20260830_113004/P02_224.jpg,29.69,32.6,67.3,6.31,2.6904,1.549,774.3,2.2429,OK,29999,2.694736957550049,1.002862572669983,351.5068054199219
CAP_20260830_113004,2026-08-30 11:30:04,P03,/hydroponic_project/data_collection/images/lettuce_20260830_113004.jpg,/hydroponic_project/data_collection/crops/lettuce_20260830_113004/P03.jpg,/hydroponic_project/data_collection/crops/lettuce_20260830_113004/P03_224.jpg,29.69,32.6,67.3,6.31,2.6904,1.549,774.3,2.2429,OK,29999,2.694736957550049,1.002862572669983,351.5068054199219
CAP_20260830_113004,2026-08-30 11:30:04,P04,/hydroponic_project/data_collection/images/lettuce_20260830_113004.jpg,/hydroponic_project/data_collection/crops/lettuce_20260830_113004/P04.jpg,/hydroponic_project/data_collection/crops/lettuce_20260830_113004/P04_224.jpg,29.69,32.6,67.3,6.31,2.6904,1.549,774.3,2.2429,OK,29999,2.694736957550049,1.002862572669983,351.5068054199219
CAP_20260830_113004,2026-08-30 11:30:04,P05,/hydroponic_project/data_collection/images/lettuce_20260830_113004.jpg,/hydroponic_project/data_collection/crops/lettuce_20260830_113004/P05.jpg,/hydroponic_project/data_collection/crops/lettuce_20260830_113004/P05_224.jpg,29.69,32.6,67.3,6.31,2.6904,1.549,774.3,2.2429,OK,29999,2.694736957550049,1.002862572669983,351.5068054199219
CAP_20260830_113004,2026-08-30 11:30:04,P06,/hydroponic_project/data_collection/images/lettuce_20260830_113004.jpg,/hydroponic_project/data_collection/crops/lettuce_20260830_113004/P06.jpg,/hydroponic_project/data_collection/crops/lettuce_20260830_113004/P06_224.jpg,29.69,32.6,67.3,6.31,2.6904,1.549,774.3,2.2429,OK,29999,2.694736957550049,1.002862572669983,351.5068054199219
CAP_20260830_113004,2026-08-30 11:30:04,P07,/hydroponic_project/data_collection/images/lettuce_20260830_113004.jpg,/hydroponic_project/data_collection/crops/lettuce_20260830_113004/P07.jpg,/hydroponic_project/data_collection/crops/lettuce_20260830_113004/P07_224.jpg,29.69,32.6,67.3,6.31,2.6904,1.549,774.3,2.2429,OK,29999,2.694736957550049,1.002862572669983,351.5068054199219
CAP_20260830_113004,2026-08-30 11:30:04,P08,/hydroponic_project/data_collection/images/lettuce_20260830_113004.jpg,/hydroponic_project/data_collection/crops/lettuce_20260830_113004/P08.jpg,/hydroponic_project/data_collection/crops/lettuce_20260830_113004/P08_224.jpg,29.69,32.6,67.3,6.31,2.6904,1.549,774.3,2.2429,OK,29999,2.694736957550049,1.002862572669983,351.5068054199219
CAP_20260830_113004,2026-08-30 11:30:04,P09,/hydroponic_project/data_collection/images/lettuce_20260830_113004.jpg,/hydroponic_project/data_collection/crops/lettuce_20260830_113004/P09.jpg,/hydroponic_project/data_collection/crops/lettuce_20260830_113004/P09_224.jpg,29.69,32.6,67.3,6.31,2.6904,1.549,774.3,2.2429,OK,29999,2.694736957550049,1.002862572669983,351.5068054199219
CAP_20260830_113004,2026-08-30 11:30:04,P10,/hydroponic_project/data_collection/images/lettuce_20260830_113004.jpg,/hydroponic_project/data_collection/crops/lettuce_20260830_113004/P10.jpg,/hydroponic_project/data_collection/crops/lettuce_20260830_113004/P10_224.jpg,29.69,32.6,67.3,6.31,2.6904,1.549,774.3,2.2429,OK,29999,2.694736957550049,1.002862572669983,351.5068054199219
CAP_20260830_113004,2026-08-30 11:30:04,P11,/hydroponic_project/data_collection/images/lettuce_20260830_113004.jpg,/hydroponic_project/data_collection/crops/lettuce_20260830_113004/P11.jpg,/hydroponic_project/data_collection/crops/lettuce_20260830_113004/P11_224.jpg,29.69,32.6,67.3,6.31,2.6904,1.549,774.3,2.2429,OK,29999,2.694736957550049,1.002862572669983,351.5068054199219
CAP_20260830_113004,2026-08-30 11:30:04,P12,/hydroponic_project/data_collection/images/lettuce_20260830_113004.jpg,/hydroponic_project/data_collection/crops/lettuce_20260830_113004/P12.jpg,/hydroponic_project/data_collection/crops/lettuce_20260830_113004/P12_224.jpg,29.69,32.6,67.3,6.31,2.6904,1.549,774.3,2.2429,OK,29999,2.694736957550049,1.002862572669983,351.5068054199219
CAP_20260830_114504,2026-08-30 11:45:04,P01,/hydroponic_project/data_collection/images/lettuce_20260830_114504.jpg,/hydroponic_project/data_collection/crops/lettuce_20260830_114504/P01.jpg,/hydroponic_project/data_collection/crops/lettuce_20260830_114504/P01_224.jpg,29.75,32.7,65.6,6.34,2.6859,1.545,772.7,2.2425,OK,29999,2.844444513320923,1.002594232559204,338.7217102050781
CAP_20260830_114504,2026-08-30 11:45:04,P02,/hydroponic_project/data_collection/images/lettuce_20260830_114504.jpg,/hydroponic_project/data_collection/crops/lettuce_20260830_114504/P02.jpg,/hydroponic_project/data_collection/crops/lettuce_20260830_114504/P02_224.jpg,29.75,32.7,65.6,6.34,2.6859,1.545,772.7,2.2425,OK,29999,2.844444513320923,1.002594232559204,338.7217102050781
CAP_20260830_114504,2026-08-30 11:45:04,P03,/hydroponic_project/data_collection/images/lettuce_20260830_114504.jpg,/hydroponic_project/data_collection/crops/lettuce_20260830_114504/P03.jpg,/hydroponic_project/data_collection/crops/lettuce_20260830_114504/P03_224.jpg,29.75,32.7,65.6,6.34,2.6859,1.545,772.7,2.2425,OK,29999,2.844444513320923,1.002594232559204,338.7217102050781
CAP_20260830_114504,2026-08-30 11:45:04,P04,/hydroponic_project/data_collection/images/lettuce_20260830_114504.jpg,/hydroponic_project/data_collection/crops/lettuce_20260830_114504/P04.jpg,/hydroponic_project/data_collection/crops/lettuce_20260830_114504/P04_224.jpg,29.75,32.7,65.6,6.34,2.6859,1.545,772.7,2.2425,OK,29999,2.844444513320923,1.002594232559204,338.7217102050781
CAP_20260830_114504,2026-08-30 11:45:04,P05,/hydroponic_project/data_collection/images/lettuce_20260830_114504.jpg,/hydroponic_project/data_collection/crops/lettuce_20260830_114504/P05.jpg,/hydroponic_project/data_collection/crops/lettuce_20260830_114504/P05_224.jpg,29.75,32.7,65.6,6.34,2.6859,1.545,772.7,2.2425,OK,29999,2.844444513320923,1.002594232559204,338.7217102050781
CAP_20260830_114504,2026-08-30 11:45:04,P06,/hydroponic_project/data_collection/images/lettuce_20260830_114504.jpg,/hydroponic_project/data_collection/crops/lettuce_20260830_114504/P06.jpg,/hydroponic_project/data_collection/crops/lettuce_20260830_114504/P06_224.jpg,29.75,32.7,65.6,6.34,2.6859,1.545,772.7,2.2425,OK,29999,2.844444513320923,1.002594232559204,338.7217102050781
CAP_20260830_114504,2026-08-30 11:45:04,P07,/hydroponic_project/data_collection/images/lettuce_20260830_114504.jpg,/hydroponic_project/data_collection/crops/lettuce_20260830_114504/P07.jpg,/hydroponic_project/data_collection/crops/lettuce_20260830_114504/P07_224.jpg,29.75,32.7,65.6,6.34,2.6859,1.545,772.7,2.2425,OK,29999,2.844444513320923,1.002594232559204,338.7217102050781
CAP_20260830_114504,2026-08-30 11:45:04,P08,/hydroponic_project/data_collection/images/lettuce_20260830_114504.jpg,/hydroponic_project/data_collection/crops/lettuce_20260830_114504/P08.jpg,/hydroponic_project/data_collection/crops/lettuce_20260830_114504/P08_224.jpg,29.75,32.7,65.6,6.34,2.6859,1.545,772.7,2.2425,OK,29999,2.844444513320923,1.002594232559204,338.7217102050781
CAP_20260830_114504,2026-08-30 11:45:04,P09,/hydroponic_project/data_collection/images/lettuce_20260830_114504.jpg,/hydroponic_project/data_collection/crops/lettuce_20260830_114504/P09.jpg,/hydroponic_project/data_collection/crops/lettuce_20260830_114504/P09_224.jpg,29.75,32.7,65.6,6.34,2.6859,1.545,772.7,2.2425,OK,29999,2.844444513320923,1.002594232559204,338.7217102050781
CAP_20260830_114504,2026-08-30 11:45:04,P10,/hydroponic_project/data_collection/images/lettuce_20260830_114504.jpg,/hydroponic_project/data_collection/crops/lettuce_20260830_114504/P10.jpg,/hydroponic_project/data_collection/crops/lettuce_20260830_114504/P10_224.jpg,29.75,32.7,65.6,6.34,2.6859,1.545,772.7,2.2425,OK,29999,2.844444513320923,1.002594232559204,338.7217102050781
CAP_20260830_114504,2026-08-30 11:45:04,P11,/hydroponic_project/data_collection/images/lettuce_20260830_114504.jpg,/hydroponic_project/data_collection/crops/lettuce_20260830_114504/P11.jpg,/hydroponic_project/data_collection/crops/lettuce_20260830_114504/P11_224.jpg,29.75,32.7,65.6,6.34,2.6859,1.545,772.7,2.2425,OK,29999,2.844444513320923,1.002594232559204,338.7217102050781
CAP_20260830_114504,2026-08-30 11:45:04,P12,/hydroponic_project/data_collection/images/lettuce_20260830_114504.jpg,/hydroponic_project/data_collection/crops/lettuce_20260830_114504/P12.jpg,/hydroponic_project/data_collection/crops/lettuce_20260830_114504/P12_224.jpg,29.75,32.7,65.6,6.34,2.6859,1.545,772.7,2.2425,OK,29999,2.844444513320923,1.002594232559204,338.7217102050781
CAP_20260830_120003,2026-08-30 12:00:03,P01,/hydroponic_project/data_collection/images/lettuce_20260830_120003.jpg,/hydroponic_project/data_collection/crops/lettuce_20260830_120003/P01.jpg,/hydroponic_project/data_collection/crops/lettuce_20260830_120003/P01_224.jpg,29.87,33.0,63.7,6.43,2.6718,1.539,769.5,2.2421,OK,29999,3.047619104385376,1.008120059967041,317.8965148925781
CAP_20260830_120003,2026-08-30 12:00:03,P02,/hydroponic_project/data_collection/images/lettuce_20260830_120003.jpg,/hydroponic_project/data_collection/crops/lettuce_20260830_120003/P02.jpg,/hydroponic_project/data_collection/crops/lettuce_20260830_120003/P02_224.jpg,29.87,33.0,63.7,6.43,2.6718,1.539,769.5,2.2421,OK,29999,3.047619104385376,1.008120059967041,317.8965148925781
CAP_20260830_120003,2026-08-30 12:00:03,P03,/hydroponic_project/data_collection/images/lettuce_20260830_120003.jpg,/hydroponic_project/data_collection/crops/lettuce_20260830_120003/P03.jpg,/hydroponic_project/data_collection/crops/lettuce_20260830_120003/P03_224.jpg,29.87,33.0,63.7,6.43,2.6718,1.539,769.5,2.2421,OK,29999,3.047619104385376,1.008120059967041,317.8965148925781
CAP_20260830_120003,2026-08-30 12:00:03,P04,/hydroponic_project/data_collection/images/lettuce_20260830_120003.jpg,/hydroponic_project/data_collection/crops/lettuce_20260830_120003/P04.jpg,/hydroponic_project/data_collection/crops/lettuce_20260830_120003/P04_224.jpg,29.87,33.0,63.7,6.43,2.6718,1.539,769.5,2.2421,OK,29999,3.047619104385376,1.008120059967041,317.8965148925781
CAP_20260830_120003,2026-08-30 12:00:03,P05,/hydroponic_project/data_collection/images/lettuce_20260830_120003.jpg,/hydroponic_project/data_collection/crops/lettuce_20260830_120003/P05.jpg,/hydroponic_project/data_collection/crops/lettuce_20260830_120003/P05_224.jpg,29.87,33.0,63.7,6.43,2.6718,1.539,769.5,2.2421,OK,29999,3.047619104385376,1.008120059967041,317.8965148925781
CAP_20260830_120003,2026-08-30 12:00:03,P06,/hydroponic_project/data_collection/images/lettuce_20260830_120003.jpg,/hydroponic_project/data_collection/crops/lettuce_20260830_120003/P06.jpg,/hydroponic_project/data_collection/crops/lettuce_20260830_120003/P06_224.jpg,29.87,33.0,63.7,6.43,2.6718,1.539,769.5,2.2421,OK,29999,3.047619104385376,1.008120059967041,317.8965148925781
CAP_20260830_120003,2026-08-30 12:00:03,P07,/hydroponic_project/data_collection/images/lettuce_20260830_120003.jpg,/hydroponic_project/data_collection/crops/lettuce_20260830_120003/P07.jpg,/hydroponic_project/data_collection/crops/lettuce_20260830_120003/P07_224.jpg,29.87,33.0,63.7,6.43,2.6718,1.539,769.5,2.2421,OK,29999,3.047619104385376,1.008120059967041,317.8965148925781
CAP_20260830_120003,2026-08-30 12:00:03,P08,/hydroponic_project/data_collection/images/lettuce_20260830_120003.jpg,/hydroponic_project/data_collection/crops/lettuce_20260830_120003/P08.jpg,/hydroponic_project/data_collection/crops/lettuce_20260830_120003/P08_224.jpg,29.87,33.0,63.7,6.43,2.6718,1.539,769.5,2.2421,OK,29999,3.047619104385376,1.008120059967041,317.8965148925781
CAP_20260830_120003,2026-08-30 12:00:03,P09,/hydroponic_project/data_collection/images/lettuce_20260830_120003.jpg,/hydroponic_project/data_collection/crops/lettuce_20260830_120003/P09.jpg,/hydroponic_project/data_collection/crops/lettuce_20260830_120003/P09_224.jpg,29.87,33.0,63.7,6.43,2.6718,1.539,769.5,2.2421,OK,29999,3.047619104385376,1.008120059967041,317.8965148925781
CAP_20260830_120003,2026-08-30 12:00:03,P10,/hydroponic_project/data_collection/images/lettuce_20260830_120003.jpg,/hydroponic_project/data_collection/crops/lettuce_20260830_120003/P10.jpg,/hydroponic_project/data_collection/crops/lettuce_20260830_120003/P10_224.jpg,29.87,33.0,63.7,6.43,2.6718,1.539,769.5,2.2421,OK,29999,3.047619104385376,1.008120059967041,317.8965148925781
CAP_20260830_120003,2026-08-30 12:00:03,P11,/hydroponic_project/data_collection/images/lettuce_20260830_120003.jpg,/hydroponic_project/data_collection/crops/lettuce_20260830_120003/P11.jpg,/hydroponic_project/data_collection/crops/lettuce_20260830_120003/P11_224.jpg,29.87,33.0,63.7,6.43,2.6718,1.539,769.5,2.2421,OK,29999,3.047619104385376,1.008120059967041,317.8965148925781
CAP_20260830_120003,2026-08-30 12:00:03,P12,/hydroponic_project/data_collection/images/lettuce_20260830_120003.jpg,/hydroponic_project/data_collection/crops/lettuce_20260830_120003/P12.jpg,/hydroponic_project/data_collection/crops/lettuce_20260830_120003/P12_224.jpg,29.87,33.0,63.7,6.43,2.6718,1.539,769.5,2.2421,OK,29999,3.047619104385376,1.008120059967041,317.8965148925781
CAP_20260830_121504,2026-08-30 12:15:04,P01,/hydroponic_project/data_collection/images/lettuce_20260830_121504.jpg,/hydroponic_project/data_collection/crops/lettuce_20260830_121504/P01.jpg,/hydroponic_project/data_collection/crops/lettuce_20260830_121504/P01_224.jpg,29.94,32.9,64.5,6.42,2.6723,1.533,766.4,2.2393,OK,29999,2.909090995788574,1.0057324171066284,332.2815246582031
CAP_20260830_121504,2026-08-30 12:15:04,P02,/hydroponic_project/data_collection/images/lettuce_20260830_121504.jpg,/hydroponic_project/data_collection/crops/lettuce_20260830_121504/P02.jpg,/hydroponic_project/data_collection/crops/lettuce_20260830_121504/P02_224.jpg,29.94,32.9,64.5,6.42,2.6723,1.533,766.4,2.2393,OK,29999,2.909090995788574,1.0057324171066284,332.2815246582031
CAP_20260830_121504,2026-08-30 12:15:04,P03,/hydroponic_project/data_collection/images/lettuce_20260830_121504.jpg,/hydroponic_project/data_collection/crops/lettuce_20260830_121504/P03.jpg,/hydroponic_project/data_collection/crops/lettuce_20260830_121504/P03_224.jpg,29.94,32.9,64.5,6.42,2.6723,1.533,766.4,2.2393,OK,29999,2.909090995788574,1.0057324171066284,332.2815246582031
CAP_20260830_121504,2026-08-30 12:15:04,P04,/hydroponic_project/data_collection/images/lettuce_20260830_121504.jpg,/hydroponic_project/data_collection/crops/lettuce_20260830_121504/P04.jpg,/hydroponic_project/data_collection/crops/lettuce_20260830_121504/P04_224.jpg,29.94,32.9,64.5,6.42,2.6723,1.533,766.4,2.2393,OK,29999,2.909090995788574,1.0057324171066284,332.2815246582031
CAP_20260830_121504,2026-08-30 12:15:04,P05,/hydroponic_project/data_collection/images/lettuce_20260830_121504.jpg,/hydroponic_project/data_collection/crops/lettuce_20260830_121504/P05.jpg,/hydroponic_project/data_collection/crops/lettuce_20260830_121504/P05_224.jpg,29.94,32.9,64.5,6.42,2.6723,1.533,766.4,2.2393,OK,29999,2.909090995788574,1.0057324171066284,332.2815246582031
CAP_20260830_121504,2026-08-30 12:15:04,P06,/hydroponic_project/data_collection/images/lettuce_20260830_121504.jpg,/hydroponic_project/data_collection/crops/lettuce_20260830_121504/P06.jpg,/hydroponic_project/data_collection/crops/lettuce_20260830_121504/P06_224.jpg,29.94,32.9,64.5,6.42,2.6723,1.533,766.4,2.2393,OK,29999,2.909090995788574,1.0057324171066284,332.2815246582031
CAP_20260830_121504,2026-08-30 12:15:04,P07,/hydroponic_project/data_collection/images/lettuce_20260830_121504.jpg,/hydroponic_project/data_collection/crops/lettuce_20260830_121504/P07.jpg,/hydroponic_project/data_collection/crops/lettuce_20260830_121504/P07_224.jpg,29.94,32.9,64.5,6.42,2.6723,1.533,766.4,2.2393,OK,29999,2.909090995788574,1.0057324171066284,332.2815246582031
CAP_20260830_121504,2026-08-30 12:15:04,P08,/hydroponic_project/data_collection/images/lettuce_20260830_121504.jpg,/hydroponic_project/data_collection/crops/lettuce_20260830_121504/P08.jpg,/hydroponic_project/data_collection/crops/lettuce_20260830_121504/P08_224.jpg,29.94,32.9,64.5,6.42,2.6723,1.533,766.4,2.2393,OK,29999,2.909090995788574,1.0057324171066284,332.2815246582031
CAP_20260830_121504,2026-08-30 12:15:04,P09,/hydroponic_project/data_collection/images/lettuce_20260830_121504.jpg,/hydroponic_project/data_collection/crops/lettuce_20260830_121504/P09.jpg,/hydroponic_project/data_collection/crops/lettuce_20260830_121504/P09_224.jpg,29.94,32.9,64.5,6.42,2.6723,1.533,766.4,2.2393,OK,29999,2.909090995788574,1.0057324171066284,332.2815246582031
CAP_20260830_121504,2026-08-30 12:15:04,P10,/hydroponic_project/data_collection/images/lettuce_20260830_121504.jpg,/hydroponic_project/data_collection/crops/lettuce_20260830_121504/P10.jpg,/hydroponic_project/data_collection/crops/lettuce_20260830_121504/P10_224.jpg,29.94,32.9,64.5,6.42,2.6723,1.533,766.4,2.2393,OK,29999,2.909090995788574,1.0057324171066284,332.2815246582031
CAP_20260830_121504,2026-08-30 12:15:04,P11,/hydroponic_project/data_collection/images/lettuce_20260830_121504.jpg,/hydroponic_project/data_collection/crops/lettuce_20260830_121504/P11.jpg,/hydroponic_project/data_collection/crops/lettuce_20260830_121504/P11_224.jpg,29.94,32.9,64.5,6.42,2.6723,1.533,766.4,2.2393,OK,29999,2.909090995788574,1.0057324171066284,332.2815246582031
CAP_20260830_121504,2026-08-30 12:15:04,P12,/hydroponic_project/data_collection/images/lettuce_20260830_121504.jpg,/hydroponic_project/data_collection/crops/lettuce_20260830_121504/P12.jpg,/hydroponic_project/data_collection/crops/lettuce_20260830_121504/P12_224.jpg,29.94,32.9,64.5,6.42,2.6723,1.533,766.4,2.2393,OK,29999,2.909090995788574,1.0057324171066284,332.2815246582031
CAP_20260830_123004,2026-08-30 12:30:04,P01,/hydroponic_project/data_collection/images/lettuce_20260830_123004.jpg,/hydroponic_project/data_collection/crops/lettuce_20260830_123004/P01.jpg,/hydroponic_project/data_collection/crops/lettuce_20260830_123004/P01_224.jpg,30.0,32.9,64.2,6.44,2.6691,1.527,763.6,2.2369,OK,29999,3.0117647647857666,1.0038208961486816,320.39605712890625
CAP_20260830_123004,2026-08-30 12:30:04,P02,/hydroponic_project/data_collection/images/lettuce_20260830_123004.jpg,/hydroponic_project/data_collection/crops/lettuce_20260830_123004/P02.jpg,/hydroponic_project/data_collection/crops/lettuce_20260830_123004/P02_224.jpg,30.0,32.9,64.2,6.44,2.6691,1.527,763.6,2.2369,OK,29999,3.0117647647857666,1.0038208961486816,320.39605712890625
CAP_20260830_123004,2026-08-30 12:30:04,P03,/hydroponic_project/data_collection/images/lettuce_20260830_123004.jpg,/hydroponic_project/data_collection/crops/lettuce_20260830_123004/P03.jpg,/hydroponic_project/data_collection/crops/lettuce_20260830_123004/P03_224.jpg,30.0,32.9,64.2,6.44,2.6691,1.527,763.6,2.2369,OK,29999,3.0117647647857666,1.0038208961486816,320.39605712890625
CAP_20260830_123004,2026-08-30 12:30:04,P04,/hydroponic_project/data_collection/images/lettuce_20260830_123004.jpg,/hydroponic_project/data_collection/crops/lettuce_20260830_123004/P04.jpg,/hydroponic_project/data_collection/crops/lettuce_20260830_123004/P04_224.jpg,30.0,32.9,64.2,6.44,2.6691,1.527,763.6,2.2369,OK,29999,3.0117647647857666,1.0038208961486816,320.39605712890625
CAP_20260830_123004,2026-08-30 12:30:04,P05,/hydroponic_project/data_collection/images/lettuce_20260830_123004.jpg,/hydroponic_project/data_collection/crops/lettuce_20260830_123004/P05.jpg,/hydroponic_project/data_collection/crops/lettuce_20260830_123004/P05_224.jpg,30.0,32.9,64.2,6.44,2.6691,1.527,763.6,2.2369,OK,29999,3.0117647647857666,1.0038208961486816,320.39605712890625
CAP_20260830_123004,2026-08-30 12:30:04,P06,/hydroponic_project/data_collection/images/lettuce_20260830_123004.jpg,/hydroponic_project/data_collection/crops/lettuce_20260830_123004/P06.jpg,/hydroponic_project/data_collection/crops/lettuce_20260830_123004/P06_224.jpg,30.0,32.9,64.2,6.44,2.6691,1.527,763.6,2.2369,OK,29999,3.0117647647857666,1.0038208961486816,320.39605712890625
CAP_20260830_123004,2026-08-30 12:30:04,P07,/hydroponic_project/data_collection/images/lettuce_20260830_123004.jpg,/hydroponic_project/data_collection/crops/lettuce_20260830_123004/P07.jpg,/hydroponic_project/data_collection/crops/lettuce_20260830_123004/P07_224.jpg,30.0,32.9,64.2,6.44,2.6691,1.527,763.6,2.2369,OK,29999,3.0117647647857666,1.0038208961486816,320.39605712890625
CAP_20260830_123004,2026-08-30 12:30:04,P08,/hydroponic_project/data_collection/images/lettuce_20260830_123004.jpg,/hydroponic_project/data_collection/crops/lettuce_20260830_123004/P08.jpg,/hydroponic_project/data_collection/crops/lettuce_20260830_123004/P08_224.jpg,30.0,32.9,64.2,6.44,2.6691,1.527,763.6,2.2369,OK,29999,3.0117647647857666,1.0038208961486816,320.39605712890625
CAP_20260830_123004,2026-08-30 12:30:04,P09,/hydroponic_project/data_collection/images/lettuce_20260830_123004.jpg,/hydroponic_project/data_collection/crops/lettuce_20260830_123004/P09.jpg,/hydroponic_project/data_collection/crops/lettuce_20260830_123004/P09_224.jpg,30.0,32.9,64.2,6.44,2.6691,1.527,763.6,2.2369,OK,29999,3.0117647647857666,1.0038208961486816,320.39605712890625
CAP_20260830_123004,2026-08-30 12:30:04,P10,/hydroponic_project/data_collection/images/lettuce_20260830_123004.jpg,/hydroponic_project/data_collection/crops/lettuce_20260830_123004/P10.jpg,/hydroponic_project/data_collection/crops/lettuce_20260830_123004/P10_224.jpg,30.0,32.9,64.2,6.44,2.6691,1.527,763.6,2.2369,OK,29999,3.0117647647857666,1.0038208961486816,320.39605712890625
CAP_20260830_123004,2026-08-30 12:30:04,P11,/hydroponic_project/data_collection/images/lettuce_20260830_123004.jpg,/hydroponic_project/data_collection/crops/lettuce_20260830_123004/P11.jpg,/hydroponic_project/data_collection/crops/lettuce_20260830_123004/P11_224.jpg,30.0,32.9,64.2,6.44,2.6691,1.527,763.6,2.2369,OK,29999,3.0117647647857666,1.0038208961486816,320.39605712890625
CAP_20260830_123004,2026-08-30 12:30:04,P12,/hydroponic_project/data_collection/images/lettuce_20260830_123004.jpg,/hydroponic_project/data_collection/crops/lettuce_20260830_123004/P12.jpg,/hydroponic_project/data_collection/crops/lettuce_20260830_123004/P12_224.jpg,30.0,32.9,64.2,6.44,2.6691,1.527,763.6,2.2369,OK,29999,3.0117647647857666,1.0038208961486816,320.39605712890625
CAP_20260830_124503,2026-08-30 12:45:03,P01,/hydroponic_project/data_collection/images/lettuce_20260830_124503.jpg,/hydroponic_project/data_collection/crops/lettuce_20260830_124503/P01.jpg,/hydroponic_project/data_collection/crops/lettuce_20260830_124503/P01_224.jpg,30.06,32.9,64.1,6.42,2.6726,1.521,760.6,2.234,OK,29999,3.0843372344970703,1.0035326480865479,316.7785339355469
CAP_20260830_124503,2026-08-30 12:45:03,P02,/hydroponic_project/data_collection/images/lettuce_20260830_124503.jpg,/hydroponic_project/data_collection/crops/lettuce_20260830_124503/P02.jpg,/hydroponic_project/data_collection/crops/lettuce_20260830_124503/P02_224.jpg,30.06,32.9,64.1,6.42,2.6726,1.521,760.6,2.234,OK,29999,3.0843372344970703,1.0035326480865479,316.7785339355469
CAP_20260830_124503,2026-08-30 12:45:03,P03,/hydroponic_project/data_collection/images/lettuce_20260830_124503.jpg,/hydroponic_project/data_collection/crops/lettuce_20260830_124503/P03.jpg,/hydroponic_project/data_collection/crops/lettuce_20260830_124503/P03_224.jpg,30.06,32.9,64.1,6.42,2.6726,1.521,760.6,2.234,OK,29999,3.0843372344970703,1.0035326480865479,316.7785339355469
CAP_20260830_124503,2026-08-30 12:45:03,P04,/hydroponic_project/data_collection/images/lettuce_20260830_124503.jpg,/hydroponic_project/data_collection/crops/lettuce_20260830_124503/P04.jpg,/hydroponic_project/data_collection/crops/lettuce_20260830_124503/P04_224.jpg,30.06,32.9,64.1,6.42,2.6726,1.521,760.6,2.234,OK,29999,3.0843372344970703,1.0035326480865479,316.7785339355469
CAP_20260830_124503,2026-08-30 12:45:03,P05,/hydroponic_project/data_collection/images/lettuce_20260830_124503.jpg,/hydroponic_project/data_collection/crops/lettuce_20260830_124503/P05.jpg,/hydroponic_project/data_collection/crops/lettuce_20260830_124503/P05_224.jpg,30.06,32.9,64.1,6.42,2.6726,1.521,760.6,2.234,OK,29999,3.0843372344970703,1.0035326480865479,316.7785339355469
CAP_20260830_124503,2026-08-30 12:45:03,P06,/hydroponic_project/data_collection/images/lettuce_20260830_124503.jpg,/hydroponic_project/data_collection/crops/lettuce_20260830_124503/P06.jpg,/hydroponic_project/data_collection/crops/lettuce_20260830_124503/P06_224.jpg,30.06,32.9,64.1,6.42,2.6726,1.521,760.6,2.234,OK,29999,3.0843372344970703,1.0035326480865479,316.7785339355469
CAP_20260830_124503,2026-08-30 12:45:03,P07,/hydroponic_project/data_collection/images/lettuce_20260830_124503.jpg,/hydroponic_project/data_collection/crops/lettuce_20260830_124503/P07.jpg,/hydroponic_project/data_collection/crops/lettuce_20260830_124503/P07_224.jpg,30.06,32.9,64.1,6.42,2.6726,1.521,760.6,2.234,OK,29999,3.0843372344970703,1.0035326480865479,316.7785339355469
CAP_20260830_124503,2026-08-30 12:45:03,P08,/hydroponic_project/data_collection/images/lettuce_20260830_124503.jpg,/hydroponic_project/data_collection/crops/lettuce_20260830_124503/P08.jpg,/hydroponic_project/data_collection/crops/lettuce_20260830_124503/P08_224.jpg,30.06,32.9,64.1,6.42,2.6726,1.521,760.6,2.234,OK,29999,3.0843372344970703,1.0035326480865479,316.7785339355469
CAP_20260830_124503,2026-08-30 12:45:03,P09,/hydroponic_project/data_collection/images/lettuce_20260830_124503.jpg,/hydroponic_project/data_collection/crops/lettuce_20260830_124503/P09.jpg,/hydroponic_project/data_collection/crops/lettuce_20260830_124503/P09_224.jpg,30.06,32.9,64.1,6.42,2.6726,1.521,760.6,2.234,OK,29999,3.0843372344970703,1.0035326480865479,316.7785339355469
CAP_20260830_124503,2026-08-30 12:45:03,P10,/hydroponic_project/data_collection/images/lettuce_20260830_124503.jpg,/hydroponic_project/data_collection/crops/lettuce_20260830_124503/P10.jpg,/hydroponic_project/data_collection/crops/lettuce_20260830_124503/P10_224.jpg,30.06,32.9,64.1,6.42,2.6726,1.521,760.6,2.234,OK,29999,3.0843372344970703,1.0035326480865479,316.7785339355469
CAP_20260830_124503,2026-08-30 12:45:03,P11,/hydroponic_project/data_collection/images/lettuce_20260830_124503.jpg,/hydroponic_project/data_collection/crops/lettuce_20260830_124503/P11.jpg,/hydroponic_project/data_collection/crops/lettuce_20260830_124503/P11_224.jpg,30.06,32.9,64.1,6.42,2.6726,1.521,760.6,2.234,OK,29999,3.0843372344970703,1.0035326480865479,316.7785339355469
CAP_20260830_124503,2026-08-30 12:45:03,P12,/hydroponic_project/data_collection/images/lettuce_20260830_124503.jpg,/hydroponic_project/data_collection/crops/lettuce_20260830_124503/P12.jpg,/hydroponic_project/data_collection/crops/lettuce_20260830_124503/P12_224.jpg,30.06,32.9,64.1,6.42,2.6726,1.521,760.6,2.234,OK,29999,3.0843372344970703,1.0035326480865479,316.7785339355469
CAP_20260830_130004,2026-08-30 13:00:04,P01,/hydroponic_project/data_collection/images/lettuce_20260830_130004.jpg,/hydroponic_project/data_collection/crops/lettuce_20260830_130004/P01.jpg,/hydroponic_project/data_collection/crops/lettuce_20260830_130004/P01_224.jpg,30.06,32.7,64.4,6.43,2.6709,1.517,758.5,2.2303,OK,29999,2.8131868839263916,1.0078402757644653,346.6535339355469
CAP_20260830_130004,2026-08-30 13:00:04,P02,/hydroponic_project/data_collection/images/lettuce_20260830_130004.jpg,/hydroponic_project/data_collection/crops/lettuce_20260830_130004/P02.jpg,/hydroponic_project/data_collection/crops/lettuce_20260830_130004/P02_224.jpg,30.06,32.7,64.4,6.43,2.6709,1.517,758.5,2.2303,OK,29999,2.8131868839263916,1.0078402757644653,346.6535339355469
CAP_20260830_130004,2026-08-30 13:00:04,P03,/hydroponic_project/data_collection/images/lettuce_20260830_130004.jpg,/hydroponic_project/data_collection/crops/lettuce_20260830_130004/P03.jpg,/hydroponic_project/data_collection/crops/lettuce_20260830_130004/P03_224.jpg,30.06,32.7,64.4,6.43,2.6709,1.517,758.5,2.2303,OK,29999,2.8131868839263916,1.0078402757644653,346.6535339355469
CAP_20260830_130004,2026-08-30 13:00:04,P04,/hydroponic_project/data_collection/images/lettuce_20260830_130004.jpg,/hydroponic_project/data_collection/crops/lettuce_20260830_130004/P04.jpg,/hydroponic_project/data_collection/crops/lettuce_20260830_130004/P04_224.jpg,30.06,32.7,64.4,6.43,2.6709,1.517,758.5,2.2303,OK,29999,2.8131868839263916,1.0078402757644653,346.6535339355469
CAP_20260830_130004,2026-08-30 13:00:04,P05,/hydroponic_project/data_collection/images/lettuce_20260830_130004.jpg,/hydroponic_project/data_collection/crops/lettuce_20260830_130004/P05.jpg,/hydroponic_project/data_collection/crops/lettuce_20260830_130004/P05_224.jpg,30.06,32.7,64.4,6.43,2.6709,1.517,758.5,2.2303,OK,29999,2.8131868839263916,1.0078402757644653,346.6535339355469
CAP_20260830_130004,2026-08-30 13:00:04,P06,/hydroponic_project/data_collection/images/lettuce_20260830_130004.jpg,/hydroponic_project/data_collection/crops/lettuce_20260830_130004/P06.jpg,/hydroponic_project/data_collection/crops/lettuce_20260830_130004/P06_224.jpg,30.06,32.7,64.4,6.43,2.6709,1.517,758.5,2.2303,OK,29999,2.8131868839263916,1.0078402757644653,346.6535339355469
CAP_20260830_130004,2026-08-30 13:00:04,P07,/hydroponic_project/data_collection/images/lettuce_20260830_130004.jpg,/hydroponic_project/data_collection/crops/lettuce_20260830_130004/P07.jpg,/hydroponic_project/data_collection/crops/lettuce_20260830_130004/P07_224.jpg,30.06,32.7,64.4,6.43,2.6709,1.517,758.5,2.2303,OK,29999,2.8131868839263916,1.0078402757644653,346.6535339355469
CAP_20260830_130004,2026-08-30 13:00:04,P08,/hydroponic_project/data_collection/images/lettuce_20260830_130004.jpg,/hydroponic_project/data_collection/crops/lettuce_20260830_130004/P08.jpg,/hydroponic_project/data_collection/crops/lettuce_20260830_130004/P08_224.jpg,30.06,32.7,64.4,6.43,2.6709,1.517,758.5,2.2303,OK,29999,2.8131868839263916,1.0078402757644653,346.6535339355469
CAP_20260830_130004,2026-08-30 13:00:04,P09,/hydroponic_project/data_collection/images/lettuce_20260830_130004.jpg,/hydroponic_project/data_collection/crops/lettuce_20260830_130004/P09.jpg,/hydroponic_project/data_collection/crops/lettuce_20260830_130004/P09_224.jpg,30.06,32.7,64.4,6.43,2.6709,1.517,758.5,2.2303,OK,29999,2.8131868839263916,1.0078402757644653,346.6535339355469
CAP_20260830_130004,2026-08-30 13:00:04,P10,/hydroponic_project/data_collection/images/lettuce_20260830_130004.jpg,/hydroponic_project/data_collection/crops/lettuce_20260830_130004/P10.jpg,/hydroponic_project/data_collection/crops/lettuce_20260830_130004/P10_224.jpg,30.06,32.7,64.4,6.43,2.6709,1.517,758.5,2.2303,OK,29999,2.8131868839263916,1.0078402757644653,346.6535339355469
CAP_20260830_130004,2026-08-30 13:00:04,P11,/hydroponic_project/data_collection/images/lettuce_20260830_130004.jpg,/hydroponic_project/data_collection/crops/lettuce_20260830_130004/P11.jpg,/hydroponic_project/data_collection/crops/lettuce_20260830_130004/P11_224.jpg,30.06,32.7,64.4,6.43,2.6709,1.517,758.5,2.2303,OK,29999,2.8131868839263916,1.0078402757644653,346.6535339355469
CAP_20260830_130004,2026-08-30 13:00:04,P12,/hydroponic_project/data_collection/images/lettuce_20260830_130004.jpg,/hydroponic_project/data_collection/crops/lettuce_20260830_130004/P12.jpg,/hydroponic_project/data_collection/crops/lettuce_20260830_130004/P12_224.jpg,30.06,32.7,64.4,6.43,2.6709,1.517,758.5,2.2303,OK,29999,2.8131868839263916,1.0078402757644653,346.6535339355469
CAP_20260830_131504,2026-08-30 13:15:04,P01,/hydroponic_project/data_collection/images/lettuce_20260830_131504.jpg,/hydroponic_project/data_collection/crops/lettuce_20260830_131504/P01.jpg,/hydroponic_project/data_collection/crops/lettuce_20260830_131504/P01_224.jpg,30.12,32.9,64.1,6.36,2.6826,1.511,755.5,2.2275,OK,29999,2.94252872467041,1.010917067527771,326.9332275390625
CAP_20260830_131504,2026-08-30 13:15:04,P02,/hydroponic_project/data_collection/images/lettuce_20260830_131504.jpg,/hydroponic_project/data_collection/crops/lettuce_20260830_131504/P02.jpg,/hydroponic_project/data_collection/crops/lettuce_20260830_131504/P02_224.jpg,30.12,32.9,64.1,6.36,2.6826,1.511,755.5,2.2275,OK,29999,2.94252872467041,1.010917067527771,326.9332275390625
CAP_20260830_131504,2026-08-30 13:15:04,P03,/hydroponic_project/data_collection/images/lettuce_20260830_131504.jpg,/hydroponic_project/data_collection/crops/lettuce_20260830_131504/P03.jpg,/hydroponic_project/data_collection/crops/lettuce_20260830_131504/P03_224.jpg,30.12,32.9,64.1,6.36,2.6826,1.511,755.5,2.2275,OK,29999,2.94252872467041,1.010917067527771,326.9332275390625
CAP_20260830_131504,2026-08-30 13:15:04,P04,/hydroponic_project/data_collection/images/lettuce_20260830_131504.jpg,/hydroponic_project/data_collection/crops/lettuce_20260830_131504/P04.jpg,/hydroponic_project/data_collection/crops/lettuce_20260830_131504/P04_224.jpg,30.12,32.9,64.1,6.36,2.6826,1.511,755.5,2.2275,OK,29999,2.94252872467041,1.010917067527771,326.9332275390625
CAP_20260830_131504,2026-08-30 13:15:04,P05,/hydroponic_project/data_collection/images/lettuce_20260830_131504.jpg,/hydroponic_project/data_collection/crops/lettuce_20260830_131504/P05.jpg,/hydroponic_project/data_collection/crops/lettuce_20260830_131504/P05_224.jpg,30.12,32.9,64.1,6.36,2.6826,1.511,755.5,2.2275,OK,29999,2.94252872467041,1.010917067527771,326.9332275390625
CAP_20260830_131504,2026-08-30 13:15:04,P06,/hydroponic_project/data_collection/images/lettuce_20260830_131504.jpg,/hydroponic_project/data_collection/crops/lettuce_20260830_131504/P06.jpg,/hydroponic_project/data_collection/crops/lettuce_20260830_131504/P06_224.jpg,30.12,32.9,64.1,6.36,2.6826,1.511,755.5,2.2275,OK,29999,2.94252872467041,1.010917067527771,326.9332275390625
CAP_20260830_131504,2026-08-30 13:15:04,P07,/hydroponic_project/data_collection/images/lettuce_20260830_131504.jpg,/hydroponic_project/data_collection/crops/lettuce_20260830_131504/P07.jpg,/hydroponic_project/data_collection/crops/lettuce_20260830_131504/P07_224.jpg,30.12,32.9,64.1,6.36,2.6826,1.511,755.5,2.2275,OK,29999,2.94252872467041,1.010917067527771,326.9332275390625
CAP_20260830_131504,2026-08-30 13:15:04,P08,/hydroponic_project/data_collection/images/lettuce_20260830_131504.jpg,/hydroponic_project/data_collection/crops/lettuce_20260830_131504/P08.jpg,/hydroponic_project/data_collection/crops/lettuce_20260830_131504/P08_224.jpg,30.12,32.9,64.1,6.36,2.6826,1.511,755.5,2.2275,OK,29999,2.94252872467041,1.010917067527771,326.9332275390625
CAP_20260830_131504,2026-08-30 13:15:04,P09,/hydroponic_project/data_collection/images/lettuce_20260830_131504.jpg,/hydroponic_project/data_collection/crops/lettuce_20260830_131504/P09.jpg,/hydroponic_project/data_collection/crops/lettuce_20260830_131504/P09_224.jpg,30.12,32.9,64.1,6.36,2.6826,1.511,755.5,2.2275,OK,29999,2.94252872467041,1.010917067527771,326.9332275390625
CAP_20260830_131504,2026-08-30 13:15:04,P10,/hydroponic_project/data_collection/images/lettuce_20260830_131504.jpg,/hydroponic_project/data_collection/crops/lettuce_20260830_131504/P10.jpg,/hydroponic_project/data_collection/crops/lettuce_20260830_131504/P10_224.jpg,30.12,32.9,64.1,6.36,2.6826,1.511,755.5,2.2275,OK,29999,2.94252872467041,1.010917067527771,326.9332275390625
CAP_20260830_131504,2026-08-30 13:15:04,P11,/hydroponic_project/data_collection/images/lettuce_20260830_131504.jpg,/hydroponic_project/data_collection/crops/lettuce_20260830_131504/P11.jpg,/hydroponic_project/data_collection/crops/lettuce_20260830_131504/P11_224.jpg,30.12,32.9,64.1,6.36,2.6826,1.511,755.5,2.2275,OK,29999,2.94252872467041,1.010917067527771,326.9332275390625
CAP_20260830_131504,2026-08-30 13:15:04,P12,/hydroponic_project/data_collection/images/lettuce_20260830_131504.jpg,/hydroponic_project/data_collection/crops/lettuce_20260830_131504/P12.jpg,/hydroponic_project/data_collection/crops/lettuce_20260830_131504/P12_224.jpg,30.12,32.9,64.1,6.36,2.6826,1.511,755.5,2.2275,OK,29999,2.94252872467041,1.010917067527771,326.9332275390625
CAP_20260830_133004,2026-08-30 13:30:04,P01,/hydroponic_project/data_collection/images/lettuce_20260830_133004.jpg,/hydroponic_project/data_collection/crops/lettuce_20260830_133004/P01.jpg,/hydroponic_project/data_collection/crops/lettuce_20260830_133004/P01_224.jpg,30.19,33.1,64.0,6.35,2.6848,1.504,752.2,2.2241,OK,29999,3.121951103210449,1.004431962966919,307.5849609375
CAP_20260830_133004,2026-08-30 13:30:04,P02,/hydroponic_project/data_collection/images/lettuce_20260830_133004.jpg,/hydroponic_project/data_collection/crops/lettuce_20260830_133004/P02.jpg,/hydroponic_project/data_collection/crops/lettuce_20260830_133004/P02_224.jpg,30.19,33.1,64.0,6.35,2.6848,1.504,752.2,2.2241,OK,29999,3.121951103210449,1.004431962966919,307.5849609375
CAP_20260830_133004,2026-08-30 13:30:04,P03,/hydroponic_project/data_collection/images/lettuce_20260830_133004.jpg,/hydroponic_project/data_collection/crops/lettuce_20260830_133004/P03.jpg,/hydroponic_project/data_collection/crops/lettuce_20260830_133004/P03_224.jpg,30.19,33.1,64.0,6.35,2.6848,1.504,752.2,2.2241,OK,29999,3.121951103210449,1.004431962966919,307.5849609375
CAP_20260830_133004,2026-08-30 13:30:04,P04,/hydroponic_project/data_collection/images/lettuce_20260830_133004.jpg,/hydroponic_project/data_collection/crops/lettuce_20260830_133004/P04.jpg,/hydroponic_project/data_collection/crops/lettuce_20260830_133004/P04_224.jpg,30.19,33.1,64.0,6.35,2.6848,1.504,752.2,2.2241,OK,29999,3.121951103210449,1.004431962966919,307.5849609375
CAP_20260830_133004,2026-08-30 13:30:04,P05,/hydroponic_project/data_collection/images/lettuce_20260830_133004.jpg,/hydroponic_project/data_collection/crops/lettuce_20260830_133004/P05.jpg,/hydroponic_project/data_collection/crops/lettuce_20260830_133004/P05_224.jpg,30.19,33.1,64.0,6.35,2.6848,1.504,752.2,2.2241,OK,29999,3.121951103210449,1.004431962966919,307.5849609375
CAP_20260830_133004,2026-08-30 13:30:04,P06,/hydroponic_project/data_collection/images/lettuce_20260830_133004.jpg,/hydroponic_project/data_collection/crops/lettuce_20260830_133004/P06.jpg,/hydroponic_project/data_collection/crops/lettuce_20260830_133004/P06_224.jpg,30.19,33.1,64.0,6.35,2.6848,1.504,752.2,2.2241,OK,29999,3.121951103210449,1.004431962966919,307.5849609375
CAP_20260830_133004,2026-08-30 13:30:04,P07,/hydroponic_project/data_collection/images/lettuce_20260830_133004.jpg,/hydroponic_project/data_collection/crops/lettuce_20260830_133004/P07.jpg,/hydroponic_project/data_collection/crops/lettuce_20260830_133004/P07_224.jpg,30.19,33.1,64.0,6.35,2.6848,1.504,752.2,2.2241,OK,29999,3.121951103210449,1.004431962966919,307.5849609375
CAP_20260830_133004,2026-08-30 13:30:04,P08,/hydroponic_project/data_collection/images/lettuce_20260830_133004.jpg,/hydroponic_project/data_collection/crops/lettuce_20260830_133004/P08.jpg,/hydroponic_project/data_collection/crops/lettuce_20260830_133004/P08_224.jpg,30.19,33.1,64.0,6.35,2.6848,1.504,752.2,2.2241,OK,29999,3.121951103210449,1.004431962966919,307.5849609375
CAP_20260830_133004,2026-08-30 13:30:04,P09,/hydroponic_project/data_collection/images/lettuce_20260830_133004.jpg,/hydroponic_project/data_collection/crops/lettuce_20260830_133004/P09.jpg,/hydroponic_project/data_collection/crops/lettuce_20260830_133004/P09_224.jpg,30.19,33.1,64.0,6.35,2.6848,1.504,752.2,2.2241,OK,29999,3.121951103210449,1.004431962966919,307.5849609375
CAP_20260830_133004,2026-08-30 13:30:04,P10,/hydroponic_project/data_collection/images/lettuce_20260830_133004.jpg,/hydroponic_project/data_collection/crops/lettuce_20260830_133004/P10.jpg,/hydroponic_project/data_collection/crops/lettuce_20260830_133004/P10_224.jpg,30.19,33.1,64.0,6.35,2.6848,1.504,752.2,2.2241,OK,29999,3.121951103210449,1.004431962966919,307.5849609375
CAP_20260830_133004,2026-08-30 13:30:04,P11,/hydroponic_project/data_collection/images/lettuce_20260830_133004.jpg,/hydroponic_project/data_collection/crops/lettuce_20260830_133004/P11.jpg,/hydroponic_project/data_collection/crops/lettuce_20260830_133004/P11_224.jpg,30.19,33.1,64.0,6.35,2.6848,1.504,752.2,2.2241,OK,29999,3.121951103210449,1.004431962966919,307.5849609375
CAP_20260830_133004,2026-08-30 13:30:04,P12,/hydroponic_project/data_collection/images/lettuce_20260830_133004.jpg,/hydroponic_project/data_collection/crops/lettuce_20260830_133004/P12.jpg,/hydroponic_project/data_collection/crops/lettuce_20260830_133004/P12_224.jpg,30.19,33.1,64.0,6.35,2.6848,1.504,752.2,2.2241,OK,29999,3.121951103210449,1.004431962966919,307.5849609375
CAP_20260830_134503,2026-08-30 13:45:03,P01,/hydroponic_project/data_collection/images/lettuce_20260830_134503.jpg,/hydroponic_project/data_collection/crops/lettuce_20260830_134503/P01.jpg,/hydroponic_project/data_collection/crops/lettuce_20260830_134503/P01_224.jpg,30.19,33.2,61.5,6.46,2.6663,1.503,751.7,2.2233,OK,29999,3.6056337356567383,1.0138369798660278,267.63360595703125
CAP_20260830_134503,2026-08-30 13:45:03,P02,/hydroponic_project/data_collection/images/lettuce_20260830_134503.jpg,/hydroponic_project/data_collection/crops/lettuce_20260830_134503/P02.jpg,/hydroponic_project/data_collection/crops/lettuce_20260830_134503/P02_224.jpg,30.19,33.2,61.5,6.46,2.6663,1.503,751.7,2.2233,OK,29999,3.6056337356567383,1.0138369798660278,267.63360595703125
CAP_20260830_134503,2026-08-30 13:45:03,P03,/hydroponic_project/data_collection/images/lettuce_20260830_134503.jpg,/hydroponic_project/data_collection/crops/lettuce_20260830_134503/P03.jpg,/hydroponic_project/data_collection/crops/lettuce_20260830_134503/P03_224.jpg,30.19,33.2,61.5,6.46,2.6663,1.503,751.7,2.2233,OK,29999,3.6056337356567383,1.0138369798660278,267.63360595703125
CAP_20260830_134503,2026-08-30 13:45:03,P04,/hydroponic_project/data_collection/images/lettuce_20260830_134503.jpg,/hydroponic_project/data_collection/crops/lettuce_20260830_134503/P04.jpg,/hydroponic_project/data_collection/crops/lettuce_20260830_134503/P04_224.jpg,30.19,33.2,61.5,6.46,2.6663,1.503,751.7,2.2233,OK,29999,3.6056337356567383,1.0138369798660278,267.63360595703125
CAP_20260830_134503,2026-08-30 13:45:03,P05,/hydroponic_project/data_collection/images/lettuce_20260830_134503.jpg,/hydroponic_project/data_collection/crops/lettuce_20260830_134503/P05.jpg,/hydroponic_project/data_collection/crops/lettuce_20260830_134503/P05_224.jpg,30.19,33.2,61.5,6.46,2.6663,1.503,751.7,2.2233,OK,29999,3.6056337356567383,1.0138369798660278,267.63360595703125
CAP_20260830_134503,2026-08-30 13:45:03,P06,/hydroponic_project/data_collection/images/lettuce_20260830_134503.jpg,/hydroponic_project/data_collection/crops/lettuce_20260830_134503/P06.jpg,/hydroponic_project/data_collection/crops/lettuce_20260830_134503/P06_224.jpg,30.19,33.2,61.5,6.46,2.6663,1.503,751.7,2.2233,OK,29999,3.6056337356567383,1.0138369798660278,267.63360595703125
CAP_20260830_134503,2026-08-30 13:45:03,P07,/hydroponic_project/data_collection/images/lettuce_20260830_134503.jpg,/hydroponic_project/data_collection/crops/lettuce_20260830_134503/P07.jpg,/hydroponic_project/data_collection/crops/lettuce_20260830_134503/P07_224.jpg,30.19,33.2,61.5,6.46,2.6663,1.503,751.7,2.2233,OK,29999,3.6056337356567383,1.0138369798660278,267.63360595703125
CAP_20260830_134503,2026-08-30 13:45:03,P08,/hydroponic_project/data_collection/images/lettuce_20260830_134503.jpg,/hydroponic_project/data_collection/crops/lettuce_20260830_134503/P08.jpg,/hydroponic_project/data_collection/crops/lettuce_20260830_134503/P08_224.jpg,30.19,33.2,61.5,6.46,2.6663,1.503,751.7,2.2233,OK,29999,3.6056337356567383,1.0138369798660278,267.63360595703125
CAP_20260830_134503,2026-08-30 13:45:03,P09,/hydroponic_project/data_collection/images/lettuce_20260830_134503.jpg,/hydroponic_project/data_collection/crops/lettuce_20260830_134503/P09.jpg,/hydroponic_project/data_collection/crops/lettuce_20260830_134503/P09_224.jpg,30.19,33.2,61.5,6.46,2.6663,1.503,751.7,2.2233,OK,29999,3.6056337356567383,1.0138369798660278,267.63360595703125
CAP_20260830_134503,2026-08-30 13:45:03,P10,/hydroponic_project/data_collection/images/lettuce_20260830_134503.jpg,/hydroponic_project/data_collection/crops/lettuce_20260830_134503/P10.jpg,/hydroponic_project/data_collection/crops/lettuce_20260830_134503/P10_224.jpg,30.19,33.2,61.5,6.46,2.6663,1.503,751.7,2.2233,OK,29999,3.6056337356567383,1.0138369798660278,267.63360595703125
CAP_20260830_134503,2026-08-30 13:45:03,P11,/hydroponic_project/data_collection/images/lettuce_20260830_134503.jpg,/hydroponic_project/data_collection/crops/lettuce_20260830_134503/P11.jpg,/hydroponic_project/data_collection/crops/lettuce_20260830_134503/P11_224.jpg,30.19,33.2,61.5,6.46,2.6663,1.503,751.7,2.2233,OK,29999,3.6056337356567383,1.0138369798660278,267.63360595703125
CAP_20260830_134503,2026-08-30 13:45:03,P12,/hydroponic_project/data_collection/images/lettuce_20260830_134503.jpg,/hydroponic_project/data_collection/crops/lettuce_20260830_134503/P12.jpg,/hydroponic_project/data_collection/crops/lettuce_20260830_134503/P12_224.jpg,30.19,33.2,61.5,6.46,2.6663,1.503,751.7,2.2233,OK,29999,3.6056337356567383,1.0138369798660278,267.63360595703125
CAP_20260830_140003,2026-08-30 14:00:03,P01,/hydroponic_project/data_collection/images/lettuce_20260830_140003.jpg,/hydroponic_project/data_collection/crops/lettuce_20260830_140003/P01.jpg,/hydroponic_project/data_collection/crops/lettuce_20260830_140003/P01_224.jpg,30.19,32.9,64.5,6.41,2.674,1.497,748.3,2.217,OK,29999,3.0843372344970703,1.0111385583877563,296.595458984375
CAP_20260830_140003,2026-08-30 14:00:03,P02,/hydroponic_project/data_collection/images/lettuce_20260830_140003.jpg,/hydroponic_project/data_collection/crops/lettuce_20260830_140003/P02.jpg,/hydroponic_project/data_collection/crops/lettuce_20260830_140003/P02_224.jpg,30.19,32.9,64.5,6.41,2.674,1.497,748.3,2.217,OK,29999,3.0843372344970703,1.0111385583877563,296.595458984375
CAP_20260830_140003,2026-08-30 14:00:03,P03,/hydroponic_project/data_collection/images/lettuce_20260830_140003.jpg,/hydroponic_project/data_collection/crops/lettuce_20260830_140003/P03.jpg,/hydroponic_project/data_collection/crops/lettuce_20260830_140003/P03_224.jpg,30.19,32.9,64.5,6.41,2.674,1.497,748.3,2.217,OK,29999,3.0843372344970703,1.0111385583877563,296.595458984375
CAP_20260830_140003,2026-08-30 14:00:03,P04,/hydroponic_project/data_collection/images/lettuce_20260830_140003.jpg,/hydroponic_project/data_collection/crops/lettuce_20260830_140003/P04.jpg,/hydroponic_project/data_collection/crops/lettuce_20260830_140003/P04_224.jpg,30.19,32.9,64.5,6.41,2.674,1.497,748.3,2.217,OK,29999,3.0843372344970703,1.0111385583877563,296.595458984375
CAP_20260830_140003,2026-08-30 14:00:03,P05,/hydroponic_project/data_collection/images/lettuce_20260830_140003.jpg,/hydroponic_project/data_collection/crops/lettuce_20260830_140003/P05.jpg,/hydroponic_project/data_collection/crops/lettuce_20260830_140003/P05_224.jpg,30.19,32.9,64.5,6.41,2.674,1.497,748.3,2.217,OK,29999,3.0843372344970703,1.0111385583877563,296.595458984375
CAP_20260830_140003,2026-08-30 14:00:03,P06,/hydroponic_project/data_collection/images/lettuce_20260830_140003.jpg,/hydroponic_project/data_collection/crops/lettuce_20260830_140003/P06.jpg,/hydroponic_project/data_collection/crops/lettuce_20260830_140003/P06_224.jpg,30.19,32.9,64.5,6.41,2.674,1.497,748.3,2.217,OK,29999,3.0843372344970703,1.0111385583877563,296.595458984375
CAP_20260830_140003,2026-08-30 14:00:03,P07,/hydroponic_project/data_collection/images/lettuce_20260830_140003.jpg,/hydroponic_project/data_collection/crops/lettuce_20260830_140003/P07.jpg,/hydroponic_project/data_collection/crops/lettuce_20260830_140003/P07_224.jpg,30.19,32.9,64.5,6.41,2.674,1.497,748.3,2.217,OK,29999,3.0843372344970703,1.0111385583877563,296.595458984375
CAP_20260830_140003,2026-08-30 14:00:03,P08,/hydroponic_project/data_collection/images/lettuce_20260830_140003.jpg,/hydroponic_project/data_collection/crops/lettuce_20260830_140003/P08.jpg,/hydroponic_project/data_collection/crops/lettuce_20260830_140003/P08_224.jpg,30.19,32.9,64.5,6.41,2.674,1.497,748.3,2.217,OK,29999,3.0843372344970703,1.0111385583877563,296.595458984375
CAP_20260830_140003,2026-08-30 14:00:03,P09,/hydroponic_project/data_collection/images/lettuce_20260830_140003.jpg,/hydroponic_project/data_collection/crops/lettuce_20260830_140003/P09.jpg,/hydroponic_project/data_collection/crops/lettuce_20260830_140003/P09_224.jpg,30.19,32.9,64.5,6.41,2.674,1.497,748.3,2.217,OK,29999,3.0843372344970703,1.0111385583877563,296.595458984375
CAP_20260830_140003,2026-08-30 14:00:03,P10,/hydroponic_project/data_collection/images/lettuce_20260830_140003.jpg,/hydroponic_project/data_collection/crops/lettuce_20260830_140003/P10.jpg,/hydroponic_project/data_collection/crops/lettuce_20260830_140003/P10_224.jpg,30.19,32.9,64.5,6.41,2.674,1.497,748.3,2.217,OK,29999,3.0843372344970703,1.0111385583877563,296.595458984375
CAP_20260830_140003,2026-08-30 14:00:03,P11,/hydroponic_project/data_collection/images/lettuce_20260830_140003.jpg,/hydroponic_project/data_collection/crops/lettuce_20260830_140003/P11.jpg,/hydroponic_project/data_collection/crops/lettuce_20260830_140003/P11_224.jpg,30.19,32.9,64.5,6.41,2.674,1.497,748.3,2.217,OK,29999,3.0843372344970703,1.0111385583877563,296.595458984375
CAP_20260830_140003,2026-08-30 14:00:03,P12,/hydroponic_project/data_collection/images/lettuce_20260830_140003.jpg,/hydroponic_project/data_collection/crops/lettuce_20260830_140003/P12.jpg,/hydroponic_project/data_collection/crops/lettuce_20260830_140003/P12_224.jpg,30.19,32.9,64.5,6.41,2.674,1.497,748.3,2.217,OK,29999,3.0843372344970703,1.0111385583877563,296.595458984375
CAP_20260830_141504,2026-08-30 14:15:04,P01,/hydroponic_project/data_collection/images/lettuce_20260830_141504.jpg,/hydroponic_project/data_collection/crops/lettuce_20260830_141504/P01.jpg,/hydroponic_project/data_collection/crops/lettuce_20260830_141504/P01_224.jpg,30.25,33.1,64.6,6.36,2.682,1.49,745.2,2.2139,OK,29999,2.4150943756103516,1.0065656900405884,390.412109375
CAP_20260830_141504,2026-08-30 14:15:04,P02,/hydroponic_project/data_collection/images/lettuce_20260830_141504.jpg,/hydroponic_project/data_collection/crops/lettuce_20260830_141504/P02.jpg,/hydroponic_project/data_collection/crops/lettuce_20260830_141504/P02_224.jpg,30.25,33.1,64.6,6.36,2.682,1.49,745.2,2.2139,OK,29999,2.4150943756103516,1.0065656900405884,390.412109375
CAP_20260830_141504,2026-08-30 14:15:04,P03,/hydroponic_project/data_collection/images/lettuce_20260830_141504.jpg,/hydroponic_project/data_collection/crops/lettuce_20260830_141504/P03.jpg,/hydroponic_project/data_collection/crops/lettuce_20260830_141504/P03_224.jpg,30.25,33.1,64.6,6.36,2.682,1.49,745.2,2.2139,OK,29999,2.4150943756103516,1.0065656900405884,390.412109375
CAP_20260830_141504,2026-08-30 14:15:04,P04,/hydroponic_project/data_collection/images/lettuce_20260830_141504.jpg,/hydroponic_project/data_collection/crops/lettuce_20260830_141504/P04.jpg,/hydroponic_project/data_collection/crops/lettuce_20260830_141504/P04_224.jpg,30.25,33.1,64.6,6.36,2.682,1.49,745.2,2.2139,OK,29999,2.4150943756103516,1.0065656900405884,390.412109375
CAP_20260830_141504,2026-08-30 14:15:04,P05,/hydroponic_project/data_collection/images/lettuce_20260830_141504.jpg,/hydroponic_project/data_collection/crops/lettuce_20260830_141504/P05.jpg,/hydroponic_project/data_collection/crops/lettuce_20260830_141504/P05_224.jpg,30.25,33.1,64.6,6.36,2.682,1.49,745.2,2.2139,OK,29999,2.4150943756103516,1.0065656900405884,390.412109375
CAP_20260830_141504,2026-08-30 14:15:04,P06,/hydroponic_project/data_collection/images/lettuce_20260830_141504.jpg,/hydroponic_project/data_collection/crops/lettuce_20260830_141504/P06.jpg,/hydroponic_project/data_collection/crops/lettuce_20260830_141504/P06_224.jpg,30.25,33.1,64.6,6.36,2.682,1.49,745.2,2.2139,OK,29999,2.4150943756103516,1.0065656900405884,390.412109375
CAP_20260830_141504,2026-08-30 14:15:04,P07,/hydroponic_project/data_collection/images/lettuce_20260830_141504.jpg,/hydroponic_project/data_collection/crops/lettuce_20260830_141504/P07.jpg,/hydroponic_project/data_collection/crops/lettuce_20260830_141504/P07_224.jpg,30.25,33.1,64.6,6.36,2.682,1.49,745.2,2.2139,OK,29999,2.4150943756103516,1.0065656900405884,390.412109375
CAP_20260830_141504,2026-08-30 14:15:04,P08,/hydroponic_project/data_collection/images/lettuce_20260830_141504.jpg,/hydroponic_project/data_collection/crops/lettuce_20260830_141504/P08.jpg,/hydroponic_project/data_collection/crops/lettuce_20260830_141504/P08_224.jpg,30.25,33.1,64.6,6.36,2.682,1.49,745.2,2.2139,OK,29999,2.4150943756103516,1.0065656900405884,390.412109375
CAP_20260830_141504,2026-08-30 14:15:04,P09,/hydroponic_project/data_collection/images/lettuce_20260830_141504.jpg,/hydroponic_project/data_collection/crops/lettuce_20260830_141504/P09.jpg,/hydroponic_project/data_collection/crops/lettuce_20260830_141504/P09_224.jpg,30.25,33.1,64.6,6.36,2.682,1.49,745.2,2.2139,OK,29999,2.4150943756103516,1.0065656900405884,390.412109375
CAP_20260830_141504,2026-08-30 14:15:04,P10,/hydroponic_project/data_collection/images/lettuce_20260830_141504.jpg,/hydroponic_project/data_collection/crops/lettuce_20260830_141504/P10.jpg,/hydroponic_project/data_collection/crops/lettuce_20260830_141504/P10_224.jpg,30.25,33.1,64.6,6.36,2.682,1.49,745.2,2.2139,OK,29999,2.4150943756103516,1.0065656900405884,390.412109375
CAP_20260830_141504,2026-08-30 14:15:04,P11,/hydroponic_project/data_collection/images/lettuce_20260830_141504.jpg,/hydroponic_project/data_collection/crops/lettuce_20260830_141504/P11.jpg,/hydroponic_project/data_collection/crops/lettuce_20260830_141504/P11_224.jpg,30.25,33.1,64.6,6.36,2.682,1.49,745.2,2.2139,OK,29999,2.4150943756103516,1.0065656900405884,390.412109375
CAP_20260830_141504,2026-08-30 14:15:04,P12,/hydroponic_project/data_collection/images/lettuce_20260830_141504.jpg,/hydroponic_project/data_collection/crops/lettuce_20260830_141504/P12.jpg,/hydroponic_project/data_collection/crops/lettuce_20260830_141504/P12_224.jpg,30.25,33.1,64.6,6.36,2.682,1.49,745.2,2.2139,OK,29999,2.4150943756103516,1.0065656900405884,390.412109375
CAP_20260830_143004,2026-08-30 14:30:04,P01,/hydroponic_project/data_collection/images/lettuce_20260830_143004.jpg,/hydroponic_project/data_collection/crops/lettuce_20260830_143004/P01.jpg,/hydroponic_project/data_collection/crops/lettuce_20260830_143004/P01_224.jpg,30.31,32.8,65.3,6.44,2.6686,1.484,741.9,2.2104,OK,29999,3.0843372344970703,1.0032622814178467,300.9665832519531
CAP_20260830_143004,2026-08-30 14:30:04,P02,/hydroponic_project/data_collection/images/lettuce_20260830_143004.jpg,/hydroponic_project/data_collection/crops/lettuce_20260830_143004/P02.jpg,/hydroponic_project/data_collection/crops/lettuce_20260830_143004/P02_224.jpg,30.31,32.8,65.3,6.44,2.6686,1.484,741.9,2.2104,OK,29999,3.0843372344970703,1.0032622814178467,300.9665832519531
CAP_20260830_143004,2026-08-30 14:30:04,P03,/hydroponic_project/data_collection/images/lettuce_20260830_143004.jpg,/hydroponic_project/data_collection/crops/lettuce_20260830_143004/P03.jpg,/hydroponic_project/data_collection/crops/lettuce_20260830_143004/P03_224.jpg,30.31,32.8,65.3,6.44,2.6686,1.484,741.9,2.2104,OK,29999,3.0843372344970703,1.0032622814178467,300.9665832519531
CAP_20260830_143004,2026-08-30 14:30:04,P04,/hydroponic_project/data_collection/images/lettuce_20260830_143004.jpg,/hydroponic_project/data_collection/crops/lettuce_20260830_143004/P04.jpg,/hydroponic_project/data_collection/crops/lettuce_20260830_143004/P04_224.jpg,30.31,32.8,65.3,6.44,2.6686,1.484,741.9,2.2104,OK,29999,3.0843372344970703,1.0032622814178467,300.9665832519531
CAP_20260830_143004,2026-08-30 14:30:04,P05,/hydroponic_project/data_collection/images/lettuce_20260830_143004.jpg,/hydroponic_project/data_collection/crops/lettuce_20260830_143004/P05.jpg,/hydroponic_project/data_collection/crops/lettuce_20260830_143004/P05_224.jpg,30.31,32.8,65.3,6.44,2.6686,1.484,741.9,2.2104,OK,29999,3.0843372344970703,1.0032622814178467,300.9665832519531
CAP_20260830_143004,2026-08-30 14:30:04,P06,/hydroponic_project/data_collection/images/lettuce_20260830_143004.jpg,/hydroponic_project/data_collection/crops/lettuce_20260830_143004/P06.jpg,/hydroponic_project/data_collection/crops/lettuce_20260830_143004/P06_224.jpg,30.31,32.8,65.3,6.44,2.6686,1.484,741.9,2.2104,OK,29999,3.0843372344970703,1.0032622814178467,300.9665832519531
CAP_20260830_143004,2026-08-30 14:30:04,P07,/hydroponic_project/data_collection/images/lettuce_20260830_143004.jpg,/hydroponic_project/data_collection/crops/lettuce_20260830_143004/P07.jpg,/hydroponic_project/data_collection/crops/lettuce_20260830_143004/P07_224.jpg,30.31,32.8,65.3,6.44,2.6686,1.484,741.9,2.2104,OK,29999,3.0843372344970703,1.0032622814178467,300.9665832519531
CAP_20260830_143004,2026-08-30 14:30:04,P08,/hydroponic_project/data_collection/images/lettuce_20260830_143004.jpg,/hydroponic_project/data_collection/crops/lettuce_20260830_143004/P08.jpg,/hydroponic_project/data_collection/crops/lettuce_20260830_143004/P08_224.jpg,30.31,32.8,65.3,6.44,2.6686,1.484,741.9,2.2104,OK,29999,3.0843372344970703,1.0032622814178467,300.9665832519531
CAP_20260830_143004,2026-08-30 14:30:04,P09,/hydroponic_project/data_collection/images/lettuce_20260830_143004.jpg,/hydroponic_project/data_collection/crops/lettuce_20260830_143004/P09.jpg,/hydroponic_project/data_collection/crops/lettuce_20260830_143004/P09_224.jpg,30.31,32.8,65.3,6.44,2.6686,1.484,741.9,2.2104,OK,29999,3.0843372344970703,1.0032622814178467,300.9665832519531
CAP_20260830_143004,2026-08-30 14:30:04,P10,/hydroponic_project/data_collection/images/lettuce_20260830_143004.jpg,/hydroponic_project/data_collection/crops/lettuce_20260830_143004/P10.jpg,/hydroponic_project/data_collection/crops/lettuce_20260830_143004/P10_224.jpg,30.31,32.8,65.3,6.44,2.6686,1.484,741.9,2.2104,OK,29999,3.0843372344970703,1.0032622814178467,300.9665832519531
CAP_20260830_143004,2026-08-30 14:30:04,P11,/hydroponic_project/data_collection/images/lettuce_20260830_143004.jpg,/hydroponic_project/data_collection/crops/lettuce_20260830_143004/P11.jpg,/hydroponic_project/data_collection/crops/lettuce_20260830_143004/P11_224.jpg,30.31,32.8,65.3,6.44,2.6686,1.484,741.9,2.2104,OK,29999,3.0843372344970703,1.0032622814178467,300.9665832519531
CAP_20260830_143004,2026-08-30 14:30:04,P12,/hydroponic_project/data_collection/images/lettuce_20260830_143004.jpg,/hydroponic_project/data_collection/crops/lettuce_20260830_143004/P12.jpg,/hydroponic_project/data_collection/crops/lettuce_20260830_143004/P12_224.jpg,30.31,32.8,65.3,6.44,2.6686,1.484,741.9,2.2104,OK,29999,3.0843372344970703,1.0032622814178467,300.9665832519531
CAP_20260830_144503,2026-08-30 14:45:03,P01,/hydroponic_project/data_collection/images/lettuce_20260830_144503.jpg,/hydroponic_project/data_collection/crops/lettuce_20260830_144503/P01.jpg,/hydroponic_project/data_collection/crops/lettuce_20260830_144503/P01_224.jpg,30.31,33.0,65.2,6.35,2.6833,1.485,742.4,2.2114,OK,9999,1.8156027793884277,1.0055229663848877,1453.8948974609375
CAP_20260830_144503,2026-08-30 14:45:03,P02,/hydroponic_project/data_collection/images/lettuce_20260830_144503.jpg,/hydroponic_project/data_collection/crops/lettuce_20260830_144503/P02.jpg,/hydroponic_project/data_collection/crops/lettuce_20260830_144503/P02_224.jpg,30.31,33.0,65.2,6.35,2.6833,1.485,742.4,2.2114,OK,9999,1.8156027793884277,1.0055229663848877,1453.8948974609375
CAP_20260830_144503,2026-08-30 14:45:03,P03,/hydroponic_project/data_collection/images/lettuce_20260830_144503.jpg,/hydroponic_project/data_collection/crops/lettuce_20260830_144503/P03.jpg,/hydroponic_project/data_collection/crops/lettuce_20260830_144503/P03_224.jpg,30.31,33.0,65.2,6.35,2.6833,1.485,742.4,2.2114,OK,9999,1.8156027793884277,1.0055229663848877,1453.8948974609375
CAP_20260830_144503,2026-08-30 14:45:03,P04,/hydroponic_project/data_collection/images/lettuce_20260830_144503.jpg,/hydroponic_project/data_collection/crops/lettuce_20260830_144503/P04.jpg,/hydroponic_project/data_collection/crops/lettuce_20260830_144503/P04_224.jpg,30.31,33.0,65.2,6.35,2.6833,1.485,742.4,2.2114,OK,9999,1.8156027793884277,1.0055229663848877,1453.8948974609375
CAP_20260830_144503,2026-08-30 14:45:03,P05,/hydroponic_project/data_collection/images/lettuce_20260830_144503.jpg,/hydroponic_project/data_collection/crops/lettuce_20260830_144503/P05.jpg,/hydroponic_project/data_collection/crops/lettuce_20260830_144503/P05_224.jpg,30.31,33.0,65.2,6.35,2.6833,1.485,742.4,2.2114,OK,9999,1.8156027793884277,1.0055229663848877,1453.8948974609375
CAP_20260830_144503,2026-08-30 14:45:03,P06,/hydroponic_project/data_collection/images/lettuce_20260830_144503.jpg,/hydroponic_project/data_collection/crops/lettuce_20260830_144503/P06.jpg,/hydroponic_project/data_collection/crops/lettuce_20260830_144503/P06_224.jpg,30.31,33.0,65.2,6.35,2.6833,1.485,742.4,2.2114,OK,9999,1.8156027793884277,1.0055229663848877,1453.8948974609375
CAP_20260830_144503,2026-08-30 14:45:03,P07,/hydroponic_project/data_collection/images/lettuce_20260830_144503.jpg,/hydroponic_project/data_collection/crops/lettuce_20260830_144503/P07.jpg,/hydroponic_project/data_collection/crops/lettuce_20260830_144503/P07_224.jpg,30.31,33.0,65.2,6.35,2.6833,1.485,742.4,2.2114,OK,9999,1.8156027793884277,1.0055229663848877,1453.8948974609375
CAP_20260830_144503,2026-08-30 14:45:03,P08,/hydroponic_project/data_collection/images/lettuce_20260830_144503.jpg,/hydroponic_project/data_collection/crops/lettuce_20260830_144503/P08.jpg,/hydroponic_project/data_collection/crops/lettuce_20260830_144503/P08_224.jpg,30.31,33.0,65.2,6.35,2.6833,1.485,742.4,2.2114,OK,9999,1.8156027793884277,1.0055229663848877,1453.8948974609375
CAP_20260830_144503,2026-08-30 14:45:03,P09,/hydroponic_project/data_collection/images/lettuce_20260830_144503.jpg,/hydroponic_project/data_collection/crops/lettuce_20260830_144503/P09.jpg,/hydroponic_project/data_collection/crops/lettuce_20260830_144503/P09_224.jpg,30.31,33.0,65.2,6.35,2.6833,1.485,742.4,2.2114,OK,9999,1.8156027793884277,1.0055229663848877,1453.8948974609375
CAP_20260830_144503,2026-08-30 14:45:03,P10,/hydroponic_project/data_collection/images/lettuce_20260830_144503.jpg,/hydroponic_project/data_collection/crops/lettuce_20260830_144503/P10.jpg,/hydroponic_project/data_collection/crops/lettuce_20260830_144503/P10_224.jpg,30.31,33.0,65.2,6.35,2.6833,1.485,742.4,2.2114,OK,9999,1.8156027793884277,1.0055229663848877,1453.8948974609375
CAP_20260830_144503,2026-08-30 14:45:03,P11,/hydroponic_project/data_collection/images/lettuce_20260830_144503.jpg,/hydroponic_project/data_collection/crops/lettuce_20260830_144503/P11.jpg,/hydroponic_project/data_collection/crops/lettuce_20260830_144503/P11_224.jpg,30.31,33.0,65.2,6.35,2.6833,1.485,742.4,2.2114,OK,9999,1.8156027793884277,1.0055229663848877,1453.8948974609375
CAP_20260830_144503,2026-08-30 14:45:03,P12,/hydroponic_project/data_collection/images/lettuce_20260830_144503.jpg,/hydroponic_project/data_collection/crops/lettuce_20260830_144503/P12.jpg,/hydroponic_project/data_collection/crops/lettuce_20260830_144503/P12_224.jpg,30.31,33.0,65.2,6.35,2.6833,1.485,742.4,2.2114,OK,9999,1.8156027793884277,1.0055229663848877,1453.8948974609375
CAP_20260830_150004,2026-08-30 15:00:04,P01,/hydroponic_project/data_collection/images/lettuce_20260830_150004.jpg,/hydroponic_project/data_collection/crops/lettuce_20260830_150004/P01.jpg,/hydroponic_project/data_collection/crops/lettuce_20260830_150004/P01_224.jpg,30.31,32.9,66.7,6.36,2.6825,1.479,739.6,2.2061,OK,49224,4.0,1.0002121925354004,149.5739288330078
CAP_20260830_150004,2026-08-30 15:00:04,P02,/hydroponic_project/data_collection/images/lettuce_20260830_150004.jpg,/hydroponic_project/data_collection/crops/lettuce_20260830_150004/P02.jpg,/hydroponic_project/data_collection/crops/lettuce_20260830_150004/P02_224.jpg,30.31,32.9,66.7,6.36,2.6825,1.479,739.6,2.2061,OK,49224,4.0,1.0002121925354004,149.5739288330078
CAP_20260830_150004,2026-08-30 15:00:04,P03,/hydroponic_project/data_collection/images/lettuce_20260830_150004.jpg,/hydroponic_project/data_collection/crops/lettuce_20260830_150004/P03.jpg,/hydroponic_project/data_collection/crops/lettuce_20260830_150004/P03_224.jpg,30.31,32.9,66.7,6.36,2.6825,1.479,739.6,2.2061,OK,49224,4.0,1.0002121925354004,149.5739288330078
CAP_20260830_150004,2026-08-30 15:00:04,P04,/hydroponic_project/data_collection/images/lettuce_20260830_150004.jpg,/hydroponic_project/data_collection/crops/lettuce_20260830_150004/P04.jpg,/hydroponic_project/data_collection/crops/lettuce_20260830_150004/P04_224.jpg,30.31,32.9,66.7,6.36,2.6825,1.479,739.6,2.2061,OK,49224,4.0,1.0002121925354004,149.5739288330078
CAP_20260830_150004,2026-08-30 15:00:04,P05,/hydroponic_project/data_collection/images/lettuce_20260830_150004.jpg,/hydroponic_project/data_collection/crops/lettuce_20260830_150004/P05.jpg,/hydroponic_project/data_collection/crops/lettuce_20260830_150004/P05_224.jpg,30.31,32.9,66.7,6.36,2.6825,1.479,739.6,2.2061,OK,49224,4.0,1.0002121925354004,149.5739288330078
CAP_20260830_150004,2026-08-30 15:00:04,P06,/hydroponic_project/data_collection/images/lettuce_20260830_150004.jpg,/hydroponic_project/data_collection/crops/lettuce_20260830_150004/P06.jpg,/hydroponic_project/data_collection/crops/lettuce_20260830_150004/P06_224.jpg,30.31,32.9,66.7,6.36,2.6825,1.479,739.6,2.2061,OK,49224,4.0,1.0002121925354004,149.5739288330078
CAP_20260830_150004,2026-08-30 15:00:04,P07,/hydroponic_project/data_collection/images/lettuce_20260830_150004.jpg,/hydroponic_project/data_collection/crops/lettuce_20260830_150004/P07.jpg,/hydroponic_project/data_collection/crops/lettuce_20260830_150004/P07_224.jpg,30.31,32.9,66.7,6.36,2.6825,1.479,739.6,2.2061,OK,49224,4.0,1.0002121925354004,149.5739288330078
CAP_20260830_150004,2026-08-30 15:00:04,P08,/hydroponic_project/data_collection/images/lettuce_20260830_150004.jpg,/hydroponic_project/data_collection/crops/lettuce_20260830_150004/P08.jpg,/hydroponic_project/data_collection/crops/lettuce_20260830_150004/P08_224.jpg,30.31,32.9,66.7,6.36,2.6825,1.479,739.6,2.2061,OK,49224,4.0,1.0002121925354004,149.5739288330078
CAP_20260830_150004,2026-08-30 15:00:04,P09,/hydroponic_project/data_collection/images/lettuce_20260830_150004.jpg,/hydroponic_project/data_collection/crops/lettuce_20260830_150004/P09.jpg,/hydroponic_project/data_collection/crops/lettuce_20260830_150004/P09_224.jpg,30.31,32.9,66.7,6.36,2.6825,1.479,739.6,2.2061,OK,49224,4.0,1.0002121925354004,149.5739288330078
CAP_20260830_150004,2026-08-30 15:00:04,P10,/hydroponic_project/data_collection/images/lettuce_20260830_150004.jpg,/hydroponic_project/data_collection/crops/lettuce_20260830_150004/P10.jpg,/hydroponic_project/data_collection/crops/lettuce_20260830_150004/P10_224.jpg,30.31,32.9,66.7,6.36,2.6825,1.479,739.6,2.2061,OK,49224,4.0,1.0002121925354004,149.5739288330078
CAP_20260830_150004,2026-08-30 15:00:04,P11,/hydroponic_project/data_collection/images/lettuce_20260830_150004.jpg,/hydroponic_project/data_collection/crops/lettuce_20260830_150004/P11.jpg,/hydroponic_project/data_collection/crops/lettuce_20260830_150004/P11_224.jpg,30.31,32.9,66.7,6.36,2.6825,1.479,739.6,2.2061,OK,49224,4.0,1.0002121925354004,149.5739288330078
CAP_20260830_150004,2026-08-30 15:00:04,P12,/hydroponic_project/data_collection/images/lettuce_20260830_150004.jpg,/hydroponic_project/data_collection/crops/lettuce_20260830_150004/P12.jpg,/hydroponic_project/data_collection/crops/lettuce_20260830_150004/P12_224.jpg,30.31,32.9,66.7,6.36,2.6825,1.479,739.6,2.2061,OK,49224,4.0,1.0002121925354004,149.5739288330078
CAP_20260830_151503,2026-08-30 15:15:03,P01,/hydroponic_project/data_collection/images/lettuce_20260830_151503.jpg,/hydroponic_project/data_collection/crops/lettuce_20260830_151503/P01.jpg,/hydroponic_project/data_collection/crops/lettuce_20260830_151503/P01_224.jpg,30.37,32.8,66.6,6.36,2.6821,1.472,735.9,2.2019,OK,34820,4.0,1.0001839399337769,214.751708984375
CAP_20260830_151503,2026-08-30 15:15:03,P02,/hydroponic_project/data_collection/images/lettuce_20260830_151503.jpg,/hydroponic_project/data_collection/crops/lettuce_20260830_151503/P02.jpg,/hydroponic_project/data_collection/crops/lettuce_20260830_151503/P02_224.jpg,30.37,32.8,66.6,6.36,2.6821,1.472,735.9,2.2019,OK,34820,4.0,1.0001839399337769,214.751708984375
CAP_20260830_151503,2026-08-30 15:15:03,P03,/hydroponic_project/data_collection/images/lettuce_20260830_151503.jpg,/hydroponic_project/data_collection/crops/lettuce_20260830_151503/P03.jpg,/hydroponic_project/data_collection/crops/lettuce_20260830_151503/P03_224.jpg,30.37,32.8,66.6,6.36,2.6821,1.472,735.9,2.2019,OK,34820,4.0,1.0001839399337769,214.751708984375
CAP_20260830_151503,2026-08-30 15:15:03,P04,/hydroponic_project/data_collection/images/lettuce_20260830_151503.jpg,/hydroponic_project/data_collection/crops/lettuce_20260830_151503/P04.jpg,/hydroponic_project/data_collection/crops/lettuce_20260830_151503/P04_224.jpg,30.37,32.8,66.6,6.36,2.6821,1.472,735.9,2.2019,OK,34820,4.0,1.0001839399337769,214.751708984375
CAP_20260830_151503,2026-08-30 15:15:03,P05,/hydroponic_project/data_collection/images/lettuce_20260830_151503.jpg,/hydroponic_project/data_collection/crops/lettuce_20260830_151503/P05.jpg,/hydroponic_project/data_collection/crops/lettuce_20260830_151503/P05_224.jpg,30.37,32.8,66.6,6.36,2.6821,1.472,735.9,2.2019,OK,34820,4.0,1.0001839399337769,214.751708984375
CAP_20260830_151503,2026-08-30 15:15:03,P06,/hydroponic_project/data_collection/images/lettuce_20260830_151503.jpg,/hydroponic_project/data_collection/crops/lettuce_20260830_151503/P06.jpg,/hydroponic_project/data_collection/crops/lettuce_20260830_151503/P06_224.jpg,30.37,32.8,66.6,6.36,2.6821,1.472,735.9,2.2019,OK,34820,4.0,1.0001839399337769,214.751708984375
CAP_20260830_151503,2026-08-30 15:15:03,P07,/hydroponic_project/data_collection/images/lettuce_20260830_151503.jpg,/hydroponic_project/data_collection/crops/lettuce_20260830_151503/P07.jpg,/hydroponic_project/data_collection/crops/lettuce_20260830_151503/P07_224.jpg,30.37,32.8,66.6,6.36,2.6821,1.472,735.9,2.2019,OK,34820,4.0,1.0001839399337769,214.751708984375
CAP_20260830_151503,2026-08-30 15:15:03,P08,/hydroponic_project/data_collection/images/lettuce_20260830_151503.jpg,/hydroponic_project/data_collection/crops/lettuce_20260830_151503/P08.jpg,/hydroponic_project/data_collection/crops/lettuce_20260830_151503/P08_224.jpg,30.37,32.8,66.6,6.36,2.6821,1.472,735.9,2.2019,OK,34820,4.0,1.0001839399337769,214.751708984375
CAP_20260830_151503,2026-08-30 15:15:03,P09,/hydroponic_project/data_collection/images/lettuce_20260830_151503.jpg,/hydroponic_project/data_collection/crops/lettuce_20260830_151503/P09.jpg,/hydroponic_project/data_collection/crops/lettuce_20260830_151503/P09_224.jpg,30.37,32.8,66.6,6.36,2.6821,1.472,735.9,2.2019,OK,34820,4.0,1.0001839399337769,214.751708984375
CAP_20260830_151503,2026-08-30 15:15:03,P10,/hydroponic_project/data_collection/images/lettuce_20260830_151503.jpg,/hydroponic_project/data_collection/crops/lettuce_20260830_151503/P10.jpg,/hydroponic_project/data_collection/crops/lettuce_20260830_151503/P10_224.jpg,30.37,32.8,66.6,6.36,2.6821,1.472,735.9,2.2019,OK,34820,4.0,1.0001839399337769,214.751708984375
CAP_20260830_151503,2026-08-30 15:15:03,P11,/hydroponic_project/data_collection/images/lettuce_20260830_151503.jpg,/hydroponic_project/data_collection/crops/lettuce_20260830_151503/P11.jpg,/hydroponic_project/data_collection/crops/lettuce_20260830_151503/P11_224.jpg,30.37,32.8,66.6,6.36,2.6821,1.472,735.9,2.2019,OK,34820,4.0,1.0001839399337769,214.751708984375
CAP_20260830_151503,2026-08-30 15:15:03,P12,/hydroponic_project/data_collection/images/lettuce_20260830_151503.jpg,/hydroponic_project/data_collection/crops/lettuce_20260830_151503/P12.jpg,/hydroponic_project/data_collection/crops/lettuce_20260830_151503/P12_224.jpg,30.37,32.8,66.6,6.36,2.6821,1.472,735.9,2.2019,OK,34820,4.0,1.0001839399337769,214.751708984375
CAP_20260830_153004,2026-08-30 15:30:04,P01,/hydroponic_project/data_collection/images/lettuce_20260830_153004.jpg,/hydroponic_project/data_collection/crops/lettuce_20260830_153004/P01.jpg,/hydroponic_project/data_collection/crops/lettuce_20260830_153004/P01_224.jpg,30.37,32.8,65.9,6.39,2.6769,1.469,734.5,2.1994,OK,45425,4.0,1.0000945329666138,158.24197387695312
CAP_20260830_153004,2026-08-30 15:30:04,P02,/hydroponic_project/data_collection/images/lettuce_20260830_153004.jpg,/hydroponic_project/data_collection/crops/lettuce_20260830_153004/P02.jpg,/hydroponic_project/data_collection/crops/lettuce_20260830_153004/P02_224.jpg,30.37,32.8,65.9,6.39,2.6769,1.469,734.5,2.1994,OK,45425,4.0,1.0000945329666138,158.24197387695312
CAP_20260830_153004,2026-08-30 15:30:04,P03,/hydroponic_project/data_collection/images/lettuce_20260830_153004.jpg,/hydroponic_project/data_collection/crops/lettuce_20260830_153004/P03.jpg,/hydroponic_project/data_collection/crops/lettuce_20260830_153004/P03_224.jpg,30.37,32.8,65.9,6.39,2.6769,1.469,734.5,2.1994,OK,45425,4.0,1.0000945329666138,158.24197387695312
CAP_20260830_153004,2026-08-30 15:30:04,P04,/hydroponic_project/data_collection/images/lettuce_20260830_153004.jpg,/hydroponic_project/data_collection/crops/lettuce_20260830_153004/P04.jpg,/hydroponic_project/data_collection/crops/lettuce_20260830_153004/P04_224.jpg,30.37,32.8,65.9,6.39,2.6769,1.469,734.5,2.1994,OK,45425,4.0,1.0000945329666138,158.24197387695312
CAP_20260830_153004,2026-08-30 15:30:04,P05,/hydroponic_project/data_collection/images/lettuce_20260830_153004.jpg,/hydroponic_project/data_collection/crops/lettuce_20260830_153004/P05.jpg,/hydroponic_project/data_collection/crops/lettuce_20260830_153004/P05_224.jpg,30.37,32.8,65.9,6.39,2.6769,1.469,734.5,2.1994,OK,45425,4.0,1.0000945329666138,158.24197387695312
CAP_20260830_153004,2026-08-30 15:30:04,P06,/hydroponic_project/data_collection/images/lettuce_20260830_153004.jpg,/hydroponic_project/data_collection/crops/lettuce_20260830_153004/P06.jpg,/hydroponic_project/data_collection/crops/lettuce_20260830_153004/P06_224.jpg,30.37,32.8,65.9,6.39,2.6769,1.469,734.5,2.1994,OK,45425,4.0,1.0000945329666138,158.24197387695312
CAP_20260830_153004,2026-08-30 15:30:04,P07,/hydroponic_project/data_collection/images/lettuce_20260830_153004.jpg,/hydroponic_project/data_collection/crops/lettuce_20260830_153004/P07.jpg,/hydroponic_project/data_collection/crops/lettuce_20260830_153004/P07_224.jpg,30.37,32.8,65.9,6.39,2.6769,1.469,734.5,2.1994,OK,45425,4.0,1.0000945329666138,158.24197387695312
CAP_20260830_153004,2026-08-30 15:30:04,P08,/hydroponic_project/data_collection/images/lettuce_20260830_153004.jpg,/hydroponic_project/data_collection/crops/lettuce_20260830_153004/P08.jpg,/hydroponic_project/data_collection/crops/lettuce_20260830_153004/P08_224.jpg,30.37,32.8,65.9,6.39,2.6769,1.469,734.5,2.1994,OK,45425,4.0,1.0000945329666138,158.24197387695312
CAP_20260830_153004,2026-08-30 15:30:04,P09,/hydroponic_project/data_collection/images/lettuce_20260830_153004.jpg,/hydroponic_project/data_collection/crops/lettuce_20260830_153004/P09.jpg,/hydroponic_project/data_collection/crops/lettuce_20260830_153004/P09_224.jpg,30.37,32.8,65.9,6.39,2.6769,1.469,734.5,2.1994,OK,45425,4.0,1.0000945329666138,158.24197387695312
CAP_20260830_153004,2026-08-30 15:30:04,P10,/hydroponic_project/data_collection/images/lettuce_20260830_153004.jpg,/hydroponic_project/data_collection/crops/lettuce_20260830_153004/P10.jpg,/hydroponic_project/data_collection/crops/lettuce_20260830_153004/P10_224.jpg,30.37,32.8,65.9,6.39,2.6769,1.469,734.5,2.1994,OK,45425,4.0,1.0000945329666138,158.24197387695312
CAP_20260830_153004,2026-08-30 15:30:04,P11,/hydroponic_project/data_collection/images/lettuce_20260830_153004.jpg,/hydroponic_project/data_collection/crops/lettuce_20260830_153004/P11.jpg,/hydroponic_project/data_collection/crops/lettuce_20260830_153004/P11_224.jpg,30.37,32.8,65.9,6.39,2.6769,1.469,734.5,2.1994,OK,45425,4.0,1.0000945329666138,158.24197387695312
CAP_20260830_153004,2026-08-30 15:30:04,P12,/hydroponic_project/data_collection/images/lettuce_20260830_153004.jpg,/hydroponic_project/data_collection/crops/lettuce_20260830_153004/P12.jpg,/hydroponic_project/data_collection/crops/lettuce_20260830_153004/P12_224.jpg,30.37,32.8,65.9,6.39,2.6769,1.469,734.5,2.1994,OK,45425,4.0,1.0000945329666138,158.24197387695312
CAP_20260830_154503,2026-08-30 15:45:03,P01,/hydroponic_project/data_collection/images/lettuce_20260830_154503.jpg,/hydroponic_project/data_collection/crops/lettuce_20260830_154503/P01.jpg,/hydroponic_project/data_collection/crops/lettuce_20260830_154503/P01_224.jpg,30.37,32.6,65.2,6.43,2.6718,1.465,732.4,2.1955,OK,34480,4.0,1.0002602338790894,210.7025604248047
CAP_20260830_154503,2026-08-30 15:45:03,P02,/hydroponic_project/data_collection/images/lettuce_20260830_154503.jpg,/hydroponic_project/data_collection/crops/lettuce_20260830_154503/P02.jpg,/hydroponic_project/data_collection/crops/lettuce_20260830_154503/P02_224.jpg,30.37,32.6,65.2,6.43,2.6718,1.465,732.4,2.1955,OK,34480,4.0,1.0002602338790894,210.7025604248047
CAP_20260830_154503,2026-08-30 15:45:03,P03,/hydroponic_project/data_collection/images/lettuce_20260830_154503.jpg,/hydroponic_project/data_collection/crops/lettuce_20260830_154503/P03.jpg,/hydroponic_project/data_collection/crops/lettuce_20260830_154503/P03_224.jpg,30.37,32.6,65.2,6.43,2.6718,1.465,732.4,2.1955,OK,34480,4.0,1.0002602338790894,210.7025604248047
CAP_20260830_154503,2026-08-30 15:45:03,P04,/hydroponic_project/data_collection/images/lettuce_20260830_154503.jpg,/hydroponic_project/data_collection/crops/lettuce_20260830_154503/P04.jpg,/hydroponic_project/data_collection/crops/lettuce_20260830_154503/P04_224.jpg,30.37,32.6,65.2,6.43,2.6718,1.465,732.4,2.1955,OK,34480,4.0,1.0002602338790894,210.7025604248047
CAP_20260830_154503,2026-08-30 15:45:03,P05,/hydroponic_project/data_collection/images/lettuce_20260830_154503.jpg,/hydroponic_project/data_collection/crops/lettuce_20260830_154503/P05.jpg,/hydroponic_project/data_collection/crops/lettuce_20260830_154503/P05_224.jpg,30.37,32.6,65.2,6.43,2.6718,1.465,732.4,2.1955,OK,34480,4.0,1.0002602338790894,210.7025604248047
CAP_20260830_154503,2026-08-30 15:45:03,P06,/hydroponic_project/data_collection/images/lettuce_20260830_154503.jpg,/hydroponic_project/data_collection/crops/lettuce_20260830_154503/P06.jpg,/hydroponic_project/data_collection/crops/lettuce_20260830_154503/P06_224.jpg,30.37,32.6,65.2,6.43,2.6718,1.465,732.4,2.1955,OK,34480,4.0,1.0002602338790894,210.7025604248047
CAP_20260830_154503,2026-08-30 15:45:03,P07,/hydroponic_project/data_collection/images/lettuce_20260830_154503.jpg,/hydroponic_project/data_collection/crops/lettuce_20260830_154503/P07.jpg,/hydroponic_project/data_collection/crops/lettuce_20260830_154503/P07_224.jpg,30.37,32.6,65.2,6.43,2.6718,1.465,732.4,2.1955,OK,34480,4.0,1.0002602338790894,210.7025604248047
CAP_20260830_154503,2026-08-30 15:45:03,P08,/hydroponic_project/data_collection/images/lettuce_20260830_154503.jpg,/hydroponic_project/data_collection/crops/lettuce_20260830_154503/P08.jpg,/hydroponic_project/data_collection/crops/lettuce_20260830_154503/P08_224.jpg,30.37,32.6,65.2,6.43,2.6718,1.465,732.4,2.1955,OK,34480,4.0,1.0002602338790894,210.7025604248047
CAP_20260830_154503,2026-08-30 15:45:03,P09,/hydroponic_project/data_collection/images/lettuce_20260830_154503.jpg,/hydroponic_project/data_collection/crops/lettuce_20260830_154503/P09.jpg,/hydroponic_project/data_collection/crops/lettuce_20260830_154503/P09_224.jpg,30.37,32.6,65.2,6.43,2.6718,1.465,732.4,2.1955,OK,34480,4.0,1.0002602338790894,210.7025604248047
CAP_20260830_154503,2026-08-30 15:45:03,P10,/hydroponic_project/data_collection/images/lettuce_20260830_154503.jpg,/hydroponic_project/data_collection/crops/lettuce_20260830_154503/P10.jpg,/hydroponic_project/data_collection/crops/lettuce_20260830_154503/P10_224.jpg,30.37,32.6,65.2,6.43,2.6718,1.465,732.4,2.1955,OK,34480,4.0,1.0002602338790894,210.7025604248047
CAP_20260830_154503,2026-08-30 15:45:03,P11,/hydroponic_project/data_collection/images/lettuce_20260830_154503.jpg,/hydroponic_project/data_collection/crops/lettuce_20260830_154503/P11.jpg,/hydroponic_project/data_collection/crops/lettuce_20260830_154503/P11_224.jpg,30.37,32.6,65.2,6.43,2.6718,1.465,732.4,2.1955,OK,34480,4.0,1.0002602338790894,210.7025604248047
CAP_20260830_154503,2026-08-30 15:45:03,P12,/hydroponic_project/data_collection/images/lettuce_20260830_154503.jpg,/hydroponic_project/data_collection/crops/lettuce_20260830_154503/P12.jpg,/hydroponic_project/data_collection/crops/lettuce_20260830_154503/P12_224.jpg,30.37,32.6,65.2,6.43,2.6718,1.465,732.4,2.1955,OK,34480,4.0,1.0002602338790894,210.7025604248047
CAP_20260830_160004,2026-08-30 16:00:04,P01,/hydroponic_project/data_collection/images/lettuce_20260830_160004.jpg,/hydroponic_project/data_collection/crops/lettuce_20260830_160004/P01.jpg,/hydroponic_project/data_collection/crops/lettuce_20260830_160004/P01_224.jpg,30.37,32.8,64.8,6.38,2.6793,1.461,730.4,2.1916,OK,59999,4.654545307159424,1.0174174308776855,102.83499908447266
CAP_20260830_160004,2026-08-30 16:00:04,P02,/hydroponic_project/data_collection/images/lettuce_20260830_160004.jpg,/hydroponic_project/data_collection/crops/lettuce_20260830_160004/P02.jpg,/hydroponic_project/data_collection/crops/lettuce_20260830_160004/P02_224.jpg,30.37,32.8,64.8,6.38,2.6793,1.461,730.4,2.1916,OK,59999,4.654545307159424,1.0174174308776855,102.83499908447266
CAP_20260830_160004,2026-08-30 16:00:04,P03,/hydroponic_project/data_collection/images/lettuce_20260830_160004.jpg,/hydroponic_project/data_collection/crops/lettuce_20260830_160004/P03.jpg,/hydroponic_project/data_collection/crops/lettuce_20260830_160004/P03_224.jpg,30.37,32.8,64.8,6.38,2.6793,1.461,730.4,2.1916,OK,59999,4.654545307159424,1.0174174308776855,102.83499908447266
CAP_20260830_160004,2026-08-30 16:00:04,P04,/hydroponic_project/data_collection/images/lettuce_20260830_160004.jpg,/hydroponic_project/data_collection/crops/lettuce_20260830_160004/P04.jpg,/hydroponic_project/data_collection/crops/lettuce_20260830_160004/P04_224.jpg,30.37,32.8,64.8,6.38,2.6793,1.461,730.4,2.1916,OK,59999,4.654545307159424,1.0174174308776855,102.83499908447266
CAP_20260830_160004,2026-08-30 16:00:04,P05,/hydroponic_project/data_collection/images/lettuce_20260830_160004.jpg,/hydroponic_project/data_collection/crops/lettuce_20260830_160004/P05.jpg,/hydroponic_project/data_collection/crops/lettuce_20260830_160004/P05_224.jpg,30.37,32.8,64.8,6.38,2.6793,1.461,730.4,2.1916,OK,59999,4.654545307159424,1.0174174308776855,102.83499908447266
CAP_20260830_160004,2026-08-30 16:00:04,P06,/hydroponic_project/data_collection/images/lettuce_20260830_160004.jpg,/hydroponic_project/data_collection/crops/lettuce_20260830_160004/P06.jpg,/hydroponic_project/data_collection/crops/lettuce_20260830_160004/P06_224.jpg,30.37,32.8,64.8,6.38,2.6793,1.461,730.4,2.1916,OK,59999,4.654545307159424,1.0174174308776855,102.83499908447266
CAP_20260830_160004,2026-08-30 16:00:04,P07,/hydroponic_project/data_collection/images/lettuce_20260830_160004.jpg,/hydroponic_project/data_collection/crops/lettuce_20260830_160004/P07.jpg,/hydroponic_project/data_collection/crops/lettuce_20260830_160004/P07_224.jpg,30.37,32.8,64.8,6.38,2.6793,1.461,730.4,2.1916,OK,59999,4.654545307159424,1.0174174308776855,102.83499908447266
CAP_20260830_160004,2026-08-30 16:00:04,P08,/hydroponic_project/data_collection/images/lettuce_20260830_160004.jpg,/hydroponic_project/data_collection/crops/lettuce_20260830_160004/P08.jpg,/hydroponic_project/data_collection/crops/lettuce_20260830_160004/P08_224.jpg,30.37,32.8,64.8,6.38,2.6793,1.461,730.4,2.1916,OK,59999,4.654545307159424,1.0174174308776855,102.83499908447266
CAP_20260830_160004,2026-08-30 16:00:04,P09,/hydroponic_project/data_collection/images/lettuce_20260830_160004.jpg,/hydroponic_project/data_collection/crops/lettuce_20260830_160004/P09.jpg,/hydroponic_project/data_collection/crops/lettuce_20260830_160004/P09_224.jpg,30.37,32.8,64.8,6.38,2.6793,1.461,730.4,2.1916,OK,59999,4.654545307159424,1.0174174308776855,102.83499908447266
CAP_20260830_160004,2026-08-30 16:00:04,P10,/hydroponic_project/data_collection/images/lettuce_20260830_160004.jpg,/hydroponic_project/data_collection/crops/lettuce_20260830_160004/P10.jpg,/hydroponic_project/data_collection/crops/lettuce_20260830_160004/P10_224.jpg,30.37,32.8,64.8,6.38,2.6793,1.461,730.4,2.1916,OK,59999,4.654545307159424,1.0174174308776855,102.83499908447266
CAP_20260830_160004,2026-08-30 16:00:04,P11,/hydroponic_project/data_collection/images/lettuce_20260830_160004.jpg,/hydroponic_project/data_collection/crops/lettuce_20260830_160004/P11.jpg,/hydroponic_project/data_collection/crops/lettuce_20260830_160004/P11_224.jpg,30.37,32.8,64.8,6.38,2.6793,1.461,730.4,2.1916,OK,59999,4.654545307159424,1.0174174308776855,102.83499908447266
CAP_20260830_160004,2026-08-30 16:00:04,P12,/hydroponic_project/data_collection/images/lettuce_20260830_160004.jpg,/hydroponic_project/data_collection/crops/lettuce_20260830_160004/P12.jpg,/hydroponic_project/data_collection/crops/lettuce_20260830_160004/P12_224.jpg,30.37,32.8,64.8,6.38,2.6793,1.461,730.4,2.1916,OK,59999,4.654545307159424,1.0174174308776855,102.83499908447266
CAP_20260830_161503,2026-08-30 16:15:03,P01,/hydroponic_project/data_collection/images/lettuce_20260830_161503.jpg,/hydroponic_project/data_collection/crops/lettuce_20260830_161503/P01.jpg,/hydroponic_project/data_collection/crops/lettuce_20260830_161503/P01_224.jpg,30.37,32.4,66.4,6.38,2.6784,1.479,739.4,2.2083,OK,30793,4.0,1.0000079870224,227.06109619140625
CAP_20260830_161503,2026-08-30 16:15:03,P02,/hydroponic_project/data_collection/images/lettuce_20260830_161503.jpg,/hydroponic_project/data_collection/crops/lettuce_20260830_161503/P02.jpg,/hydroponic_project/data_collection/crops/lettuce_20260830_161503/P02_224.jpg,30.37,32.4,66.4,6.38,2.6784,1.479,739.4,2.2083,OK,30793,4.0,1.0000079870224,227.06109619140625
CAP_20260830_161503,2026-08-30 16:15:03,P03,/hydroponic_project/data_collection/images/lettuce_20260830_161503.jpg,/hydroponic_project/data_collection/crops/lettuce_20260830_161503/P03.jpg,/hydroponic_project/data_collection/crops/lettuce_20260830_161503/P03_224.jpg,30.37,32.4,66.4,6.38,2.6784,1.479,739.4,2.2083,OK,30793,4.0,1.0000079870224,227.06109619140625
CAP_20260830_161503,2026-08-30 16:15:03,P04,/hydroponic_project/data_collection/images/lettuce_20260830_161503.jpg,/hydroponic_project/data_collection/crops/lettuce_20260830_161503/P04.jpg,/hydroponic_project/data_collection/crops/lettuce_20260830_161503/P04_224.jpg,30.37,32.4,66.4,6.38,2.6784,1.479,739.4,2.2083,OK,30793,4.0,1.0000079870224,227.06109619140625
CAP_20260830_161503,2026-08-30 16:15:03,P05,/hydroponic_project/data_collection/images/lettuce_20260830_161503.jpg,/hydroponic_project/data_collection/crops/lettuce_20260830_161503/P05.jpg,/hydroponic_project/data_collection/crops/lettuce_20260830_161503/P05_224.jpg,30.37,32.4,66.4,6.38,2.6784,1.479,739.4,2.2083,OK,30793,4.0,1.0000079870224,227.06109619140625
CAP_20260830_161503,2026-08-30 16:15:03,P06,/hydroponic_project/data_collection/images/lettuce_20260830_161503.jpg,/hydroponic_project/data_collection/crops/lettuce_20260830_161503/P06.jpg,/hydroponic_project/data_collection/crops/lettuce_20260830_161503/P06_224.jpg,30.37,32.4,66.4,6.38,2.6784,1.479,739.4,2.2083,OK,30793,4.0,1.0000079870224,227.06109619140625
CAP_20260830_161503,2026-08-30 16:15:03,P07,/hydroponic_project/data_collection/images/lettuce_20260830_161503.jpg,/hydroponic_project/data_collection/crops/lettuce_20260830_161503/P07.jpg,/hydroponic_project/data_collection/crops/lettuce_20260830_161503/P07_224.jpg,30.37,32.4,66.4,6.38,2.6784,1.479,739.4,2.2083,OK,30793,4.0,1.0000079870224,227.06109619140625
CAP_20260830_161503,2026-08-30 16:15:03,P08,/hydroponic_project/data_collection/images/lettuce_20260830_161503.jpg,/hydroponic_project/data_collection/crops/lettuce_20260830_161503/P08.jpg,/hydroponic_project/data_collection/crops/lettuce_20260830_161503/P08_224.jpg,30.37,32.4,66.4,6.38,2.6784,1.479,739.4,2.2083,OK,30793,4.0,1.0000079870224,227.06109619140625
CAP_20260830_161503,2026-08-30 16:15:03,P09,/hydroponic_project/data_collection/images/lettuce_20260830_161503.jpg,/hydroponic_project/data_collection/crops/lettuce_20260830_161503/P09.jpg,/hydroponic_project/data_collection/crops/lettuce_20260830_161503/P09_224.jpg,30.37,32.4,66.4,6.38,2.6784,1.479,739.4,2.2083,OK,30793,4.0,1.0000079870224,227.06109619140625
CAP_20260830_161503,2026-08-30 16:15:03,P10,/hydroponic_project/data_collection/images/lettuce_20260830_161503.jpg,/hydroponic_project/data_collection/crops/lettuce_20260830_161503/P10.jpg,/hydroponic_project/data_collection/crops/lettuce_20260830_161503/P10_224.jpg,30.37,32.4,66.4,6.38,2.6784,1.479,739.4,2.2083,OK,30793,4.0,1.0000079870224,227.06109619140625
CAP_20260830_161503,2026-08-30 16:15:03,P11,/hydroponic_project/data_collection/images/lettuce_20260830_161503.jpg,/hydroponic_project/data_collection/crops/lettuce_20260830_161503/P11.jpg,/hydroponic_project/data_collection/crops/lettuce_20260830_161503/P11_224.jpg,30.37,32.4,66.4,6.38,2.6784,1.479,739.4,2.2083,OK,30793,4.0,1.0000079870224,227.06109619140625
CAP_20260830_161503,2026-08-30 16:15:03,P12,/hydroponic_project/data_collection/images/lettuce_20260830_161503.jpg,/hydroponic_project/data_collection/crops/lettuce_20260830_161503/P12.jpg,/hydroponic_project/data_collection/crops/lettuce_20260830_161503/P12_224.jpg,30.37,32.4,66.4,6.38,2.6784,1.479,739.4,2.2083,OK,30793,4.0,1.0000079870224,227.06109619140625
CAP_20260830_163003,2026-08-30 16:30:03,P01,/hydroponic_project/data_collection/images/lettuce_20260830_163003.jpg,/hydroponic_project/data_collection/crops/lettuce_20260830_163003/P01.jpg,/hydroponic_project/data_collection/crops/lettuce_20260830_163003/P01_224.jpg,30.31,32.3,66.9,6.37,2.6804,1.504,751.8,2.2284,OK,44026,4.0,1.0002679824829102,159.71966552734375
CAP_20260830_163003,2026-08-30 16:30:03,P02,/hydroponic_project/data_collection/images/lettuce_20260830_163003.jpg,/hydroponic_project/data_collection/crops/lettuce_20260830_163003/P02.jpg,/hydroponic_project/data_collection/crops/lettuce_20260830_163003/P02_224.jpg,30.31,32.3,66.9,6.37,2.6804,1.504,751.8,2.2284,OK,44026,4.0,1.0002679824829102,159.71966552734375
CAP_20260830_163003,2026-08-30 16:30:03,P03,/hydroponic_project/data_collection/images/lettuce_20260830_163003.jpg,/hydroponic_project/data_collection/crops/lettuce_20260830_163003/P03.jpg,/hydroponic_project/data_collection/crops/lettuce_20260830_163003/P03_224.jpg,30.31,32.3,66.9,6.37,2.6804,1.504,751.8,2.2284,OK,44026,4.0,1.0002679824829102,159.71966552734375
CAP_20260830_163003,2026-08-30 16:30:03,P04,/hydroponic_project/data_collection/images/lettuce_20260830_163003.jpg,/hydroponic_project/data_collection/crops/lettuce_20260830_163003/P04.jpg,/hydroponic_project/data_collection/crops/lettuce_20260830_163003/P04_224.jpg,30.31,32.3,66.9,6.37,2.6804,1.504,751.8,2.2284,OK,44026,4.0,1.0002679824829102,159.71966552734375
CAP_20260830_163003,2026-08-30 16:30:03,P05,/hydroponic_project/data_collection/images/lettuce_20260830_163003.jpg,/hydroponic_project/data_collection/crops/lettuce_20260830_163003/P05.jpg,/hydroponic_project/data_collection/crops/lettuce_20260830_163003/P05_224.jpg,30.31,32.3,66.9,6.37,2.6804,1.504,751.8,2.2284,OK,44026,4.0,1.0002679824829102,159.71966552734375
CAP_20260830_163003,2026-08-30 16:30:03,P06,/hydroponic_project/data_collection/images/lettuce_20260830_163003.jpg,/hydroponic_project/data_collection/crops/lettuce_20260830_163003/P06.jpg,/hydroponic_project/data_collection/crops/lettuce_20260830_163003/P06_224.jpg,30.31,32.3,66.9,6.37,2.6804,1.504,751.8,2.2284,OK,44026,4.0,1.0002679824829102,159.71966552734375
CAP_20260830_163003,2026-08-30 16:30:03,P07,/hydroponic_project/data_collection/images/lettuce_20260830_163003.jpg,/hydroponic_project/data_collection/crops/lettuce_20260830_163003/P07.jpg,/hydroponic_project/data_collection/crops/lettuce_20260830_163003/P07_224.jpg,30.31,32.3,66.9,6.37,2.6804,1.504,751.8,2.2284,OK,44026,4.0,1.0002679824829102,159.71966552734375
CAP_20260830_163003,2026-08-30 16:30:03,P08,/hydroponic_project/data_collection/images/lettuce_20260830_163003.jpg,/hydroponic_project/data_collection/crops/lettuce_20260830_163003/P08.jpg,/hydroponic_project/data_collection/crops/lettuce_20260830_163003/P08_224.jpg,30.31,32.3,66.9,6.37,2.6804,1.504,751.8,2.2284,OK,44026,4.0,1.0002679824829102,159.71966552734375
CAP_20260830_163003,2026-08-30 16:30:03,P09,/hydroponic_project/data_collection/images/lettuce_20260830_163003.jpg,/hydroponic_project/data_collection/crops/lettuce_20260830_163003/P09.jpg,/hydroponic_project/data_collection/crops/lettuce_20260830_163003/P09_224.jpg,30.31,32.3,66.9,6.37,2.6804,1.504,751.8,2.2284,OK,44026,4.0,1.0002679824829102,159.71966552734375
CAP_20260830_163003,2026-08-30 16:30:03,P10,/hydroponic_project/data_collection/images/lettuce_20260830_163003.jpg,/hydroponic_project/data_collection/crops/lettuce_20260830_163003/P10.jpg,/hydroponic_project/data_collection/crops/lettuce_20260830_163003/P10_224.jpg,30.31,32.3,66.9,6.37,2.6804,1.504,751.8,2.2284,OK,44026,4.0,1.0002679824829102,159.71966552734375
CAP_20260830_163003,2026-08-30 16:30:03,P11,/hydroponic_project/data_collection/images/lettuce_20260830_163003.jpg,/hydroponic_project/data_collection/crops/lettuce_20260830_163003/P11.jpg,/hydroponic_project/data_collection/crops/lettuce_20260830_163003/P11_224.jpg,30.31,32.3,66.9,6.37,2.6804,1.504,751.8,2.2284,OK,44026,4.0,1.0002679824829102,159.71966552734375
CAP_20260830_163003,2026-08-30 16:30:03,P12,/hydroponic_project/data_collection/images/lettuce_20260830_163003.jpg,/hydroponic_project/data_collection/crops/lettuce_20260830_163003/P12.jpg,/hydroponic_project/data_collection/crops/lettuce_20260830_163003/P12_224.jpg,30.31,32.3,66.9,6.37,2.6804,1.504,751.8,2.2284,OK,44026,4.0,1.0002679824829102,159.71966552734375
CAP_20260830_164504,2026-08-30 16:45:04,P01,/hydroponic_project/data_collection/images/lettuce_20260830_164504.jpg,/hydroponic_project/data_collection/crops/lettuce_20260830_164504/P01.jpg,/hydroponic_project/data_collection/crops/lettuce_20260830_164504/P01_224.jpg,30.25,32.0,67.5,6.35,2.6844,1.504,751.9,2.226,OK,57088,4.0,1.0003150701522827,126.4901123046875
CAP_20260830_164504,2026-08-30 16:45:04,P02,/hydroponic_project/data_collection/images/lettuce_20260830_164504.jpg,/hydroponic_project/data_collection/crops/lettuce_20260830_164504/P02.jpg,/hydroponic_project/data_collection/crops/lettuce_20260830_164504/P02_224.jpg,30.25,32.0,67.5,6.35,2.6844,1.504,751.9,2.226,OK,57088,4.0,1.0003150701522827,126.4901123046875
CAP_20260830_164504,2026-08-30 16:45:04,P03,/hydroponic_project/data_collection/images/lettuce_20260830_164504.jpg,/hydroponic_project/data_collection/crops/lettuce_20260830_164504/P03.jpg,/hydroponic_project/data_collection/crops/lettuce_20260830_164504/P03_224.jpg,30.25,32.0,67.5,6.35,2.6844,1.504,751.9,2.226,OK,57088,4.0,1.0003150701522827,126.4901123046875
CAP_20260830_164504,2026-08-30 16:45:04,P04,/hydroponic_project/data_collection/images/lettuce_20260830_164504.jpg,/hydroponic_project/data_collection/crops/lettuce_20260830_164504/P04.jpg,/hydroponic_project/data_collection/crops/lettuce_20260830_164504/P04_224.jpg,30.25,32.0,67.5,6.35,2.6844,1.504,751.9,2.226,OK,57088,4.0,1.0003150701522827,126.4901123046875
CAP_20260830_164504,2026-08-30 16:45:04,P05,/hydroponic_project/data_collection/images/lettuce_20260830_164504.jpg,/hydroponic_project/data_collection/crops/lettuce_20260830_164504/P05.jpg,/hydroponic_project/data_collection/crops/lettuce_20260830_164504/P05_224.jpg,30.25,32.0,67.5,6.35,2.6844,1.504,751.9,2.226,OK,57088,4.0,1.0003150701522827,126.4901123046875
CAP_20260830_164504,2026-08-30 16:45:04,P06,/hydroponic_project/data_collection/images/lettuce_20260830_164504.jpg,/hydroponic_project/data_collection/crops/lettuce_20260830_164504/P06.jpg,/hydroponic_project/data_collection/crops/lettuce_20260830_164504/P06_224.jpg,30.25,32.0,67.5,6.35,2.6844,1.504,751.9,2.226,OK,57088,4.0,1.0003150701522827,126.4901123046875
CAP_20260830_164504,2026-08-30 16:45:04,P07,/hydroponic_project/data_collection/images/lettuce_20260830_164504.jpg,/hydroponic_project/data_collection/crops/lettuce_20260830_164504/P07.jpg,/hydroponic_project/data_collection/crops/lettuce_20260830_164504/P07_224.jpg,30.25,32.0,67.5,6.35,2.6844,1.504,751.9,2.226,OK,57088,4.0,1.0003150701522827,126.4901123046875
CAP_20260830_164504,2026-08-30 16:45:04,P08,/hydroponic_project/data_collection/images/lettuce_20260830_164504.jpg,/hydroponic_project/data_collection/crops/lettuce_20260830_164504/P08.jpg,/hydroponic_project/data_collection/crops/lettuce_20260830_164504/P08_224.jpg,30.25,32.0,67.5,6.35,2.6844,1.504,751.9,2.226,OK,57088,4.0,1.0003150701522827,126.4901123046875
CAP_20260830_164504,2026-08-30 16:45:04,P09,/hydroponic_project/data_collection/images/lettuce_20260830_164504.jpg,/hydroponic_project/data_collection/crops/lettuce_20260830_164504/P09.jpg,/hydroponic_project/data_collection/crops/lettuce_20260830_164504/P09_224.jpg,30.25,32.0,67.5,6.35,2.6844,1.504,751.9,2.226,OK,57088,4.0,1.0003150701522827,126.4901123046875
CAP_20260830_164504,2026-08-30 16:45:04,P10,/hydroponic_project/data_collection/images/lettuce_20260830_164504.jpg,/hydroponic_project/data_collection/crops/lettuce_20260830_164504/P10.jpg,/hydroponic_project/data_collection/crops/lettuce_20260830_164504/P10_224.jpg,30.25,32.0,67.5,6.35,2.6844,1.504,751.9,2.226,OK,57088,4.0,1.0003150701522827,126.4901123046875
CAP_20260830_164504,2026-08-30 16:45:04,P11,/hydroponic_project/data_collection/images/lettuce_20260830_164504.jpg,/hydroponic_project/data_collection/crops/lettuce_20260830_164504/P11.jpg,/hydroponic_project/data_collection/crops/lettuce_20260830_164504/P11_224.jpg,30.25,32.0,67.5,6.35,2.6844,1.504,751.9,2.226,OK,57088,4.0,1.0003150701522827,126.4901123046875
CAP_20260830_164504,2026-08-30 16:45:04,P12,/hydroponic_project/data_collection/images/lettuce_20260830_164504.jpg,/hydroponic_project/data_collection/crops/lettuce_20260830_164504/P12.jpg,/hydroponic_project/data_collection/crops/lettuce_20260830_164504/P12_224.jpg,30.25,32.0,67.5,6.35,2.6844,1.504,751.9,2.226,OK,57088,4.0,1.0003150701522827,126.4901123046875
CAP_20260830_170003,2026-08-30 17:00:03,P01,/hydroponic_project/data_collection/images/lettuce_20260830_170003.jpg,/hydroponic_project/data_collection/crops/lettuce_20260830_170003/P01.jpg,/hydroponic_project/data_collection/crops/lettuce_20260830_170003/P01_224.jpg,30.25,31.9,68.7,6.4,2.6756,1.5,750.1,2.2229,OK,59999,5.818181991577148,1.004332423210144,80.078857421875
CAP_20260830_170003,2026-08-30 17:00:03,P02,/hydroponic_project/data_collection/images/lettuce_20260830_170003.jpg,/hydroponic_project/data_collection/crops/lettuce_20260830_170003/P02.jpg,/hydroponic_project/data_collection/crops/lettuce_20260830_170003/P02_224.jpg,30.25,31.9,68.7,6.4,2.6756,1.5,750.1,2.2229,OK,59999,5.818181991577148,1.004332423210144,80.078857421875
CAP_20260830_170003,2026-08-30 17:00:03,P03,/hydroponic_project/data_collection/images/lettuce_20260830_170003.jpg,/hydroponic_project/data_collection/crops/lettuce_20260830_170003/P03.jpg,/hydroponic_project/data_collection/crops/lettuce_20260830_170003/P03_224.jpg,30.25,31.9,68.7,6.4,2.6756,1.5,750.1,2.2229,OK,59999,5.818181991577148,1.004332423210144,80.078857421875
CAP_20260830_170003,2026-08-30 17:00:03,P04,/hydroponic_project/data_collection/images/lettuce_20260830_170003.jpg,/hydroponic_project/data_collection/crops/lettuce_20260830_170003/P04.jpg,/hydroponic_project/data_collection/crops/lettuce_20260830_170003/P04_224.jpg,30.25,31.9,68.7,6.4,2.6756,1.5,750.1,2.2229,OK,59999,5.818181991577148,1.004332423210144,80.078857421875
CAP_20260830_170003,2026-08-30 17:00:03,P05,/hydroponic_project/data_collection/images/lettuce_20260830_170003.jpg,/hydroponic_project/data_collection/crops/lettuce_20260830_170003/P05.jpg,/hydroponic_project/data_collection/crops/lettuce_20260830_170003/P05_224.jpg,30.25,31.9,68.7,6.4,2.6756,1.5,750.1,2.2229,OK,59999,5.818181991577148,1.004332423210144,80.078857421875
CAP_20260830_170003,2026-08-30 17:00:03,P06,/hydroponic_project/data_collection/images/lettuce_20260830_170003.jpg,/hydroponic_project/data_collection/crops/lettuce_20260830_170003/P06.jpg,/hydroponic_project/data_collection/crops/lettuce_20260830_170003/P06_224.jpg,30.25,31.9,68.7,6.4,2.6756,1.5,750.1,2.2229,OK,59999,5.818181991577148,1.004332423210144,80.078857421875
CAP_20260830_170003,2026-08-30 17:00:03,P07,/hydroponic_project/data_collection/images/lettuce_20260830_170003.jpg,/hydroponic_project/data_collection/crops/lettuce_20260830_170003/P07.jpg,/hydroponic_project/data_collection/crops/lettuce_20260830_170003/P07_224.jpg,30.25,31.9,68.7,6.4,2.6756,1.5,750.1,2.2229,OK,59999,5.818181991577148,1.004332423210144,80.078857421875
CAP_20260830_170003,2026-08-30 17:00:03,P08,/hydroponic_project/data_collection/images/lettuce_20260830_170003.jpg,/hydroponic_project/data_collection/crops/lettuce_20260830_170003/P08.jpg,/hydroponic_project/data_collection/crops/lettuce_20260830_170003/P08_224.jpg,30.25,31.9,68.7,6.4,2.6756,1.5,750.1,2.2229,OK,59999,5.818181991577148,1.004332423210144,80.078857421875
CAP_20260830_170003,2026-08-30 17:00:03,P09,/hydroponic_project/data_collection/images/lettuce_20260830_170003.jpg,/hydroponic_project/data_collection/crops/lettuce_20260830_170003/P09.jpg,/hydroponic_project/data_collection/crops/lettuce_20260830_170003/P09_224.jpg,30.25,31.9,68.7,6.4,2.6756,1.5,750.1,2.2229,OK,59999,5.818181991577148,1.004332423210144,80.078857421875
CAP_20260830_170003,2026-08-30 17:00:03,P10,/hydroponic_project/data_collection/images/lettuce_20260830_170003.jpg,/hydroponic_project/data_collection/crops/lettuce_20260830_170003/P10.jpg,/hydroponic_project/data_collection/crops/lettuce_20260830_170003/P10_224.jpg,30.25,31.9,68.7,6.4,2.6756,1.5,750.1,2.2229,OK,59999,5.818181991577148,1.004332423210144,80.078857421875
CAP_20260830_170003,2026-08-30 17:00:03,P11,/hydroponic_project/data_collection/images/lettuce_20260830_170003.jpg,/hydroponic_project/data_collection/crops/lettuce_20260830_170003/P11.jpg,/hydroponic_project/data_collection/crops/lettuce_20260830_170003/P11_224.jpg,30.25,31.9,68.7,6.4,2.6756,1.5,750.1,2.2229,OK,59999,5.818181991577148,1.004332423210144,80.078857421875
CAP_20260830_170003,2026-08-30 17:00:03,P12,/hydroponic_project/data_collection/images/lettuce_20260830_170003.jpg,/hydroponic_project/data_collection/crops/lettuce_20260830_170003/P12.jpg,/hydroponic_project/data_collection/crops/lettuce_20260830_170003/P12_224.jpg,30.25,31.9,68.7,6.4,2.6756,1.5,750.1,2.2229,OK,59999,5.818181991577148,1.004332423210144,80.078857421875
CAP_20260830_171503,2026-08-30 17:15:03,P01,/hydroponic_project/data_collection/images/lettuce_20260830_171503.jpg,/hydroponic_project/data_collection/crops/lettuce_20260830_171503/P01.jpg,/hydroponic_project/data_collection/crops/lettuce_20260830_171503/P01_224.jpg,30.19,31.8,68.6,6.28,2.6949,1.494,747.1,2.2149,OK,66653,9.84615421295166,1.0158113241195679,26.745834350585938
CAP_20260830_171503,2026-08-30 17:15:03,P02,/hydroponic_project/data_collection/images/lettuce_20260830_171503.jpg,/hydroponic_project/data_collection/crops/lettuce_20260830_171503/P02.jpg,/hydroponic_project/data_collection/crops/lettuce_20260830_171503/P02_224.jpg,30.19,31.8,68.6,6.28,2.6949,1.494,747.1,2.2149,OK,66653,9.84615421295166,1.0158113241195679,26.745834350585938
CAP_20260830_171503,2026-08-30 17:15:03,P03,/hydroponic_project/data_collection/images/lettuce_20260830_171503.jpg,/hydroponic_project/data_collection/crops/lettuce_20260830_171503/P03.jpg,/hydroponic_project/data_collection/crops/lettuce_20260830_171503/P03_224.jpg,30.19,31.8,68.6,6.28,2.6949,1.494,747.1,2.2149,OK,66653,9.84615421295166,1.0158113241195679,26.745834350585938
CAP_20260830_171503,2026-08-30 17:15:03,P04,/hydroponic_project/data_collection/images/lettuce_20260830_171503.jpg,/hydroponic_project/data_collection/crops/lettuce_20260830_171503/P04.jpg,/hydroponic_project/data_collection/crops/lettuce_20260830_171503/P04_224.jpg,30.19,31.8,68.6,6.28,2.6949,1.494,747.1,2.2149,OK,66653,9.84615421295166,1.0158113241195679,26.745834350585938
CAP_20260830_171503,2026-08-30 17:15:03,P05,/hydroponic_project/data_collection/images/lettuce_20260830_171503.jpg,/hydroponic_project/data_collection/crops/lettuce_20260830_171503/P05.jpg,/hydroponic_project/data_collection/crops/lettuce_20260830_171503/P05_224.jpg,30.19,31.8,68.6,6.28,2.6949,1.494,747.1,2.2149,OK,66653,9.84615421295166,1.0158113241195679,26.745834350585938
CAP_20260830_171503,2026-08-30 17:15:03,P06,/hydroponic_project/data_collection/images/lettuce_20260830_171503.jpg,/hydroponic_project/data_collection/crops/lettuce_20260830_171503/P06.jpg,/hydroponic_project/data_collection/crops/lettuce_20260830_171503/P06_224.jpg,30.19,31.8,68.6,6.28,2.6949,1.494,747.1,2.2149,OK,66653,9.84615421295166,1.0158113241195679,26.745834350585938
CAP_20260830_171503,2026-08-30 17:15:03,P07,/hydroponic_project/data_collection/images/lettuce_20260830_171503.jpg,/hydroponic_project/data_collection/crops/lettuce_20260830_171503/P07.jpg,/hydroponic_project/data_collection/crops/lettuce_20260830_171503/P07_224.jpg,30.19,31.8,68.6,6.28,2.6949,1.494,747.1,2.2149,OK,66653,9.84615421295166,1.0158113241195679,26.745834350585938
CAP_20260830_171503,2026-08-30 17:15:03,P08,/hydroponic_project/data_collection/images/lettuce_20260830_171503.jpg,/hydroponic_project/data_collection/crops/lettuce_20260830_171503/P08.jpg,/hydroponic_project/data_collection/crops/lettuce_20260830_171503/P08_224.jpg,30.19,31.8,68.6,6.28,2.6949,1.494,747.1,2.2149,OK,66653,9.84615421295166,1.0158113241195679,26.745834350585938
CAP_20260830_171503,2026-08-30 17:15:03,P09,/hydroponic_project/data_collection/images/lettuce_20260830_171503.jpg,/hydroponic_project/data_collection/crops/lettuce_20260830_171503/P09.jpg,/hydroponic_project/data_collection/crops/lettuce_20260830_171503/P09_224.jpg,30.19,31.8,68.6,6.28,2.6949,1.494,747.1,2.2149,OK,66653,9.84615421295166,1.0158113241195679,26.745834350585938
CAP_20260830_171503,2026-08-30 17:15:03,P10,/hydroponic_project/data_collection/images/lettuce_20260830_171503.jpg,/hydroponic_project/data_collection/crops/lettuce_20260830_171503/P10.jpg,/hydroponic_project/data_collection/crops/lettuce_20260830_171503/P10_224.jpg,30.19,31.8,68.6,6.28,2.6949,1.494,747.1,2.2149,OK,66653,9.84615421295166,1.0158113241195679,26.745834350585938
CAP_20260830_171503,2026-08-30 17:15:03,P11,/hydroponic_project/data_collection/images/lettuce_20260830_171503.jpg,/hydroponic_project/data_collection/crops/lettuce_20260830_171503/P11.jpg,/hydroponic_project/data_collection/crops/lettuce_20260830_171503/P11_224.jpg,30.19,31.8,68.6,6.28,2.6949,1.494,747.1,2.2149,OK,66653,9.84615421295166,1.0158113241195679,26.745834350585938
CAP_20260830_171503,2026-08-30 17:15:03,P12,/hydroponic_project/data_collection/images/lettuce_20260830_171503.jpg,/hydroponic_project/data_collection/crops/lettuce_20260830_171503/P12.jpg,/hydroponic_project/data_collection/crops/lettuce_20260830_171503/P12_224.jpg,30.19,31.8,68.6,6.28,2.6949,1.494,747.1,2.2149,OK,66653,9.84615421295166,1.0158113241195679,26.745834350585938
CAP_20260830_173004,2026-08-30 17:30:04,P01,/hydroponic_project/data_collection/images/lettuce_20260830_173004.jpg,/hydroponic_project/data_collection/crops/lettuce_20260830_173004/P01.jpg,/hydroponic_project/data_collection/crops/lettuce_20260830_173004/P01_224.jpg,30.06,31.5,69.3,6.35,2.6834,1.495,747.7,2.2109,OK,66653,9.84615421295166,1.0158113241195679,20.50916862487793
CAP_20260830_173004,2026-08-30 17:30:04,P02,/hydroponic_project/data_collection/images/lettuce_20260830_173004.jpg,/hydroponic_project/data_collection/crops/lettuce_20260830_173004/P02.jpg,/hydroponic_project/data_collection/crops/lettuce_20260830_173004/P02_224.jpg,30.06,31.5,69.3,6.35,2.6834,1.495,747.7,2.2109,OK,66653,9.84615421295166,1.0158113241195679,20.50916862487793
CAP_20260830_173004,2026-08-30 17:30:04,P03,/hydroponic_project/data_collection/images/lettuce_20260830_173004.jpg,/hydroponic_project/data_collection/crops/lettuce_20260830_173004/P03.jpg,/hydroponic_project/data_collection/crops/lettuce_20260830_173004/P03_224.jpg,30.06,31.5,69.3,6.35,2.6834,1.495,747.7,2.2109,OK,66653,9.84615421295166,1.0158113241195679,20.50916862487793
CAP_20260830_173004,2026-08-30 17:30:04,P04,/hydroponic_project/data_collection/images/lettuce_20260830_173004.jpg,/hydroponic_project/data_collection/crops/lettuce_20260830_173004/P04.jpg,/hydroponic_project/data_collection/crops/lettuce_20260830_173004/P04_224.jpg,30.06,31.5,69.3,6.35,2.6834,1.495,747.7,2.2109,OK,66653,9.84615421295166,1.0158113241195679,20.50916862487793
CAP_20260830_173004,2026-08-30 17:30:04,P05,/hydroponic_project/data_collection/images/lettuce_20260830_173004.jpg,/hydroponic_project/data_collection/crops/lettuce_20260830_173004/P05.jpg,/hydroponic_project/data_collection/crops/lettuce_20260830_173004/P05_224.jpg,30.06,31.5,69.3,6.35,2.6834,1.495,747.7,2.2109,OK,66653,9.84615421295166,1.0158113241195679,20.50916862487793
CAP_20260830_173004,2026-08-30 17:30:04,P06,/hydroponic_project/data_collection/images/lettuce_20260830_173004.jpg,/hydroponic_project/data_collection/crops/lettuce_20260830_173004/P06.jpg,/hydroponic_project/data_collection/crops/lettuce_20260830_173004/P06_224.jpg,30.06,31.5,69.3,6.35,2.6834,1.495,747.7,2.2109,OK,66653,9.84615421295166,1.0158113241195679,20.50916862487793
CAP_20260830_173004,2026-08-30 17:30:04,P07,/hydroponic_project/data_collection/images/lettuce_20260830_173004.jpg,/hydroponic_project/data_collection/crops/lettuce_20260830_173004/P07.jpg,/hydroponic_project/data_collection/crops/lettuce_20260830_173004/P07_224.jpg,30.06,31.5,69.3,6.35,2.6834,1.495,747.7,2.2109,OK,66653,9.84615421295166,1.0158113241195679,20.50916862487793
CAP_20260830_173004,2026-08-30 17:30:04,P08,/hydroponic_project/data_collection/images/lettuce_20260830_173004.jpg,/hydroponic_project/data_collection/crops/lettuce_20260830_173004/P08.jpg,/hydroponic_project/data_collection/crops/lettuce_20260830_173004/P08_224.jpg,30.06,31.5,69.3,6.35,2.6834,1.495,747.7,2.2109,OK,66653,9.84615421295166,1.0158113241195679,20.50916862487793
CAP_20260830_173004,2026-08-30 17:30:04,P09,/hydroponic_project/data_collection/images/lettuce_20260830_173004.jpg,/hydroponic_project/data_collection/crops/lettuce_20260830_173004/P09.jpg,/hydroponic_project/data_collection/crops/lettuce_20260830_173004/P09_224.jpg,30.06,31.5,69.3,6.35,2.6834,1.495,747.7,2.2109,OK,66653,9.84615421295166,1.0158113241195679,20.50916862487793
CAP_20260830_173004,2026-08-30 17:30:04,P10,/hydroponic_project/data_collection/images/lettuce_20260830_173004.jpg,/hydroponic_project/data_collection/crops/lettuce_20260830_173004/P10.jpg,/hydroponic_project/data_collection/crops/lettuce_20260830_173004/P10_224.jpg,30.06,31.5,69.3,6.35,2.6834,1.495,747.7,2.2109,OK,66653,9.84615421295166,1.0158113241195679,20.50916862487793
CAP_20260830_173004,2026-08-30 17:30:04,P11,/hydroponic_project/data_collection/images/lettuce_20260830_173004.jpg,/hydroponic_project/data_collection/crops/lettuce_20260830_173004/P11.jpg,/hydroponic_project/data_collection/crops/lettuce_20260830_173004/P11_224.jpg,30.06,31.5,69.3,6.35,2.6834,1.495,747.7,2.2109,OK,66653,9.84615421295166,1.0158113241195679,20.50916862487793
CAP_20260830_173004,2026-08-30 17:30:04,P12,/hydroponic_project/data_collection/images/lettuce_20260830_173004.jpg,/hydroponic_project/data_collection/crops/lettuce_20260830_173004/P12.jpg,/hydroponic_project/data_collection/crops/lettuce_20260830_173004/P12_224.jpg,30.06,31.5,69.3,6.35,2.6834,1.495,747.7,2.2109,OK,66653,9.84615421295166,1.0158113241195679,20.50916862487793
CAP_20260830_174503,2026-08-30 17:45:03,P01,/hydroponic_project/data_collection/images/lettuce_20260830_174503.jpg,/hydroponic_project/data_collection/crops/lettuce_20260830_174503/P01.jpg,/hydroponic_project/data_collection/crops/lettuce_20260830_174503/P01_224.jpg,30.0,31.3,70.5,6.39,2.6783,1.494,746.9,2.207,OK,66653,9.84615421295166,1.0158113241195679,11.790928840637207
CAP_20260830_174503,2026-08-30 17:45:03,P02,/hydroponic_project/data_collection/images/lettuce_20260830_174503.jpg,/hydroponic_project/data_collection/crops/lettuce_20260830_174503/P02.jpg,/hydroponic_project/data_collection/crops/lettuce_20260830_174503/P02_224.jpg,30.0,31.3,70.5,6.39,2.6783,1.494,746.9,2.207,OK,66653,9.84615421295166,1.0158113241195679,11.790928840637207
CAP_20260830_174503,2026-08-30 17:45:03,P03,/hydroponic_project/data_collection/images/lettuce_20260830_174503.jpg,/hydroponic_project/data_collection/crops/lettuce_20260830_174503/P03.jpg,/hydroponic_project/data_collection/crops/lettuce_20260830_174503/P03_224.jpg,30.0,31.3,70.5,6.39,2.6783,1.494,746.9,2.207,OK,66653,9.84615421295166,1.0158113241195679,11.790928840637207
CAP_20260830_174503,2026-08-30 17:45:03,P04,/hydroponic_project/data_collection/images/lettuce_20260830_174503.jpg,/hydroponic_project/data_collection/crops/lettuce_20260830_174503/P04.jpg,/hydroponic_project/data_collection/crops/lettuce_20260830_174503/P04_224.jpg,30.0,31.3,70.5,6.39,2.6783,1.494,746.9,2.207,OK,66653,9.84615421295166,1.0158113241195679,11.790928840637207
CAP_20260830_174503,2026-08-30 17:45:03,P05,/hydroponic_project/data_collection/images/lettuce_20260830_174503.jpg,/hydroponic_project/data_collection/crops/lettuce_20260830_174503/P05.jpg,/hydroponic_project/data_collection/crops/lettuce_20260830_174503/P05_224.jpg,30.0,31.3,70.5,6.39,2.6783,1.494,746.9,2.207,OK,66653,9.84615421295166,1.0158113241195679,11.790928840637207
CAP_20260830_174503,2026-08-30 17:45:03,P06,/hydroponic_project/data_collection/images/lettuce_20260830_174503.jpg,/hydroponic_project/data_collection/crops/lettuce_20260830_174503/P06.jpg,/hydroponic_project/data_collection/crops/lettuce_20260830_174503/P06_224.jpg,30.0,31.3,70.5,6.39,2.6783,1.494,746.9,2.207,OK,66653,9.84615421295166,1.0158113241195679,11.790928840637207
CAP_20260830_174503,2026-08-30 17:45:03,P07,/hydroponic_project/data_collection/images/lettuce_20260830_174503.jpg,/hydroponic_project/data_collection/crops/lettuce_20260830_174503/P07.jpg,/hydroponic_project/data_collection/crops/lettuce_20260830_174503/P07_224.jpg,30.0,31.3,70.5,6.39,2.6783,1.494,746.9,2.207,OK,66653,9.84615421295166,1.0158113241195679,11.790928840637207
CAP_20260830_174503,2026-08-30 17:45:03,P08,/hydroponic_project/data_collection/images/lettuce_20260830_174503.jpg,/hydroponic_project/data_collection/crops/lettuce_20260830_174503/P08.jpg,/hydroponic_project/data_collection/crops/lettuce_20260830_174503/P08_224.jpg,30.0,31.3,70.5,6.39,2.6783,1.494,746.9,2.207,OK,66653,9.84615421295166,1.0158113241195679,11.790928840637207
CAP_20260830_174503,2026-08-30 17:45:03,P09,/hydroponic_project/data_collection/images/lettuce_20260830_174503.jpg,/hydroponic_project/data_collection/crops/lettuce_20260830_174503/P09.jpg,/hydroponic_project/data_collection/crops/lettuce_20260830_174503/P09_224.jpg,30.0,31.3,70.5,6.39,2.6783,1.494,746.9,2.207,OK,66653,9.84615421295166,1.0158113241195679,11.790928840637207
CAP_20260830_174503,2026-08-30 17:45:03,P10,/hydroponic_project/data_collection/images/lettuce_20260830_174503.jpg,/hydroponic_project/data_collection/crops/lettuce_20260830_174503/P10.jpg,/hydroponic_project/data_collection/crops/lettuce_20260830_174503/P10_224.jpg,30.0,31.3,70.5,6.39,2.6783,1.494,746.9,2.207,OK,66653,9.84615421295166,1.0158113241195679,11.790928840637207
CAP_20260830_174503,2026-08-30 17:45:03,P11,/hydroponic_project/data_collection/images/lettuce_20260830_174503.jpg,/hydroponic_project/data_collection/crops/lettuce_20260830_174503/P11.jpg,/hydroponic_project/data_collection/crops/lettuce_20260830_174503/P11_224.jpg,30.0,31.3,70.5,6.39,2.6783,1.494,746.9,2.207,OK,66653,9.84615421295166,1.0158113241195679,11.790928840637207
CAP_20260830_174503,2026-08-30 17:45:03,P12,/hydroponic_project/data_collection/images/lettuce_20260830_174503.jpg,/hydroponic_project/data_collection/crops/lettuce_20260830_174503/P12.jpg,/hydroponic_project/data_collection/crops/lettuce_20260830_174503/P12_224.jpg,30.0,31.3,70.5,6.39,2.6783,1.494,746.9,2.207,OK,66653,9.84615421295166,1.0158113241195679,11.790928840637207
CAP_20260830_180003,2026-08-30 18:00:03,P01,/hydroponic_project/data_collection/images/lettuce_20260830_180003.jpg,/hydroponic_project/data_collection/crops/lettuce_20260830_180003/P01.jpg,/hydroponic_project/data_collection/crops/lettuce_20260830_180003/P01_224.jpg,29.94,31.2,70.5,6.41,2.6736,1.493,746.3,2.2034,OK,66653,9.84615421295166,1.0158113241195679,7.508297920227051
CAP_20260830_180003,2026-08-30 18:00:03,P02,/hydroponic_project/data_collection/images/lettuce_20260830_180003.jpg,/hydroponic_project/data_collection/crops/lettuce_20260830_180003/P02.jpg,/hydroponic_project/data_collection/crops/lettuce_20260830_180003/P02_224.jpg,29.94,31.2,70.5,6.41,2.6736,1.493,746.3,2.2034,OK,66653,9.84615421295166,1.0158113241195679,7.508297920227051
CAP_20260830_180003,2026-08-30 18:00:03,P03,/hydroponic_project/data_collection/images/lettuce_20260830_180003.jpg,/hydroponic_project/data_collection/crops/lettuce_20260830_180003/P03.jpg,/hydroponic_project/data_collection/crops/lettuce_20260830_180003/P03_224.jpg,29.94,31.2,70.5,6.41,2.6736,1.493,746.3,2.2034,OK,66653,9.84615421295166,1.0158113241195679,7.508297920227051
CAP_20260830_180003,2026-08-30 18:00:03,P04,/hydroponic_project/data_collection/images/lettuce_20260830_180003.jpg,/hydroponic_project/data_collection/crops/lettuce_20260830_180003/P04.jpg,/hydroponic_project/data_collection/crops/lettuce_20260830_180003/P04_224.jpg,29.94,31.2,70.5,6.41,2.6736,1.493,746.3,2.2034,OK,66653,9.84615421295166,1.0158113241195679,7.508297920227051
CAP_20260830_180003,2026-08-30 18:00:03,P05,/hydroponic_project/data_collection/images/lettuce_20260830_180003.jpg,/hydroponic_project/data_collection/crops/lettuce_20260830_180003/P05.jpg,/hydroponic_project/data_collection/crops/lettuce_20260830_180003/P05_224.jpg,29.94,31.2,70.5,6.41,2.6736,1.493,746.3,2.2034,OK,66653,9.84615421295166,1.0158113241195679,7.508297920227051
CAP_20260830_180003,2026-08-30 18:00:03,P06,/hydroponic_project/data_collection/images/lettuce_20260830_180003.jpg,/hydroponic_project/data_collection/crops/lettuce_20260830_180003/P06.jpg,/hydroponic_project/data_collection/crops/lettuce_20260830_180003/P06_224.jpg,29.94,31.2,70.5,6.41,2.6736,1.493,746.3,2.2034,OK,66653,9.84615421295166,1.0158113241195679,7.508297920227051
CAP_20260830_180003,2026-08-30 18:00:03,P07,/hydroponic_project/data_collection/images/lettuce_20260830_180003.jpg,/hydroponic_project/data_collection/crops/lettuce_20260830_180003/P07.jpg,/hydroponic_project/data_collection/crops/lettuce_20260830_180003/P07_224.jpg,29.94,31.2,70.5,6.41,2.6736,1.493,746.3,2.2034,OK,66653,9.84615421295166,1.0158113241195679,7.508297920227051
CAP_20260830_180003,2026-08-30 18:00:03,P08,/hydroponic_project/data_collection/images/lettuce_20260830_180003.jpg,/hydroponic_project/data_collection/crops/lettuce_20260830_180003/P08.jpg,/hydroponic_project/data_collection/crops/lettuce_20260830_180003/P08_224.jpg,29.94,31.2,70.5,6.41,2.6736,1.493,746.3,2.2034,OK,66653,9.84615421295166,1.0158113241195679,7.508297920227051
CAP_20260830_180003,2026-08-30 18:00:03,P09,/hydroponic_project/data_collection/images/lettuce_20260830_180003.jpg,/hydroponic_project/data_collection/crops/lettuce_20260830_180003/P09.jpg,/hydroponic_project/data_collection/crops/lettuce_20260830_180003/P09_224.jpg,29.94,31.2,70.5,6.41,2.6736,1.493,746.3,2.2034,OK,66653,9.84615421295166,1.0158113241195679,7.508297920227051
CAP_20260830_180003,2026-08-30 18:00:03,P10,/hydroponic_project/data_collection/images/lettuce_20260830_180003.jpg,/hydroponic_project/data_collection/crops/lettuce_20260830_180003/P10.jpg,/hydroponic_project/data_collection/crops/lettuce_20260830_180003/P10_224.jpg,29.94,31.2,70.5,6.41,2.6736,1.493,746.3,2.2034,OK,66653,9.84615421295166,1.0158113241195679,7.508297920227051
CAP_20260830_180003,2026-08-30 18:00:03,P11,/hydroponic_project/data_collection/images/lettuce_20260830_180003.jpg,/hydroponic_project/data_collection/crops/lettuce_20260830_180003/P11.jpg,/hydroponic_project/data_collection/crops/lettuce_20260830_180003/P11_224.jpg,29.94,31.2,70.5,6.41,2.6736,1.493,746.3,2.2034,OK,66653,9.84615421295166,1.0158113241195679,7.508297920227051
CAP_20260830_180003,2026-08-30 18:00:03,P12,/hydroponic_project/data_collection/images/lettuce_20260830_180003.jpg,/hydroponic_project/data_collection/crops/lettuce_20260830_180003/P12.jpg,/hydroponic_project/data_collection/crops/lettuce_20260830_180003/P12_224.jpg,29.94,31.2,70.5,6.41,2.6736,1.493,746.3,2.2034,OK,66653,9.84615421295166,1.0158113241195679,7.508297920227051
CAP_20260830_181504,2026-08-30 18:15:04,P01,/hydroponic_project/data_collection/images/lettuce_20260830_181504.jpg,/hydroponic_project/data_collection/crops/lettuce_20260830_181504/P01.jpg,/hydroponic_project/data_collection/crops/lettuce_20260830_181504/P01_224.jpg,29.87,31.1,71.1,6.41,2.6744,1.492,745.9,2.2001,OK,66653,9.84615421295166,1.0158113241195679,2.7594504356384277
CAP_20260830_181504,2026-08-30 18:15:04,P02,/hydroponic_project/data_collection/images/lettuce_20260830_181504.jpg,/hydroponic_project/data_collection/crops/lettuce_20260830_181504/P02.jpg,/hydroponic_project/data_collection/crops/lettuce_20260830_181504/P02_224.jpg,29.87,31.1,71.1,6.41,2.6744,1.492,745.9,2.2001,OK,66653,9.84615421295166,1.0158113241195679,2.7594504356384277
CAP_20260830_181504,2026-08-30 18:15:04,P03,/hydroponic_project/data_collection/images/lettuce_20260830_181504.jpg,/hydroponic_project/data_collection/crops/lettuce_20260830_181504/P03.jpg,/hydroponic_project/data_collection/crops/lettuce_20260830_181504/P03_224.jpg,29.87,31.1,71.1,6.41,2.6744,1.492,745.9,2.2001,OK,66653,9.84615421295166,1.0158113241195679,2.7594504356384277
CAP_20260830_181504,2026-08-30 18:15:04,P04,/hydroponic_project/data_collection/images/lettuce_20260830_181504.jpg,/hydroponic_project/data_collection/crops/lettuce_20260830_181504/P04.jpg,/hydroponic_project/data_collection/crops/lettuce_20260830_181504/P04_224.jpg,29.87,31.1,71.1,6.41,2.6744,1.492,745.9,2.2001,OK,66653,9.84615421295166,1.0158113241195679,2.7594504356384277
CAP_20260830_181504,2026-08-30 18:15:04,P05,/hydroponic_project/data_collection/images/lettuce_20260830_181504.jpg,/hydroponic_project/data_collection/crops/lettuce_20260830_181504/P05.jpg,/hydroponic_project/data_collection/crops/lettuce_20260830_181504/P05_224.jpg,29.87,31.1,71.1,6.41,2.6744,1.492,745.9,2.2001,OK,66653,9.84615421295166,1.0158113241195679,2.7594504356384277
CAP_20260830_181504,2026-08-30 18:15:04,P06,/hydroponic_project/data_collection/images/lettuce_20260830_181504.jpg,/hydroponic_project/data_collection/crops/lettuce_20260830_181504/P06.jpg,/hydroponic_project/data_collection/crops/lettuce_20260830_181504/P06_224.jpg,29.87,31.1,71.1,6.41,2.6744,1.492,745.9,2.2001,OK,66653,9.84615421295166,1.0158113241195679,2.7594504356384277
CAP_20260830_181504,2026-08-30 18:15:04,P07,/hydroponic_project/data_collection/images/lettuce_20260830_181504.jpg,/hydroponic_project/data_collection/crops/lettuce_20260830_181504/P07.jpg,/hydroponic_project/data_collection/crops/lettuce_20260830_181504/P07_224.jpg,29.87,31.1,71.1,6.41,2.6744,1.492,745.9,2.2001,OK,66653,9.84615421295166,1.0158113241195679,2.7594504356384277
CAP_20260830_181504,2026-08-30 18:15:04,P08,/hydroponic_project/data_collection/images/lettuce_20260830_181504.jpg,/hydroponic_project/data_collection/crops/lettuce_20260830_181504/P08.jpg,/hydroponic_project/data_collection/crops/lettuce_20260830_181504/P08_224.jpg,29.87,31.1,71.1,6.41,2.6744,1.492,745.9,2.2001,OK,66653,9.84615421295166,1.0158113241195679,2.7594504356384277
CAP_20260830_181504,2026-08-30 18:15:04,P09,/hydroponic_project/data_collection/images/lettuce_20260830_181504.jpg,/hydroponic_project/data_collection/crops/lettuce_20260830_181504/P09.jpg,/hydroponic_project/data_collection/crops/lettuce_20260830_181504/P09_224.jpg,29.87,31.1,71.1,6.41,2.6744,1.492,745.9,2.2001,OK,66653,9.84615421295166,1.0158113241195679,2.7594504356384277
CAP_20260830_181504,2026-08-30 18:15:04,P10,/hydroponic_project/data_collection/images/lettuce_20260830_181504.jpg,/hydroponic_project/data_collection/crops/lettuce_20260830_181504/P10.jpg,/hydroponic_project/data_collection/crops/lettuce_20260830_181504/P10_224.jpg,29.87,31.1,71.1,6.41,2.6744,1.492,745.9,2.2001,OK,66653,9.84615421295166,1.0158113241195679,2.7594504356384277
CAP_20260830_181504,2026-08-30 18:15:04,P11,/hydroponic_project/data_collection/images/lettuce_20260830_181504.jpg,/hydroponic_project/data_collection/crops/lettuce_20260830_181504/P11.jpg,/hydroponic_project/data_collection/crops/lettuce_20260830_181504/P11_224.jpg,29.87,31.1,71.1,6.41,2.6744,1.492,745.9,2.2001,OK,66653,9.84615421295166,1.0158113241195679,2.7594504356384277
CAP_20260830_181504,2026-08-30 18:15:04,P12,/hydroponic_project/data_collection/images/lettuce_20260830_181504.jpg,/hydroponic_project/data_collection/crops/lettuce_20260830_181504/P12.jpg,/hydroponic_project/data_collection/crops/lettuce_20260830_181504/P12_224.jpg,29.87,31.1,71.1,6.41,2.6744,1.492,745.9,2.2001,OK,66653,9.84615421295166,1.0158113241195679,2.7594504356384277
CAP_20260830_183004,2026-08-30 18:30:04,P01,/hydroponic_project/data_collection/images/lettuce_20260830_183004.jpg,/hydroponic_project/data_collection/crops/lettuce_20260830_183004/P01.jpg,/hydroponic_project/data_collection/crops/lettuce_20260830_183004/P01_224.jpg,29.81,31.0,71.9,6.3,2.6921,1.49,745.0,2.196,OK,66653,9.84615421295166,1.0158113241195679,0.6191578507423401
CAP_20260830_183004,2026-08-30 18:30:04,P02,/hydroponic_project/data_collection/images/lettuce_20260830_183004.jpg,/hydroponic_project/data_collection/crops/lettuce_20260830_183004/P02.jpg,/hydroponic_project/data_collection/crops/lettuce_20260830_183004/P02_224.jpg,29.81,31.0,71.9,6.3,2.6921,1.49,745.0,2.196,OK,66653,9.84615421295166,1.0158113241195679,0.6191578507423401
CAP_20260830_183004,2026-08-30 18:30:04,P03,/hydroponic_project/data_collection/images/lettuce_20260830_183004.jpg,/hydroponic_project/data_collection/crops/lettuce_20260830_183004/P03.jpg,/hydroponic_project/data_collection/crops/lettuce_20260830_183004/P03_224.jpg,29.81,31.0,71.9,6.3,2.6921,1.49,745.0,2.196,OK,66653,9.84615421295166,1.0158113241195679,0.6191578507423401
CAP_20260830_183004,2026-08-30 18:30:04,P04,/hydroponic_project/data_collection/images/lettuce_20260830_183004.jpg,/hydroponic_project/data_collection/crops/lettuce_20260830_183004/P04.jpg,/hydroponic_project/data_collection/crops/lettuce_20260830_183004/P04_224.jpg,29.81,31.0,71.9,6.3,2.6921,1.49,745.0,2.196,OK,66653,9.84615421295166,1.0158113241195679,0.6191578507423401
CAP_20260830_183004,2026-08-30 18:30:04,P05,/hydroponic_project/data_collection/images/lettuce_20260830_183004.jpg,/hydroponic_project/data_collection/crops/lettuce_20260830_183004/P05.jpg,/hydroponic_project/data_collection/crops/lettuce_20260830_183004/P05_224.jpg,29.81,31.0,71.9,6.3,2.6921,1.49,745.0,2.196,OK,66653,9.84615421295166,1.0158113241195679,0.6191578507423401
CAP_20260830_183004,2026-08-30 18:30:04,P06,/hydroponic_project/data_collection/images/lettuce_20260830_183004.jpg,/hydroponic_project/data_collection/crops/lettuce_20260830_183004/P06.jpg,/hydroponic_project/data_collection/crops/lettuce_20260830_183004/P06_224.jpg,29.81,31.0,71.9,6.3,2.6921,1.49,745.0,2.196,OK,66653,9.84615421295166,1.0158113241195679,0.6191578507423401
CAP_20260830_183004,2026-08-30 18:30:04,P07,/hydroponic_project/data_collection/images/lettuce_20260830_183004.jpg,/hydroponic_project/data_collection/crops/lettuce_20260830_183004/P07.jpg,/hydroponic_project/data_collection/crops/lettuce_20260830_183004/P07_224.jpg,29.81,31.0,71.9,6.3,2.6921,1.49,745.0,2.196,OK,66653,9.84615421295166,1.0158113241195679,0.6191578507423401
CAP_20260830_183004,2026-08-30 18:30:04,P08,/hydroponic_project/data_collection/images/lettuce_20260830_183004.jpg,/hydroponic_project/data_collection/crops/lettuce_20260830_183004/P08.jpg,/hydroponic_project/data_collection/crops/lettuce_20260830_183004/P08_224.jpg,29.81,31.0,71.9,6.3,2.6921,1.49,745.0,2.196,OK,66653,9.84615421295166,1.0158113241195679,0.6191578507423401
CAP_20260830_183004,2026-08-30 18:30:04,P09,/hydroponic_project/data_collection/images/lettuce_20260830_183004.jpg,/hydroponic_project/data_collection/crops/lettuce_20260830_183004/P09.jpg,/hydroponic_project/data_collection/crops/lettuce_20260830_183004/P09_224.jpg,29.81,31.0,71.9,6.3,2.6921,1.49,745.0,2.196,OK,66653,9.84615421295166,1.0158113241195679,0.6191578507423401
CAP_20260830_183004,2026-08-30 18:30:04,P10,/hydroponic_project/data_collection/images/lettuce_20260830_183004.jpg,/hydroponic_project/data_collection/crops/lettuce_20260830_183004/P10.jpg,/hydroponic_project/data_collection/crops/lettuce_20260830_183004/P10_224.jpg,29.81,31.0,71.9,6.3,2.6921,1.49,745.0,2.196,OK,66653,9.84615421295166,1.0158113241195679,0.6191578507423401
CAP_20260830_183004,2026-08-30 18:30:04,P11,/hydroponic_project/data_collection/images/lettuce_20260830_183004.jpg,/hydroponic_project/data_collection/crops/lettuce_20260830_183004/P11.jpg,/hydroponic_project/data_collection/crops/lettuce_20260830_183004/P11_224.jpg,29.81,31.0,71.9,6.3,2.6921,1.49,745.0,2.196,OK,66653,9.84615421295166,1.0158113241195679,0.6191578507423401
CAP_20260830_183004,2026-08-30 18:30:04,P12,/hydroponic_project/data_collection/images/lettuce_20260830_183004.jpg,/hydroponic_project/data_collection/crops/lettuce_20260830_183004/P12.jpg,/hydroponic_project/data_collection/crops/lettuce_20260830_183004/P12_224.jpg,29.81,31.0,71.9,6.3,2.6921,1.49,745.0,2.196,OK,66653,9.84615421295166,1.0158113241195679,0.6191578507423401
CAP_20260830_184503,2026-08-30 18:45:03,P01,/hydroponic_project/data_collection/images/lettuce_20260830_184503.jpg,/hydroponic_project/data_collection/crops/lettuce_20260830_184503/P01.jpg,/hydroponic_project/data_collection/crops/lettuce_20260830_184503/P01_224.jpg,29.81,30.8,71.9,6.32,2.6896,1.487,743.5,2.1933,OK,66653,9.84615421295166,1.0158113241195679,0.5770624279975891
CAP_20260830_184503,2026-08-30 18:45:03,P02,/hydroponic_project/data_collection/images/lettuce_20260830_184503.jpg,/hydroponic_project/data_collection/crops/lettuce_20260830_184503/P02.jpg,/hydroponic_project/data_collection/crops/lettuce_20260830_184503/P02_224.jpg,29.81,30.8,71.9,6.32,2.6896,1.487,743.5,2.1933,OK,66653,9.84615421295166,1.0158113241195679,0.5770624279975891
CAP_20260830_184503,2026-08-30 18:45:03,P03,/hydroponic_project/data_collection/images/lettuce_20260830_184503.jpg,/hydroponic_project/data_collection/crops/lettuce_20260830_184503/P03.jpg,/hydroponic_project/data_collection/crops/lettuce_20260830_184503/P03_224.jpg,29.81,30.8,71.9,6.32,2.6896,1.487,743.5,2.1933,OK,66653,9.84615421295166,1.0158113241195679,0.5770624279975891
CAP_20260830_184503,2026-08-30 18:45:03,P04,/hydroponic_project/data_collection/images/lettuce_20260830_184503.jpg,/hydroponic_project/data_collection/crops/lettuce_20260830_184503/P04.jpg,/hydroponic_project/data_collection/crops/lettuce_20260830_184503/P04_224.jpg,29.81,30.8,71.9,6.32,2.6896,1.487,743.5,2.1933,OK,66653,9.84615421295166,1.0158113241195679,0.5770624279975891
CAP_20260830_184503,2026-08-30 18:45:03,P05,/hydroponic_project/data_collection/images/lettuce_20260830_184503.jpg,/hydroponic_project/data_collection/crops/lettuce_20260830_184503/P05.jpg,/hydroponic_project/data_collection/crops/lettuce_20260830_184503/P05_224.jpg,29.81,30.8,71.9,6.32,2.6896,1.487,743.5,2.1933,OK,66653,9.84615421295166,1.0158113241195679,0.5770624279975891
CAP_20260830_184503,2026-08-30 18:45:03,P06,/hydroponic_project/data_collection/images/lettuce_20260830_184503.jpg,/hydroponic_project/data_collection/crops/lettuce_20260830_184503/P06.jpg,/hydroponic_project/data_collection/crops/lettuce_20260830_184503/P06_224.jpg,29.81,30.8,71.9,6.32,2.6896,1.487,743.5,2.1933,OK,66653,9.84615421295166,1.0158113241195679,0.5770624279975891
CAP_20260830_184503,2026-08-30 18:45:03,P07,/hydroponic_project/data_collection/images/lettuce_20260830_184503.jpg,/hydroponic_project/data_collection/crops/lettuce_20260830_184503/P07.jpg,/hydroponic_project/data_collection/crops/lettuce_20260830_184503/P07_224.jpg,29.81,30.8,71.9,6.32,2.6896,1.487,743.5,2.1933,OK,66653,9.84615421295166,1.0158113241195679,0.5770624279975891
CAP_20260830_184503,2026-08-30 18:45:03,P08,/hydroponic_project/data_collection/images/lettuce_20260830_184503.jpg,/hydroponic_project/data_collection/crops/lettuce_20260830_184503/P08.jpg,/hydroponic_project/data_collection/crops/lettuce_20260830_184503/P08_224.jpg,29.81,30.8,71.9,6.32,2.6896,1.487,743.5,2.1933,OK,66653,9.84615421295166,1.0158113241195679,0.5770624279975891
CAP_20260830_184503,2026-08-30 18:45:03,P09,/hydroponic_project/data_collection/images/lettuce_20260830_184503.jpg,/hydroponic_project/data_collection/crops/lettuce_20260830_184503/P09.jpg,/hydroponic_project/data_collection/crops/lettuce_20260830_184503/P09_224.jpg,29.81,30.8,71.9,6.32,2.6896,1.487,743.5,2.1933,OK,66653,9.84615421295166,1.0158113241195679,0.5770624279975891
CAP_20260830_184503,2026-08-30 18:45:03,P10,/hydroponic_project/data_collection/images/lettuce_20260830_184503.jpg,/hydroponic_project/data_collection/crops/lettuce_20260830_184503/P10.jpg,/hydroponic_project/data_collection/crops/lettuce_20260830_184503/P10_224.jpg,29.81,30.8,71.9,6.32,2.6896,1.487,743.5,2.1933,OK,66653,9.84615421295166,1.0158113241195679,0.5770624279975891
CAP_20260830_184503,2026-08-30 18:45:03,P11,/hydroponic_project/data_collection/images/lettuce_20260830_184503.jpg,/hydroponic_project/data_collection/crops/lettuce_20260830_184503/P11.jpg,/hydroponic_project/data_collection/crops/lettuce_20260830_184503/P11_224.jpg,29.81,30.8,71.9,6.32,2.6896,1.487,743.5,2.1933,OK,66653,9.84615421295166,1.0158113241195679,0.5770624279975891
CAP_20260830_184503,2026-08-30 18:45:03,P12,/hydroponic_project/data_collection/images/lettuce_20260830_184503.jpg,/hydroponic_project/data_collection/crops/lettuce_20260830_184503/P12.jpg,/hydroponic_project/data_collection/crops/lettuce_20260830_184503/P12_224.jpg,29.81,30.8,71.9,6.32,2.6896,1.487,743.5,2.1933,OK,66653,9.84615421295166,1.0158113241195679,0.5770624279975891
CAP_20260830_190003,2026-08-30 19:00:03,P01,/hydroponic_project/data_collection/images/lettuce_20260830_190003.jpg,/hydroponic_project/data_collection/crops/lettuce_20260830_190003/P01.jpg,/hydroponic_project/data_collection/crops/lettuce_20260830_190003/P01_224.jpg,29.75,30.9,72.5,6.39,2.678,1.486,743.1,2.19,OK,66653,9.84615421295166,1.0158113241195679,0.5744611620903015
CAP_20260830_190003,2026-08-30 19:00:03,P02,/hydroponic_project/data_collection/images/lettuce_20260830_190003.jpg,/hydroponic_project/data_collection/crops/lettuce_20260830_190003/P02.jpg,/hydroponic_project/data_collection/crops/lettuce_20260830_190003/P02_224.jpg,29.75,30.9,72.5,6.39,2.678,1.486,743.1,2.19,OK,66653,9.84615421295166,1.0158113241195679,0.5744611620903015
CAP_20260830_190003,2026-08-30 19:00:03,P03,/hydroponic_project/data_collection/images/lettuce_20260830_190003.jpg,/hydroponic_project/data_collection/crops/lettuce_20260830_190003/P03.jpg,/hydroponic_project/data_collection/crops/lettuce_20260830_190003/P03_224.jpg,29.75,30.9,72.5,6.39,2.678,1.486,743.1,2.19,OK,66653,9.84615421295166,1.0158113241195679,0.5744611620903015
CAP_20260830_190003,2026-08-30 19:00:03,P04,/hydroponic_project/data_collection/images/lettuce_20260830_190003.jpg,/hydroponic_project/data_collection/crops/lettuce_20260830_190003/P04.jpg,/hydroponic_project/data_collection/crops/lettuce_20260830_190003/P04_224.jpg,29.75,30.9,72.5,6.39,2.678,1.486,743.1,2.19,OK,66653,9.84615421295166,1.0158113241195679,0.5744611620903015
CAP_20260830_190003,2026-08-30 19:00:03,P05,/hydroponic_project/data_collection/images/lettuce_20260830_190003.jpg,/hydroponic_project/data_collection/crops/lettuce_20260830_190003/P05.jpg,/hydroponic_project/data_collection/crops/lettuce_20260830_190003/P05_224.jpg,29.75,30.9,72.5,6.39,2.678,1.486,743.1,2.19,OK,66653,9.84615421295166,1.0158113241195679,0.5744611620903015
CAP_20260830_190003,2026-08-30 19:00:03,P06,/hydroponic_project/data_collection/images/lettuce_20260830_190003.jpg,/hydroponic_project/data_collection/crops/lettuce_20260830_190003/P06.jpg,/hydroponic_project/data_collection/crops/lettuce_20260830_190003/P06_224.jpg,29.75,30.9,72.5,6.39,2.678,1.486,743.1,2.19,OK,66653,9.84615421295166,1.0158113241195679,0.5744611620903015
CAP_20260830_190003,2026-08-30 19:00:03,P07,/hydroponic_project/data_collection/images/lettuce_20260830_190003.jpg,/hydroponic_project/data_collection/crops/lettuce_20260830_190003/P07.jpg,/hydroponic_project/data_collection/crops/lettuce_20260830_190003/P07_224.jpg,29.75,30.9,72.5,6.39,2.678,1.486,743.1,2.19,OK,66653,9.84615421295166,1.0158113241195679,0.5744611620903015
CAP_20260830_190003,2026-08-30 19:00:03,P08,/hydroponic_project/data_collection/images/lettuce_20260830_190003.jpg,/hydroponic_project/data_collection/crops/lettuce_20260830_190003/P08.jpg,/hydroponic_project/data_collection/crops/lettuce_20260830_190003/P08_224.jpg,29.75,30.9,72.5,6.39,2.678,1.486,743.1,2.19,OK,66653,9.84615421295166,1.0158113241195679,0.5744611620903015
CAP_20260830_190003,2026-08-30 19:00:03,P09,/hydroponic_project/data_collection/images/lettuce_20260830_190003.jpg,/hydroponic_project/data_collection/crops/lettuce_20260830_190003/P09.jpg,/hydroponic_project/data_collection/crops/lettuce_20260830_190003/P09_224.jpg,29.75,30.9,72.5,6.39,2.678,1.486,743.1,2.19,OK,66653,9.84615421295166,1.0158113241195679,0.5744611620903015
CAP_20260830_190003,2026-08-30 19:00:03,P10,/hydroponic_project/data_collection/images/lettuce_20260830_190003.jpg,/hydroponic_project/data_collection/crops/lettuce_20260830_190003/P10.jpg,/hydroponic_project/data_collection/crops/lettuce_20260830_190003/P10_224.jpg,29.75,30.9,72.5,6.39,2.678,1.486,743.1,2.19,OK,66653,9.84615421295166,1.0158113241195679,0.5744611620903015
CAP_20260830_190003,2026-08-30 19:00:03,P11,/hydroponic_project/data_collection/images/lettuce_20260830_190003.jpg,/hydroponic_project/data_collection/crops/lettuce_20260830_190003/P11.jpg,/hydroponic_project/data_collection/crops/lettuce_20260830_190003/P11_224.jpg,29.75,30.9,72.5,6.39,2.678,1.486,743.1,2.19,OK,66653,9.84615421295166,1.0158113241195679,0.5744611620903015
CAP_20260830_190003,2026-08-30 19:00:03,P12,/hydroponic_project/data_collection/images/lettuce_20260830_190003.jpg,/hydroponic_project/data_collection/crops/lettuce_20260830_190003/P12.jpg,/hydroponic_project/data_collection/crops/lettuce_20260830_190003/P12_224.jpg,29.75,30.9,72.5,6.39,2.678,1.486,743.1,2.19,OK,66653,9.84615421295166,1.0158113241195679,0.5744611620903015
CAP_20260830_193003,2026-08-30 19:30:03,P01,/hydroponic_project/data_collection/images/lettuce_20260830_193003.jpg,/hydroponic_project/data_collection/crops/lettuce_20260830_193003/P01.jpg,/hydroponic_project/data_collection/crops/lettuce_20260830_193003/P01_224.jpg,29.62,30.9,72.5,6.32,2.6885,1.54,770.1,2.2329,OK,66653,9.84615421295166,1.0158113241195679,0.5672290921211243
CAP_20260830_193003,2026-08-30 19:30:03,P02,/hydroponic_project/data_collection/images/lettuce_20260830_193003.jpg,/hydroponic_project/data_collection/crops/lettuce_20260830_193003/P02.jpg,/hydroponic_project/data_collection/crops/lettuce_20260830_193003/P02_224.jpg,29.62,30.9,72.5,6.32,2.6885,1.54,770.1,2.2329,OK,66653,9.84615421295166,1.0158113241195679,0.5672290921211243
CAP_20260830_193003,2026-08-30 19:30:03,P03,/hydroponic_project/data_collection/images/lettuce_20260830_193003.jpg,/hydroponic_project/data_collection/crops/lettuce_20260830_193003/P03.jpg,/hydroponic_project/data_collection/crops/lettuce_20260830_193003/P03_224.jpg,29.62,30.9,72.5,6.32,2.6885,1.54,770.1,2.2329,OK,66653,9.84615421295166,1.0158113241195679,0.5672290921211243
CAP_20260830_193003,2026-08-30 19:30:03,P04,/hydroponic_project/data_collection/images/lettuce_20260830_193003.jpg,/hydroponic_project/data_collection/crops/lettuce_20260830_193003/P04.jpg,/hydroponic_project/data_collection/crops/lettuce_20260830_193003/P04_224.jpg,29.62,30.9,72.5,6.32,2.6885,1.54,770.1,2.2329,OK,66653,9.84615421295166,1.0158113241195679,0.5672290921211243
CAP_20260830_193003,2026-08-30 19:30:03,P05,/hydroponic_project/data_collection/images/lettuce_20260830_193003.jpg,/hydroponic_project/data_collection/crops/lettuce_20260830_193003/P05.jpg,/hydroponic_project/data_collection/crops/lettuce_20260830_193003/P05_224.jpg,29.62,30.9,72.5,6.32,2.6885,1.54,770.1,2.2329,OK,66653,9.84615421295166,1.0158113241195679,0.5672290921211243
CAP_20260830_193003,2026-08-30 19:30:03,P06,/hydroponic_project/data_collection/images/lettuce_20260830_193003.jpg,/hydroponic_project/data_collection/crops/lettuce_20260830_193003/P06.jpg,/hydroponic_project/data_collection/crops/lettuce_20260830_193003/P06_224.jpg,29.62,30.9,72.5,6.32,2.6885,1.54,770.1,2.2329,OK,66653,9.84615421295166,1.0158113241195679,0.5672290921211243
CAP_20260830_193003,2026-08-30 19:30:03,P07,/hydroponic_project/data_collection/images/lettuce_20260830_193003.jpg,/hydroponic_project/data_collection/crops/lettuce_20260830_193003/P07.jpg,/hydroponic_project/data_collection/crops/lettuce_20260830_193003/P07_224.jpg,29.62,30.9,72.5,6.32,2.6885,1.54,770.1,2.2329,OK,66653,9.84615421295166,1.0158113241195679,0.5672290921211243
CAP_20260830_193003,2026-08-30 19:30:03,P08,/hydroponic_project/data_collection/images/lettuce_20260830_193003.jpg,/hydroponic_project/data_collection/crops/lettuce_20260830_193003/P08.jpg,/hydroponic_project/data_collection/crops/lettuce_20260830_193003/P08_224.jpg,29.62,30.9,72.5,6.32,2.6885,1.54,770.1,2.2329,OK,66653,9.84615421295166,1.0158113241195679,0.5672290921211243
CAP_20260830_193003,2026-08-30 19:30:03,P09,/hydroponic_project/data_collection/images/lettuce_20260830_193003.jpg,/hydroponic_project/data_collection/crops/lettuce_20260830_193003/P09.jpg,/hydroponic_project/data_collection/crops/lettuce_20260830_193003/P09_224.jpg,29.62,30.9,72.5,6.32,2.6885,1.54,770.1,2.2329,OK,66653,9.84615421295166,1.0158113241195679,0.5672290921211243
CAP_20260830_193003,2026-08-30 19:30:03,P10,/hydroponic_project/data_collection/images/lettuce_20260830_193003.jpg,/hydroponic_project/data_collection/crops/lettuce_20260830_193003/P10.jpg,/hydroponic_project/data_collection/crops/lettuce_20260830_193003/P10_224.jpg,29.62,30.9,72.5,6.32,2.6885,1.54,770.1,2.2329,OK,66653,9.84615421295166,1.0158113241195679,0.5672290921211243
CAP_20260830_193003,2026-08-30 19:30:03,P11,/hydroponic_project/data_collection/images/lettuce_20260830_193003.jpg,/hydroponic_project/data_collection/crops/lettuce_20260830_193003/P11.jpg,/hydroponic_project/data_collection/crops/lettuce_20260830_193003/P11_224.jpg,29.62,30.9,72.5,6.32,2.6885,1.54,770.1,2.2329,OK,66653,9.84615421295166,1.0158113241195679,0.5672290921211243
CAP_20260830_193003,2026-08-30 19:30:03,P12,/hydroponic_project/data_collection/images/lettuce_20260830_193003.jpg,/hydroponic_project/data_collection/crops/lettuce_20260830_193003/P12.jpg,/hydroponic_project/data_collection/crops/lettuce_20260830_193003/P12_224.jpg,29.62,30.9,72.5,6.32,2.6885,1.54,770.1,2.2329,OK,66653,9.84615421295166,1.0158113241195679,0.5672290921211243
CAP_20260830_194504,2026-08-30 19:45:04,P01,/hydroponic_project/data_collection/images/lettuce_20260830_194504.jpg,/hydroponic_project/data_collection/crops/lettuce_20260830_194504/P01.jpg,/hydroponic_project/data_collection/crops/lettuce_20260830_194504/P01_224.jpg,29.56,30.8,73.8,6.24,2.702,1.601,800.6,2.2825,OK,66653,9.84615421295166,1.0158113241195679,3.2962801456451416
CAP_20260830_194504,2026-08-30 19:45:04,P02,/hydroponic_project/data_collection/images/lettuce_20260830_194504.jpg,/hydroponic_project/data_collection/crops/lettuce_20260830_194504/P02.jpg,/hydroponic_project/data_collection/crops/lettuce_20260830_194504/P02_224.jpg,29.56,30.8,73.8,6.24,2.702,1.601,800.6,2.2825,OK,66653,9.84615421295166,1.0158113241195679,3.2962801456451416
CAP_20260830_194504,2026-08-30 19:45:04,P03,/hydroponic_project/data_collection/images/lettuce_20260830_194504.jpg,/hydroponic_project/data_collection/crops/lettuce_20260830_194504/P03.jpg,/hydroponic_project/data_collection/crops/lettuce_20260830_194504/P03_224.jpg,29.56,30.8,73.8,6.24,2.702,1.601,800.6,2.2825,OK,66653,9.84615421295166,1.0158113241195679,3.2962801456451416
CAP_20260830_194504,2026-08-30 19:45:04,P04,/hydroponic_project/data_collection/images/lettuce_20260830_194504.jpg,/hydroponic_project/data_collection/crops/lettuce_20260830_194504/P04.jpg,/hydroponic_project/data_collection/crops/lettuce_20260830_194504/P04_224.jpg,29.56,30.8,73.8,6.24,2.702,1.601,800.6,2.2825,OK,66653,9.84615421295166,1.0158113241195679,3.2962801456451416
CAP_20260830_194504,2026-08-30 19:45:04,P05,/hydroponic_project/data_collection/images/lettuce_20260830_194504.jpg,/hydroponic_project/data_collection/crops/lettuce_20260830_194504/P05.jpg,/hydroponic_project/data_collection/crops/lettuce_20260830_194504/P05_224.jpg,29.56,30.8,73.8,6.24,2.702,1.601,800.6,2.2825,OK,66653,9.84615421295166,1.0158113241195679,3.2962801456451416
CAP_20260830_194504,2026-08-30 19:45:04,P06,/hydroponic_project/data_collection/images/lettuce_20260830_194504.jpg,/hydroponic_project/data_collection/crops/lettuce_20260830_194504/P06.jpg,/hydroponic_project/data_collection/crops/lettuce_20260830_194504/P06_224.jpg,29.56,30.8,73.8,6.24,2.702,1.601,800.6,2.2825,OK,66653,9.84615421295166,1.0158113241195679,3.2962801456451416
CAP_20260830_194504,2026-08-30 19:45:04,P07,/hydroponic_project/data_collection/images/lettuce_20260830_194504.jpg,/hydroponic_project/data_collection/crops/lettuce_20260830_194504/P07.jpg,/hydroponic_project/data_collection/crops/lettuce_20260830_194504/P07_224.jpg,29.56,30.8,73.8,6.24,2.702,1.601,800.6,2.2825,OK,66653,9.84615421295166,1.0158113241195679,3.2962801456451416
CAP_20260830_194504,2026-08-30 19:45:04,P08,/hydroponic_project/data_collection/images/lettuce_20260830_194504.jpg,/hydroponic_project/data_collection/crops/lettuce_20260830_194504/P08.jpg,/hydroponic_project/data_collection/crops/lettuce_20260830_194504/P08_224.jpg,29.56,30.8,73.8,6.24,2.702,1.601,800.6,2.2825,OK,66653,9.84615421295166,1.0158113241195679,3.2962801456451416
CAP_20260830_194504,2026-08-30 19:45:04,P09,/hydroponic_project/data_collection/images/lettuce_20260830_194504.jpg,/hydroponic_project/data_collection/crops/lettuce_20260830_194504/P09.jpg,/hydroponic_project/data_collection/crops/lettuce_20260830_194504/P09_224.jpg,29.56,30.8,73.8,6.24,2.702,1.601,800.6,2.2825,OK,66653,9.84615421295166,1.0158113241195679,3.2962801456451416
CAP_20260830_194504,2026-08-30 19:45:04,P10,/hydroponic_project/data_collection/images/lettuce_20260830_194504.jpg,/hydroponic_project/data_collection/crops/lettuce_20260830_194504/P10.jpg,/hydroponic_project/data_collection/crops/lettuce_20260830_194504/P10_224.jpg,29.56,30.8,73.8,6.24,2.702,1.601,800.6,2.2825,OK,66653,9.84615421295166,1.0158113241195679,3.2962801456451416
CAP_20260830_194504,2026-08-30 19:45:04,P11,/hydroponic_project/data_collection/images/lettuce_20260830_194504.jpg,/hydroponic_project/data_collection/crops/lettuce_20260830_194504/P11.jpg,/hydroponic_project/data_collection/crops/lettuce_20260830_194504/P11_224.jpg,29.56,30.8,73.8,6.24,2.702,1.601,800.6,2.2825,OK,66653,9.84615421295166,1.0158113241195679,3.2962801456451416
CAP_20260830_194504,2026-08-30 19:45:04,P12,/hydroponic_project/data_collection/images/lettuce_20260830_194504.jpg,/hydroponic_project/data_collection/crops/lettuce_20260830_194504/P12.jpg,/hydroponic_project/data_collection/crops/lettuce_20260830_194504/P12_224.jpg,29.56,30.8,73.8,6.24,2.702,1.601,800.6,2.2825,OK,66653,9.84615421295166,1.0158113241195679,3.2962801456451416
CAP_20260831_074507,2026-08-31 07:45:07,P01,/hydroponic_project/data_collection/images/lettuce_20260831_074507.jpg,/hydroponic_project/data_collection/crops/lettuce_20260831_074507/P01.jpg,/hydroponic_project/data_collection/crops/lettuce_20260831_074507/P01_224.jpg,29.0,29.1,81.2,6.22,2.7051,1.664,831.9,2.3101,OK,66653,6.095238208770752,1.0240957736968994,71.95476531982422
CAP_20260831_074507,2026-08-31 07:45:07,P02,/hydroponic_project/data_collection/images/lettuce_20260831_074507.jpg,/hydroponic_project/data_collection/crops/lettuce_20260831_074507/P02.jpg,/hydroponic_project/data_collection/crops/lettuce_20260831_074507/P02_224.jpg,29.0,29.1,81.2,6.22,2.7051,1.664,831.9,2.3101,OK,66653,6.095238208770752,1.0240957736968994,71.95476531982422
CAP_20260831_074507,2026-08-31 07:45:07,P03,/hydroponic_project/data_collection/images/lettuce_20260831_074507.jpg,/hydroponic_project/data_collection/crops/lettuce_20260831_074507/P03.jpg,/hydroponic_project/data_collection/crops/lettuce_20260831_074507/P03_224.jpg,29.0,29.1,81.2,6.22,2.7051,1.664,831.9,2.3101,OK,66653,6.095238208770752,1.0240957736968994,71.95476531982422
CAP_20260831_074507,2026-08-31 07:45:07,P04,/hydroponic_project/data_collection/images/lettuce_20260831_074507.jpg,/hydroponic_project/data_collection/crops/lettuce_20260831_074507/P04.jpg,/hydroponic_project/data_collection/crops/lettuce_20260831_074507/P04_224.jpg,29.0,29.1,81.2,6.22,2.7051,1.664,831.9,2.3101,OK,66653,6.095238208770752,1.0240957736968994,71.95476531982422
CAP_20260831_074507,2026-08-31 07:45:07,P05,/hydroponic_project/data_collection/images/lettuce_20260831_074507.jpg,/hydroponic_project/data_collection/crops/lettuce_20260831_074507/P05.jpg,/hydroponic_project/data_collection/crops/lettuce_20260831_074507/P05_224.jpg,29.0,29.1,81.2,6.22,2.7051,1.664,831.9,2.3101,OK,66653,6.095238208770752,1.0240957736968994,71.95476531982422
CAP_20260831_074507,2026-08-31 07:45:07,P06,/hydroponic_project/data_collection/images/lettuce_20260831_074507.jpg,/hydroponic_project/data_collection/crops/lettuce_20260831_074507/P06.jpg,/hydroponic_project/data_collection/crops/lettuce_20260831_074507/P06_224.jpg,29.0,29.1,81.2,6.22,2.7051,1.664,831.9,2.3101,OK,66653,6.095238208770752,1.0240957736968994,71.95476531982422
CAP_20260831_074507,2026-08-31 07:45:07,P07,/hydroponic_project/data_collection/images/lettuce_20260831_074507.jpg,/hydroponic_project/data_collection/crops/lettuce_20260831_074507/P07.jpg,/hydroponic_project/data_collection/crops/lettuce_20260831_074507/P07_224.jpg,29.0,29.1,81.2,6.22,2.7051,1.664,831.9,2.3101,OK,66653,6.095238208770752,1.0240957736968994,71.95476531982422
CAP_20260831_074507,2026-08-31 07:45:07,P08,/hydroponic_project/data_collection/images/lettuce_20260831_074507.jpg,/hydroponic_project/data_collection/crops/lettuce_20260831_074507/P08.jpg,/hydroponic_project/data_collection/crops/lettuce_20260831_074507/P08_224.jpg,29.0,29.1,81.2,6.22,2.7051,1.664,831.9,2.3101,OK,66653,6.095238208770752,1.0240957736968994,71.95476531982422
CAP_20260831_074507,2026-08-31 07:45:07,P09,/hydroponic_project/data_collection/images/lettuce_20260831_074507.jpg,/hydroponic_project/data_collection/crops/lettuce_20260831_074507/P09.jpg,/hydroponic_project/data_collection/crops/lettuce_20260831_074507/P09_224.jpg,29.0,29.1,81.2,6.22,2.7051,1.664,831.9,2.3101,OK,66653,6.095238208770752,1.0240957736968994,71.95476531982422
CAP_20260831_074507,2026-08-31 07:45:07,P10,/hydroponic_project/data_collection/images/lettuce_20260831_074507.jpg,/hydroponic_project/data_collection/crops/lettuce_20260831_074507/P10.jpg,/hydroponic_project/data_collection/crops/lettuce_20260831_074507/P10_224.jpg,29.0,29.1,81.2,6.22,2.7051,1.664,831.9,2.3101,OK,66653,6.095238208770752,1.0240957736968994,71.95476531982422
CAP_20260831_074507,2026-08-31 07:45:07,P11,/hydroponic_project/data_collection/images/lettuce_20260831_074507.jpg,/hydroponic_project/data_collection/crops/lettuce_20260831_074507/P11.jpg,/hydroponic_project/data_collection/crops/lettuce_20260831_074507/P11_224.jpg,29.0,29.1,81.2,6.22,2.7051,1.664,831.9,2.3101,OK,66653,6.095238208770752,1.0240957736968994,71.95476531982422
CAP_20260831_074507,2026-08-31 07:45:07,P12,/hydroponic_project/data_collection/images/lettuce_20260831_074507.jpg,/hydroponic_project/data_collection/crops/lettuce_20260831_074507/P12.jpg,/hydroponic_project/data_collection/crops/lettuce_20260831_074507/P12_224.jpg,29.0,29.1,81.2,6.22,2.7051,1.664,831.9,2.3101,OK,66653,6.095238208770752,1.0240957736968994,71.95476531982422
CAP_20260831_080004,2026-08-31 08:00:04,P01,/hydroponic_project/data_collection/images/lettuce_20260831_080004.jpg,/hydroponic_project/data_collection/crops/lettuce_20260831_080004/P01.jpg,/hydroponic_project/data_collection/crops/lettuce_20260831_080004/P01_224.jpg,29.0,30.2,77.6,6.24,2.7013,1.659,829.3,2.3059,OK,35349,4.0,1.0000526905059814,208.92910766601562
CAP_20260831_080004,2026-08-31 08:00:04,P02,/hydroponic_project/data_collection/images/lettuce_20260831_080004.jpg,/hydroponic_project/data_collection/crops/lettuce_20260831_080004/P02.jpg,/hydroponic_project/data_collection/crops/lettuce_20260831_080004/P02_224.jpg,29.0,30.2,77.6,6.24,2.7013,1.659,829.3,2.3059,OK,35349,4.0,1.0000526905059814,208.92910766601562
CAP_20260831_080004,2026-08-31 08:00:04,P03,/hydroponic_project/data_collection/images/lettuce_20260831_080004.jpg,/hydroponic_project/data_collection/crops/lettuce_20260831_080004/P03.jpg,/hydroponic_project/data_collection/crops/lettuce_20260831_080004/P03_224.jpg,29.0,30.2,77.6,6.24,2.7013,1.659,829.3,2.3059,OK,35349,4.0,1.0000526905059814,208.92910766601562
CAP_20260831_080004,2026-08-31 08:00:04,P04,/hydroponic_project/data_collection/images/lettuce_20260831_080004.jpg,/hydroponic_project/data_collection/crops/lettuce_20260831_080004/P04.jpg,/hydroponic_project/data_collection/crops/lettuce_20260831_080004/P04_224.jpg,29.0,30.2,77.6,6.24,2.7013,1.659,829.3,2.3059,OK,35349,4.0,1.0000526905059814,208.92910766601562
CAP_20260831_080004,2026-08-31 08:00:04,P05,/hydroponic_project/data_collection/images/lettuce_20260831_080004.jpg,/hydroponic_project/data_collection/crops/lettuce_20260831_080004/P05.jpg,/hydroponic_project/data_collection/crops/lettuce_20260831_080004/P05_224.jpg,29.0,30.2,77.6,6.24,2.7013,1.659,829.3,2.3059,OK,35349,4.0,1.0000526905059814,208.92910766601562
CAP_20260831_080004,2026-08-31 08:00:04,P06,/hydroponic_project/data_collection/images/lettuce_20260831_080004.jpg,/hydroponic_project/data_collection/crops/lettuce_20260831_080004/P06.jpg,/hydroponic_project/data_collection/crops/lettuce_20260831_080004/P06_224.jpg,29.0,30.2,77.6,6.24,2.7013,1.659,829.3,2.3059,OK,35349,4.0,1.0000526905059814,208.92910766601562
CAP_20260831_080004,2026-08-31 08:00:04,P07,/hydroponic_project/data_collection/images/lettuce_20260831_080004.jpg,/hydroponic_project/data_collection/crops/lettuce_20260831_080004/P07.jpg,/hydroponic_project/data_collection/crops/lettuce_20260831_080004/P07_224.jpg,29.0,30.2,77.6,6.24,2.7013,1.659,829.3,2.3059,OK,35349,4.0,1.0000526905059814,208.92910766601562
CAP_20260831_080004,2026-08-31 08:00:04,P08,/hydroponic_project/data_collection/images/lettuce_20260831_080004.jpg,/hydroponic_project/data_collection/crops/lettuce_20260831_080004/P08.jpg,/hydroponic_project/data_collection/crops/lettuce_20260831_080004/P08_224.jpg,29.0,30.2,77.6,6.24,2.7013,1.659,829.3,2.3059,OK,35349,4.0,1.0000526905059814,208.92910766601562
CAP_20260831_080004,2026-08-31 08:00:04,P09,/hydroponic_project/data_collection/images/lettuce_20260831_080004.jpg,/hydroponic_project/data_collection/crops/lettuce_20260831_080004/P09.jpg,/hydroponic_project/data_collection/crops/lettuce_20260831_080004/P09_224.jpg,29.0,30.2,77.6,6.24,2.7013,1.659,829.3,2.3059,OK,35349,4.0,1.0000526905059814,208.92910766601562
CAP_20260831_080004,2026-08-31 08:00:04,P10,/hydroponic_project/data_collection/images/lettuce_20260831_080004.jpg,/hydroponic_project/data_collection/crops/lettuce_20260831_080004/P10.jpg,/hydroponic_project/data_collection/crops/lettuce_20260831_080004/P10_224.jpg,29.0,30.2,77.6,6.24,2.7013,1.659,829.3,2.3059,OK,35349,4.0,1.0000526905059814,208.92910766601562
CAP_20260831_080004,2026-08-31 08:00:04,P11,/hydroponic_project/data_collection/images/lettuce_20260831_080004.jpg,/hydroponic_project/data_collection/crops/lettuce_20260831_080004/P11.jpg,/hydroponic_project/data_collection/crops/lettuce_20260831_080004/P11_224.jpg,29.0,30.2,77.6,6.24,2.7013,1.659,829.3,2.3059,OK,35349,4.0,1.0000526905059814,208.92910766601562
CAP_20260831_080004,2026-08-31 08:00:04,P12,/hydroponic_project/data_collection/images/lettuce_20260831_080004.jpg,/hydroponic_project/data_collection/crops/lettuce_20260831_080004/P12.jpg,/hydroponic_project/data_collection/crops/lettuce_20260831_080004/P12_224.jpg,29.0,30.2,77.6,6.24,2.7013,1.659,829.3,2.3059,OK,35349,4.0,1.0000526905059814,208.92910766601562
CAP_20260831_081503,2026-08-31 08:15:03,P01,/hydroponic_project/data_collection/images/lettuce_20260831_081503.jpg,/hydroponic_project/data_collection/crops/lettuce_20260831_081503/P01.jpg,/hydroponic_project/data_collection/crops/lettuce_20260831_081503/P01_224.jpg,29.06,30.7,75.3,6.23,2.7036,1.655,827.5,2.3056,OK,29999,3.7101449966430664,1.005184292793274,276.07720947265625
CAP_20260831_081503,2026-08-31 08:15:03,P02,/hydroponic_project/data_collection/images/lettuce_20260831_081503.jpg,/hydroponic_project/data_collection/crops/lettuce_20260831_081503/P02.jpg,/hydroponic_project/data_collection/crops/lettuce_20260831_081503/P02_224.jpg,29.06,30.7,75.3,6.23,2.7036,1.655,827.5,2.3056,OK,29999,3.7101449966430664,1.005184292793274,276.07720947265625
CAP_20260831_081503,2026-08-31 08:15:03,P03,/hydroponic_project/data_collection/images/lettuce_20260831_081503.jpg,/hydroponic_project/data_collection/crops/lettuce_20260831_081503/P03.jpg,/hydroponic_project/data_collection/crops/lettuce_20260831_081503/P03_224.jpg,29.06,30.7,75.3,6.23,2.7036,1.655,827.5,2.3056,OK,29999,3.7101449966430664,1.005184292793274,276.07720947265625
CAP_20260831_081503,2026-08-31 08:15:03,P04,/hydroponic_project/data_collection/images/lettuce_20260831_081503.jpg,/hydroponic_project/data_collection/crops/lettuce_20260831_081503/P04.jpg,/hydroponic_project/data_collection/crops/lettuce_20260831_081503/P04_224.jpg,29.06,30.7,75.3,6.23,2.7036,1.655,827.5,2.3056,OK,29999,3.7101449966430664,1.005184292793274,276.07720947265625
CAP_20260831_081503,2026-08-31 08:15:03,P05,/hydroponic_project/data_collection/images/lettuce_20260831_081503.jpg,/hydroponic_project/data_collection/crops/lettuce_20260831_081503/P05.jpg,/hydroponic_project/data_collection/crops/lettuce_20260831_081503/P05_224.jpg,29.06,30.7,75.3,6.23,2.7036,1.655,827.5,2.3056,OK,29999,3.7101449966430664,1.005184292793274,276.07720947265625
CAP_20260831_081503,2026-08-31 08:15:03,P06,/hydroponic_project/data_collection/images/lettuce_20260831_081503.jpg,/hydroponic_project/data_collection/crops/lettuce_20260831_081503/P06.jpg,/hydroponic_project/data_collection/crops/lettuce_20260831_081503/P06_224.jpg,29.06,30.7,75.3,6.23,2.7036,1.655,827.5,2.3056,OK,29999,3.7101449966430664,1.005184292793274,276.07720947265625
CAP_20260831_081503,2026-08-31 08:15:03,P07,/hydroponic_project/data_collection/images/lettuce_20260831_081503.jpg,/hydroponic_project/data_collection/crops/lettuce_20260831_081503/P07.jpg,/hydroponic_project/data_collection/crops/lettuce_20260831_081503/P07_224.jpg,29.06,30.7,75.3,6.23,2.7036,1.655,827.5,2.3056,OK,29999,3.7101449966430664,1.005184292793274,276.07720947265625
CAP_20260831_081503,2026-08-31 08:15:03,P08,/hydroponic_project/data_collection/images/lettuce_20260831_081503.jpg,/hydroponic_project/data_collection/crops/lettuce_20260831_081503/P08.jpg,/hydroponic_project/data_collection/crops/lettuce_20260831_081503/P08_224.jpg,29.06,30.7,75.3,6.23,2.7036,1.655,827.5,2.3056,OK,29999,3.7101449966430664,1.005184292793274,276.07720947265625
CAP_20260831_081503,2026-08-31 08:15:03,P09,/hydroponic_project/data_collection/images/lettuce_20260831_081503.jpg,/hydroponic_project/data_collection/crops/lettuce_20260831_081503/P09.jpg,/hydroponic_project/data_collection/crops/lettuce_20260831_081503/P09_224.jpg,29.06,30.7,75.3,6.23,2.7036,1.655,827.5,2.3056,OK,29999,3.7101449966430664,1.005184292793274,276.07720947265625
CAP_20260831_081503,2026-08-31 08:15:03,P10,/hydroponic_project/data_collection/images/lettuce_20260831_081503.jpg,/hydroponic_project/data_collection/crops/lettuce_20260831_081503/P10.jpg,/hydroponic_project/data_collection/crops/lettuce_20260831_081503/P10_224.jpg,29.06,30.7,75.3,6.23,2.7036,1.655,827.5,2.3056,OK,29999,3.7101449966430664,1.005184292793274,276.07720947265625
CAP_20260831_081503,2026-08-31 08:15:03,P11,/hydroponic_project/data_collection/images/lettuce_20260831_081503.jpg,/hydroponic_project/data_collection/crops/lettuce_20260831_081503/P11.jpg,/hydroponic_project/data_collection/crops/lettuce_20260831_081503/P11_224.jpg,29.06,30.7,75.3,6.23,2.7036,1.655,827.5,2.3056,OK,29999,3.7101449966430664,1.005184292793274,276.07720947265625
CAP_20260831_081503,2026-08-31 08:15:03,P12,/hydroponic_project/data_collection/images/lettuce_20260831_081503.jpg,/hydroponic_project/data_collection/crops/lettuce_20260831_081503/P12.jpg,/hydroponic_project/data_collection/crops/lettuce_20260831_081503/P12_224.jpg,29.06,30.7,75.3,6.23,2.7036,1.655,827.5,2.3056,OK,29999,3.7101449966430664,1.005184292793274,276.07720947265625
CAP_20260831_083004,2026-08-31 08:30:04,P01,/hydroponic_project/data_collection/images/lettuce_20260831_083004.jpg,/hydroponic_project/data_collection/crops/lettuce_20260831_083004/P01.jpg,/hydroponic_project/data_collection/crops/lettuce_20260831_083004/P01_224.jpg,29.12,31.0,74.3,6.16,2.7143,1.652,826.0,2.3059,OK,53421,4.0,1.0001556873321533,137.13670349121094
CAP_20260831_083004,2026-08-31 08:30:04,P02,/hydroponic_project/data_collection/images/lettuce_20260831_083004.jpg,/hydroponic_project/data_collection/crops/lettuce_20260831_083004/P02.jpg,/hydroponic_project/data_collection/crops/lettuce_20260831_083004/P02_224.jpg,29.12,31.0,74.3,6.16,2.7143,1.652,826.0,2.3059,OK,53421,4.0,1.0001556873321533,137.13670349121094
CAP_20260831_083004,2026-08-31 08:30:04,P03,/hydroponic_project/data_collection/images/lettuce_20260831_083004.jpg,/hydroponic_project/data_collection/crops/lettuce_20260831_083004/P03.jpg,/hydroponic_project/data_collection/crops/lettuce_20260831_083004/P03_224.jpg,29.12,31.0,74.3,6.16,2.7143,1.652,826.0,2.3059,OK,53421,4.0,1.0001556873321533,137.13670349121094
CAP_20260831_083004,2026-08-31 08:30:04,P04,/hydroponic_project/data_collection/images/lettuce_20260831_083004.jpg,/hydroponic_project/data_collection/crops/lettuce_20260831_083004/P04.jpg,/hydroponic_project/data_collection/crops/lettuce_20260831_083004/P04_224.jpg,29.12,31.0,74.3,6.16,2.7143,1.652,826.0,2.3059,OK,53421,4.0,1.0001556873321533,137.13670349121094
CAP_20260831_083004,2026-08-31 08:30:04,P05,/hydroponic_project/data_collection/images/lettuce_20260831_083004.jpg,/hydroponic_project/data_collection/crops/lettuce_20260831_083004/P05.jpg,/hydroponic_project/data_collection/crops/lettuce_20260831_083004/P05_224.jpg,29.12,31.0,74.3,6.16,2.7143,1.652,826.0,2.3059,OK,53421,4.0,1.0001556873321533,137.13670349121094
CAP_20260831_083004,2026-08-31 08:30:04,P06,/hydroponic_project/data_collection/images/lettuce_20260831_083004.jpg,/hydroponic_project/data_collection/crops/lettuce_20260831_083004/P06.jpg,/hydroponic_project/data_collection/crops/lettuce_20260831_083004/P06_224.jpg,29.12,31.0,74.3,6.16,2.7143,1.652,826.0,2.3059,OK,53421,4.0,1.0001556873321533,137.13670349121094
CAP_20260831_083004,2026-08-31 08:30:04,P07,/hydroponic_project/data_collection/images/lettuce_20260831_083004.jpg,/hydroponic_project/data_collection/crops/lettuce_20260831_083004/P07.jpg,/hydroponic_project/data_collection/crops/lettuce_20260831_083004/P07_224.jpg,29.12,31.0,74.3,6.16,2.7143,1.652,826.0,2.3059,OK,53421,4.0,1.0001556873321533,137.13670349121094
CAP_20260831_083004,2026-08-31 08:30:04,P08,/hydroponic_project/data_collection/images/lettuce_20260831_083004.jpg,/hydroponic_project/data_collection/crops/lettuce_20260831_083004/P08.jpg,/hydroponic_project/data_collection/crops/lettuce_20260831_083004/P08_224.jpg,29.12,31.0,74.3,6.16,2.7143,1.652,826.0,2.3059,OK,53421,4.0,1.0001556873321533,137.13670349121094
CAP_20260831_083004,2026-08-31 08:30:04,P09,/hydroponic_project/data_collection/images/lettuce_20260831_083004.jpg,/hydroponic_project/data_collection/crops/lettuce_20260831_083004/P09.jpg,/hydroponic_project/data_collection/crops/lettuce_20260831_083004/P09_224.jpg,29.12,31.0,74.3,6.16,2.7143,1.652,826.0,2.3059,OK,53421,4.0,1.0001556873321533,137.13670349121094
CAP_20260831_083004,2026-08-31 08:30:04,P10,/hydroponic_project/data_collection/images/lettuce_20260831_083004.jpg,/hydroponic_project/data_collection/crops/lettuce_20260831_083004/P10.jpg,/hydroponic_project/data_collection/crops/lettuce_20260831_083004/P10_224.jpg,29.12,31.0,74.3,6.16,2.7143,1.652,826.0,2.3059,OK,53421,4.0,1.0001556873321533,137.13670349121094
CAP_20260831_083004,2026-08-31 08:30:04,P11,/hydroponic_project/data_collection/images/lettuce_20260831_083004.jpg,/hydroponic_project/data_collection/crops/lettuce_20260831_083004/P11.jpg,/hydroponic_project/data_collection/crops/lettuce_20260831_083004/P11_224.jpg,29.12,31.0,74.3,6.16,2.7143,1.652,826.0,2.3059,OK,53421,4.0,1.0001556873321533,137.13670349121094
CAP_20260831_083004,2026-08-31 08:30:04,P12,/hydroponic_project/data_collection/images/lettuce_20260831_083004.jpg,/hydroponic_project/data_collection/crops/lettuce_20260831_083004/P12.jpg,/hydroponic_project/data_collection/crops/lettuce_20260831_083004/P12_224.jpg,29.12,31.0,74.3,6.16,2.7143,1.652,826.0,2.3059,OK,53421,4.0,1.0001556873321533,137.13670349121094
CAP_20260831_084504,2026-08-31 08:45:04,P01,/hydroponic_project/data_collection/images/lettuce_20260831_084504.jpg,/hydroponic_project/data_collection/crops/lettuce_20260831_084504/P01.jpg,/hydroponic_project/data_collection/crops/lettuce_20260831_084504/P01_224.jpg,29.19,31.1,74.1,6.16,2.7153,1.649,824.5,2.3061,OK,29999,3.2820513248443604,1.0007950067520142,300.2805480957031
CAP_20260831_084504,2026-08-31 08:45:04,P02,/hydroponic_project/data_collection/images/lettuce_20260831_084504.jpg,/hydroponic_project/data_collection/crops/lettuce_20260831_084504/P02.jpg,/hydroponic_project/data_collection/crops/lettuce_20260831_084504/P02_224.jpg,29.19,31.1,74.1,6.16,2.7153,1.649,824.5,2.3061,OK,29999,3.2820513248443604,1.0007950067520142,300.2805480957031
CAP_20260831_084504,2026-08-31 08:45:04,P03,/hydroponic_project/data_collection/images/lettuce_20260831_084504.jpg,/hydroponic_project/data_collection/crops/lettuce_20260831_084504/P03.jpg,/hydroponic_project/data_collection/crops/lettuce_20260831_084504/P03_224.jpg,29.19,31.1,74.1,6.16,2.7153,1.649,824.5,2.3061,OK,29999,3.2820513248443604,1.0007950067520142,300.2805480957031
CAP_20260831_084504,2026-08-31 08:45:04,P04,/hydroponic_project/data_collection/images/lettuce_20260831_084504.jpg,/hydroponic_project/data_collection/crops/lettuce_20260831_084504/P04.jpg,/hydroponic_project/data_collection/crops/lettuce_20260831_084504/P04_224.jpg,29.19,31.1,74.1,6.16,2.7153,1.649,824.5,2.3061,OK,29999,3.2820513248443604,1.0007950067520142,300.2805480957031
CAP_20260831_084504,2026-08-31 08:45:04,P05,/hydroponic_project/data_collection/images/lettuce_20260831_084504.jpg,/hydroponic_project/data_collection/crops/lettuce_20260831_084504/P05.jpg,/hydroponic_project/data_collection/crops/lettuce_20260831_084504/P05_224.jpg,29.19,31.1,74.1,6.16,2.7153,1.649,824.5,2.3061,OK,29999,3.2820513248443604,1.0007950067520142,300.2805480957031
CAP_20260831_084504,2026-08-31 08:45:04,P06,/hydroponic_project/data_collection/images/lettuce_20260831_084504.jpg,/hydroponic_project/data_collection/crops/lettuce_20260831_084504/P06.jpg,/hydroponic_project/data_collection/crops/lettuce_20260831_084504/P06_224.jpg,29.19,31.1,74.1,6.16,2.7153,1.649,824.5,2.3061,OK,29999,3.2820513248443604,1.0007950067520142,300.2805480957031
CAP_20260831_084504,2026-08-31 08:45:04,P07,/hydroponic_project/data_collection/images/lettuce_20260831_084504.jpg,/hydroponic_project/data_collection/crops/lettuce_20260831_084504/P07.jpg,/hydroponic_project/data_collection/crops/lettuce_20260831_084504/P07_224.jpg,29.19,31.1,74.1,6.16,2.7153,1.649,824.5,2.3061,OK,29999,3.2820513248443604,1.0007950067520142,300.2805480957031
CAP_20260831_084504,2026-08-31 08:45:04,P08,/hydroponic_project/data_collection/images/lettuce_20260831_084504.jpg,/hydroponic_project/data_collection/crops/lettuce_20260831_084504/P08.jpg,/hydroponic_project/data_collection/crops/lettuce_20260831_084504/P08_224.jpg,29.19,31.1,74.1,6.16,2.7153,1.649,824.5,2.3061,OK,29999,3.2820513248443604,1.0007950067520142,300.2805480957031
CAP_20260831_084504,2026-08-31 08:45:04,P09,/hydroponic_project/data_collection/images/lettuce_20260831_084504.jpg,/hydroponic_project/data_collection/crops/lettuce_20260831_084504/P09.jpg,/hydroponic_project/data_collection/crops/lettuce_20260831_084504/P09_224.jpg,29.19,31.1,74.1,6.16,2.7153,1.649,824.5,2.3061,OK,29999,3.2820513248443604,1.0007950067520142,300.2805480957031
CAP_20260831_084504,2026-08-31 08:45:04,P10,/hydroponic_project/data_collection/images/lettuce_20260831_084504.jpg,/hydroponic_project/data_collection/crops/lettuce_20260831_084504/P10.jpg,/hydroponic_project/data_collection/crops/lettuce_20260831_084504/P10_224.jpg,29.19,31.1,74.1,6.16,2.7153,1.649,824.5,2.3061,OK,29999,3.2820513248443604,1.0007950067520142,300.2805480957031
CAP_20260831_084504,2026-08-31 08:45:04,P11,/hydroponic_project/data_collection/images/lettuce_20260831_084504.jpg,/hydroponic_project/data_collection/crops/lettuce_20260831_084504/P11.jpg,/hydroponic_project/data_collection/crops/lettuce_20260831_084504/P11_224.jpg,29.19,31.1,74.1,6.16,2.7153,1.649,824.5,2.3061,OK,29999,3.2820513248443604,1.0007950067520142,300.2805480957031
CAP_20260831_084504,2026-08-31 08:45:04,P12,/hydroponic_project/data_collection/images/lettuce_20260831_084504.jpg,/hydroponic_project/data_collection/crops/lettuce_20260831_084504/P12.jpg,/hydroponic_project/data_collection/crops/lettuce_20260831_084504/P12_224.jpg,29.19,31.1,74.1,6.16,2.7153,1.649,824.5,2.3061,OK,29999,3.2820513248443604,1.0007950067520142,300.2805480957031
CAP_20260831_090003,2026-08-31 09:00:03,P01,/hydroponic_project/data_collection/images/lettuce_20260831_090003.jpg,/hydroponic_project/data_collection/crops/lettuce_20260831_090003/P01.jpg,/hydroponic_project/data_collection/crops/lettuce_20260831_090003/P01_224.jpg,29.25,31.5,72.0,6.2,2.7079,1.648,823.8,2.3078,OK,29999,2.3925232887268066,1.0000593662261963,410.0295104980469
CAP_20260831_090003,2026-08-31 09:00:03,P02,/hydroponic_project/data_collection/images/lettuce_20260831_090003.jpg,/hydroponic_project/data_collection/crops/lettuce_20260831_090003/P02.jpg,/hydroponic_project/data_collection/crops/lettuce_20260831_090003/P02_224.jpg,29.25,31.5,72.0,6.2,2.7079,1.648,823.8,2.3078,OK,29999,2.3925232887268066,1.0000593662261963,410.0295104980469
CAP_20260831_090003,2026-08-31 09:00:03,P03,/hydroponic_project/data_collection/images/lettuce_20260831_090003.jpg,/hydroponic_project/data_collection/crops/lettuce_20260831_090003/P03.jpg,/hydroponic_project/data_collection/crops/lettuce_20260831_090003/P03_224.jpg,29.25,31.5,72.0,6.2,2.7079,1.648,823.8,2.3078,OK,29999,2.3925232887268066,1.0000593662261963,410.0295104980469
CAP_20260831_090003,2026-08-31 09:00:03,P04,/hydroponic_project/data_collection/images/lettuce_20260831_090003.jpg,/hydroponic_project/data_collection/crops/lettuce_20260831_090003/P04.jpg,/hydroponic_project/data_collection/crops/lettuce_20260831_090003/P04_224.jpg,29.25,31.5,72.0,6.2,2.7079,1.648,823.8,2.3078,OK,29999,2.3925232887268066,1.0000593662261963,410.0295104980469
CAP_20260831_090003,2026-08-31 09:00:03,P05,/hydroponic_project/data_collection/images/lettuce_20260831_090003.jpg,/hydroponic_project/data_collection/crops/lettuce_20260831_090003/P05.jpg,/hydroponic_project/data_collection/crops/lettuce_20260831_090003/P05_224.jpg,29.25,31.5,72.0,6.2,2.7079,1.648,823.8,2.3078,OK,29999,2.3925232887268066,1.0000593662261963,410.0295104980469
CAP_20260831_090003,2026-08-31 09:00:03,P06,/hydroponic_project/data_collection/images/lettuce_20260831_090003.jpg,/hydroponic_project/data_collection/crops/lettuce_20260831_090003/P06.jpg,/hydroponic_project/data_collection/crops/lettuce_20260831_090003/P06_224.jpg,29.25,31.5,72.0,6.2,2.7079,1.648,823.8,2.3078,OK,29999,2.3925232887268066,1.0000593662261963,410.0295104980469
CAP_20260831_090003,2026-08-31 09:00:03,P07,/hydroponic_project/data_collection/images/lettuce_20260831_090003.jpg,/hydroponic_project/data_collection/crops/lettuce_20260831_090003/P07.jpg,/hydroponic_project/data_collection/crops/lettuce_20260831_090003/P07_224.jpg,29.25,31.5,72.0,6.2,2.7079,1.648,823.8,2.3078,OK,29999,2.3925232887268066,1.0000593662261963,410.0295104980469
CAP_20260831_090003,2026-08-31 09:00:03,P08,/hydroponic_project/data_collection/images/lettuce_20260831_090003.jpg,/hydroponic_project/data_collection/crops/lettuce_20260831_090003/P08.jpg,/hydroponic_project/data_collection/crops/lettuce_20260831_090003/P08_224.jpg,29.25,31.5,72.0,6.2,2.7079,1.648,823.8,2.3078,OK,29999,2.3925232887268066,1.0000593662261963,410.0295104980469
CAP_20260831_090003,2026-08-31 09:00:03,P09,/hydroponic_project/data_collection/images/lettuce_20260831_090003.jpg,/hydroponic_project/data_collection/crops/lettuce_20260831_090003/P09.jpg,/hydroponic_project/data_collection/crops/lettuce_20260831_090003/P09_224.jpg,29.25,31.5,72.0,6.2,2.7079,1.648,823.8,2.3078,OK,29999,2.3925232887268066,1.0000593662261963,410.0295104980469
CAP_20260831_090003,2026-08-31 09:00:03,P10,/hydroponic_project/data_collection/images/lettuce_20260831_090003.jpg,/hydroponic_project/data_collection/crops/lettuce_20260831_090003/P10.jpg,/hydroponic_project/data_collection/crops/lettuce_20260831_090003/P10_224.jpg,29.25,31.5,72.0,6.2,2.7079,1.648,823.8,2.3078,OK,29999,2.3925232887268066,1.0000593662261963,410.0295104980469
CAP_20260831_090003,2026-08-31 09:00:03,P11,/hydroponic_project/data_collection/images/lettuce_20260831_090003.jpg,/hydroponic_project/data_collection/crops/lettuce_20260831_090003/P11.jpg,/hydroponic_project/data_collection/crops/lettuce_20260831_090003/P11_224.jpg,29.25,31.5,72.0,6.2,2.7079,1.648,823.8,2.3078,OK,29999,2.3925232887268066,1.0000593662261963,410.0295104980469
CAP_20260831_090003,2026-08-31 09:00:03,P12,/hydroponic_project/data_collection/images/lettuce_20260831_090003.jpg,/hydroponic_project/data_collection/crops/lettuce_20260831_090003/P12.jpg,/hydroponic_project/data_collection/crops/lettuce_20260831_090003/P12_224.jpg,29.25,31.5,72.0,6.2,2.7079,1.648,823.8,2.3078,OK,29999,2.3925232887268066,1.0000593662261963,410.0295104980469
CAP_20260831_091503,2026-08-31 09:15:03,P01,/hydroponic_project/data_collection/images/lettuce_20260831_091503.jpg,/hydroponic_project/data_collection/crops/lettuce_20260831_091503/P01.jpg,/hydroponic_project/data_collection/crops/lettuce_20260831_091503/P01_224.jpg,29.37,31.4,71.4,6.13,2.7204,1.642,820.9,2.3083,OK,34234,4.0,1.0003870725631714,219.33392333984375
CAP_20260831_091503,2026-08-31 09:15:03,P02,/hydroponic_project/data_collection/images/lettuce_20260831_091503.jpg,/hydroponic_project/data_collection/crops/lettuce_20260831_091503/P02.jpg,/hydroponic_project/data_collection/crops/lettuce_20260831_091503/P02_224.jpg,29.37,31.4,71.4,6.13,2.7204,1.642,820.9,2.3083,OK,34234,4.0,1.0003870725631714,219.33392333984375
CAP_20260831_091503,2026-08-31 09:15:03,P03,/hydroponic_project/data_collection/images/lettuce_20260831_091503.jpg,/hydroponic_project/data_collection/crops/lettuce_20260831_091503/P03.jpg,/hydroponic_project/data_collection/crops/lettuce_20260831_091503/P03_224.jpg,29.37,31.4,71.4,6.13,2.7204,1.642,820.9,2.3083,OK,34234,4.0,1.0003870725631714,219.33392333984375
CAP_20260831_091503,2026-08-31 09:15:03,P04,/hydroponic_project/data_collection/images/lettuce_20260831_091503.jpg,/hydroponic_project/data_collection/crops/lettuce_20260831_091503/P04.jpg,/hydroponic_project/data_collection/crops/lettuce_20260831_091503/P04_224.jpg,29.37,31.4,71.4,6.13,2.7204,1.642,820.9,2.3083,OK,34234,4.0,1.0003870725631714,219.33392333984375
CAP_20260831_091503,2026-08-31 09:15:03,P05,/hydroponic_project/data_collection/images/lettuce_20260831_091503.jpg,/hydroponic_project/data_collection/crops/lettuce_20260831_091503/P05.jpg,/hydroponic_project/data_collection/crops/lettuce_20260831_091503/P05_224.jpg,29.37,31.4,71.4,6.13,2.7204,1.642,820.9,2.3083,OK,34234,4.0,1.0003870725631714,219.33392333984375
CAP_20260831_091503,2026-08-31 09:15:03,P06,/hydroponic_project/data_collection/images/lettuce_20260831_091503.jpg,/hydroponic_project/data_collection/crops/lettuce_20260831_091503/P06.jpg,/hydroponic_project/data_collection/crops/lettuce_20260831_091503/P06_224.jpg,29.37,31.4,71.4,6.13,2.7204,1.642,820.9,2.3083,OK,34234,4.0,1.0003870725631714,219.33392333984375
CAP_20260831_091503,2026-08-31 09:15:03,P07,/hydroponic_project/data_collection/images/lettuce_20260831_091503.jpg,/hydroponic_project/data_collection/crops/lettuce_20260831_091503/P07.jpg,/hydroponic_project/data_collection/crops/lettuce_20260831_091503/P07_224.jpg,29.37,31.4,71.4,6.13,2.7204,1.642,820.9,2.3083,OK,34234,4.0,1.0003870725631714,219.33392333984375
CAP_20260831_091503,2026-08-31 09:15:03,P08,/hydroponic_project/data_collection/images/lettuce_20260831_091503.jpg,/hydroponic_project/data_collection/crops/lettuce_20260831_091503/P08.jpg,/hydroponic_project/data_collection/crops/lettuce_20260831_091503/P08_224.jpg,29.37,31.4,71.4,6.13,2.7204,1.642,820.9,2.3083,OK,34234,4.0,1.0003870725631714,219.33392333984375
CAP_20260831_091503,2026-08-31 09:15:03,P09,/hydroponic_project/data_collection/images/lettuce_20260831_091503.jpg,/hydroponic_project/data_collection/crops/lettuce_20260831_091503/P09.jpg,/hydroponic_project/data_collection/crops/lettuce_20260831_091503/P09_224.jpg,29.37,31.4,71.4,6.13,2.7204,1.642,820.9,2.3083,OK,34234,4.0,1.0003870725631714,219.33392333984375
CAP_20260831_091503,2026-08-31 09:15:03,P10,/hydroponic_project/data_collection/images/lettuce_20260831_091503.jpg,/hydroponic_project/data_collection/crops/lettuce_20260831_091503/P10.jpg,/hydroponic_project/data_collection/crops/lettuce_20260831_091503/P10_224.jpg,29.37,31.4,71.4,6.13,2.7204,1.642,820.9,2.3083,OK,34234,4.0,1.0003870725631714,219.33392333984375
CAP_20260831_091503,2026-08-31 09:15:03,P11,/hydroponic_project/data_collection/images/lettuce_20260831_091503.jpg,/hydroponic_project/data_collection/crops/lettuce_20260831_091503/P11.jpg,/hydroponic_project/data_collection/crops/lettuce_20260831_091503/P11_224.jpg,29.37,31.4,71.4,6.13,2.7204,1.642,820.9,2.3083,OK,34234,4.0,1.0003870725631714,219.33392333984375
CAP_20260831_091503,2026-08-31 09:15:03,P12,/hydroponic_project/data_collection/images/lettuce_20260831_091503.jpg,/hydroponic_project/data_collection/crops/lettuce_20260831_091503/P12.jpg,/hydroponic_project/data_collection/crops/lettuce_20260831_091503/P12_224.jpg,29.37,31.4,71.4,6.13,2.7204,1.642,820.9,2.3083,OK,34234,4.0,1.0003870725631714,219.33392333984375
CAP_20260831_093003,2026-08-31 09:30:03,P01,/hydroponic_project/data_collection/images/lettuce_20260831_093003.jpg,/hydroponic_project/data_collection/crops/lettuce_20260831_093003/P01.jpg,/hydroponic_project/data_collection/crops/lettuce_20260831_093003/P01_224.jpg,29.44,31.7,69.0,6.15,2.7163,1.641,820.7,2.3105,OK,32551,4.0,1.000378131866455,219.48216247558594
CAP_20260831_093003,2026-08-31 09:30:03,P02,/hydroponic_project/data_collection/images/lettuce_20260831_093003.jpg,/hydroponic_project/data_collection/crops/lettuce_20260831_093003/P02.jpg,/hydroponic_project/data_collection/crops/lettuce_20260831_093003/P02_224.jpg,29.44,31.7,69.0,6.15,2.7163,1.641,820.7,2.3105,OK,32551,4.0,1.000378131866455,219.48216247558594
CAP_20260831_093003,2026-08-31 09:30:03,P03,/hydroponic_project/data_collection/images/lettuce_20260831_093003.jpg,/hydroponic_project/data_collection/crops/lettuce_20260831_093003/P03.jpg,/hydroponic_project/data_collection/crops/lettuce_20260831_093003/P03_224.jpg,29.44,31.7,69.0,6.15,2.7163,1.641,820.7,2.3105,OK,32551,4.0,1.000378131866455,219.48216247558594
CAP_20260831_093003,2026-08-31 09:30:03,P04,/hydroponic_project/data_collection/images/lettuce_20260831_093003.jpg,/hydroponic_project/data_collection/crops/lettuce_20260831_093003/P04.jpg,/hydroponic_project/data_collection/crops/lettuce_20260831_093003/P04_224.jpg,29.44,31.7,69.0,6.15,2.7163,1.641,820.7,2.3105,OK,32551,4.0,1.000378131866455,219.48216247558594
CAP_20260831_093003,2026-08-31 09:30:03,P05,/hydroponic_project/data_collection/images/lettuce_20260831_093003.jpg,/hydroponic_project/data_collection/crops/lettuce_20260831_093003/P05.jpg,/hydroponic_project/data_collection/crops/lettuce_20260831_093003/P05_224.jpg,29.44,31.7,69.0,6.15,2.7163,1.641,820.7,2.3105,OK,32551,4.0,1.000378131866455,219.48216247558594
CAP_20260831_093003,2026-08-31 09:30:03,P06,/hydroponic_project/data_collection/images/lettuce_20260831_093003.jpg,/hydroponic_project/data_collection/crops/lettuce_20260831_093003/P06.jpg,/hydroponic_project/data_collection/crops/lettuce_20260831_093003/P06_224.jpg,29.44,31.7,69.0,6.15,2.7163,1.641,820.7,2.3105,OK,32551,4.0,1.000378131866455,219.48216247558594
CAP_20260831_093003,2026-08-31 09:30:03,P07,/hydroponic_project/data_collection/images/lettuce_20260831_093003.jpg,/hydroponic_project/data_collection/crops/lettuce_20260831_093003/P07.jpg,/hydroponic_project/data_collection/crops/lettuce_20260831_093003/P07_224.jpg,29.44,31.7,69.0,6.15,2.7163,1.641,820.7,2.3105,OK,32551,4.0,1.000378131866455,219.48216247558594
CAP_20260831_093003,2026-08-31 09:30:03,P08,/hydroponic_project/data_collection/images/lettuce_20260831_093003.jpg,/hydroponic_project/data_collection/crops/lettuce_20260831_093003/P08.jpg,/hydroponic_project/data_collection/crops/lettuce_20260831_093003/P08_224.jpg,29.44,31.7,69.0,6.15,2.7163,1.641,820.7,2.3105,OK,32551,4.0,1.000378131866455,219.48216247558594
CAP_20260831_093003,2026-08-31 09:30:03,P09,/hydroponic_project/data_collection/images/lettuce_20260831_093003.jpg,/hydroponic_project/data_collection/crops/lettuce_20260831_093003/P09.jpg,/hydroponic_project/data_collection/crops/lettuce_20260831_093003/P09_224.jpg,29.44,31.7,69.0,6.15,2.7163,1.641,820.7,2.3105,OK,32551,4.0,1.000378131866455,219.48216247558594
CAP_20260831_093003,2026-08-31 09:30:03,P10,/hydroponic_project/data_collection/images/lettuce_20260831_093003.jpg,/hydroponic_project/data_collection/crops/lettuce_20260831_093003/P10.jpg,/hydroponic_project/data_collection/crops/lettuce_20260831_093003/P10_224.jpg,29.44,31.7,69.0,6.15,2.7163,1.641,820.7,2.3105,OK,32551,4.0,1.000378131866455,219.48216247558594
CAP_20260831_093003,2026-08-31 09:30:03,P11,/hydroponic_project/data_collection/images/lettuce_20260831_093003.jpg,/hydroponic_project/data_collection/crops/lettuce_20260831_093003/P11.jpg,/hydroponic_project/data_collection/crops/lettuce_20260831_093003/P11_224.jpg,29.44,31.7,69.0,6.15,2.7163,1.641,820.7,2.3105,OK,32551,4.0,1.000378131866455,219.48216247558594
CAP_20260831_093003,2026-08-31 09:30:03,P12,/hydroponic_project/data_collection/images/lettuce_20260831_093003.jpg,/hydroponic_project/data_collection/crops/lettuce_20260831_093003/P12.jpg,/hydroponic_project/data_collection/crops/lettuce_20260831_093003/P12_224.jpg,29.44,31.7,69.0,6.15,2.7163,1.641,820.7,2.3105,OK,32551,4.0,1.000378131866455,219.48216247558594
CAP_20260831_094504,2026-08-31 09:45:04,P01,/hydroponic_project/data_collection/images/lettuce_20260831_094504.jpg,/hydroponic_project/data_collection/crops/lettuce_20260831_094504/P01.jpg,/hydroponic_project/data_collection/crops/lettuce_20260831_094504/P01_224.jpg,29.44,32.1,68.9,7.13,2.558,1.636,817.9,2.306,OK,29999,2.2857143878936768,1.00552237033844,407.6650695800781
CAP_20260831_094504,2026-08-31 09:45:04,P02,/hydroponic_project/data_collection/images/lettuce_20260831_094504.jpg,/hydroponic_project/data_collection/crops/lettuce_20260831_094504/P02.jpg,/hydroponic_project/data_collection/crops/lettuce_20260831_094504/P02_224.jpg,29.44,32.1,68.9,7.13,2.558,1.636,817.9,2.306,OK,29999,2.2857143878936768,1.00552237033844,407.6650695800781
CAP_20260831_094504,2026-08-31 09:45:04,P03,/hydroponic_project/data_collection/images/lettuce_20260831_094504.jpg,/hydroponic_project/data_collection/crops/lettuce_20260831_094504/P03.jpg,/hydroponic_project/data_collection/crops/lettuce_20260831_094504/P03_224.jpg,29.44,32.1,68.9,7.13,2.558,1.636,817.9,2.306,OK,29999,2.2857143878936768,1.00552237033844,407.6650695800781
CAP_20260831_094504,2026-08-31 09:45:04,P04,/hydroponic_project/data_collection/images/lettuce_20260831_094504.jpg,/hydroponic_project/data_collection/crops/lettuce_20260831_094504/P04.jpg,/hydroponic_project/data_collection/crops/lettuce_20260831_094504/P04_224.jpg,29.44,32.1,68.9,7.13,2.558,1.636,817.9,2.306,OK,29999,2.2857143878936768,1.00552237033844,407.6650695800781
CAP_20260831_094504,2026-08-31 09:45:04,P05,/hydroponic_project/data_collection/images/lettuce_20260831_094504.jpg,/hydroponic_project/data_collection/crops/lettuce_20260831_094504/P05.jpg,/hydroponic_project/data_collection/crops/lettuce_20260831_094504/P05_224.jpg,29.44,32.1,68.9,7.13,2.558,1.636,817.9,2.306,OK,29999,2.2857143878936768,1.00552237033844,407.6650695800781
CAP_20260831_094504,2026-08-31 09:45:04,P06,/hydroponic_project/data_collection/images/lettuce_20260831_094504.jpg,/hydroponic_project/data_collection/crops/lettuce_20260831_094504/P06.jpg,/hydroponic_project/data_collection/crops/lettuce_20260831_094504/P06_224.jpg,29.44,32.1,68.9,7.13,2.558,1.636,817.9,2.306,OK,29999,2.2857143878936768,1.00552237033844,407.6650695800781
CAP_20260831_094504,2026-08-31 09:45:04,P07,/hydroponic_project/data_collection/images/lettuce_20260831_094504.jpg,/hydroponic_project/data_collection/crops/lettuce_20260831_094504/P07.jpg,/hydroponic_project/data_collection/crops/lettuce_20260831_094504/P07_224.jpg,29.44,32.1,68.9,7.13,2.558,1.636,817.9,2.306,OK,29999,2.2857143878936768,1.00552237033844,407.6650695800781
CAP_20260831_094504,2026-08-31 09:45:04,P08,/hydroponic_project/data_collection/images/lettuce_20260831_094504.jpg,/hydroponic_project/data_collection/crops/lettuce_20260831_094504/P08.jpg,/hydroponic_project/data_collection/crops/lettuce_20260831_094504/P08_224.jpg,29.44,32.1,68.9,7.13,2.558,1.636,817.9,2.306,OK,29999,2.2857143878936768,1.00552237033844,407.6650695800781
CAP_20260831_094504,2026-08-31 09:45:04,P09,/hydroponic_project/data_collection/images/lettuce_20260831_094504.jpg,/hydroponic_project/data_collection/crops/lettuce_20260831_094504/P09.jpg,/hydroponic_project/data_collection/crops/lettuce_20260831_094504/P09_224.jpg,29.44,32.1,68.9,7.13,2.558,1.636,817.9,2.306,OK,29999,2.2857143878936768,1.00552237033844,407.6650695800781
CAP_20260831_094504,2026-08-31 09:45:04,P10,/hydroponic_project/data_collection/images/lettuce_20260831_094504.jpg,/hydroponic_project/data_collection/crops/lettuce_20260831_094504/P10.jpg,/hydroponic_project/data_collection/crops/lettuce_20260831_094504/P10_224.jpg,29.44,32.1,68.9,7.13,2.558,1.636,817.9,2.306,OK,29999,2.2857143878936768,1.00552237033844,407.6650695800781
CAP_20260831_094504,2026-08-31 09:45:04,P11,/hydroponic_project/data_collection/images/lettuce_20260831_094504.jpg,/hydroponic_project/data_collection/crops/lettuce_20260831_094504/P11.jpg,/hydroponic_project/data_collection/crops/lettuce_20260831_094504/P11_224.jpg,29.44,32.1,68.9,7.13,2.558,1.636,817.9,2.306,OK,29999,2.2857143878936768,1.00552237033844,407.6650695800781
CAP_20260831_094504,2026-08-31 09:45:04,P12,/hydroponic_project/data_collection/images/lettuce_20260831_094504.jpg,/hydroponic_project/data_collection/crops/lettuce_20260831_094504/P12.jpg,/hydroponic_project/data_collection/crops/lettuce_20260831_094504/P12_224.jpg,29.44,32.1,68.9,7.13,2.558,1.636,817.9,2.306,OK,29999,2.2857143878936768,1.00552237033844,407.6650695800781
CAP_20260831_100003,2026-08-31 10:00:03,P01,/hydroponic_project/data_collection/images/lettuce_20260831_100003.jpg,/hydroponic_project/data_collection/crops/lettuce_20260831_100003/P01.jpg,/hydroponic_project/data_collection/crops/lettuce_20260831_100003/P01_224.jpg,29.5,32.4,69.7,6.25,2.7004,1.637,818.4,2.3095,OK,42362,4.0,1.0001343488693237,172.13168334960938
CAP_20260831_100003,2026-08-31 10:00:03,P02,/hydroponic_project/data_collection/images/lettuce_20260831_100003.jpg,/hydroponic_project/data_collection/crops/lettuce_20260831_100003/P02.jpg,/hydroponic_project/data_collection/crops/lettuce_20260831_100003/P02_224.jpg,29.5,32.4,69.7,6.25,2.7004,1.637,818.4,2.3095,OK,42362,4.0,1.0001343488693237,172.13168334960938
CAP_20260831_100003,2026-08-31 10:00:03,P03,/hydroponic_project/data_collection/images/lettuce_20260831_100003.jpg,/hydroponic_project/data_collection/crops/lettuce_20260831_100003/P03.jpg,/hydroponic_project/data_collection/crops/lettuce_20260831_100003/P03_224.jpg,29.5,32.4,69.7,6.25,2.7004,1.637,818.4,2.3095,OK,42362,4.0,1.0001343488693237,172.13168334960938
CAP_20260831_100003,2026-08-31 10:00:03,P04,/hydroponic_project/data_collection/images/lettuce_20260831_100003.jpg,/hydroponic_project/data_collection/crops/lettuce_20260831_100003/P04.jpg,/hydroponic_project/data_collection/crops/lettuce_20260831_100003/P04_224.jpg,29.5,32.4,69.7,6.25,2.7004,1.637,818.4,2.3095,OK,42362,4.0,1.0001343488693237,172.13168334960938
CAP_20260831_100003,2026-08-31 10:00:03,P05,/hydroponic_project/data_collection/images/lettuce_20260831_100003.jpg,/hydroponic_project/data_collection/crops/lettuce_20260831_100003/P05.jpg,/hydroponic_project/data_collection/crops/lettuce_20260831_100003/P05_224.jpg,29.5,32.4,69.7,6.25,2.7004,1.637,818.4,2.3095,OK,42362,4.0,1.0001343488693237,172.13168334960938
CAP_20260831_100003,2026-08-31 10:00:03,P06,/hydroponic_project/data_collection/images/lettuce_20260831_100003.jpg,/hydroponic_project/data_collection/crops/lettuce_20260831_100003/P06.jpg,/hydroponic_project/data_collection/crops/lettuce_20260831_100003/P06_224.jpg,29.5,32.4,69.7,6.25,2.7004,1.637,818.4,2.3095,OK,42362,4.0,1.0001343488693237,172.13168334960938
CAP_20260831_100003,2026-08-31 10:00:03,P07,/hydroponic_project/data_collection/images/lettuce_20260831_100003.jpg,/hydroponic_project/data_collection/crops/lettuce_20260831_100003/P07.jpg,/hydroponic_project/data_collection/crops/lettuce_20260831_100003/P07_224.jpg,29.5,32.4,69.7,6.25,2.7004,1.637,818.4,2.3095,OK,42362,4.0,1.0001343488693237,172.13168334960938
CAP_20260831_100003,2026-08-31 10:00:03,P08,/hydroponic_project/data_collection/images/lettuce_20260831_100003.jpg,/hydroponic_project/data_collection/crops/lettuce_20260831_100003/P08.jpg,/hydroponic_project/data_collection/crops/lettuce_20260831_100003/P08_224.jpg,29.5,32.4,69.7,6.25,2.7004,1.637,818.4,2.3095,OK,42362,4.0,1.0001343488693237,172.13168334960938
CAP_20260831_100003,2026-08-31 10:00:03,P09,/hydroponic_project/data_collection/images/lettuce_20260831_100003.jpg,/hydroponic_project/data_collection/crops/lettuce_20260831_100003/P09.jpg,/hydroponic_project/data_collection/crops/lettuce_20260831_100003/P09_224.jpg,29.5,32.4,69.7,6.25,2.7004,1.637,818.4,2.3095,OK,42362,4.0,1.0001343488693237,172.13168334960938
CAP_20260831_100003,2026-08-31 10:00:03,P10,/hydroponic_project/data_collection/images/lettuce_20260831_100003.jpg,/hydroponic_project/data_collection/crops/lettuce_20260831_100003/P10.jpg,/hydroponic_project/data_collection/crops/lettuce_20260831_100003/P10_224.jpg,29.5,32.4,69.7,6.25,2.7004,1.637,818.4,2.3095,OK,42362,4.0,1.0001343488693237,172.13168334960938
CAP_20260831_100003,2026-08-31 10:00:03,P11,/hydroponic_project/data_collection/images/lettuce_20260831_100003.jpg,/hydroponic_project/data_collection/crops/lettuce_20260831_100003/P11.jpg,/hydroponic_project/data_collection/crops/lettuce_20260831_100003/P11_224.jpg,29.5,32.4,69.7,6.25,2.7004,1.637,818.4,2.3095,OK,42362,4.0,1.0001343488693237,172.13168334960938
CAP_20260831_100003,2026-08-31 10:00:03,P12,/hydroponic_project/data_collection/images/lettuce_20260831_100003.jpg,/hydroponic_project/data_collection/crops/lettuce_20260831_100003/P12.jpg,/hydroponic_project/data_collection/crops/lettuce_20260831_100003/P12_224.jpg,29.5,32.4,69.7,6.25,2.7004,1.637,818.4,2.3095,OK,42362,4.0,1.0001343488693237,172.13168334960938
CAP_20260831_101503,2026-08-31 10:15:03,P01,/hydroponic_project/data_collection/images/lettuce_20260831_101503.jpg,/hydroponic_project/data_collection/crops/lettuce_20260831_101503/P01.jpg,/hydroponic_project/data_collection/crops/lettuce_20260831_101503/P01_224.jpg,29.56,32.2,66.7,6.17,2.7124,1.637,818.7,2.3126,OK,29999,2.4150943756103516,1.0070723295211792,403.6885986328125
CAP_20260831_101503,2026-08-31 10:15:03,P02,/hydroponic_project/data_collection/images/lettuce_20260831_101503.jpg,/hydroponic_project/data_collection/crops/lettuce_20260831_101503/P02.jpg,/hydroponic_project/data_collection/crops/lettuce_20260831_101503/P02_224.jpg,29.56,32.2,66.7,6.17,2.7124,1.637,818.7,2.3126,OK,29999,2.4150943756103516,1.0070723295211792,403.6885986328125
CAP_20260831_101503,2026-08-31 10:15:03,P03,/hydroponic_project/data_collection/images/lettuce_20260831_101503.jpg,/hydroponic_project/data_collection/crops/lettuce_20260831_101503/P03.jpg,/hydroponic_project/data_collection/crops/lettuce_20260831_101503/P03_224.jpg,29.56,32.2,66.7,6.17,2.7124,1.637,818.7,2.3126,OK,29999,2.4150943756103516,1.0070723295211792,403.6885986328125
CAP_20260831_101503,2026-08-31 10:15:03,P04,/hydroponic_project/data_collection/images/lettuce_20260831_101503.jpg,/hydroponic_project/data_collection/crops/lettuce_20260831_101503/P04.jpg,/hydroponic_project/data_collection/crops/lettuce_20260831_101503/P04_224.jpg,29.56,32.2,66.7,6.17,2.7124,1.637,818.7,2.3126,OK,29999,2.4150943756103516,1.0070723295211792,403.6885986328125
CAP_20260831_101503,2026-08-31 10:15:03,P05,/hydroponic_project/data_collection/images/lettuce_20260831_101503.jpg,/hydroponic_project/data_collection/crops/lettuce_20260831_101503/P05.jpg,/hydroponic_project/data_collection/crops/lettuce_20260831_101503/P05_224.jpg,29.56,32.2,66.7,6.17,2.7124,1.637,818.7,2.3126,OK,29999,2.4150943756103516,1.0070723295211792,403.6885986328125
CAP_20260831_101503,2026-08-31 10:15:03,P06,/hydroponic_project/data_collection/images/lettuce_20260831_101503.jpg,/hydroponic_project/data_collection/crops/lettuce_20260831_101503/P06.jpg,/hydroponic_project/data_collection/crops/lettuce_20260831_101503/P06_224.jpg,29.56,32.2,66.7,6.17,2.7124,1.637,818.7,2.3126,OK,29999,2.4150943756103516,1.0070723295211792,403.6885986328125
CAP_20260831_101503,2026-08-31 10:15:03,P07,/hydroponic_project/data_collection/images/lettuce_20260831_101503.jpg,/hydroponic_project/data_collection/crops/lettuce_20260831_101503/P07.jpg,/hydroponic_project/data_collection/crops/lettuce_20260831_101503/P07_224.jpg,29.56,32.2,66.7,6.17,2.7124,1.637,818.7,2.3126,OK,29999,2.4150943756103516,1.0070723295211792,403.6885986328125
CAP_20260831_101503,2026-08-31 10:15:03,P08,/hydroponic_project/data_collection/images/lettuce_20260831_101503.jpg,/hydroponic_project/data_collection/crops/lettuce_20260831_101503/P08.jpg,/hydroponic_project/data_collection/crops/lettuce_20260831_101503/P08_224.jpg,29.56,32.2,66.7,6.17,2.7124,1.637,818.7,2.3126,OK,29999,2.4150943756103516,1.0070723295211792,403.6885986328125
CAP_20260831_101503,2026-08-31 10:15:03,P09,/hydroponic_project/data_collection/images/lettuce_20260831_101503.jpg,/hydroponic_project/data_collection/crops/lettuce_20260831_101503/P09.jpg,/hydroponic_project/data_collection/crops/lettuce_20260831_101503/P09_224.jpg,29.56,32.2,66.7,6.17,2.7124,1.637,818.7,2.3126,OK,29999,2.4150943756103516,1.0070723295211792,403.6885986328125
CAP_20260831_101503,2026-08-31 10:15:03,P10,/hydroponic_project/data_collection/images/lettuce_20260831_101503.jpg,/hydroponic_project/data_collection/crops/lettuce_20260831_101503/P10.jpg,/hydroponic_project/data_collection/crops/lettuce_20260831_101503/P10_224.jpg,29.56,32.2,66.7,6.17,2.7124,1.637,818.7,2.3126,OK,29999,2.4150943756103516,1.0070723295211792,403.6885986328125
CAP_20260831_101503,2026-08-31 10:15:03,P11,/hydroponic_project/data_collection/images/lettuce_20260831_101503.jpg,/hydroponic_project/data_collection/crops/lettuce_20260831_101503/P11.jpg,/hydroponic_project/data_collection/crops/lettuce_20260831_101503/P11_224.jpg,29.56,32.2,66.7,6.17,2.7124,1.637,818.7,2.3126,OK,29999,2.4150943756103516,1.0070723295211792,403.6885986328125
CAP_20260831_101503,2026-08-31 10:15:03,P12,/hydroponic_project/data_collection/images/lettuce_20260831_101503.jpg,/hydroponic_project/data_collection/crops/lettuce_20260831_101503/P12.jpg,/hydroponic_project/data_collection/crops/lettuce_20260831_101503/P12_224.jpg,29.56,32.2,66.7,6.17,2.7124,1.637,818.7,2.3126,OK,29999,2.4150943756103516,1.0070723295211792,403.6885986328125
CAP_20260831_103004,2026-08-31 10:30:04,P01,/hydroponic_project/data_collection/images/lettuce_20260831_103004.jpg,/hydroponic_project/data_collection/crops/lettuce_20260831_103004/P01.jpg,/hydroponic_project/data_collection/crops/lettuce_20260831_103004/P01_224.jpg,28.87,32.7,66.8,6.23,2.704,1.66,830.0,2.3016,OK,29999,2.4380953311920166,1.0024535655975342,391.31512451171875
CAP_20260831_103004,2026-08-31 10:30:04,P02,/hydroponic_project/data_collection/images/lettuce_20260831_103004.jpg,/hydroponic_project/data_collection/crops/lettuce_20260831_103004/P02.jpg,/hydroponic_project/data_collection/crops/lettuce_20260831_103004/P02_224.jpg,28.87,32.7,66.8,6.23,2.704,1.66,830.0,2.3016,OK,29999,2.4380953311920166,1.0024535655975342,391.31512451171875
CAP_20260831_103004,2026-08-31 10:30:04,P03,/hydroponic_project/data_collection/images/lettuce_20260831_103004.jpg,/hydroponic_project/data_collection/crops/lettuce_20260831_103004/P03.jpg,/hydroponic_project/data_collection/crops/lettuce_20260831_103004/P03_224.jpg,28.87,32.7,66.8,6.23,2.704,1.66,830.0,2.3016,OK,29999,2.4380953311920166,1.0024535655975342,391.31512451171875
CAP_20260831_103004,2026-08-31 10:30:04,P04,/hydroponic_project/data_collection/images/lettuce_20260831_103004.jpg,/hydroponic_project/data_collection/crops/lettuce_20260831_103004/P04.jpg,/hydroponic_project/data_collection/crops/lettuce_20260831_103004/P04_224.jpg,28.87,32.7,66.8,6.23,2.704,1.66,830.0,2.3016,OK,29999,2.4380953311920166,1.0024535655975342,391.31512451171875
CAP_20260831_103004,2026-08-31 10:30:04,P05,/hydroponic_project/data_collection/images/lettuce_20260831_103004.jpg,/hydroponic_project/data_collection/crops/lettuce_20260831_103004/P05.jpg,/hydroponic_project/data_collection/crops/lettuce_20260831_103004/P05_224.jpg,28.87,32.7,66.8,6.23,2.704,1.66,830.0,2.3016,OK,29999,2.4380953311920166,1.0024535655975342,391.31512451171875
CAP_20260831_103004,2026-08-31 10:30:04,P06,/hydroponic_project/data_collection/images/lettuce_20260831_103004.jpg,/hydroponic_project/data_collection/crops/lettuce_20260831_103004/P06.jpg,/hydroponic_project/data_collection/crops/lettuce_20260831_103004/P06_224.jpg,28.87,32.7,66.8,6.23,2.704,1.66,830.0,2.3016,OK,29999,2.4380953311920166,1.0024535655975342,391.31512451171875
CAP_20260831_103004,2026-08-31 10:30:04,P07,/hydroponic_project/data_collection/images/lettuce_20260831_103004.jpg,/hydroponic_project/data_collection/crops/lettuce_20260831_103004/P07.jpg,/hydroponic_project/data_collection/crops/lettuce_20260831_103004/P07_224.jpg,28.87,32.7,66.8,6.23,2.704,1.66,830.0,2.3016,OK,29999,2.4380953311920166,1.0024535655975342,391.31512451171875
CAP_20260831_103004,2026-08-31 10:30:04,P08,/hydroponic_project/data_collection/images/lettuce_20260831_103004.jpg,/hydroponic_project/data_collection/crops/lettuce_20260831_103004/P08.jpg,/hydroponic_project/data_collection/crops/lettuce_20260831_103004/P08_224.jpg,28.87,32.7,66.8,6.23,2.704,1.66,830.0,2.3016,OK,29999,2.4380953311920166,1.0024535655975342,391.31512451171875
CAP_20260831_103004,2026-08-31 10:30:04,P09,/hydroponic_project/data_collection/images/lettuce_20260831_103004.jpg,/hydroponic_project/data_collection/crops/lettuce_20260831_103004/P09.jpg,/hydroponic_project/data_collection/crops/lettuce_20260831_103004/P09_224.jpg,28.87,32.7,66.8,6.23,2.704,1.66,830.0,2.3016,OK,29999,2.4380953311920166,1.0024535655975342,391.31512451171875
CAP_20260831_103004,2026-08-31 10:30:04,P10,/hydroponic_project/data_collection/images/lettuce_20260831_103004.jpg,/hydroponic_project/data_collection/crops/lettuce_20260831_103004/P10.jpg,/hydroponic_project/data_collection/crops/lettuce_20260831_103004/P10_224.jpg,28.87,32.7,66.8,6.23,2.704,1.66,830.0,2.3016,OK,29999,2.4380953311920166,1.0024535655975342,391.31512451171875
CAP_20260831_103004,2026-08-31 10:30:04,P11,/hydroponic_project/data_collection/images/lettuce_20260831_103004.jpg,/hydroponic_project/data_collection/crops/lettuce_20260831_103004/P11.jpg,/hydroponic_project/data_collection/crops/lettuce_20260831_103004/P11_224.jpg,28.87,32.7,66.8,6.23,2.704,1.66,830.0,2.3016,OK,29999,2.4380953311920166,1.0024535655975342,391.31512451171875
CAP_20260831_103004,2026-08-31 10:30:04,P12,/hydroponic_project/data_collection/images/lettuce_20260831_103004.jpg,/hydroponic_project/data_collection/crops/lettuce_20260831_103004/P12.jpg,/hydroponic_project/data_collection/crops/lettuce_20260831_103004/P12_224.jpg,28.87,32.7,66.8,6.23,2.704,1.66,830.0,2.3016,OK,29999,2.4380953311920166,1.0024535655975342,391.31512451171875
CAP_20260831_104504,2026-08-31 10:45:04,P01,/hydroponic_project/data_collection/images/lettuce_20260831_104504.jpg,/hydroponic_project/data_collection/crops/lettuce_20260831_104504/P01.jpg,/hydroponic_project/data_collection/crops/lettuce_20260831_104504/P01_224.jpg,27.75,33.1,63.9,6.15,2.7169,1.701,850.5,2.2855,OK,29999,2.694736957550049,1.0030790567398071,355.03271484375
CAP_20260831_104504,2026-08-31 10:45:04,P02,/hydroponic_project/data_collection/images/lettuce_20260831_104504.jpg,/hydroponic_project/data_collection/crops/lettuce_20260831_104504/P02.jpg,/hydroponic_project/data_collection/crops/lettuce_20260831_104504/P02_224.jpg,27.75,33.1,63.9,6.15,2.7169,1.701,850.5,2.2855,OK,29999,2.694736957550049,1.0030790567398071,355.03271484375
CAP_20260831_104504,2026-08-31 10:45:04,P03,/hydroponic_project/data_collection/images/lettuce_20260831_104504.jpg,/hydroponic_project/data_collection/crops/lettuce_20260831_104504/P03.jpg,/hydroponic_project/data_collection/crops/lettuce_20260831_104504/P03_224.jpg,27.75,33.1,63.9,6.15,2.7169,1.701,850.5,2.2855,OK,29999,2.694736957550049,1.0030790567398071,355.03271484375
CAP_20260831_104504,2026-08-31 10:45:04,P04,/hydroponic_project/data_collection/images/lettuce_20260831_104504.jpg,/hydroponic_project/data_collection/crops/lettuce_20260831_104504/P04.jpg,/hydroponic_project/data_collection/crops/lettuce_20260831_104504/P04_224.jpg,27.75,33.1,63.9,6.15,2.7169,1.701,850.5,2.2855,OK,29999,2.694736957550049,1.0030790567398071,355.03271484375
CAP_20260831_104504,2026-08-31 10:45:04,P05,/hydroponic_project/data_collection/images/lettuce_20260831_104504.jpg,/hydroponic_project/data_collection/crops/lettuce_20260831_104504/P05.jpg,/hydroponic_project/data_collection/crops/lettuce_20260831_104504/P05_224.jpg,27.75,33.1,63.9,6.15,2.7169,1.701,850.5,2.2855,OK,29999,2.694736957550049,1.0030790567398071,355.03271484375
CAP_20260831_104504,2026-08-31 10:45:04,P06,/hydroponic_project/data_collection/images/lettuce_20260831_104504.jpg,/hydroponic_project/data_collection/crops/lettuce_20260831_104504/P06.jpg,/hydroponic_project/data_collection/crops/lettuce_20260831_104504/P06_224.jpg,27.75,33.1,63.9,6.15,2.7169,1.701,850.5,2.2855,OK,29999,2.694736957550049,1.0030790567398071,355.03271484375
CAP_20260831_104504,2026-08-31 10:45:04,P07,/hydroponic_project/data_collection/images/lettuce_20260831_104504.jpg,/hydroponic_project/data_collection/crops/lettuce_20260831_104504/P07.jpg,/hydroponic_project/data_collection/crops/lettuce_20260831_104504/P07_224.jpg,27.75,33.1,63.9,6.15,2.7169,1.701,850.5,2.2855,OK,29999,2.694736957550049,1.0030790567398071,355.03271484375
CAP_20260831_104504,2026-08-31 10:45:04,P08,/hydroponic_project/data_collection/images/lettuce_20260831_104504.jpg,/hydroponic_project/data_collection/crops/lettuce_20260831_104504/P08.jpg,/hydroponic_project/data_collection/crops/lettuce_20260831_104504/P08_224.jpg,27.75,33.1,63.9,6.15,2.7169,1.701,850.5,2.2855,OK,29999,2.694736957550049,1.0030790567398071,355.03271484375
CAP_20260831_104504,2026-08-31 10:45:04,P09,/hydroponic_project/data_collection/images/lettuce_20260831_104504.jpg,/hydroponic_project/data_collection/crops/lettuce_20260831_104504/P09.jpg,/hydroponic_project/data_collection/crops/lettuce_20260831_104504/P09_224.jpg,27.75,33.1,63.9,6.15,2.7169,1.701,850.5,2.2855,OK,29999,2.694736957550049,1.0030790567398071,355.03271484375
CAP_20260831_104504,2026-08-31 10:45:04,P10,/hydroponic_project/data_collection/images/lettuce_20260831_104504.jpg,/hydroponic_project/data_collection/crops/lettuce_20260831_104504/P10.jpg,/hydroponic_project/data_collection/crops/lettuce_20260831_104504/P10_224.jpg,27.75,33.1,63.9,6.15,2.7169,1.701,850.5,2.2855,OK,29999,2.694736957550049,1.0030790567398071,355.03271484375
CAP_20260831_104504,2026-08-31 10:45:04,P11,/hydroponic_project/data_collection/images/lettuce_20260831_104504.jpg,/hydroponic_project/data_collection/crops/lettuce_20260831_104504/P11.jpg,/hydroponic_project/data_collection/crops/lettuce_20260831_104504/P11_224.jpg,27.75,33.1,63.9,6.15,2.7169,1.701,850.5,2.2855,OK,29999,2.694736957550049,1.0030790567398071,355.03271484375
CAP_20260831_104504,2026-08-31 10:45:04,P12,/hydroponic_project/data_collection/images/lettuce_20260831_104504.jpg,/hydroponic_project/data_collection/crops/lettuce_20260831_104504/P12.jpg,/hydroponic_project/data_collection/crops/lettuce_20260831_104504/P12_224.jpg,27.75,33.1,63.9,6.15,2.7169,1.701,850.5,2.2855,OK,29999,2.694736957550049,1.0030790567398071,355.03271484375
CAP_20260831_110003,2026-08-31 11:00:03,P01,/hydroponic_project/data_collection/images/lettuce_20260831_110003.jpg,/hydroponic_project/data_collection/crops/lettuce_20260831_110003/P01.jpg,/hydroponic_project/data_collection/crops/lettuce_20260831_110003/P01_224.jpg,27.94,33.1,65.4,6.13,2.7193,1.698,848.9,2.2911,OK,29999,3.8787879943847656,1.0095912218093872,245.68409729003906
CAP_20260831_110003,2026-08-31 11:00:03,P02,/hydroponic_project/data_collection/images/lettuce_20260831_110003.jpg,/hydroponic_project/data_collection/crops/lettuce_20260831_110003/P02.jpg,/hydroponic_project/data_collection/crops/lettuce_20260831_110003/P02_224.jpg,27.94,33.1,65.4,6.13,2.7193,1.698,848.9,2.2911,OK,29999,3.8787879943847656,1.0095912218093872,245.68409729003906
CAP_20260831_110003,2026-08-31 11:00:03,P03,/hydroponic_project/data_collection/images/lettuce_20260831_110003.jpg,/hydroponic_project/data_collection/crops/lettuce_20260831_110003/P03.jpg,/hydroponic_project/data_collection/crops/lettuce_20260831_110003/P03_224.jpg,27.94,33.1,65.4,6.13,2.7193,1.698,848.9,2.2911,OK,29999,3.8787879943847656,1.0095912218093872,245.68409729003906
CAP_20260831_110003,2026-08-31 11:00:03,P04,/hydroponic_project/data_collection/images/lettuce_20260831_110003.jpg,/hydroponic_project/data_collection/crops/lettuce_20260831_110003/P04.jpg,/hydroponic_project/data_collection/crops/lettuce_20260831_110003/P04_224.jpg,27.94,33.1,65.4,6.13,2.7193,1.698,848.9,2.2911,OK,29999,3.8787879943847656,1.0095912218093872,245.68409729003906
CAP_20260831_110003,2026-08-31 11:00:03,P05,/hydroponic_project/data_collection/images/lettuce_20260831_110003.jpg,/hydroponic_project/data_collection/crops/lettuce_20260831_110003/P05.jpg,/hydroponic_project/data_collection/crops/lettuce_20260831_110003/P05_224.jpg,27.94,33.1,65.4,6.13,2.7193,1.698,848.9,2.2911,OK,29999,3.8787879943847656,1.0095912218093872,245.68409729003906
CAP_20260831_110003,2026-08-31 11:00:03,P06,/hydroponic_project/data_collection/images/lettuce_20260831_110003.jpg,/hydroponic_project/data_collection/crops/lettuce_20260831_110003/P06.jpg,/hydroponic_project/data_collection/crops/lettuce_20260831_110003/P06_224.jpg,27.94,33.1,65.4,6.13,2.7193,1.698,848.9,2.2911,OK,29999,3.8787879943847656,1.0095912218093872,245.68409729003906
CAP_20260831_110003,2026-08-31 11:00:03,P07,/hydroponic_project/data_collection/images/lettuce_20260831_110003.jpg,/hydroponic_project/data_collection/crops/lettuce_20260831_110003/P07.jpg,/hydroponic_project/data_collection/crops/lettuce_20260831_110003/P07_224.jpg,27.94,33.1,65.4,6.13,2.7193,1.698,848.9,2.2911,OK,29999,3.8787879943847656,1.0095912218093872,245.68409729003906
CAP_20260831_110003,2026-08-31 11:00:03,P08,/hydroponic_project/data_collection/images/lettuce_20260831_110003.jpg,/hydroponic_project/data_collection/crops/lettuce_20260831_110003/P08.jpg,/hydroponic_project/data_collection/crops/lettuce_20260831_110003/P08_224.jpg,27.94,33.1,65.4,6.13,2.7193,1.698,848.9,2.2911,OK,29999,3.8787879943847656,1.0095912218093872,245.68409729003906
CAP_20260831_110003,2026-08-31 11:00:03,P09,/hydroponic_project/data_collection/images/lettuce_20260831_110003.jpg,/hydroponic_project/data_collection/crops/lettuce_20260831_110003/P09.jpg,/hydroponic_project/data_collection/crops/lettuce_20260831_110003/P09_224.jpg,27.94,33.1,65.4,6.13,2.7193,1.698,848.9,2.2911,OK,29999,3.8787879943847656,1.0095912218093872,245.68409729003906
CAP_20260831_110003,2026-08-31 11:00:03,P10,/hydroponic_project/data_collection/images/lettuce_20260831_110003.jpg,/hydroponic_project/data_collection/crops/lettuce_20260831_110003/P10.jpg,/hydroponic_project/data_collection/crops/lettuce_20260831_110003/P10_224.jpg,27.94,33.1,65.4,6.13,2.7193,1.698,848.9,2.2911,OK,29999,3.8787879943847656,1.0095912218093872,245.68409729003906
CAP_20260831_110003,2026-08-31 11:00:03,P11,/hydroponic_project/data_collection/images/lettuce_20260831_110003.jpg,/hydroponic_project/data_collection/crops/lettuce_20260831_110003/P11.jpg,/hydroponic_project/data_collection/crops/lettuce_20260831_110003/P11_224.jpg,27.94,33.1,65.4,6.13,2.7193,1.698,848.9,2.2911,OK,29999,3.8787879943847656,1.0095912218093872,245.68409729003906
CAP_20260831_110003,2026-08-31 11:00:03,P12,/hydroponic_project/data_collection/images/lettuce_20260831_110003.jpg,/hydroponic_project/data_collection/crops/lettuce_20260831_110003/P12.jpg,/hydroponic_project/data_collection/crops/lettuce_20260831_110003/P12_224.jpg,27.94,33.1,65.4,6.13,2.7193,1.698,848.9,2.2911,OK,29999,3.8787879943847656,1.0095912218093872,245.68409729003906
CAP_20260831_111504,2026-08-31 11:15:04,P01,/hydroponic_project/data_collection/images/lettuce_20260831_111504.jpg,/hydroponic_project/data_collection/crops/lettuce_20260831_111504/P01.jpg,/hydroponic_project/data_collection/crops/lettuce_20260831_111504/P01_224.jpg,28.25,33.4,63.8,7.15,2.5545,1.676,838.2,2.2879,OK,29999,2.534653425216675,1.0032663345336914,389.8809814453125
CAP_20260831_111504,2026-08-31 11:15:04,P02,/hydroponic_project/data_collection/images/lettuce_20260831_111504.jpg,/hydroponic_project/data_collection/crops/lettuce_20260831_111504/P02.jpg,/hydroponic_project/data_collection/crops/lettuce_20260831_111504/P02_224.jpg,28.25,33.4,63.8,7.15,2.5545,1.676,838.2,2.2879,OK,29999,2.534653425216675,1.0032663345336914,389.8809814453125
CAP_20260831_111504,2026-08-31 11:15:04,P03,/hydroponic_project/data_collection/images/lettuce_20260831_111504.jpg,/hydroponic_project/data_collection/crops/lettuce_20260831_111504/P03.jpg,/hydroponic_project/data_collection/crops/lettuce_20260831_111504/P03_224.jpg,28.25,33.4,63.8,7.15,2.5545,1.676,838.2,2.2879,OK,29999,2.534653425216675,1.0032663345336914,389.8809814453125
CAP_20260831_111504,2026-08-31 11:15:04,P04,/hydroponic_project/data_collection/images/lettuce_20260831_111504.jpg,/hydroponic_project/data_collection/crops/lettuce_20260831_111504/P04.jpg,/hydroponic_project/data_collection/crops/lettuce_20260831_111504/P04_224.jpg,28.25,33.4,63.8,7.15,2.5545,1.676,838.2,2.2879,OK,29999,2.534653425216675,1.0032663345336914,389.8809814453125
CAP_20260831_111504,2026-08-31 11:15:04,P05,/hydroponic_project/data_collection/images/lettuce_20260831_111504.jpg,/hydroponic_project/data_collection/crops/lettuce_20260831_111504/P05.jpg,/hydroponic_project/data_collection/crops/lettuce_20260831_111504/P05_224.jpg,28.25,33.4,63.8,7.15,2.5545,1.676,838.2,2.2879,OK,29999,2.534653425216675,1.0032663345336914,389.8809814453125
CAP_20260831_111504,2026-08-31 11:15:04,P06,/hydroponic_project/data_collection/images/lettuce_20260831_111504.jpg,/hydroponic_project/data_collection/crops/lettuce_20260831_111504/P06.jpg,/hydroponic_project/data_collection/crops/lettuce_20260831_111504/P06_224.jpg,28.25,33.4,63.8,7.15,2.5545,1.676,838.2,2.2879,OK,29999,2.534653425216675,1.0032663345336914,389.8809814453125
CAP_20260831_111504,2026-08-31 11:15:04,P07,/hydroponic_project/data_collection/images/lettuce_20260831_111504.jpg,/hydroponic_project/data_collection/crops/lettuce_20260831_111504/P07.jpg,/hydroponic_project/data_collection/crops/lettuce_20260831_111504/P07_224.jpg,28.25,33.4,63.8,7.15,2.5545,1.676,838.2,2.2879,OK,29999,2.534653425216675,1.0032663345336914,389.8809814453125
CAP_20260831_111504,2026-08-31 11:15:04,P08,/hydroponic_project/data_collection/images/lettuce_20260831_111504.jpg,/hydroponic_project/data_collection/crops/lettuce_20260831_111504/P08.jpg,/hydroponic_project/data_collection/crops/lettuce_20260831_111504/P08_224.jpg,28.25,33.4,63.8,7.15,2.5545,1.676,838.2,2.2879,OK,29999,2.534653425216675,1.0032663345336914,389.8809814453125
CAP_20260831_111504,2026-08-31 11:15:04,P09,/hydroponic_project/data_collection/images/lettuce_20260831_111504.jpg,/hydroponic_project/data_collection/crops/lettuce_20260831_111504/P09.jpg,/hydroponic_project/data_collection/crops/lettuce_20260831_111504/P09_224.jpg,28.25,33.4,63.8,7.15,2.5545,1.676,838.2,2.2879,OK,29999,2.534653425216675,1.0032663345336914,389.8809814453125
CAP_20260831_111504,2026-08-31 11:15:04,P10,/hydroponic_project/data_collection/images/lettuce_20260831_111504.jpg,/hydroponic_project/data_collection/crops/lettuce_20260831_111504/P10.jpg,/hydroponic_project/data_collection/crops/lettuce_20260831_111504/P10_224.jpg,28.25,33.4,63.8,7.15,2.5545,1.676,838.2,2.2879,OK,29999,2.534653425216675,1.0032663345336914,389.8809814453125
CAP_20260831_111504,2026-08-31 11:15:04,P11,/hydroponic_project/data_collection/images/lettuce_20260831_111504.jpg,/hydroponic_project/data_collection/crops/lettuce_20260831_111504/P11.jpg,/hydroponic_project/data_collection/crops/lettuce_20260831_111504/P11_224.jpg,28.25,33.4,63.8,7.15,2.5545,1.676,838.2,2.2879,OK,29999,2.534653425216675,1.0032663345336914,389.8809814453125
CAP_20260831_111504,2026-08-31 11:15:04,P12,/hydroponic_project/data_collection/images/lettuce_20260831_111504.jpg,/hydroponic_project/data_collection/crops/lettuce_20260831_111504/P12.jpg,/hydroponic_project/data_collection/crops/lettuce_20260831_111504/P12_224.jpg,28.25,33.4,63.8,7.15,2.5545,1.676,838.2,2.2879,OK,29999,2.534653425216675,1.0032663345336914,389.8809814453125
CAP_20260831_113004,2026-08-31 11:30:04,P01,/hydroponic_project/data_collection/images/lettuce_20260831_113004.jpg,/hydroponic_project/data_collection/crops/lettuce_20260831_113004/P01.jpg,/hydroponic_project/data_collection/crops/lettuce_20260831_113004/P01_224.jpg,28.56,33.1,64.2,6.12,2.7213,1.671,835.6,2.2973,OK,29999,2.7826087474823,1.0074809789657593,349.76080322265625
CAP_20260831_113004,2026-08-31 11:30:04,P02,/hydroponic_project/data_collection/images/lettuce_20260831_113004.jpg,/hydroponic_project/data_collection/crops/lettuce_20260831_113004/P02.jpg,/hydroponic_project/data_collection/crops/lettuce_20260831_113004/P02_224.jpg,28.56,33.1,64.2,6.12,2.7213,1.671,835.6,2.2973,OK,29999,2.7826087474823,1.0074809789657593,349.76080322265625
CAP_20260831_113004,2026-08-31 11:30:04,P03,/hydroponic_project/data_collection/images/lettuce_20260831_113004.jpg,/hydroponic_project/data_collection/crops/lettuce_20260831_113004/P03.jpg,/hydroponic_project/data_collection/crops/lettuce_20260831_113004/P03_224.jpg,28.56,33.1,64.2,6.12,2.7213,1.671,835.6,2.2973,OK,29999,2.7826087474823,1.0074809789657593,349.76080322265625
CAP_20260831_113004,2026-08-31 11:30:04,P04,/hydroponic_project/data_collection/images/lettuce_20260831_113004.jpg,/hydroponic_project/data_collection/crops/lettuce_20260831_113004/P04.jpg,/hydroponic_project/data_collection/crops/lettuce_20260831_113004/P04_224.jpg,28.56,33.1,64.2,6.12,2.7213,1.671,835.6,2.2973,OK,29999,2.7826087474823,1.0074809789657593,349.76080322265625
CAP_20260831_113004,2026-08-31 11:30:04,P05,/hydroponic_project/data_collection/images/lettuce_20260831_113004.jpg,/hydroponic_project/data_collection/crops/lettuce_20260831_113004/P05.jpg,/hydroponic_project/data_collection/crops/lettuce_20260831_113004/P05_224.jpg,28.56,33.1,64.2,6.12,2.7213,1.671,835.6,2.2973,OK,29999,2.7826087474823,1.0074809789657593,349.76080322265625
CAP_20260831_113004,2026-08-31 11:30:04,P06,/hydroponic_project/data_collection/images/lettuce_20260831_113004.jpg,/hydroponic_project/data_collection/crops/lettuce_20260831_113004/P06.jpg,/hydroponic_project/data_collection/crops/lettuce_20260831_113004/P06_224.jpg,28.56,33.1,64.2,6.12,2.7213,1.671,835.6,2.2973,OK,29999,2.7826087474823,1.0074809789657593,349.76080322265625
CAP_20260831_113004,2026-08-31 11:30:04,P07,/hydroponic_project/data_collection/images/lettuce_20260831_113004.jpg,/hydroponic_project/data_collection/crops/lettuce_20260831_113004/P07.jpg,/hydroponic_project/data_collection/crops/lettuce_20260831_113004/P07_224.jpg,28.56,33.1,64.2,6.12,2.7213,1.671,835.6,2.2973,OK,29999,2.7826087474823,1.0074809789657593,349.76080322265625
CAP_20260831_113004,2026-08-31 11:30:04,P08,/hydroponic_project/data_collection/images/lettuce_20260831_113004.jpg,/hydroponic_project/data_collection/crops/lettuce_20260831_113004/P08.jpg,/hydroponic_project/data_collection/crops/lettuce_20260831_113004/P08_224.jpg,28.56,33.1,64.2,6.12,2.7213,1.671,835.6,2.2973,OK,29999,2.7826087474823,1.0074809789657593,349.76080322265625
CAP_20260831_113004,2026-08-31 11:30:04,P09,/hydroponic_project/data_collection/images/lettuce_20260831_113004.jpg,/hydroponic_project/data_collection/crops/lettuce_20260831_113004/P09.jpg,/hydroponic_project/data_collection/crops/lettuce_20260831_113004/P09_224.jpg,28.56,33.1,64.2,6.12,2.7213,1.671,835.6,2.2973,OK,29999,2.7826087474823,1.0074809789657593,349.76080322265625
CAP_20260831_113004,2026-08-31 11:30:04,P10,/hydroponic_project/data_collection/images/lettuce_20260831_113004.jpg,/hydroponic_project/data_collection/crops/lettuce_20260831_113004/P10.jpg,/hydroponic_project/data_collection/crops/lettuce_20260831_113004/P10_224.jpg,28.56,33.1,64.2,6.12,2.7213,1.671,835.6,2.2973,OK,29999,2.7826087474823,1.0074809789657593,349.76080322265625
CAP_20260831_113004,2026-08-31 11:30:04,P11,/hydroponic_project/data_collection/images/lettuce_20260831_113004.jpg,/hydroponic_project/data_collection/crops/lettuce_20260831_113004/P11.jpg,/hydroponic_project/data_collection/crops/lettuce_20260831_113004/P11_224.jpg,28.56,33.1,64.2,6.12,2.7213,1.671,835.6,2.2973,OK,29999,2.7826087474823,1.0074809789657593,349.76080322265625
CAP_20260831_113004,2026-08-31 11:30:04,P12,/hydroponic_project/data_collection/images/lettuce_20260831_113004.jpg,/hydroponic_project/data_collection/crops/lettuce_20260831_113004/P12.jpg,/hydroponic_project/data_collection/crops/lettuce_20260831_113004/P12_224.jpg,28.56,33.1,64.2,6.12,2.7213,1.671,835.6,2.2973,OK,29999,2.7826087474823,1.0074809789657593,349.76080322265625
CAP_20260831_114503,2026-08-31 11:45:03,P01,/hydroponic_project/data_collection/images/lettuce_20260831_114503.jpg,/hydroponic_project/data_collection/crops/lettuce_20260831_114503/P01.jpg,/hydroponic_project/data_collection/crops/lettuce_20260831_114503/P01_224.jpg,28.87,33.5,63.6,6.11,2.7228,1.659,829.6,2.301,OK,30018,4.0,1.0004353523254395,242.1793975830078
CAP_20260831_114503,2026-08-31 11:45:03,P02,/hydroponic_project/data_collection/images/lettuce_20260831_114503.jpg,/hydroponic_project/data_collection/crops/lettuce_20260831_114503/P02.jpg,/hydroponic_project/data_collection/crops/lettuce_20260831_114503/P02_224.jpg,28.87,33.5,63.6,6.11,2.7228,1.659,829.6,2.301,OK,30018,4.0,1.0004353523254395,242.1793975830078
CAP_20260831_114503,2026-08-31 11:45:03,P03,/hydroponic_project/data_collection/images/lettuce_20260831_114503.jpg,/hydroponic_project/data_collection/crops/lettuce_20260831_114503/P03.jpg,/hydroponic_project/data_collection/crops/lettuce_20260831_114503/P03_224.jpg,28.87,33.5,63.6,6.11,2.7228,1.659,829.6,2.301,OK,30018,4.0,1.0004353523254395,242.1793975830078
CAP_20260831_114503,2026-08-31 11:45:03,P04,/hydroponic_project/data_collection/images/lettuce_20260831_114503.jpg,/hydroponic_project/data_collection/crops/lettuce_20260831_114503/P04.jpg,/hydroponic_project/data_collection/crops/lettuce_20260831_114503/P04_224.jpg,28.87,33.5,63.6,6.11,2.7228,1.659,829.6,2.301,OK,30018,4.0,1.0004353523254395,242.1793975830078
CAP_20260831_114503,2026-08-31 11:45:03,P05,/hydroponic_project/data_collection/images/lettuce_20260831_114503.jpg,/hydroponic_project/data_collection/crops/lettuce_20260831_114503/P05.jpg,/hydroponic_project/data_collection/crops/lettuce_20260831_114503/P05_224.jpg,28.87,33.5,63.6,6.11,2.7228,1.659,829.6,2.301,OK,30018,4.0,1.0004353523254395,242.1793975830078
CAP_20260831_114503,2026-08-31 11:45:03,P06,/hydroponic_project/data_collection/images/lettuce_20260831_114503.jpg,/hydroponic_project/data_collection/crops/lettuce_20260831_114503/P06.jpg,/hydroponic_project/data_collection/crops/lettuce_20260831_114503/P06_224.jpg,28.87,33.5,63.6,6.11,2.7228,1.659,829.6,2.301,OK,30018,4.0,1.0004353523254395,242.1793975830078
CAP_20260831_114503,2026-08-31 11:45:03,P07,/hydroponic_project/data_collection/images/lettuce_20260831_114503.jpg,/hydroponic_project/data_collection/crops/lettuce_20260831_114503/P07.jpg,/hydroponic_project/data_collection/crops/lettuce_20260831_114503/P07_224.jpg,28.87,33.5,63.6,6.11,2.7228,1.659,829.6,2.301,OK,30018,4.0,1.0004353523254395,242.1793975830078
CAP_20260831_114503,2026-08-31 11:45:03,P08,/hydroponic_project/data_collection/images/lettuce_20260831_114503.jpg,/hydroponic_project/data_collection/crops/lettuce_20260831_114503/P08.jpg,/hydroponic_project/data_collection/crops/lettuce_20260831_114503/P08_224.jpg,28.87,33.5,63.6,6.11,2.7228,1.659,829.6,2.301,OK,30018,4.0,1.0004353523254395,242.1793975830078
CAP_20260831_114503,2026-08-31 11:45:03,P09,/hydroponic_project/data_collection/images/lettuce_20260831_114503.jpg,/hydroponic_project/data_collection/crops/lettuce_20260831_114503/P09.jpg,/hydroponic_project/data_collection/crops/lettuce_20260831_114503/P09_224.jpg,28.87,33.5,63.6,6.11,2.7228,1.659,829.6,2.301,OK,30018,4.0,1.0004353523254395,242.1793975830078
CAP_20260831_114503,2026-08-31 11:45:03,P10,/hydroponic_project/data_collection/images/lettuce_20260831_114503.jpg,/hydroponic_project/data_collection/crops/lettuce_20260831_114503/P10.jpg,/hydroponic_project/data_collection/crops/lettuce_20260831_114503/P10_224.jpg,28.87,33.5,63.6,6.11,2.7228,1.659,829.6,2.301,OK,30018,4.0,1.0004353523254395,242.1793975830078
CAP_20260831_114503,2026-08-31 11:45:03,P11,/hydroponic_project/data_collection/images/lettuce_20260831_114503.jpg,/hydroponic_project/data_collection/crops/lettuce_20260831_114503/P11.jpg,/hydroponic_project/data_collection/crops/lettuce_20260831_114503/P11_224.jpg,28.87,33.5,63.6,6.11,2.7228,1.659,829.6,2.301,OK,30018,4.0,1.0004353523254395,242.1793975830078
CAP_20260831_114503,2026-08-31 11:45:03,P12,/hydroponic_project/data_collection/images/lettuce_20260831_114503.jpg,/hydroponic_project/data_collection/crops/lettuce_20260831_114503/P12.jpg,/hydroponic_project/data_collection/crops/lettuce_20260831_114503/P12_224.jpg,28.87,33.5,63.6,6.11,2.7228,1.659,829.6,2.301,OK,30018,4.0,1.0004353523254395,242.1793975830078
CAP_20260831_120003,2026-08-31 12:00:03,P01,/hydroponic_project/data_collection/images/lettuce_20260831_120003.jpg,/hydroponic_project/data_collection/crops/lettuce_20260831_120003/P01.jpg,/hydroponic_project/data_collection/crops/lettuce_20260831_120003/P01_224.jpg,29.06,33.3,64.9,7.23,2.5416,1.637,818.7,2.2914,OK,29999,2.9767441749572754,1.011159062385559,321.6078796386719
CAP_20260831_120003,2026-08-31 12:00:03,P02,/hydroponic_project/data_collection/images/lettuce_20260831_120003.jpg,/hydroponic_project/data_collection/crops/lettuce_20260831_120003/P02.jpg,/hydroponic_project/data_collection/crops/lettuce_20260831_120003/P02_224.jpg,29.06,33.3,64.9,7.23,2.5416,1.637,818.7,2.2914,OK,29999,2.9767441749572754,1.011159062385559,321.6078796386719
CAP_20260831_120003,2026-08-31 12:00:03,P03,/hydroponic_project/data_collection/images/lettuce_20260831_120003.jpg,/hydroponic_project/data_collection/crops/lettuce_20260831_120003/P03.jpg,/hydroponic_project/data_collection/crops/lettuce_20260831_120003/P03_224.jpg,29.06,33.3,64.9,7.23,2.5416,1.637,818.7,2.2914,OK,29999,2.9767441749572754,1.011159062385559,321.6078796386719
CAP_20260831_120003,2026-08-31 12:00:03,P04,/hydroponic_project/data_collection/images/lettuce_20260831_120003.jpg,/hydroponic_project/data_collection/crops/lettuce_20260831_120003/P04.jpg,/hydroponic_project/data_collection/crops/lettuce_20260831_120003/P04_224.jpg,29.06,33.3,64.9,7.23,2.5416,1.637,818.7,2.2914,OK,29999,2.9767441749572754,1.011159062385559,321.6078796386719
CAP_20260831_120003,2026-08-31 12:00:03,P05,/hydroponic_project/data_collection/images/lettuce_20260831_120003.jpg,/hydroponic_project/data_collection/crops/lettuce_20260831_120003/P05.jpg,/hydroponic_project/data_collection/crops/lettuce_20260831_120003/P05_224.jpg,29.06,33.3,64.9,7.23,2.5416,1.637,818.7,2.2914,OK,29999,2.9767441749572754,1.011159062385559,321.6078796386719
CAP_20260831_120003,2026-08-31 12:00:03,P06,/hydroponic_project/data_collection/images/lettuce_20260831_120003.jpg,/hydroponic_project/data_collection/crops/lettuce_20260831_120003/P06.jpg,/hydroponic_project/data_collection/crops/lettuce_20260831_120003/P06_224.jpg,29.06,33.3,64.9,7.23,2.5416,1.637,818.7,2.2914,OK,29999,2.9767441749572754,1.011159062385559,321.6078796386719
CAP_20260831_120003,2026-08-31 12:00:03,P07,/hydroponic_project/data_collection/images/lettuce_20260831_120003.jpg,/hydroponic_project/data_collection/crops/lettuce_20260831_120003/P07.jpg,/hydroponic_project/data_collection/crops/lettuce_20260831_120003/P07_224.jpg,29.06,33.3,64.9,7.23,2.5416,1.637,818.7,2.2914,OK,29999,2.9767441749572754,1.011159062385559,321.6078796386719
CAP_20260831_120003,2026-08-31 12:00:03,P08,/hydroponic_project/data_collection/images/lettuce_20260831_120003.jpg,/hydroponic_project/data_collection/crops/lettuce_20260831_120003/P08.jpg,/hydroponic_project/data_collection/crops/lettuce_20260831_120003/P08_224.jpg,29.06,33.3,64.9,7.23,2.5416,1.637,818.7,2.2914,OK,29999,2.9767441749572754,1.011159062385559,321.6078796386719
CAP_20260831_120003,2026-08-31 12:00:03,P09,/hydroponic_project/data_collection/images/lettuce_20260831_120003.jpg,/hydroponic_project/data_collection/crops/lettuce_20260831_120003/P09.jpg,/hydroponic_project/data_collection/crops/lettuce_20260831_120003/P09_224.jpg,29.06,33.3,64.9,7.23,2.5416,1.637,818.7,2.2914,OK,29999,2.9767441749572754,1.011159062385559,321.6078796386719
CAP_20260831_120003,2026-08-31 12:00:03,P10,/hydroponic_project/data_collection/images/lettuce_20260831_120003.jpg,/hydroponic_project/data_collection/crops/lettuce_20260831_120003/P10.jpg,/hydroponic_project/data_collection/crops/lettuce_20260831_120003/P10_224.jpg,29.06,33.3,64.9,7.23,2.5416,1.637,818.7,2.2914,OK,29999,2.9767441749572754,1.011159062385559,321.6078796386719
CAP_20260831_120003,2026-08-31 12:00:03,P11,/hydroponic_project/data_collection/images/lettuce_20260831_120003.jpg,/hydroponic_project/data_collection/crops/lettuce_20260831_120003/P11.jpg,/hydroponic_project/data_collection/crops/lettuce_20260831_120003/P11_224.jpg,29.06,33.3,64.9,7.23,2.5416,1.637,818.7,2.2914,OK,29999,2.9767441749572754,1.011159062385559,321.6078796386719
CAP_20260831_120003,2026-08-31 12:00:03,P12,/hydroponic_project/data_collection/images/lettuce_20260831_120003.jpg,/hydroponic_project/data_collection/crops/lettuce_20260831_120003/P12.jpg,/hydroponic_project/data_collection/crops/lettuce_20260831_120003/P12_224.jpg,29.06,33.3,64.9,7.23,2.5416,1.637,818.7,2.2914,OK,29999,2.9767441749572754,1.011159062385559,321.6078796386719
CAP_20260831_121504,2026-08-31 12:15:04,P01,/hydroponic_project/data_collection/images/lettuce_20260831_121504.jpg,/hydroponic_project/data_collection/crops/lettuce_20260831_121504/P01.jpg,/hydroponic_project/data_collection/crops/lettuce_20260831_121504/P01_224.jpg,29.31,33.5,63.7,6.18,2.711,1.64,820.1,2.3044,OK,29999,3.4133334159851074,1.0085644721984863,287.26361083984375
CAP_20260831_121504,2026-08-31 12:15:04,P02,/hydroponic_project/data_collection/images/lettuce_20260831_121504.jpg,/hydroponic_project/data_collection/crops/lettuce_20260831_121504/P02.jpg,/hydroponic_project/data_collection/crops/lettuce_20260831_121504/P02_224.jpg,29.31,33.5,63.7,6.18,2.711,1.64,820.1,2.3044,OK,29999,3.4133334159851074,1.0085644721984863,287.26361083984375
CAP_20260831_121504,2026-08-31 12:15:04,P03,/hydroponic_project/data_collection/images/lettuce_20260831_121504.jpg,/hydroponic_project/data_collection/crops/lettuce_20260831_121504/P03.jpg,/hydroponic_project/data_collection/crops/lettuce_20260831_121504/P03_224.jpg,29.31,33.5,63.7,6.18,2.711,1.64,820.1,2.3044,OK,29999,3.4133334159851074,1.0085644721984863,287.26361083984375
CAP_20260831_121504,2026-08-31 12:15:04,P04,/hydroponic_project/data_collection/images/lettuce_20260831_121504.jpg,/hydroponic_project/data_collection/crops/lettuce_20260831_121504/P04.jpg,/hydroponic_project/data_collection/crops/lettuce_20260831_121504/P04_224.jpg,29.31,33.5,63.7,6.18,2.711,1.64,820.1,2.3044,OK,29999,3.4133334159851074,1.0085644721984863,287.26361083984375
CAP_20260831_121504,2026-08-31 12:15:04,P05,/hydroponic_project/data_collection/images/lettuce_20260831_121504.jpg,/hydroponic_project/data_collection/crops/lettuce_20260831_121504/P05.jpg,/hydroponic_project/data_collection/crops/lettuce_20260831_121504/P05_224.jpg,29.31,33.5,63.7,6.18,2.711,1.64,820.1,2.3044,OK,29999,3.4133334159851074,1.0085644721984863,287.26361083984375
CAP_20260831_121504,2026-08-31 12:15:04,P06,/hydroponic_project/data_collection/images/lettuce_20260831_121504.jpg,/hydroponic_project/data_collection/crops/lettuce_20260831_121504/P06.jpg,/hydroponic_project/data_collection/crops/lettuce_20260831_121504/P06_224.jpg,29.31,33.5,63.7,6.18,2.711,1.64,820.1,2.3044,OK,29999,3.4133334159851074,1.0085644721984863,287.26361083984375
CAP_20260831_121504,2026-08-31 12:15:04,P07,/hydroponic_project/data_collection/images/lettuce_20260831_121504.jpg,/hydroponic_project/data_collection/crops/lettuce_20260831_121504/P07.jpg,/hydroponic_project/data_collection/crops/lettuce_20260831_121504/P07_224.jpg,29.31,33.5,63.7,6.18,2.711,1.64,820.1,2.3044,OK,29999,3.4133334159851074,1.0085644721984863,287.26361083984375
CAP_20260831_121504,2026-08-31 12:15:04,P08,/hydroponic_project/data_collection/images/lettuce_20260831_121504.jpg,/hydroponic_project/data_collection/crops/lettuce_20260831_121504/P08.jpg,/hydroponic_project/data_collection/crops/lettuce_20260831_121504/P08_224.jpg,29.31,33.5,63.7,6.18,2.711,1.64,820.1,2.3044,OK,29999,3.4133334159851074,1.0085644721984863,287.26361083984375
CAP_20260831_121504,2026-08-31 12:15:04,P09,/hydroponic_project/data_collection/images/lettuce_20260831_121504.jpg,/hydroponic_project/data_collection/crops/lettuce_20260831_121504/P09.jpg,/hydroponic_project/data_collection/crops/lettuce_20260831_121504/P09_224.jpg,29.31,33.5,63.7,6.18,2.711,1.64,820.1,2.3044,OK,29999,3.4133334159851074,1.0085644721984863,287.26361083984375
CAP_20260831_121504,2026-08-31 12:15:04,P10,/hydroponic_project/data_collection/images/lettuce_20260831_121504.jpg,/hydroponic_project/data_collection/crops/lettuce_20260831_121504/P10.jpg,/hydroponic_project/data_collection/crops/lettuce_20260831_121504/P10_224.jpg,29.31,33.5,63.7,6.18,2.711,1.64,820.1,2.3044,OK,29999,3.4133334159851074,1.0085644721984863,287.26361083984375
CAP_20260831_121504,2026-08-31 12:15:04,P11,/hydroponic_project/data_collection/images/lettuce_20260831_121504.jpg,/hydroponic_project/data_collection/crops/lettuce_20260831_121504/P11.jpg,/hydroponic_project/data_collection/crops/lettuce_20260831_121504/P11_224.jpg,29.31,33.5,63.7,6.18,2.711,1.64,820.1,2.3044,OK,29999,3.4133334159851074,1.0085644721984863,287.26361083984375
CAP_20260831_121504,2026-08-31 12:15:04,P12,/hydroponic_project/data_collection/images/lettuce_20260831_121504.jpg,/hydroponic_project/data_collection/crops/lettuce_20260831_121504/P12.jpg,/hydroponic_project/data_collection/crops/lettuce_20260831_121504/P12_224.jpg,29.31,33.5,63.7,6.18,2.711,1.64,820.1,2.3044,OK,29999,3.4133334159851074,1.0085644721984863,287.26361083984375
CAP_20260831_123003,2026-08-31 12:30:03,P01,/hydroponic_project/data_collection/images/lettuce_20260831_123003.jpg,/hydroponic_project/data_collection/crops/lettuce_20260831_123003/P01.jpg,/hydroponic_project/data_collection/crops/lettuce_20260831_123003/P01_224.jpg,29.5,33.7,63.9,7.11,2.5613,1.622,810.8,2.2969,OK,29999,2.9767441749572754,1.0029950141906738,330.2696533203125
CAP_20260831_123003,2026-08-31 12:30:03,P02,/hydroponic_project/data_collection/images/lettuce_20260831_123003.jpg,/hydroponic_project/data_collection/crops/lettuce_20260831_123003/P02.jpg,/hydroponic_project/data_collection/crops/lettuce_20260831_123003/P02_224.jpg,29.5,33.7,63.9,7.11,2.5613,1.622,810.8,2.2969,OK,29999,2.9767441749572754,1.0029950141906738,330.2696533203125
CAP_20260831_123003,2026-08-31 12:30:03,P03,/hydroponic_project/data_collection/images/lettuce_20260831_123003.jpg,/hydroponic_project/data_collection/crops/lettuce_20260831_123003/P03.jpg,/hydroponic_project/data_collection/crops/lettuce_20260831_123003/P03_224.jpg,29.5,33.7,63.9,7.11,2.5613,1.622,810.8,2.2969,OK,29999,2.9767441749572754,1.0029950141906738,330.2696533203125
CAP_20260831_123003,2026-08-31 12:30:03,P04,/hydroponic_project/data_collection/images/lettuce_20260831_123003.jpg,/hydroponic_project/data_collection/crops/lettuce_20260831_123003/P04.jpg,/hydroponic_project/data_collection/crops/lettuce_20260831_123003/P04_224.jpg,29.5,33.7,63.9,7.11,2.5613,1.622,810.8,2.2969,OK,29999,2.9767441749572754,1.0029950141906738,330.2696533203125
CAP_20260831_123003,2026-08-31 12:30:03,P05,/hydroponic_project/data_collection/images/lettuce_20260831_123003.jpg,/hydroponic_project/data_collection/crops/lettuce_20260831_123003/P05.jpg,/hydroponic_project/data_collection/crops/lettuce_20260831_123003/P05_224.jpg,29.5,33.7,63.9,7.11,2.5613,1.622,810.8,2.2969,OK,29999,2.9767441749572754,1.0029950141906738,330.2696533203125
CAP_20260831_123003,2026-08-31 12:30:03,P06,/hydroponic_project/data_collection/images/lettuce_20260831_123003.jpg,/hydroponic_project/data_collection/crops/lettuce_20260831_123003/P06.jpg,/hydroponic_project/data_collection/crops/lettuce_20260831_123003/P06_224.jpg,29.5,33.7,63.9,7.11,2.5613,1.622,810.8,2.2969,OK,29999,2.9767441749572754,1.0029950141906738,330.2696533203125
CAP_20260831_123003,2026-08-31 12:30:03,P07,/hydroponic_project/data_collection/images/lettuce_20260831_123003.jpg,/hydroponic_project/data_collection/crops/lettuce_20260831_123003/P07.jpg,/hydroponic_project/data_collection/crops/lettuce_20260831_123003/P07_224.jpg,29.5,33.7,63.9,7.11,2.5613,1.622,810.8,2.2969,OK,29999,2.9767441749572754,1.0029950141906738,330.2696533203125
CAP_20260831_123003,2026-08-31 12:30:03,P08,/hydroponic_project/data_collection/images/lettuce_20260831_123003.jpg,/hydroponic_project/data_collection/crops/lettuce_20260831_123003/P08.jpg,/hydroponic_project/data_collection/crops/lettuce_20260831_123003/P08_224.jpg,29.5,33.7,63.9,7.11,2.5613,1.622,810.8,2.2969,OK,29999,2.9767441749572754,1.0029950141906738,330.2696533203125
CAP_20260831_123003,2026-08-31 12:30:03,P09,/hydroponic_project/data_collection/images/lettuce_20260831_123003.jpg,/hydroponic_project/data_collection/crops/lettuce_20260831_123003/P09.jpg,/hydroponic_project/data_collection/crops/lettuce_20260831_123003/P09_224.jpg,29.5,33.7,63.9,7.11,2.5613,1.622,810.8,2.2969,OK,29999,2.9767441749572754,1.0029950141906738,330.2696533203125
CAP_20260831_123003,2026-08-31 12:30:03,P10,/hydroponic_project/data_collection/images/lettuce_20260831_123003.jpg,/hydroponic_project/data_collection/crops/lettuce_20260831_123003/P10.jpg,/hydroponic_project/data_collection/crops/lettuce_20260831_123003/P10_224.jpg,29.5,33.7,63.9,7.11,2.5613,1.622,810.8,2.2969,OK,29999,2.9767441749572754,1.0029950141906738,330.2696533203125
CAP_20260831_123003,2026-08-31 12:30:03,P11,/hydroponic_project/data_collection/images/lettuce_20260831_123003.jpg,/hydroponic_project/data_collection/crops/lettuce_20260831_123003/P11.jpg,/hydroponic_project/data_collection/crops/lettuce_20260831_123003/P11_224.jpg,29.5,33.7,63.9,7.11,2.5613,1.622,810.8,2.2969,OK,29999,2.9767441749572754,1.0029950141906738,330.2696533203125
CAP_20260831_123003,2026-08-31 12:30:03,P12,/hydroponic_project/data_collection/images/lettuce_20260831_123003.jpg,/hydroponic_project/data_collection/crops/lettuce_20260831_123003/P12.jpg,/hydroponic_project/data_collection/crops/lettuce_20260831_123003/P12_224.jpg,29.5,33.7,63.9,7.11,2.5613,1.622,810.8,2.2969,OK,29999,2.9767441749572754,1.0029950141906738,330.2696533203125
CAP_20260831_124503,2026-08-31 12:45:03,P01,/hydroponic_project/data_collection/images/lettuce_20260831_124503.jpg,/hydroponic_project/data_collection/crops/lettuce_20260831_124503/P01.jpg,/hydroponic_project/data_collection/crops/lettuce_20260831_124503/P01_224.jpg,28.75,33.5,63.0,6.21,2.7065,1.654,827.0,2.2916,OK,29999,3.4133334159851074,1.0032058954238892,293.57476806640625
CAP_20260831_124503,2026-08-31 12:45:03,P02,/hydroponic_project/data_collection/images/lettuce_20260831_124503.jpg,/hydroponic_project/data_collection/crops/lettuce_20260831_124503/P02.jpg,/hydroponic_project/data_collection/crops/lettuce_20260831_124503/P02_224.jpg,28.75,33.5,63.0,6.21,2.7065,1.654,827.0,2.2916,OK,29999,3.4133334159851074,1.0032058954238892,293.57476806640625
CAP_20260831_124503,2026-08-31 12:45:03,P03,/hydroponic_project/data_collection/images/lettuce_20260831_124503.jpg,/hydroponic_project/data_collection/crops/lettuce_20260831_124503/P03.jpg,/hydroponic_project/data_collection/crops/lettuce_20260831_124503/P03_224.jpg,28.75,33.5,63.0,6.21,2.7065,1.654,827.0,2.2916,OK,29999,3.4133334159851074,1.0032058954238892,293.57476806640625
CAP_20260831_124503,2026-08-31 12:45:03,P04,/hydroponic_project/data_collection/images/lettuce_20260831_124503.jpg,/hydroponic_project/data_collection/crops/lettuce_20260831_124503/P04.jpg,/hydroponic_project/data_collection/crops/lettuce_20260831_124503/P04_224.jpg,28.75,33.5,63.0,6.21,2.7065,1.654,827.0,2.2916,OK,29999,3.4133334159851074,1.0032058954238892,293.57476806640625
CAP_20260831_124503,2026-08-31 12:45:03,P05,/hydroponic_project/data_collection/images/lettuce_20260831_124503.jpg,/hydroponic_project/data_collection/crops/lettuce_20260831_124503/P05.jpg,/hydroponic_project/data_collection/crops/lettuce_20260831_124503/P05_224.jpg,28.75,33.5,63.0,6.21,2.7065,1.654,827.0,2.2916,OK,29999,3.4133334159851074,1.0032058954238892,293.57476806640625
CAP_20260831_124503,2026-08-31 12:45:03,P06,/hydroponic_project/data_collection/images/lettuce_20260831_124503.jpg,/hydroponic_project/data_collection/crops/lettuce_20260831_124503/P06.jpg,/hydroponic_project/data_collection/crops/lettuce_20260831_124503/P06_224.jpg,28.75,33.5,63.0,6.21,2.7065,1.654,827.0,2.2916,OK,29999,3.4133334159851074,1.0032058954238892,293.57476806640625
CAP_20260831_124503,2026-08-31 12:45:03,P07,/hydroponic_project/data_collection/images/lettuce_20260831_124503.jpg,/hydroponic_project/data_collection/crops/lettuce_20260831_124503/P07.jpg,/hydroponic_project/data_collection/crops/lettuce_20260831_124503/P07_224.jpg,28.75,33.5,63.0,6.21,2.7065,1.654,827.0,2.2916,OK,29999,3.4133334159851074,1.0032058954238892,293.57476806640625
CAP_20260831_124503,2026-08-31 12:45:03,P08,/hydroponic_project/data_collection/images/lettuce_20260831_124503.jpg,/hydroponic_project/data_collection/crops/lettuce_20260831_124503/P08.jpg,/hydroponic_project/data_collection/crops/lettuce_20260831_124503/P08_224.jpg,28.75,33.5,63.0,6.21,2.7065,1.654,827.0,2.2916,OK,29999,3.4133334159851074,1.0032058954238892,293.57476806640625
CAP_20260831_124503,2026-08-31 12:45:03,P09,/hydroponic_project/data_collection/images/lettuce_20260831_124503.jpg,/hydroponic_project/data_collection/crops/lettuce_20260831_124503/P09.jpg,/hydroponic_project/data_collection/crops/lettuce_20260831_124503/P09_224.jpg,28.75,33.5,63.0,6.21,2.7065,1.654,827.0,2.2916,OK,29999,3.4133334159851074,1.0032058954238892,293.57476806640625
CAP_20260831_124503,2026-08-31 12:45:03,P10,/hydroponic_project/data_collection/images/lettuce_20260831_124503.jpg,/hydroponic_project/data_collection/crops/lettuce_20260831_124503/P10.jpg,/hydroponic_project/data_collection/crops/lettuce_20260831_124503/P10_224.jpg,28.75,33.5,63.0,6.21,2.7065,1.654,827.0,2.2916,OK,29999,3.4133334159851074,1.0032058954238892,293.57476806640625
CAP_20260831_124503,2026-08-31 12:45:03,P11,/hydroponic_project/data_collection/images/lettuce_20260831_124503.jpg,/hydroponic_project/data_collection/crops/lettuce_20260831_124503/P11.jpg,/hydroponic_project/data_collection/crops/lettuce_20260831_124503/P11_224.jpg,28.75,33.5,63.0,6.21,2.7065,1.654,827.0,2.2916,OK,29999,3.4133334159851074,1.0032058954238892,293.57476806640625
CAP_20260831_124503,2026-08-31 12:45:03,P12,/hydroponic_project/data_collection/images/lettuce_20260831_124503.jpg,/hydroponic_project/data_collection/crops/lettuce_20260831_124503/P12.jpg,/hydroponic_project/data_collection/crops/lettuce_20260831_124503/P12_224.jpg,28.75,33.5,63.0,6.21,2.7065,1.654,827.0,2.2916,OK,29999,3.4133334159851074,1.0032058954238892,293.57476806640625
CAP_20260831_130003,2026-08-31 13:00:03,P01,/hydroponic_project/data_collection/images/lettuce_20260831_130003.jpg,/hydroponic_project/data_collection/crops/lettuce_20260831_130003/P01.jpg,/hydroponic_project/data_collection/crops/lettuce_20260831_130003/P01_224.jpg,28.94,33.3,64.8,7.14,2.5568,1.639,819.6,2.2876,OK,31701,4.0,1.0005671977996826,242.20008850097656
CAP_20260831_130003,2026-08-31 13:00:03,P02,/hydroponic_project/data_collection/images/lettuce_20260831_130003.jpg,/hydroponic_project/data_collection/crops/lettuce_20260831_130003/P02.jpg,/hydroponic_project/data_collection/crops/lettuce_20260831_130003/P02_224.jpg,28.94,33.3,64.8,7.14,2.5568,1.639,819.6,2.2876,OK,31701,4.0,1.0005671977996826,242.20008850097656
CAP_20260831_130003,2026-08-31 13:00:03,P03,/hydroponic_project/data_collection/images/lettuce_20260831_130003.jpg,/hydroponic_project/data_collection/crops/lettuce_20260831_130003/P03.jpg,/hydroponic_project/data_collection/crops/lettuce_20260831_130003/P03_224.jpg,28.94,33.3,64.8,7.14,2.5568,1.639,819.6,2.2876,OK,31701,4.0,1.0005671977996826,242.20008850097656
CAP_20260831_130003,2026-08-31 13:00:03,P04,/hydroponic_project/data_collection/images/lettuce_20260831_130003.jpg,/hydroponic_project/data_collection/crops/lettuce_20260831_130003/P04.jpg,/hydroponic_project/data_collection/crops/lettuce_20260831_130003/P04_224.jpg,28.94,33.3,64.8,7.14,2.5568,1.639,819.6,2.2876,OK,31701,4.0,1.0005671977996826,242.20008850097656
CAP_20260831_130003,2026-08-31 13:00:03,P05,/hydroponic_project/data_collection/images/lettuce_20260831_130003.jpg,/hydroponic_project/data_collection/crops/lettuce_20260831_130003/P05.jpg,/hydroponic_project/data_collection/crops/lettuce_20260831_130003/P05_224.jpg,28.94,33.3,64.8,7.14,2.5568,1.639,819.6,2.2876,OK,31701,4.0,1.0005671977996826,242.20008850097656
CAP_20260831_130003,2026-08-31 13:00:03,P06,/hydroponic_project/data_collection/images/lettuce_20260831_130003.jpg,/hydroponic_project/data_collection/crops/lettuce_20260831_130003/P06.jpg,/hydroponic_project/data_collection/crops/lettuce_20260831_130003/P06_224.jpg,28.94,33.3,64.8,7.14,2.5568,1.639,819.6,2.2876,OK,31701,4.0,1.0005671977996826,242.20008850097656
CAP_20260831_130003,2026-08-31 13:00:03,P07,/hydroponic_project/data_collection/images/lettuce_20260831_130003.jpg,/hydroponic_project/data_collection/crops/lettuce_20260831_130003/P07.jpg,/hydroponic_project/data_collection/crops/lettuce_20260831_130003/P07_224.jpg,28.94,33.3,64.8,7.14,2.5568,1.639,819.6,2.2876,OK,31701,4.0,1.0005671977996826,242.20008850097656
CAP_20260831_130003,2026-08-31 13:00:03,P08,/hydroponic_project/data_collection/images/lettuce_20260831_130003.jpg,/hydroponic_project/data_collection/crops/lettuce_20260831_130003/P08.jpg,/hydroponic_project/data_collection/crops/lettuce_20260831_130003/P08_224.jpg,28.94,33.3,64.8,7.14,2.5568,1.639,819.6,2.2876,OK,31701,4.0,1.0005671977996826,242.20008850097656
CAP_20260831_130003,2026-08-31 13:00:03,P09,/hydroponic_project/data_collection/images/lettuce_20260831_130003.jpg,/hydroponic_project/data_collection/crops/lettuce_20260831_130003/P09.jpg,/hydroponic_project/data_collection/crops/lettuce_20260831_130003/P09_224.jpg,28.94,33.3,64.8,7.14,2.5568,1.639,819.6,2.2876,OK,31701,4.0,1.0005671977996826,242.20008850097656
CAP_20260831_130003,2026-08-31 13:00:03,P10,/hydroponic_project/data_collection/images/lettuce_20260831_130003.jpg,/hydroponic_project/data_collection/crops/lettuce_20260831_130003/P10.jpg,/hydroponic_project/data_collection/crops/lettuce_20260831_130003/P10_224.jpg,28.94,33.3,64.8,7.14,2.5568,1.639,819.6,2.2876,OK,31701,4.0,1.0005671977996826,242.20008850097656
CAP_20260831_130003,2026-08-31 13:00:03,P11,/hydroponic_project/data_collection/images/lettuce_20260831_130003.jpg,/hydroponic_project/data_collection/crops/lettuce_20260831_130003/P11.jpg,/hydroponic_project/data_collection/crops/lettuce_20260831_130003/P11_224.jpg,28.94,33.3,64.8,7.14,2.5568,1.639,819.6,2.2876,OK,31701,4.0,1.0005671977996826,242.20008850097656
CAP_20260831_130003,2026-08-31 13:00:03,P12,/hydroponic_project/data_collection/images/lettuce_20260831_130003.jpg,/hydroponic_project/data_collection/crops/lettuce_20260831_130003/P12.jpg,/hydroponic_project/data_collection/crops/lettuce_20260831_130003/P12_224.jpg,28.94,33.3,64.8,7.14,2.5568,1.639,819.6,2.2876,OK,31701,4.0,1.0005671977996826,242.20008850097656
CAP_20260831_131503,2026-08-31 13:15:03,P01,/hydroponic_project/data_collection/images/lettuce_20260831_131503.jpg,/hydroponic_project/data_collection/crops/lettuce_20260831_131503/P01.jpg,/hydroponic_project/data_collection/crops/lettuce_20260831_131503/P01_224.jpg,29.12,33.3,62.7,6.23,2.7034,1.642,821.1,2.298,OK,29999,3.047619104385376,1.0008127689361572,323.3837890625
CAP_20260831_131503,2026-08-31 13:15:03,P02,/hydroponic_project/data_collection/images/lettuce_20260831_131503.jpg,/hydroponic_project/data_collection/crops/lettuce_20260831_131503/P02.jpg,/hydroponic_project/data_collection/crops/lettuce_20260831_131503/P02_224.jpg,29.12,33.3,62.7,6.23,2.7034,1.642,821.1,2.298,OK,29999,3.047619104385376,1.0008127689361572,323.3837890625
CAP_20260831_131503,2026-08-31 13:15:03,P03,/hydroponic_project/data_collection/images/lettuce_20260831_131503.jpg,/hydroponic_project/data_collection/crops/lettuce_20260831_131503/P03.jpg,/hydroponic_project/data_collection/crops/lettuce_20260831_131503/P03_224.jpg,29.12,33.3,62.7,6.23,2.7034,1.642,821.1,2.298,OK,29999,3.047619104385376,1.0008127689361572,323.3837890625
CAP_20260831_131503,2026-08-31 13:15:03,P04,/hydroponic_project/data_collection/images/lettuce_20260831_131503.jpg,/hydroponic_project/data_collection/crops/lettuce_20260831_131503/P04.jpg,/hydroponic_project/data_collection/crops/lettuce_20260831_131503/P04_224.jpg,29.12,33.3,62.7,6.23,2.7034,1.642,821.1,2.298,OK,29999,3.047619104385376,1.0008127689361572,323.3837890625
CAP_20260831_131503,2026-08-31 13:15:03,P05,/hydroponic_project/data_collection/images/lettuce_20260831_131503.jpg,/hydroponic_project/data_collection/crops/lettuce_20260831_131503/P05.jpg,/hydroponic_project/data_collection/crops/lettuce_20260831_131503/P05_224.jpg,29.12,33.3,62.7,6.23,2.7034,1.642,821.1,2.298,OK,29999,3.047619104385376,1.0008127689361572,323.3837890625
CAP_20260831_131503,2026-08-31 13:15:03,P06,/hydroponic_project/data_collection/images/lettuce_20260831_131503.jpg,/hydroponic_project/data_collection/crops/lettuce_20260831_131503/P06.jpg,/hydroponic_project/data_collection/crops/lettuce_20260831_131503/P06_224.jpg,29.12,33.3,62.7,6.23,2.7034,1.642,821.1,2.298,OK,29999,3.047619104385376,1.0008127689361572,323.3837890625
CAP_20260831_131503,2026-08-31 13:15:03,P07,/hydroponic_project/data_collection/images/lettuce_20260831_131503.jpg,/hydroponic_project/data_collection/crops/lettuce_20260831_131503/P07.jpg,/hydroponic_project/data_collection/crops/lettuce_20260831_131503/P07_224.jpg,29.12,33.3,62.7,6.23,2.7034,1.642,821.1,2.298,OK,29999,3.047619104385376,1.0008127689361572,323.3837890625
CAP_20260831_131503,2026-08-31 13:15:03,P08,/hydroponic_project/data_collection/images/lettuce_20260831_131503.jpg,/hydroponic_project/data_collection/crops/lettuce_20260831_131503/P08.jpg,/hydroponic_project/data_collection/crops/lettuce_20260831_131503/P08_224.jpg,29.12,33.3,62.7,6.23,2.7034,1.642,821.1,2.298,OK,29999,3.047619104385376,1.0008127689361572,323.3837890625
CAP_20260831_131503,2026-08-31 13:15:03,P09,/hydroponic_project/data_collection/images/lettuce_20260831_131503.jpg,/hydroponic_project/data_collection/crops/lettuce_20260831_131503/P09.jpg,/hydroponic_project/data_collection/crops/lettuce_20260831_131503/P09_224.jpg,29.12,33.3,62.7,6.23,2.7034,1.642,821.1,2.298,OK,29999,3.047619104385376,1.0008127689361572,323.3837890625
CAP_20260831_131503,2026-08-31 13:15:03,P10,/hydroponic_project/data_collection/images/lettuce_20260831_131503.jpg,/hydroponic_project/data_collection/crops/lettuce_20260831_131503/P10.jpg,/hydroponic_project/data_collection/crops/lettuce_20260831_131503/P10_224.jpg,29.12,33.3,62.7,6.23,2.7034,1.642,821.1,2.298,OK,29999,3.047619104385376,1.0008127689361572,323.3837890625
CAP_20260831_131503,2026-08-31 13:15:03,P11,/hydroponic_project/data_collection/images/lettuce_20260831_131503.jpg,/hydroponic_project/data_collection/crops/lettuce_20260831_131503/P11.jpg,/hydroponic_project/data_collection/crops/lettuce_20260831_131503/P11_224.jpg,29.12,33.3,62.7,6.23,2.7034,1.642,821.1,2.298,OK,29999,3.047619104385376,1.0008127689361572,323.3837890625
CAP_20260831_131503,2026-08-31 13:15:03,P12,/hydroponic_project/data_collection/images/lettuce_20260831_131503.jpg,/hydroponic_project/data_collection/crops/lettuce_20260831_131503/P12.jpg,/hydroponic_project/data_collection/crops/lettuce_20260831_131503/P12_224.jpg,29.12,33.3,62.7,6.23,2.7034,1.642,821.1,2.298,OK,29999,3.047619104385376,1.0008127689361572,323.3837890625
CAP_20260831_133003,2026-08-31 13:30:03,P01,/hydroponic_project/data_collection/images/lettuce_20260831_133003.jpg,/hydroponic_project/data_collection/crops/lettuce_20260831_133003/P01.jpg,/hydroponic_project/data_collection/crops/lettuce_20260831_133003/P01_224.jpg,29.37,33.2,64.8,7.23,2.5408,1.617,808.7,2.2881,OK,29999,3.6571428775787354,1.0077557563781738,269.9812927246094
CAP_20260831_133003,2026-08-31 13:30:03,P02,/hydroponic_project/data_collection/images/lettuce_20260831_133003.jpg,/hydroponic_project/data_collection/crops/lettuce_20260831_133003/P02.jpg,/hydroponic_project/data_collection/crops/lettuce_20260831_133003/P02_224.jpg,29.37,33.2,64.8,7.23,2.5408,1.617,808.7,2.2881,OK,29999,3.6571428775787354,1.0077557563781738,269.9812927246094
CAP_20260831_133003,2026-08-31 13:30:03,P03,/hydroponic_project/data_collection/images/lettuce_20260831_133003.jpg,/hydroponic_project/data_collection/crops/lettuce_20260831_133003/P03.jpg,/hydroponic_project/data_collection/crops/lettuce_20260831_133003/P03_224.jpg,29.37,33.2,64.8,7.23,2.5408,1.617,808.7,2.2881,OK,29999,3.6571428775787354,1.0077557563781738,269.9812927246094
CAP_20260831_133003,2026-08-31 13:30:03,P04,/hydroponic_project/data_collection/images/lettuce_20260831_133003.jpg,/hydroponic_project/data_collection/crops/lettuce_20260831_133003/P04.jpg,/hydroponic_project/data_collection/crops/lettuce_20260831_133003/P04_224.jpg,29.37,33.2,64.8,7.23,2.5408,1.617,808.7,2.2881,OK,29999,3.6571428775787354,1.0077557563781738,269.9812927246094
CAP_20260831_133003,2026-08-31 13:30:03,P05,/hydroponic_project/data_collection/images/lettuce_20260831_133003.jpg,/hydroponic_project/data_collection/crops/lettuce_20260831_133003/P05.jpg,/hydroponic_project/data_collection/crops/lettuce_20260831_133003/P05_224.jpg,29.37,33.2,64.8,7.23,2.5408,1.617,808.7,2.2881,OK,29999,3.6571428775787354,1.0077557563781738,269.9812927246094
CAP_20260831_133003,2026-08-31 13:30:03,P06,/hydroponic_project/data_collection/images/lettuce_20260831_133003.jpg,/hydroponic_project/data_collection/crops/lettuce_20260831_133003/P06.jpg,/hydroponic_project/data_collection/crops/lettuce_20260831_133003/P06_224.jpg,29.37,33.2,64.8,7.23,2.5408,1.617,808.7,2.2881,OK,29999,3.6571428775787354,1.0077557563781738,269.9812927246094
CAP_20260831_133003,2026-08-31 13:30:03,P07,/hydroponic_project/data_collection/images/lettuce_20260831_133003.jpg,/hydroponic_project/data_collection/crops/lettuce_20260831_133003/P07.jpg,/hydroponic_project/data_collection/crops/lettuce_20260831_133003/P07_224.jpg,29.37,33.2,64.8,7.23,2.5408,1.617,808.7,2.2881,OK,29999,3.6571428775787354,1.0077557563781738,269.9812927246094
CAP_20260831_133003,2026-08-31 13:30:03,P08,/hydroponic_project/data_collection/images/lettuce_20260831_133003.jpg,/hydroponic_project/data_collection/crops/lettuce_20260831_133003/P08.jpg,/hydroponic_project/data_collection/crops/lettuce_20260831_133003/P08_224.jpg,29.37,33.2,64.8,7.23,2.5408,1.617,808.7,2.2881,OK,29999,3.6571428775787354,1.0077557563781738,269.9812927246094
CAP_20260831_133003,2026-08-31 13:30:03,P09,/hydroponic_project/data_collection/images/lettuce_20260831_133003.jpg,/hydroponic_project/data_collection/crops/lettuce_20260831_133003/P09.jpg,/hydroponic_project/data_collection/crops/lettuce_20260831_133003/P09_224.jpg,29.37,33.2,64.8,7.23,2.5408,1.617,808.7,2.2881,OK,29999,3.6571428775787354,1.0077557563781738,269.9812927246094
CAP_20260831_133003,2026-08-31 13:30:03,P10,/hydroponic_project/data_collection/images/lettuce_20260831_133003.jpg,/hydroponic_project/data_collection/crops/lettuce_20260831_133003/P10.jpg,/hydroponic_project/data_collection/crops/lettuce_20260831_133003/P10_224.jpg,29.37,33.2,64.8,7.23,2.5408,1.617,808.7,2.2881,OK,29999,3.6571428775787354,1.0077557563781738,269.9812927246094
CAP_20260831_133003,2026-08-31 13:30:03,P11,/hydroponic_project/data_collection/images/lettuce_20260831_133003.jpg,/hydroponic_project/data_collection/crops/lettuce_20260831_133003/P11.jpg,/hydroponic_project/data_collection/crops/lettuce_20260831_133003/P11_224.jpg,29.37,33.2,64.8,7.23,2.5408,1.617,808.7,2.2881,OK,29999,3.6571428775787354,1.0077557563781738,269.9812927246094
CAP_20260831_133003,2026-08-31 13:30:03,P12,/hydroponic_project/data_collection/images/lettuce_20260831_133003.jpg,/hydroponic_project/data_collection/crops/lettuce_20260831_133003/P12.jpg,/hydroponic_project/data_collection/crops/lettuce_20260831_133003/P12_224.jpg,29.37,33.2,64.8,7.23,2.5408,1.617,808.7,2.2881,OK,29999,3.6571428775787354,1.0077557563781738,269.9812927246094
CAP_20260831_134503,2026-08-31 13:45:03,P01,/hydroponic_project/data_collection/images/lettuce_20260831_134503.jpg,/hydroponic_project/data_collection/crops/lettuce_20260831_134503/P01.jpg,/hydroponic_project/data_collection/crops/lettuce_20260831_134503/P01_224.jpg,29.56,33.4,65.4,7.24,2.5399,1.607,803.6,2.2875,OK,29999,3.6056337356567383,1.012953758239746,269.8560791015625
CAP_20260831_134503,2026-08-31 13:45:03,P02,/hydroponic_project/data_collection/images/lettuce_20260831_134503.jpg,/hydroponic_project/data_collection/crops/lettuce_20260831_134503/P02.jpg,/hydroponic_project/data_collection/crops/lettuce_20260831_134503/P02_224.jpg,29.56,33.4,65.4,7.24,2.5399,1.607,803.6,2.2875,OK,29999,3.6056337356567383,1.012953758239746,269.8560791015625
CAP_20260831_134503,2026-08-31 13:45:03,P03,/hydroponic_project/data_collection/images/lettuce_20260831_134503.jpg,/hydroponic_project/data_collection/crops/lettuce_20260831_134503/P03.jpg,/hydroponic_project/data_collection/crops/lettuce_20260831_134503/P03_224.jpg,29.56,33.4,65.4,7.24,2.5399,1.607,803.6,2.2875,OK,29999,3.6056337356567383,1.012953758239746,269.8560791015625
CAP_20260831_134503,2026-08-31 13:45:03,P04,/hydroponic_project/data_collection/images/lettuce_20260831_134503.jpg,/hydroponic_project/data_collection/crops/lettuce_20260831_134503/P04.jpg,/hydroponic_project/data_collection/crops/lettuce_20260831_134503/P04_224.jpg,29.56,33.4,65.4,7.24,2.5399,1.607,803.6,2.2875,OK,29999,3.6056337356567383,1.012953758239746,269.8560791015625
CAP_20260831_134503,2026-08-31 13:45:03,P05,/hydroponic_project/data_collection/images/lettuce_20260831_134503.jpg,/hydroponic_project/data_collection/crops/lettuce_20260831_134503/P05.jpg,/hydroponic_project/data_collection/crops/lettuce_20260831_134503/P05_224.jpg,29.56,33.4,65.4,7.24,2.5399,1.607,803.6,2.2875,OK,29999,3.6056337356567383,1.012953758239746,269.8560791015625
CAP_20260831_134503,2026-08-31 13:45:03,P06,/hydroponic_project/data_collection/images/lettuce_20260831_134503.jpg,/hydroponic_project/data_collection/crops/lettuce_20260831_134503/P06.jpg,/hydroponic_project/data_collection/crops/lettuce_20260831_134503/P06_224.jpg,29.56,33.4,65.4,7.24,2.5399,1.607,803.6,2.2875,OK,29999,3.6056337356567383,1.012953758239746,269.8560791015625
CAP_20260831_134503,2026-08-31 13:45:03,P07,/hydroponic_project/data_collection/images/lettuce_20260831_134503.jpg,/hydroponic_project/data_collection/crops/lettuce_20260831_134503/P07.jpg,/hydroponic_project/data_collection/crops/lettuce_20260831_134503/P07_224.jpg,29.56,33.4,65.4,7.24,2.5399,1.607,803.6,2.2875,OK,29999,3.6056337356567383,1.012953758239746,269.8560791015625
CAP_20260831_134503,2026-08-31 13:45:03,P08,/hydroponic_project/data_collection/images/lettuce_20260831_134503.jpg,/hydroponic_project/data_collection/crops/lettuce_20260831_134503/P08.jpg,/hydroponic_project/data_collection/crops/lettuce_20260831_134503/P08_224.jpg,29.56,33.4,65.4,7.24,2.5399,1.607,803.6,2.2875,OK,29999,3.6056337356567383,1.012953758239746,269.8560791015625
CAP_20260831_134503,2026-08-31 13:45:03,P09,/hydroponic_project/data_collection/images/lettuce_20260831_134503.jpg,/hydroponic_project/data_collection/crops/lettuce_20260831_134503/P09.jpg,/hydroponic_project/data_collection/crops/lettuce_20260831_134503/P09_224.jpg,29.56,33.4,65.4,7.24,2.5399,1.607,803.6,2.2875,OK,29999,3.6056337356567383,1.012953758239746,269.8560791015625
CAP_20260831_134503,2026-08-31 13:45:03,P10,/hydroponic_project/data_collection/images/lettuce_20260831_134503.jpg,/hydroponic_project/data_collection/crops/lettuce_20260831_134503/P10.jpg,/hydroponic_project/data_collection/crops/lettuce_20260831_134503/P10_224.jpg,29.56,33.4,65.4,7.24,2.5399,1.607,803.6,2.2875,OK,29999,3.6056337356567383,1.012953758239746,269.8560791015625
CAP_20260831_134503,2026-08-31 13:45:03,P11,/hydroponic_project/data_collection/images/lettuce_20260831_134503.jpg,/hydroponic_project/data_collection/crops/lettuce_20260831_134503/P11.jpg,/hydroponic_project/data_collection/crops/lettuce_20260831_134503/P11_224.jpg,29.56,33.4,65.4,7.24,2.5399,1.607,803.6,2.2875,OK,29999,3.6056337356567383,1.012953758239746,269.8560791015625
CAP_20260831_134503,2026-08-31 13:45:03,P12,/hydroponic_project/data_collection/images/lettuce_20260831_134503.jpg,/hydroponic_project/data_collection/crops/lettuce_20260831_134503/P12.jpg,/hydroponic_project/data_collection/crops/lettuce_20260831_134503/P12_224.jpg,29.56,33.4,65.4,7.24,2.5399,1.607,803.6,2.2875,OK,29999,3.6056337356567383,1.012953758239746,269.8560791015625
CAP_20260831_140004,2026-08-31 14:00:04,P01,/hydroponic_project/data_collection/images/lettuce_20260831_140004.jpg,/hydroponic_project/data_collection/crops/lettuce_20260831_140004/P01.jpg,/hydroponic_project/data_collection/crops/lettuce_20260831_140004/P01_224.jpg,29.75,33.4,64.4,7.16,2.553,1.601,800.4,2.29,OK,29999,3.160493850708008,1.0007749795913696,309.1219787597656
CAP_20260831_140004,2026-08-31 14:00:04,P02,/hydroponic_project/data_collection/images/lettuce_20260831_140004.jpg,/hydroponic_project/data_collection/crops/lettuce_20260831_140004/P02.jpg,/hydroponic_project/data_collection/crops/lettuce_20260831_140004/P02_224.jpg,29.75,33.4,64.4,7.16,2.553,1.601,800.4,2.29,OK,29999,3.160493850708008,1.0007749795913696,309.1219787597656
CAP_20260831_140004,2026-08-31 14:00:04,P03,/hydroponic_project/data_collection/images/lettuce_20260831_140004.jpg,/hydroponic_project/data_collection/crops/lettuce_20260831_140004/P03.jpg,/hydroponic_project/data_collection/crops/lettuce_20260831_140004/P03_224.jpg,29.75,33.4,64.4,7.16,2.553,1.601,800.4,2.29,OK,29999,3.160493850708008,1.0007749795913696,309.1219787597656
CAP_20260831_140004,2026-08-31 14:00:04,P04,/hydroponic_project/data_collection/images/lettuce_20260831_140004.jpg,/hydroponic_project/data_collection/crops/lettuce_20260831_140004/P04.jpg,/hydroponic_project/data_collection/crops/lettuce_20260831_140004/P04_224.jpg,29.75,33.4,64.4,7.16,2.553,1.601,800.4,2.29,OK,29999,3.160493850708008,1.0007749795913696,309.1219787597656
CAP_20260831_140004,2026-08-31 14:00:04,P05,/hydroponic_project/data_collection/images/lettuce_20260831_140004.jpg,/hydroponic_project/data_collection/crops/lettuce_20260831_140004/P05.jpg,/hydroponic_project/data_collection/crops/lettuce_20260831_140004/P05_224.jpg,29.75,33.4,64.4,7.16,2.553,1.601,800.4,2.29,OK,29999,3.160493850708008,1.0007749795913696,309.1219787597656
CAP_20260831_140004,2026-08-31 14:00:04,P06,/hydroponic_project/data_collection/images/lettuce_20260831_140004.jpg,/hydroponic_project/data_collection/crops/lettuce_20260831_140004/P06.jpg,/hydroponic_project/data_collection/crops/lettuce_20260831_140004/P06_224.jpg,29.75,33.4,64.4,7.16,2.553,1.601,800.4,2.29,OK,29999,3.160493850708008,1.0007749795913696,309.1219787597656
CAP_20260831_140004,2026-08-31 14:00:04,P07,/hydroponic_project/data_collection/images/lettuce_20260831_140004.jpg,/hydroponic_project/data_collection/crops/lettuce_20260831_140004/P07.jpg,/hydroponic_project/data_collection/crops/lettuce_20260831_140004/P07_224.jpg,29.75,33.4,64.4,7.16,2.553,1.601,800.4,2.29,OK,29999,3.160493850708008,1.0007749795913696,309.1219787597656
CAP_20260831_140004,2026-08-31 14:00:04,P08,/hydroponic_project/data_collection/images/lettuce_20260831_140004.jpg,/hydroponic_project/data_collection/crops/lettuce_20260831_140004/P08.jpg,/hydroponic_project/data_collection/crops/lettuce_20260831_140004/P08_224.jpg,29.75,33.4,64.4,7.16,2.553,1.601,800.4,2.29,OK,29999,3.160493850708008,1.0007749795913696,309.1219787597656
CAP_20260831_140004,2026-08-31 14:00:04,P09,/hydroponic_project/data_collection/images/lettuce_20260831_140004.jpg,/hydroponic_project/data_collection/crops/lettuce_20260831_140004/P09.jpg,/hydroponic_project/data_collection/crops/lettuce_20260831_140004/P09_224.jpg,29.75,33.4,64.4,7.16,2.553,1.601,800.4,2.29,OK,29999,3.160493850708008,1.0007749795913696,309.1219787597656
CAP_20260831_140004,2026-08-31 14:00:04,P10,/hydroponic_project/data_collection/images/lettuce_20260831_140004.jpg,/hydroponic_project/data_collection/crops/lettuce_20260831_140004/P10.jpg,/hydroponic_project/data_collection/crops/lettuce_20260831_140004/P10_224.jpg,29.75,33.4,64.4,7.16,2.553,1.601,800.4,2.29,OK,29999,3.160493850708008,1.0007749795913696,309.1219787597656
CAP_20260831_140004,2026-08-31 14:00:04,P11,/hydroponic_project/data_collection/images/lettuce_20260831_140004.jpg,/hydroponic_project/data_collection/crops/lettuce_20260831_140004/P11.jpg,/hydroponic_project/data_collection/crops/lettuce_20260831_140004/P11_224.jpg,29.75,33.4,64.4,7.16,2.553,1.601,800.4,2.29,OK,29999,3.160493850708008,1.0007749795913696,309.1219787597656
CAP_20260831_140004,2026-08-31 14:00:04,P12,/hydroponic_project/data_collection/images/lettuce_20260831_140004.jpg,/hydroponic_project/data_collection/crops/lettuce_20260831_140004/P12.jpg,/hydroponic_project/data_collection/crops/lettuce_20260831_140004/P12_224.jpg,29.75,33.4,64.4,7.16,2.553,1.601,800.4,2.29,OK,29999,3.160493850708008,1.0007749795913696,309.1219787597656
CAP_20260831_141504,2026-08-31 14:15:04,P01,/hydroponic_project/data_collection/images/lettuce_20260831_141504.jpg,/hydroponic_project/data_collection/crops/lettuce_20260831_141504/P01.jpg,/hydroponic_project/data_collection/crops/lettuce_20260831_141504/P01_224.jpg,29.87,33.4,64.3,7.24,2.5394,1.592,796.0,2.2878,OK,29999,3.4133334159851074,1.0052570104599,296.9741516113281
CAP_20260831_141504,2026-08-31 14:15:04,P02,/hydroponic_project/data_collection/images/lettuce_20260831_141504.jpg,/hydroponic_project/data_collection/crops/lettuce_20260831_141504/P02.jpg,/hydroponic_project/data_collection/crops/lettuce_20260831_141504/P02_224.jpg,29.87,33.4,64.3,7.24,2.5394,1.592,796.0,2.2878,OK,29999,3.4133334159851074,1.0052570104599,296.9741516113281
CAP_20260831_141504,2026-08-31 14:15:04,P03,/hydroponic_project/data_collection/images/lettuce_20260831_141504.jpg,/hydroponic_project/data_collection/crops/lettuce_20260831_141504/P03.jpg,/hydroponic_project/data_collection/crops/lettuce_20260831_141504/P03_224.jpg,29.87,33.4,64.3,7.24,2.5394,1.592,796.0,2.2878,OK,29999,3.4133334159851074,1.0052570104599,296.9741516113281
CAP_20260831_141504,2026-08-31 14:15:04,P04,/hydroponic_project/data_collection/images/lettuce_20260831_141504.jpg,/hydroponic_project/data_collection/crops/lettuce_20260831_141504/P04.jpg,/hydroponic_project/data_collection/crops/lettuce_20260831_141504/P04_224.jpg,29.87,33.4,64.3,7.24,2.5394,1.592,796.0,2.2878,OK,29999,3.4133334159851074,1.0052570104599,296.9741516113281
CAP_20260831_141504,2026-08-31 14:15:04,P05,/hydroponic_project/data_collection/images/lettuce_20260831_141504.jpg,/hydroponic_project/data_collection/crops/lettuce_20260831_141504/P05.jpg,/hydroponic_project/data_collection/crops/lettuce_20260831_141504/P05_224.jpg,29.87,33.4,64.3,7.24,2.5394,1.592,796.0,2.2878,OK,29999,3.4133334159851074,1.0052570104599,296.9741516113281
CAP_20260831_141504,2026-08-31 14:15:04,P06,/hydroponic_project/data_collection/images/lettuce_20260831_141504.jpg,/hydroponic_project/data_collection/crops/lettuce_20260831_141504/P06.jpg,/hydroponic_project/data_collection/crops/lettuce_20260831_141504/P06_224.jpg,29.87,33.4,64.3,7.24,2.5394,1.592,796.0,2.2878,OK,29999,3.4133334159851074,1.0052570104599,296.9741516113281
CAP_20260831_141504,2026-08-31 14:15:04,P07,/hydroponic_project/data_collection/images/lettuce_20260831_141504.jpg,/hydroponic_project/data_collection/crops/lettuce_20260831_141504/P07.jpg,/hydroponic_project/data_collection/crops/lettuce_20260831_141504/P07_224.jpg,29.87,33.4,64.3,7.24,2.5394,1.592,796.0,2.2878,OK,29999,3.4133334159851074,1.0052570104599,296.9741516113281
CAP_20260831_141504,2026-08-31 14:15:04,P08,/hydroponic_project/data_collection/images/lettuce_20260831_141504.jpg,/hydroponic_project/data_collection/crops/lettuce_20260831_141504/P08.jpg,/hydroponic_project/data_collection/crops/lettuce_20260831_141504/P08_224.jpg,29.87,33.4,64.3,7.24,2.5394,1.592,796.0,2.2878,OK,29999,3.4133334159851074,1.0052570104599,296.9741516113281
CAP_20260831_141504,2026-08-31 14:15:04,P09,/hydroponic_project/data_collection/images/lettuce_20260831_141504.jpg,/hydroponic_project/data_collection/crops/lettuce_20260831_141504/P09.jpg,/hydroponic_project/data_collection/crops/lettuce_20260831_141504/P09_224.jpg,29.87,33.4,64.3,7.24,2.5394,1.592,796.0,2.2878,OK,29999,3.4133334159851074,1.0052570104599,296.9741516113281
CAP_20260831_141504,2026-08-31 14:15:04,P10,/hydroponic_project/data_collection/images/lettuce_20260831_141504.jpg,/hydroponic_project/data_collection/crops/lettuce_20260831_141504/P10.jpg,/hydroponic_project/data_collection/crops/lettuce_20260831_141504/P10_224.jpg,29.87,33.4,64.3,7.24,2.5394,1.592,796.0,2.2878,OK,29999,3.4133334159851074,1.0052570104599,296.9741516113281
CAP_20260831_141504,2026-08-31 14:15:04,P11,/hydroponic_project/data_collection/images/lettuce_20260831_141504.jpg,/hydroponic_project/data_collection/crops/lettuce_20260831_141504/P11.jpg,/hydroponic_project/data_collection/crops/lettuce_20260831_141504/P11_224.jpg,29.87,33.4,64.3,7.24,2.5394,1.592,796.0,2.2878,OK,29999,3.4133334159851074,1.0052570104599,296.9741516113281
CAP_20260831_141504,2026-08-31 14:15:04,P12,/hydroponic_project/data_collection/images/lettuce_20260831_141504.jpg,/hydroponic_project/data_collection/crops/lettuce_20260831_141504/P12.jpg,/hydroponic_project/data_collection/crops/lettuce_20260831_141504/P12_224.jpg,29.87,33.4,64.3,7.24,2.5394,1.592,796.0,2.2878,OK,29999,3.4133334159851074,1.0052570104599,296.9741516113281
CAP_20260831_143003,2026-08-31 14:30:03,P01,/hydroponic_project/data_collection/images/lettuce_20260831_143003.jpg,/hydroponic_project/data_collection/crops/lettuce_20260831_143003/P01.jpg,/hydroponic_project/data_collection/crops/lettuce_20260831_143003/P01_224.jpg,29.31,33.5,63.8,7.12,2.5591,1.605,802.5,2.2753,OK,29999,3.121951103210449,1.007944107055664,303.98919677734375
CAP_20260831_143003,2026-08-31 14:30:03,P02,/hydroponic_project/data_collection/images/lettuce_20260831_143003.jpg,/hydroponic_project/data_collection/crops/lettuce_20260831_143003/P02.jpg,/hydroponic_project/data_collection/crops/lettuce_20260831_143003/P02_224.jpg,29.31,33.5,63.8,7.12,2.5591,1.605,802.5,2.2753,OK,29999,3.121951103210449,1.007944107055664,303.98919677734375
CAP_20260831_143003,2026-08-31 14:30:03,P03,/hydroponic_project/data_collection/images/lettuce_20260831_143003.jpg,/hydroponic_project/data_collection/crops/lettuce_20260831_143003/P03.jpg,/hydroponic_project/data_collection/crops/lettuce_20260831_143003/P03_224.jpg,29.31,33.5,63.8,7.12,2.5591,1.605,802.5,2.2753,OK,29999,3.121951103210449,1.007944107055664,303.98919677734375
CAP_20260831_143003,2026-08-31 14:30:03,P04,/hydroponic_project/data_collection/images/lettuce_20260831_143003.jpg,/hydroponic_project/data_collection/crops/lettuce_20260831_143003/P04.jpg,/hydroponic_project/data_collection/crops/lettuce_20260831_143003/P04_224.jpg,29.31,33.5,63.8,7.12,2.5591,1.605,802.5,2.2753,OK,29999,3.121951103210449,1.007944107055664,303.98919677734375
CAP_20260831_143003,2026-08-31 14:30:03,P05,/hydroponic_project/data_collection/images/lettuce_20260831_143003.jpg,/hydroponic_project/data_collection/crops/lettuce_20260831_143003/P05.jpg,/hydroponic_project/data_collection/crops/lettuce_20260831_143003/P05_224.jpg,29.31,33.5,63.8,7.12,2.5591,1.605,802.5,2.2753,OK,29999,3.121951103210449,1.007944107055664,303.98919677734375
CAP_20260831_143003,2026-08-31 14:30:03,P06,/hydroponic_project/data_collection/images/lettuce_20260831_143003.jpg,/hydroponic_project/data_collection/crops/lettuce_20260831_143003/P06.jpg,/hydroponic_project/data_collection/crops/lettuce_20260831_143003/P06_224.jpg,29.31,33.5,63.8,7.12,2.5591,1.605,802.5,2.2753,OK,29999,3.121951103210449,1.007944107055664,303.98919677734375
CAP_20260831_143003,2026-08-31 14:30:03,P07,/hydroponic_project/data_collection/images/lettuce_20260831_143003.jpg,/hydroponic_project/data_collection/crops/lettuce_20260831_143003/P07.jpg,/hydroponic_project/data_collection/crops/lettuce_20260831_143003/P07_224.jpg,29.31,33.5,63.8,7.12,2.5591,1.605,802.5,2.2753,OK,29999,3.121951103210449,1.007944107055664,303.98919677734375
CAP_20260831_143003,2026-08-31 14:30:03,P08,/hydroponic_project/data_collection/images/lettuce_20260831_143003.jpg,/hydroponic_project/data_collection/crops/lettuce_20260831_143003/P08.jpg,/hydroponic_project/data_collection/crops/lettuce_20260831_143003/P08_224.jpg,29.31,33.5,63.8,7.12,2.5591,1.605,802.5,2.2753,OK,29999,3.121951103210449,1.007944107055664,303.98919677734375
CAP_20260831_143003,2026-08-31 14:30:03,P09,/hydroponic_project/data_collection/images/lettuce_20260831_143003.jpg,/hydroponic_project/data_collection/crops/lettuce_20260831_143003/P09.jpg,/hydroponic_project/data_collection/crops/lettuce_20260831_143003/P09_224.jpg,29.31,33.5,63.8,7.12,2.5591,1.605,802.5,2.2753,OK,29999,3.121951103210449,1.007944107055664,303.98919677734375
CAP_20260831_143003,2026-08-31 14:30:03,P10,/hydroponic_project/data_collection/images/lettuce_20260831_143003.jpg,/hydroponic_project/data_collection/crops/lettuce_20260831_143003/P10.jpg,/hydroponic_project/data_collection/crops/lettuce_20260831_143003/P10_224.jpg,29.31,33.5,63.8,7.12,2.5591,1.605,802.5,2.2753,OK,29999,3.121951103210449,1.007944107055664,303.98919677734375
CAP_20260831_143003,2026-08-31 14:30:03,P11,/hydroponic_project/data_collection/images/lettuce_20260831_143003.jpg,/hydroponic_project/data_collection/crops/lettuce_20260831_143003/P11.jpg,/hydroponic_project/data_collection/crops/lettuce_20260831_143003/P11_224.jpg,29.31,33.5,63.8,7.12,2.5591,1.605,802.5,2.2753,OK,29999,3.121951103210449,1.007944107055664,303.98919677734375
CAP_20260831_143003,2026-08-31 14:30:03,P12,/hydroponic_project/data_collection/images/lettuce_20260831_143003.jpg,/hydroponic_project/data_collection/crops/lettuce_20260831_143003/P12.jpg,/hydroponic_project/data_collection/crops/lettuce_20260831_143003/P12_224.jpg,29.31,33.5,63.8,7.12,2.5591,1.605,802.5,2.2753,OK,29999,3.121951103210449,1.007944107055664,303.98919677734375
CAP_20260831_144504,2026-08-31 14:45:04,P01,/hydroponic_project/data_collection/images/lettuce_20260831_144504.jpg,/hydroponic_project/data_collection/crops/lettuce_20260831_144504/P01.jpg,/hydroponic_project/data_collection/crops/lettuce_20260831_144504/P01_224.jpg,28.81,33.4,65.4,7.2,2.547,1.62,810.0,2.2666,OK,29999,3.0843372344970703,1.00337815284729,350.3313903808594
CAP_20260831_144504,2026-08-31 14:45:04,P02,/hydroponic_project/data_collection/images/lettuce_20260831_144504.jpg,/hydroponic_project/data_collection/crops/lettuce_20260831_144504/P02.jpg,/hydroponic_project/data_collection/crops/lettuce_20260831_144504/P02_224.jpg,28.81,33.4,65.4,7.2,2.547,1.62,810.0,2.2666,OK,29999,3.0843372344970703,1.00337815284729,350.3313903808594
CAP_20260831_144504,2026-08-31 14:45:04,P03,/hydroponic_project/data_collection/images/lettuce_20260831_144504.jpg,/hydroponic_project/data_collection/crops/lettuce_20260831_144504/P03.jpg,/hydroponic_project/data_collection/crops/lettuce_20260831_144504/P03_224.jpg,28.81,33.4,65.4,7.2,2.547,1.62,810.0,2.2666,OK,29999,3.0843372344970703,1.00337815284729,350.3313903808594
CAP_20260831_144504,2026-08-31 14:45:04,P04,/hydroponic_project/data_collection/images/lettuce_20260831_144504.jpg,/hydroponic_project/data_collection/crops/lettuce_20260831_144504/P04.jpg,/hydroponic_project/data_collection/crops/lettuce_20260831_144504/P04_224.jpg,28.81,33.4,65.4,7.2,2.547,1.62,810.0,2.2666,OK,29999,3.0843372344970703,1.00337815284729,350.3313903808594
CAP_20260831_144504,2026-08-31 14:45:04,P05,/hydroponic_project/data_collection/images/lettuce_20260831_144504.jpg,/hydroponic_project/data_collection/crops/lettuce_20260831_144504/P05.jpg,/hydroponic_project/data_collection/crops/lettuce_20260831_144504/P05_224.jpg,28.81,33.4,65.4,7.2,2.547,1.62,810.0,2.2666,OK,29999,3.0843372344970703,1.00337815284729,350.3313903808594
CAP_20260831_144504,2026-08-31 14:45:04,P06,/hydroponic_project/data_collection/images/lettuce_20260831_144504.jpg,/hydroponic_project/data_collection/crops/lettuce_20260831_144504/P06.jpg,/hydroponic_project/data_collection/crops/lettuce_20260831_144504/P06_224.jpg,28.81,33.4,65.4,7.2,2.547,1.62,810.0,2.2666,OK,29999,3.0843372344970703,1.00337815284729,350.3313903808594
CAP_20260831_144504,2026-08-31 14:45:04,P07,/hydroponic_project/data_collection/images/lettuce_20260831_144504.jpg,/hydroponic_project/data_collection/crops/lettuce_20260831_144504/P07.jpg,/hydroponic_project/data_collection/crops/lettuce_20260831_144504/P07_224.jpg,28.81,33.4,65.4,7.2,2.547,1.62,810.0,2.2666,OK,29999,3.0843372344970703,1.00337815284729,350.3313903808594
CAP_20260831_144504,2026-08-31 14:45:04,P08,/hydroponic_project/data_collection/images/lettuce_20260831_144504.jpg,/hydroponic_project/data_collection/crops/lettuce_20260831_144504/P08.jpg,/hydroponic_project/data_collection/crops/lettuce_20260831_144504/P08_224.jpg,28.81,33.4,65.4,7.2,2.547,1.62,810.0,2.2666,OK,29999,3.0843372344970703,1.00337815284729,350.3313903808594
CAP_20260831_144504,2026-08-31 14:45:04,P09,/hydroponic_project/data_collection/images/lettuce_20260831_144504.jpg,/hydroponic_project/data_collection/crops/lettuce_20260831_144504/P09.jpg,/hydroponic_project/data_collection/crops/lettuce_20260831_144504/P09_224.jpg,28.81,33.4,65.4,7.2,2.547,1.62,810.0,2.2666,OK,29999,3.0843372344970703,1.00337815284729,350.3313903808594
CAP_20260831_144504,2026-08-31 14:45:04,P10,/hydroponic_project/data_collection/images/lettuce_20260831_144504.jpg,/hydroponic_project/data_collection/crops/lettuce_20260831_144504/P10.jpg,/hydroponic_project/data_collection/crops/lettuce_20260831_144504/P10_224.jpg,28.81,33.4,65.4,7.2,2.547,1.62,810.0,2.2666,OK,29999,3.0843372344970703,1.00337815284729,350.3313903808594
CAP_20260831_144504,2026-08-31 14:45:04,P11,/hydroponic_project/data_collection/images/lettuce_20260831_144504.jpg,/hydroponic_project/data_collection/crops/lettuce_20260831_144504/P11.jpg,/hydroponic_project/data_collection/crops/lettuce_20260831_144504/P11_224.jpg,28.81,33.4,65.4,7.2,2.547,1.62,810.0,2.2666,OK,29999,3.0843372344970703,1.00337815284729,350.3313903808594
CAP_20260831_144504,2026-08-31 14:45:04,P12,/hydroponic_project/data_collection/images/lettuce_20260831_144504.jpg,/hydroponic_project/data_collection/crops/lettuce_20260831_144504/P12.jpg,/hydroponic_project/data_collection/crops/lettuce_20260831_144504/P12_224.jpg,28.81,33.4,65.4,7.2,2.547,1.62,810.0,2.2666,OK,29999,3.0843372344970703,1.00337815284729,350.3313903808594
CAP_20260831_150004,2026-08-31 15:00:04,P01,/hydroponic_project/data_collection/images/lettuce_20260831_150004.jpg,/hydroponic_project/data_collection/crops/lettuce_20260831_150004/P01.jpg,/hydroponic_project/data_collection/crops/lettuce_20260831_150004/P01_224.jpg,29.06,33.5,64.1,7.11,2.5604,1.613,806.3,2.2711,OK,17107,2.0,1.000490427017212,1236.84716796875
CAP_20260831_150004,2026-08-31 15:00:04,P02,/hydroponic_project/data_collection/images/lettuce_20260831_150004.jpg,/hydroponic_project/data_collection/crops/lettuce_20260831_150004/P02.jpg,/hydroponic_project/data_collection/crops/lettuce_20260831_150004/P02_224.jpg,29.06,33.5,64.1,7.11,2.5604,1.613,806.3,2.2711,OK,17107,2.0,1.000490427017212,1236.84716796875
CAP_20260831_150004,2026-08-31 15:00:04,P03,/hydroponic_project/data_collection/images/lettuce_20260831_150004.jpg,/hydroponic_project/data_collection/crops/lettuce_20260831_150004/P03.jpg,/hydroponic_project/data_collection/crops/lettuce_20260831_150004/P03_224.jpg,29.06,33.5,64.1,7.11,2.5604,1.613,806.3,2.2711,OK,17107,2.0,1.000490427017212,1236.84716796875
CAP_20260831_150004,2026-08-31 15:00:04,P04,/hydroponic_project/data_collection/images/lettuce_20260831_150004.jpg,/hydroponic_project/data_collection/crops/lettuce_20260831_150004/P04.jpg,/hydroponic_project/data_collection/crops/lettuce_20260831_150004/P04_224.jpg,29.06,33.5,64.1,7.11,2.5604,1.613,806.3,2.2711,OK,17107,2.0,1.000490427017212,1236.84716796875
CAP_20260831_150004,2026-08-31 15:00:04,P05,/hydroponic_project/data_collection/images/lettuce_20260831_150004.jpg,/hydroponic_project/data_collection/crops/lettuce_20260831_150004/P05.jpg,/hydroponic_project/data_collection/crops/lettuce_20260831_150004/P05_224.jpg,29.06,33.5,64.1,7.11,2.5604,1.613,806.3,2.2711,OK,17107,2.0,1.000490427017212,1236.84716796875
CAP_20260831_150004,2026-08-31 15:00:04,P06,/hydroponic_project/data_collection/images/lettuce_20260831_150004.jpg,/hydroponic_project/data_collection/crops/lettuce_20260831_150004/P06.jpg,/hydroponic_project/data_collection/crops/lettuce_20260831_150004/P06_224.jpg,29.06,33.5,64.1,7.11,2.5604,1.613,806.3,2.2711,OK,17107,2.0,1.000490427017212,1236.84716796875
CAP_20260831_150004,2026-08-31 15:00:04,P07,/hydroponic_project/data_collection/images/lettuce_20260831_150004.jpg,/hydroponic_project/data_collection/crops/lettuce_20260831_150004/P07.jpg,/hydroponic_project/data_collection/crops/lettuce_20260831_150004/P07_224.jpg,29.06,33.5,64.1,7.11,2.5604,1.613,806.3,2.2711,OK,17107,2.0,1.000490427017212,1236.84716796875
CAP_20260831_150004,2026-08-31 15:00:04,P08,/hydroponic_project/data_collection/images/lettuce_20260831_150004.jpg,/hydroponic_project/data_collection/crops/lettuce_20260831_150004/P08.jpg,/hydroponic_project/data_collection/crops/lettuce_20260831_150004/P08_224.jpg,29.06,33.5,64.1,7.11,2.5604,1.613,806.3,2.2711,OK,17107,2.0,1.000490427017212,1236.84716796875
CAP_20260831_150004,2026-08-31 15:00:04,P09,/hydroponic_project/data_collection/images/lettuce_20260831_150004.jpg,/hydroponic_project/data_collection/crops/lettuce_20260831_150004/P09.jpg,/hydroponic_project/data_collection/crops/lettuce_20260831_150004/P09_224.jpg,29.06,33.5,64.1,7.11,2.5604,1.613,806.3,2.2711,OK,17107,2.0,1.000490427017212,1236.84716796875
CAP_20260831_150004,2026-08-31 15:00:04,P10,/hydroponic_project/data_collection/images/lettuce_20260831_150004.jpg,/hydroponic_project/data_collection/crops/lettuce_20260831_150004/P10.jpg,/hydroponic_project/data_collection/crops/lettuce_20260831_150004/P10_224.jpg,29.06,33.5,64.1,7.11,2.5604,1.613,806.3,2.2711,OK,17107,2.0,1.000490427017212,1236.84716796875
CAP_20260831_150004,2026-08-31 15:00:04,P11,/hydroponic_project/data_collection/images/lettuce_20260831_150004.jpg,/hydroponic_project/data_collection/crops/lettuce_20260831_150004/P11.jpg,/hydroponic_project/data_collection/crops/lettuce_20260831_150004/P11_224.jpg,29.06,33.5,64.1,7.11,2.5604,1.613,806.3,2.2711,OK,17107,2.0,1.000490427017212,1236.84716796875
CAP_20260831_150004,2026-08-31 15:00:04,P12,/hydroponic_project/data_collection/images/lettuce_20260831_150004.jpg,/hydroponic_project/data_collection/crops/lettuce_20260831_150004/P12.jpg,/hydroponic_project/data_collection/crops/lettuce_20260831_150004/P12_224.jpg,29.06,33.5,64.1,7.11,2.5604,1.613,806.3,2.2711,OK,17107,2.0,1.000490427017212,1236.84716796875
CAP_20260831_151503,2026-08-31 15:15:03,P01,/hydroponic_project/data_collection/images/lettuce_20260831_151503.jpg,/hydroponic_project/data_collection/crops/lettuce_20260831_151503/P01.jpg,/hydroponic_project/data_collection/crops/lettuce_20260831_151503/P01_224.jpg,29.31,33.1,65.1,6.12,2.7214,1.616,807.8,2.2841,OK,11134,2.0,1.000294804573059,903.2669677734375
CAP_20260831_151503,2026-08-31 15:15:03,P02,/hydroponic_project/data_collection/images/lettuce_20260831_151503.jpg,/hydroponic_project/data_collection/crops/lettuce_20260831_151503/P02.jpg,/hydroponic_project/data_collection/crops/lettuce_20260831_151503/P02_224.jpg,29.31,33.1,65.1,6.12,2.7214,1.616,807.8,2.2841,OK,11134,2.0,1.000294804573059,903.2669677734375
CAP_20260831_151503,2026-08-31 15:15:03,P03,/hydroponic_project/data_collection/images/lettuce_20260831_151503.jpg,/hydroponic_project/data_collection/crops/lettuce_20260831_151503/P03.jpg,/hydroponic_project/data_collection/crops/lettuce_20260831_151503/P03_224.jpg,29.31,33.1,65.1,6.12,2.7214,1.616,807.8,2.2841,OK,11134,2.0,1.000294804573059,903.2669677734375
CAP_20260831_151503,2026-08-31 15:15:03,P04,/hydroponic_project/data_collection/images/lettuce_20260831_151503.jpg,/hydroponic_project/data_collection/crops/lettuce_20260831_151503/P04.jpg,/hydroponic_project/data_collection/crops/lettuce_20260831_151503/P04_224.jpg,29.31,33.1,65.1,6.12,2.7214,1.616,807.8,2.2841,OK,11134,2.0,1.000294804573059,903.2669677734375
CAP_20260831_151503,2026-08-31 15:15:03,P05,/hydroponic_project/data_collection/images/lettuce_20260831_151503.jpg,/hydroponic_project/data_collection/crops/lettuce_20260831_151503/P05.jpg,/hydroponic_project/data_collection/crops/lettuce_20260831_151503/P05_224.jpg,29.31,33.1,65.1,6.12,2.7214,1.616,807.8,2.2841,OK,11134,2.0,1.000294804573059,903.2669677734375
CAP_20260831_151503,2026-08-31 15:15:03,P06,/hydroponic_project/data_collection/images/lettuce_20260831_151503.jpg,/hydroponic_project/data_collection/crops/lettuce_20260831_151503/P06.jpg,/hydroponic_project/data_collection/crops/lettuce_20260831_151503/P06_224.jpg,29.31,33.1,65.1,6.12,2.7214,1.616,807.8,2.2841,OK,11134,2.0,1.000294804573059,903.2669677734375
CAP_20260831_151503,2026-08-31 15:15:03,P07,/hydroponic_project/data_collection/images/lettuce_20260831_151503.jpg,/hydroponic_project/data_collection/crops/lettuce_20260831_151503/P07.jpg,/hydroponic_project/data_collection/crops/lettuce_20260831_151503/P07_224.jpg,29.31,33.1,65.1,6.12,2.7214,1.616,807.8,2.2841,OK,11134,2.0,1.000294804573059,903.2669677734375
CAP_20260831_151503,2026-08-31 15:15:03,P08,/hydroponic_project/data_collection/images/lettuce_20260831_151503.jpg,/hydroponic_project/data_collection/crops/lettuce_20260831_151503/P08.jpg,/hydroponic_project/data_collection/crops/lettuce_20260831_151503/P08_224.jpg,29.31,33.1,65.1,6.12,2.7214,1.616,807.8,2.2841,OK,11134,2.0,1.000294804573059,903.2669677734375
CAP_20260831_151503,2026-08-31 15:15:03,P09,/hydroponic_project/data_collection/images/lettuce_20260831_151503.jpg,/hydroponic_project/data_collection/crops/lettuce_20260831_151503/P09.jpg,/hydroponic_project/data_collection/crops/lettuce_20260831_151503/P09_224.jpg,29.31,33.1,65.1,6.12,2.7214,1.616,807.8,2.2841,OK,11134,2.0,1.000294804573059,903.2669677734375
CAP_20260831_151503,2026-08-31 15:15:03,P10,/hydroponic_project/data_collection/images/lettuce_20260831_151503.jpg,/hydroponic_project/data_collection/crops/lettuce_20260831_151503/P10.jpg,/hydroponic_project/data_collection/crops/lettuce_20260831_151503/P10_224.jpg,29.31,33.1,65.1,6.12,2.7214,1.616,807.8,2.2841,OK,11134,2.0,1.000294804573059,903.2669677734375
CAP_20260831_151503,2026-08-31 15:15:03,P11,/hydroponic_project/data_collection/images/lettuce_20260831_151503.jpg,/hydroponic_project/data_collection/crops/lettuce_20260831_151503/P11.jpg,/hydroponic_project/data_collection/crops/lettuce_20260831_151503/P11_224.jpg,29.31,33.1,65.1,6.12,2.7214,1.616,807.8,2.2841,OK,11134,2.0,1.000294804573059,903.2669677734375
CAP_20260831_151503,2026-08-31 15:15:03,P12,/hydroponic_project/data_collection/images/lettuce_20260831_151503.jpg,/hydroponic_project/data_collection/crops/lettuce_20260831_151503/P12.jpg,/hydroponic_project/data_collection/crops/lettuce_20260831_151503/P12_224.jpg,29.31,33.1,65.1,6.12,2.7214,1.616,807.8,2.2841,OK,11134,2.0,1.000294804573059,903.2669677734375
CAP_20260831_153003,2026-08-31 15:30:03,P01,/hydroponic_project/data_collection/images/lettuce_20260831_153003.jpg,/hydroponic_project/data_collection/crops/lettuce_20260831_153003/P01.jpg,/hydroponic_project/data_collection/crops/lettuce_20260831_153003/P01_224.jpg,29.44,33.1,66.0,6.2,2.7089,1.613,806.6,2.2873,OK,29999,3.7101449966430664,1.0050897598266602,255.01727294921875
CAP_20260831_153003,2026-08-31 15:30:03,P02,/hydroponic_project/data_collection/images/lettuce_20260831_153003.jpg,/hydroponic_project/data_collection/crops/lettuce_20260831_153003/P02.jpg,/hydroponic_project/data_collection/crops/lettuce_20260831_153003/P02_224.jpg,29.44,33.1,66.0,6.2,2.7089,1.613,806.6,2.2873,OK,29999,3.7101449966430664,1.0050897598266602,255.01727294921875
CAP_20260831_153003,2026-08-31 15:30:03,P03,/hydroponic_project/data_collection/images/lettuce_20260831_153003.jpg,/hydroponic_project/data_collection/crops/lettuce_20260831_153003/P03.jpg,/hydroponic_project/data_collection/crops/lettuce_20260831_153003/P03_224.jpg,29.44,33.1,66.0,6.2,2.7089,1.613,806.6,2.2873,OK,29999,3.7101449966430664,1.0050897598266602,255.01727294921875
CAP_20260831_153003,2026-08-31 15:30:03,P04,/hydroponic_project/data_collection/images/lettuce_20260831_153003.jpg,/hydroponic_project/data_collection/crops/lettuce_20260831_153003/P04.jpg,/hydroponic_project/data_collection/crops/lettuce_20260831_153003/P04_224.jpg,29.44,33.1,66.0,6.2,2.7089,1.613,806.6,2.2873,OK,29999,3.7101449966430664,1.0050897598266602,255.01727294921875
CAP_20260831_153003,2026-08-31 15:30:03,P05,/hydroponic_project/data_collection/images/lettuce_20260831_153003.jpg,/hydroponic_project/data_collection/crops/lettuce_20260831_153003/P05.jpg,/hydroponic_project/data_collection/crops/lettuce_20260831_153003/P05_224.jpg,29.44,33.1,66.0,6.2,2.7089,1.613,806.6,2.2873,OK,29999,3.7101449966430664,1.0050897598266602,255.01727294921875
CAP_20260831_153003,2026-08-31 15:30:03,P06,/hydroponic_project/data_collection/images/lettuce_20260831_153003.jpg,/hydroponic_project/data_collection/crops/lettuce_20260831_153003/P06.jpg,/hydroponic_project/data_collection/crops/lettuce_20260831_153003/P06_224.jpg,29.44,33.1,66.0,6.2,2.7089,1.613,806.6,2.2873,OK,29999,3.7101449966430664,1.0050897598266602,255.01727294921875
CAP_20260831_153003,2026-08-31 15:30:03,P07,/hydroponic_project/data_collection/images/lettuce_20260831_153003.jpg,/hydroponic_project/data_collection/crops/lettuce_20260831_153003/P07.jpg,/hydroponic_project/data_collection/crops/lettuce_20260831_153003/P07_224.jpg,29.44,33.1,66.0,6.2,2.7089,1.613,806.6,2.2873,OK,29999,3.7101449966430664,1.0050897598266602,255.01727294921875
CAP_20260831_153003,2026-08-31 15:30:03,P08,/hydroponic_project/data_collection/images/lettuce_20260831_153003.jpg,/hydroponic_project/data_collection/crops/lettuce_20260831_153003/P08.jpg,/hydroponic_project/data_collection/crops/lettuce_20260831_153003/P08_224.jpg,29.44,33.1,66.0,6.2,2.7089,1.613,806.6,2.2873,OK,29999,3.7101449966430664,1.0050897598266602,255.01727294921875
CAP_20260831_153003,2026-08-31 15:30:03,P09,/hydroponic_project/data_collection/images/lettuce_20260831_153003.jpg,/hydroponic_project/data_collection/crops/lettuce_20260831_153003/P09.jpg,/hydroponic_project/data_collection/crops/lettuce_20260831_153003/P09_224.jpg,29.44,33.1,66.0,6.2,2.7089,1.613,806.6,2.2873,OK,29999,3.7101449966430664,1.0050897598266602,255.01727294921875
CAP_20260831_153003,2026-08-31 15:30:03,P10,/hydroponic_project/data_collection/images/lettuce_20260831_153003.jpg,/hydroponic_project/data_collection/crops/lettuce_20260831_153003/P10.jpg,/hydroponic_project/data_collection/crops/lettuce_20260831_153003/P10_224.jpg,29.44,33.1,66.0,6.2,2.7089,1.613,806.6,2.2873,OK,29999,3.7101449966430664,1.0050897598266602,255.01727294921875
CAP_20260831_153003,2026-08-31 15:30:03,P11,/hydroponic_project/data_collection/images/lettuce_20260831_153003.jpg,/hydroponic_project/data_collection/crops/lettuce_20260831_153003/P11.jpg,/hydroponic_project/data_collection/crops/lettuce_20260831_153003/P11_224.jpg,29.44,33.1,66.0,6.2,2.7089,1.613,806.6,2.2873,OK,29999,3.7101449966430664,1.0050897598266602,255.01727294921875
CAP_20260831_153003,2026-08-31 15:30:03,P12,/hydroponic_project/data_collection/images/lettuce_20260831_153003.jpg,/hydroponic_project/data_collection/crops/lettuce_20260831_153003/P12.jpg,/hydroponic_project/data_collection/crops/lettuce_20260831_153003/P12_224.jpg,29.44,33.1,66.0,6.2,2.7089,1.613,806.6,2.2873,OK,29999,3.7101449966430664,1.0050897598266602,255.01727294921875
CAP_20260831_154504,2026-08-31 15:45:04,P01,/hydroponic_project/data_collection/images/lettuce_20260831_154504.jpg,/hydroponic_project/data_collection/crops/lettuce_20260831_154504/P01.jpg,/hydroponic_project/data_collection/crops/lettuce_20260831_154504/P01_224.jpg,29.62,32.8,66.2,6.11,2.7221,1.607,803.6,2.2903,OK,45557,4.0,1.0004022121429443,157.13502502441406
CAP_20260831_154504,2026-08-31 15:45:04,P02,/hydroponic_project/data_collection/images/lettuce_20260831_154504.jpg,/hydroponic_project/data_collection/crops/lettuce_20260831_154504/P02.jpg,/hydroponic_project/data_collection/crops/lettuce_20260831_154504/P02_224.jpg,29.62,32.8,66.2,6.11,2.7221,1.607,803.6,2.2903,OK,45557,4.0,1.0004022121429443,157.13502502441406
CAP_20260831_154504,2026-08-31 15:45:04,P03,/hydroponic_project/data_collection/images/lettuce_20260831_154504.jpg,/hydroponic_project/data_collection/crops/lettuce_20260831_154504/P03.jpg,/hydroponic_project/data_collection/crops/lettuce_20260831_154504/P03_224.jpg,29.62,32.8,66.2,6.11,2.7221,1.607,803.6,2.2903,OK,45557,4.0,1.0004022121429443,157.13502502441406
CAP_20260831_154504,2026-08-31 15:45:04,P04,/hydroponic_project/data_collection/images/lettuce_20260831_154504.jpg,/hydroponic_project/data_collection/crops/lettuce_20260831_154504/P04.jpg,/hydroponic_project/data_collection/crops/lettuce_20260831_154504/P04_224.jpg,29.62,32.8,66.2,6.11,2.7221,1.607,803.6,2.2903,OK,45557,4.0,1.0004022121429443,157.13502502441406
CAP_20260831_154504,2026-08-31 15:45:04,P05,/hydroponic_project/data_collection/images/lettuce_20260831_154504.jpg,/hydroponic_project/data_collection/crops/lettuce_20260831_154504/P05.jpg,/hydroponic_project/data_collection/crops/lettuce_20260831_154504/P05_224.jpg,29.62,32.8,66.2,6.11,2.7221,1.607,803.6,2.2903,OK,45557,4.0,1.0004022121429443,157.13502502441406
CAP_20260831_154504,2026-08-31 15:45:04,P06,/hydroponic_project/data_collection/images/lettuce_20260831_154504.jpg,/hydroponic_project/data_collection/crops/lettuce_20260831_154504/P06.jpg,/hydroponic_project/data_collection/crops/lettuce_20260831_154504/P06_224.jpg,29.62,32.8,66.2,6.11,2.7221,1.607,803.6,2.2903,OK,45557,4.0,1.0004022121429443,157.13502502441406
CAP_20260831_154504,2026-08-31 15:45:04,P07,/hydroponic_project/data_collection/images/lettuce_20260831_154504.jpg,/hydroponic_project/data_collection/crops/lettuce_20260831_154504/P07.jpg,/hydroponic_project/data_collection/crops/lettuce_20260831_154504/P07_224.jpg,29.62,32.8,66.2,6.11,2.7221,1.607,803.6,2.2903,OK,45557,4.0,1.0004022121429443,157.13502502441406
CAP_20260831_154504,2026-08-31 15:45:04,P08,/hydroponic_project/data_collection/images/lettuce_20260831_154504.jpg,/hydroponic_project/data_collection/crops/lettuce_20260831_154504/P08.jpg,/hydroponic_project/data_collection/crops/lettuce_20260831_154504/P08_224.jpg,29.62,32.8,66.2,6.11,2.7221,1.607,803.6,2.2903,OK,45557,4.0,1.0004022121429443,157.13502502441406
CAP_20260831_154504,2026-08-31 15:45:04,P09,/hydroponic_project/data_collection/images/lettuce_20260831_154504.jpg,/hydroponic_project/data_collection/crops/lettuce_20260831_154504/P09.jpg,/hydroponic_project/data_collection/crops/lettuce_20260831_154504/P09_224.jpg,29.62,32.8,66.2,6.11,2.7221,1.607,803.6,2.2903,OK,45557,4.0,1.0004022121429443,157.13502502441406
CAP_20260831_154504,2026-08-31 15:45:04,P10,/hydroponic_project/data_collection/images/lettuce_20260831_154504.jpg,/hydroponic_project/data_collection/crops/lettuce_20260831_154504/P10.jpg,/hydroponic_project/data_collection/crops/lettuce_20260831_154504/P10_224.jpg,29.62,32.8,66.2,6.11,2.7221,1.607,803.6,2.2903,OK,45557,4.0,1.0004022121429443,157.13502502441406
CAP_20260831_154504,2026-08-31 15:45:04,P11,/hydroponic_project/data_collection/images/lettuce_20260831_154504.jpg,/hydroponic_project/data_collection/crops/lettuce_20260831_154504/P11.jpg,/hydroponic_project/data_collection/crops/lettuce_20260831_154504/P11_224.jpg,29.62,32.8,66.2,6.11,2.7221,1.607,803.6,2.2903,OK,45557,4.0,1.0004022121429443,157.13502502441406
CAP_20260831_154504,2026-08-31 15:45:04,P12,/hydroponic_project/data_collection/images/lettuce_20260831_154504.jpg,/hydroponic_project/data_collection/crops/lettuce_20260831_154504/P12.jpg,/hydroponic_project/data_collection/crops/lettuce_20260831_154504/P12_224.jpg,29.62,32.8,66.2,6.11,2.7221,1.607,803.6,2.2903,OK,45557,4.0,1.0004022121429443,157.13502502441406
CAP_20260831_160003,2026-08-31 16:00:03,P01,/hydroponic_project/data_collection/images/lettuce_20260831_160003.jpg,/hydroponic_project/data_collection/crops/lettuce_20260831_160003/P01.jpg,/hydroponic_project/data_collection/crops/lettuce_20260831_160003/P01_224.jpg,29.75,32.8,67.9,6.18,2.7123,1.601,800.7,2.2905,OK,36521,4.0,1.0002144575119019,204.71246337890625
CAP_20260831_160003,2026-08-31 16:00:03,P02,/hydroponic_project/data_collection/images/lettuce_20260831_160003.jpg,/hydroponic_project/data_collection/crops/lettuce_20260831_160003/P02.jpg,/hydroponic_project/data_collection/crops/lettuce_20260831_160003/P02_224.jpg,29.75,32.8,67.9,6.18,2.7123,1.601,800.7,2.2905,OK,36521,4.0,1.0002144575119019,204.71246337890625
CAP_20260831_160003,2026-08-31 16:00:03,P03,/hydroponic_project/data_collection/images/lettuce_20260831_160003.jpg,/hydroponic_project/data_collection/crops/lettuce_20260831_160003/P03.jpg,/hydroponic_project/data_collection/crops/lettuce_20260831_160003/P03_224.jpg,29.75,32.8,67.9,6.18,2.7123,1.601,800.7,2.2905,OK,36521,4.0,1.0002144575119019,204.71246337890625
CAP_20260831_160003,2026-08-31 16:00:03,P04,/hydroponic_project/data_collection/images/lettuce_20260831_160003.jpg,/hydroponic_project/data_collection/crops/lettuce_20260831_160003/P04.jpg,/hydroponic_project/data_collection/crops/lettuce_20260831_160003/P04_224.jpg,29.75,32.8,67.9,6.18,2.7123,1.601,800.7,2.2905,OK,36521,4.0,1.0002144575119019,204.71246337890625
CAP_20260831_160003,2026-08-31 16:00:03,P05,/hydroponic_project/data_collection/images/lettuce_20260831_160003.jpg,/hydroponic_project/data_collection/crops/lettuce_20260831_160003/P05.jpg,/hydroponic_project/data_collection/crops/lettuce_20260831_160003/P05_224.jpg,29.75,32.8,67.9,6.18,2.7123,1.601,800.7,2.2905,OK,36521,4.0,1.0002144575119019,204.71246337890625
CAP_20260831_160003,2026-08-31 16:00:03,P06,/hydroponic_project/data_collection/images/lettuce_20260831_160003.jpg,/hydroponic_project/data_collection/crops/lettuce_20260831_160003/P06.jpg,/hydroponic_project/data_collection/crops/lettuce_20260831_160003/P06_224.jpg,29.75,32.8,67.9,6.18,2.7123,1.601,800.7,2.2905,OK,36521,4.0,1.0002144575119019,204.71246337890625
CAP_20260831_160003,2026-08-31 16:00:03,P07,/hydroponic_project/data_collection/images/lettuce_20260831_160003.jpg,/hydroponic_project/data_collection/crops/lettuce_20260831_160003/P07.jpg,/hydroponic_project/data_collection/crops/lettuce_20260831_160003/P07_224.jpg,29.75,32.8,67.9,6.18,2.7123,1.601,800.7,2.2905,OK,36521,4.0,1.0002144575119019,204.71246337890625
CAP_20260831_160003,2026-08-31 16:00:03,P08,/hydroponic_project/data_collection/images/lettuce_20260831_160003.jpg,/hydroponic_project/data_collection/crops/lettuce_20260831_160003/P08.jpg,/hydroponic_project/data_collection/crops/lettuce_20260831_160003/P08_224.jpg,29.75,32.8,67.9,6.18,2.7123,1.601,800.7,2.2905,OK,36521,4.0,1.0002144575119019,204.71246337890625
CAP_20260831_160003,2026-08-31 16:00:03,P09,/hydroponic_project/data_collection/images/lettuce_20260831_160003.jpg,/hydroponic_project/data_collection/crops/lettuce_20260831_160003/P09.jpg,/hydroponic_project/data_collection/crops/lettuce_20260831_160003/P09_224.jpg,29.75,32.8,67.9,6.18,2.7123,1.601,800.7,2.2905,OK,36521,4.0,1.0002144575119019,204.71246337890625
CAP_20260831_160003,2026-08-31 16:00:03,P10,/hydroponic_project/data_collection/images/lettuce_20260831_160003.jpg,/hydroponic_project/data_collection/crops/lettuce_20260831_160003/P10.jpg,/hydroponic_project/data_collection/crops/lettuce_20260831_160003/P10_224.jpg,29.75,32.8,67.9,6.18,2.7123,1.601,800.7,2.2905,OK,36521,4.0,1.0002144575119019,204.71246337890625
CAP_20260831_160003,2026-08-31 16:00:03,P11,/hydroponic_project/data_collection/images/lettuce_20260831_160003.jpg,/hydroponic_project/data_collection/crops/lettuce_20260831_160003/P11.jpg,/hydroponic_project/data_collection/crops/lettuce_20260831_160003/P11_224.jpg,29.75,32.8,67.9,6.18,2.7123,1.601,800.7,2.2905,OK,36521,4.0,1.0002144575119019,204.71246337890625
CAP_20260831_160003,2026-08-31 16:00:03,P12,/hydroponic_project/data_collection/images/lettuce_20260831_160003.jpg,/hydroponic_project/data_collection/crops/lettuce_20260831_160003/P12.jpg,/hydroponic_project/data_collection/crops/lettuce_20260831_160003/P12_224.jpg,29.75,32.8,67.9,6.18,2.7123,1.601,800.7,2.2905,OK,36521,4.0,1.0002144575119019,204.71246337890625
CAP_20260831_161503,2026-08-31 16:15:03,P01,/hydroponic_project/data_collection/images/lettuce_20260831_161503.jpg,/hydroponic_project/data_collection/crops/lettuce_20260831_161503/P01.jpg,/hydroponic_project/data_collection/crops/lettuce_20260831_161503/P01_224.jpg,29.81,32.7,66.0,6.19,2.7095,1.6,799.9,2.2918,OK,43421,4.0,1.00033438205719,171.735107421875
CAP_20260831_161503,2026-08-31 16:15:03,P02,/hydroponic_project/data_collection/images/lettuce_20260831_161503.jpg,/hydroponic_project/data_collection/crops/lettuce_20260831_161503/P02.jpg,/hydroponic_project/data_collection/crops/lettuce_20260831_161503/P02_224.jpg,29.81,32.7,66.0,6.19,2.7095,1.6,799.9,2.2918,OK,43421,4.0,1.00033438205719,171.735107421875
CAP_20260831_161503,2026-08-31 16:15:03,P03,/hydroponic_project/data_collection/images/lettuce_20260831_161503.jpg,/hydroponic_project/data_collection/crops/lettuce_20260831_161503/P03.jpg,/hydroponic_project/data_collection/crops/lettuce_20260831_161503/P03_224.jpg,29.81,32.7,66.0,6.19,2.7095,1.6,799.9,2.2918,OK,43421,4.0,1.00033438205719,171.735107421875
CAP_20260831_161503,2026-08-31 16:15:03,P04,/hydroponic_project/data_collection/images/lettuce_20260831_161503.jpg,/hydroponic_project/data_collection/crops/lettuce_20260831_161503/P04.jpg,/hydroponic_project/data_collection/crops/lettuce_20260831_161503/P04_224.jpg,29.81,32.7,66.0,6.19,2.7095,1.6,799.9,2.2918,OK,43421,4.0,1.00033438205719,171.735107421875
CAP_20260831_161503,2026-08-31 16:15:03,P05,/hydroponic_project/data_collection/images/lettuce_20260831_161503.jpg,/hydroponic_project/data_collection/crops/lettuce_20260831_161503/P05.jpg,/hydroponic_project/data_collection/crops/lettuce_20260831_161503/P05_224.jpg,29.81,32.7,66.0,6.19,2.7095,1.6,799.9,2.2918,OK,43421,4.0,1.00033438205719,171.735107421875
CAP_20260831_161503,2026-08-31 16:15:03,P06,/hydroponic_project/data_collection/images/lettuce_20260831_161503.jpg,/hydroponic_project/data_collection/crops/lettuce_20260831_161503/P06.jpg,/hydroponic_project/data_collection/crops/lettuce_20260831_161503/P06_224.jpg,29.81,32.7,66.0,6.19,2.7095,1.6,799.9,2.2918,OK,43421,4.0,1.00033438205719,171.735107421875
CAP_20260831_161503,2026-08-31 16:15:03,P07,/hydroponic_project/data_collection/images/lettuce_20260831_161503.jpg,/hydroponic_project/data_collection/crops/lettuce_20260831_161503/P07.jpg,/hydroponic_project/data_collection/crops/lettuce_20260831_161503/P07_224.jpg,29.81,32.7,66.0,6.19,2.7095,1.6,799.9,2.2918,OK,43421,4.0,1.00033438205719,171.735107421875
CAP_20260831_161503,2026-08-31 16:15:03,P08,/hydroponic_project/data_collection/images/lettuce_20260831_161503.jpg,/hydroponic_project/data_collection/crops/lettuce_20260831_161503/P08.jpg,/hydroponic_project/data_collection/crops/lettuce_20260831_161503/P08_224.jpg,29.81,32.7,66.0,6.19,2.7095,1.6,799.9,2.2918,OK,43421,4.0,1.00033438205719,171.735107421875
CAP_20260831_161503,2026-08-31 16:15:03,P09,/hydroponic_project/data_collection/images/lettuce_20260831_161503.jpg,/hydroponic_project/data_collection/crops/lettuce_20260831_161503/P09.jpg,/hydroponic_project/data_collection/crops/lettuce_20260831_161503/P09_224.jpg,29.81,32.7,66.0,6.19,2.7095,1.6,799.9,2.2918,OK,43421,4.0,1.00033438205719,171.735107421875
CAP_20260831_161503,2026-08-31 16:15:03,P10,/hydroponic_project/data_collection/images/lettuce_20260831_161503.jpg,/hydroponic_project/data_collection/crops/lettuce_20260831_161503/P10.jpg,/hydroponic_project/data_collection/crops/lettuce_20260831_161503/P10_224.jpg,29.81,32.7,66.0,6.19,2.7095,1.6,799.9,2.2918,OK,43421,4.0,1.00033438205719,171.735107421875
CAP_20260831_161503,2026-08-31 16:15:03,P11,/hydroponic_project/data_collection/images/lettuce_20260831_161503.jpg,/hydroponic_project/data_collection/crops/lettuce_20260831_161503/P11.jpg,/hydroponic_project/data_collection/crops/lettuce_20260831_161503/P11_224.jpg,29.81,32.7,66.0,6.19,2.7095,1.6,799.9,2.2918,OK,43421,4.0,1.00033438205719,171.735107421875
CAP_20260831_161503,2026-08-31 16:15:03,P12,/hydroponic_project/data_collection/images/lettuce_20260831_161503.jpg,/hydroponic_project/data_collection/crops/lettuce_20260831_161503/P12.jpg,/hydroponic_project/data_collection/crops/lettuce_20260831_161503/P12_224.jpg,29.81,32.7,66.0,6.19,2.7095,1.6,799.9,2.2918,OK,43421,4.0,1.00033438205719,171.735107421875
CAP_20260831_163004,2026-08-31 16:30:04,P01,/hydroponic_project/data_collection/images/lettuce_20260831_163004.jpg,/hydroponic_project/data_collection/crops/lettuce_20260831_163004/P01.jpg,/hydroponic_project/data_collection/crops/lettuce_20260831_163004/P01_224.jpg,29.94,32.5,67.5,6.23,2.7026,1.593,796.7,2.2916,OK,59999,4.129032135009766,1.0030879974365234,121.11809539794922
CAP_20260831_163004,2026-08-31 16:30:04,P02,/hydroponic_project/data_collection/images/lettuce_20260831_163004.jpg,/hydroponic_project/data_collection/crops/lettuce_20260831_163004/P02.jpg,/hydroponic_project/data_collection/crops/lettuce_20260831_163004/P02_224.jpg,29.94,32.5,67.5,6.23,2.7026,1.593,796.7,2.2916,OK,59999,4.129032135009766,1.0030879974365234,121.11809539794922
CAP_20260831_163004,2026-08-31 16:30:04,P03,/hydroponic_project/data_collection/images/lettuce_20260831_163004.jpg,/hydroponic_project/data_collection/crops/lettuce_20260831_163004/P03.jpg,/hydroponic_project/data_collection/crops/lettuce_20260831_163004/P03_224.jpg,29.94,32.5,67.5,6.23,2.7026,1.593,796.7,2.2916,OK,59999,4.129032135009766,1.0030879974365234,121.11809539794922
CAP_20260831_163004,2026-08-31 16:30:04,P04,/hydroponic_project/data_collection/images/lettuce_20260831_163004.jpg,/hydroponic_project/data_collection/crops/lettuce_20260831_163004/P04.jpg,/hydroponic_project/data_collection/crops/lettuce_20260831_163004/P04_224.jpg,29.94,32.5,67.5,6.23,2.7026,1.593,796.7,2.2916,OK,59999,4.129032135009766,1.0030879974365234,121.11809539794922
CAP_20260831_163004,2026-08-31 16:30:04,P05,/hydroponic_project/data_collection/images/lettuce_20260831_163004.jpg,/hydroponic_project/data_collection/crops/lettuce_20260831_163004/P05.jpg,/hydroponic_project/data_collection/crops/lettuce_20260831_163004/P05_224.jpg,29.94,32.5,67.5,6.23,2.7026,1.593,796.7,2.2916,OK,59999,4.129032135009766,1.0030879974365234,121.11809539794922
CAP_20260831_163004,2026-08-31 16:30:04,P06,/hydroponic_project/data_collection/images/lettuce_20260831_163004.jpg,/hydroponic_project/data_collection/crops/lettuce_20260831_163004/P06.jpg,/hydroponic_project/data_collection/crops/lettuce_20260831_163004/P06_224.jpg,29.94,32.5,67.5,6.23,2.7026,1.593,796.7,2.2916,OK,59999,4.129032135009766,1.0030879974365234,121.11809539794922
CAP_20260831_163004,2026-08-31 16:30:04,P07,/hydroponic_project/data_collection/images/lettuce_20260831_163004.jpg,/hydroponic_project/data_collection/crops/lettuce_20260831_163004/P07.jpg,/hydroponic_project/data_collection/crops/lettuce_20260831_163004/P07_224.jpg,29.94,32.5,67.5,6.23,2.7026,1.593,796.7,2.2916,OK,59999,4.129032135009766,1.0030879974365234,121.11809539794922
CAP_20260831_163004,2026-08-31 16:30:04,P08,/hydroponic_project/data_collection/images/lettuce_20260831_163004.jpg,/hydroponic_project/data_collection/crops/lettuce_20260831_163004/P08.jpg,/hydroponic_project/data_collection/crops/lettuce_20260831_163004/P08_224.jpg,29.94,32.5,67.5,6.23,2.7026,1.593,796.7,2.2916,OK,59999,4.129032135009766,1.0030879974365234,121.11809539794922
CAP_20260831_163004,2026-08-31 16:30:04,P09,/hydroponic_project/data_collection/images/lettuce_20260831_163004.jpg,/hydroponic_project/data_collection/crops/lettuce_20260831_163004/P09.jpg,/hydroponic_project/data_collection/crops/lettuce_20260831_163004/P09_224.jpg,29.94,32.5,67.5,6.23,2.7026,1.593,796.7,2.2916,OK,59999,4.129032135009766,1.0030879974365234,121.11809539794922
CAP_20260831_163004,2026-08-31 16:30:04,P10,/hydroponic_project/data_collection/images/lettuce_20260831_163004.jpg,/hydroponic_project/data_collection/crops/lettuce_20260831_163004/P10.jpg,/hydroponic_project/data_collection/crops/lettuce_20260831_163004/P10_224.jpg,29.94,32.5,67.5,6.23,2.7026,1.593,796.7,2.2916,OK,59999,4.129032135009766,1.0030879974365234,121.11809539794922
CAP_20260831_163004,2026-08-31 16:30:04,P11,/hydroponic_project/data_collection/images/lettuce_20260831_163004.jpg,/hydroponic_project/data_collection/crops/lettuce_20260831_163004/P11.jpg,/hydroponic_project/data_collection/crops/lettuce_20260831_163004/P11_224.jpg,29.94,32.5,67.5,6.23,2.7026,1.593,796.7,2.2916,OK,59999,4.129032135009766,1.0030879974365234,121.11809539794922
CAP_20260831_163004,2026-08-31 16:30:04,P12,/hydroponic_project/data_collection/images/lettuce_20260831_163004.jpg,/hydroponic_project/data_collection/crops/lettuce_20260831_163004/P12.jpg,/hydroponic_project/data_collection/crops/lettuce_20260831_163004/P12_224.jpg,29.94,32.5,67.5,6.23,2.7026,1.593,796.7,2.2916,OK,59999,4.129032135009766,1.0030879974365234,121.11809539794922
CAP_20260831_164504,2026-08-31 16:45:04,P01,/hydroponic_project/data_collection/images/lettuce_20260831_164504.jpg,/hydroponic_project/data_collection/crops/lettuce_20260831_164504/P01.jpg,/hydroponic_project/data_collection/crops/lettuce_20260831_164504/P01_224.jpg,29.94,32.0,69.0,6.3,2.692,1.591,795.7,2.2899,OK,59999,5.224489688873291,1.0129278898239136,95.22115325927734
CAP_20260831_164504,2026-08-31 16:45:04,P02,/hydroponic_project/data_collection/images/lettuce_20260831_164504.jpg,/hydroponic_project/data_collection/crops/lettuce_20260831_164504/P02.jpg,/hydroponic_project/data_collection/crops/lettuce_20260831_164504/P02_224.jpg,29.94,32.0,69.0,6.3,2.692,1.591,795.7,2.2899,OK,59999,5.224489688873291,1.0129278898239136,95.22115325927734
CAP_20260831_164504,2026-08-31 16:45:04,P03,/hydroponic_project/data_collection/images/lettuce_20260831_164504.jpg,/hydroponic_project/data_collection/crops/lettuce_20260831_164504/P03.jpg,/hydroponic_project/data_collection/crops/lettuce_20260831_164504/P03_224.jpg,29.94,32.0,69.0,6.3,2.692,1.591,795.7,2.2899,OK,59999,5.224489688873291,1.0129278898239136,95.22115325927734
CAP_20260831_164504,2026-08-31 16:45:04,P04,/hydroponic_project/data_collection/images/lettuce_20260831_164504.jpg,/hydroponic_project/data_collection/crops/lettuce_20260831_164504/P04.jpg,/hydroponic_project/data_collection/crops/lettuce_20260831_164504/P04_224.jpg,29.94,32.0,69.0,6.3,2.692,1.591,795.7,2.2899,OK,59999,5.224489688873291,1.0129278898239136,95.22115325927734
CAP_20260831_164504,2026-08-31 16:45:04,P05,/hydroponic_project/data_collection/images/lettuce_20260831_164504.jpg,/hydroponic_project/data_collection/crops/lettuce_20260831_164504/P05.jpg,/hydroponic_project/data_collection/crops/lettuce_20260831_164504/P05_224.jpg,29.94,32.0,69.0,6.3,2.692,1.591,795.7,2.2899,OK,59999,5.224489688873291,1.0129278898239136,95.22115325927734
CAP_20260831_164504,2026-08-31 16:45:04,P06,/hydroponic_project/data_collection/images/lettuce_20260831_164504.jpg,/hydroponic_project/data_collection/crops/lettuce_20260831_164504/P06.jpg,/hydroponic_project/data_collection/crops/lettuce_20260831_164504/P06_224.jpg,29.94,32.0,69.0,6.3,2.692,1.591,795.7,2.2899,OK,59999,5.224489688873291,1.0129278898239136,95.22115325927734
CAP_20260831_164504,2026-08-31 16:45:04,P07,/hydroponic_project/data_collection/images/lettuce_20260831_164504.jpg,/hydroponic_project/data_collection/crops/lettuce_20260831_164504/P07.jpg,/hydroponic_project/data_collection/crops/lettuce_20260831_164504/P07_224.jpg,29.94,32.0,69.0,6.3,2.692,1.591,795.7,2.2899,OK,59999,5.224489688873291,1.0129278898239136,95.22115325927734
CAP_20260831_164504,2026-08-31 16:45:04,P08,/hydroponic_project/data_collection/images/lettuce_20260831_164504.jpg,/hydroponic_project/data_collection/crops/lettuce_20260831_164504/P08.jpg,/hydroponic_project/data_collection/crops/lettuce_20260831_164504/P08_224.jpg,29.94,32.0,69.0,6.3,2.692,1.591,795.7,2.2899,OK,59999,5.224489688873291,1.0129278898239136,95.22115325927734
CAP_20260831_164504,2026-08-31 16:45:04,P09,/hydroponic_project/data_collection/images/lettuce_20260831_164504.jpg,/hydroponic_project/data_collection/crops/lettuce_20260831_164504/P09.jpg,/hydroponic_project/data_collection/crops/lettuce_20260831_164504/P09_224.jpg,29.94,32.0,69.0,6.3,2.692,1.591,795.7,2.2899,OK,59999,5.224489688873291,1.0129278898239136,95.22115325927734
CAP_20260831_164504,2026-08-31 16:45:04,P10,/hydroponic_project/data_collection/images/lettuce_20260831_164504.jpg,/hydroponic_project/data_collection/crops/lettuce_20260831_164504/P10.jpg,/hydroponic_project/data_collection/crops/lettuce_20260831_164504/P10_224.jpg,29.94,32.0,69.0,6.3,2.692,1.591,795.7,2.2899,OK,59999,5.224489688873291,1.0129278898239136,95.22115325927734
CAP_20260831_164504,2026-08-31 16:45:04,P11,/hydroponic_project/data_collection/images/lettuce_20260831_164504.jpg,/hydroponic_project/data_collection/crops/lettuce_20260831_164504/P11.jpg,/hydroponic_project/data_collection/crops/lettuce_20260831_164504/P11_224.jpg,29.94,32.0,69.0,6.3,2.692,1.591,795.7,2.2899,OK,59999,5.224489688873291,1.0129278898239136,95.22115325927734
CAP_20260831_164504,2026-08-31 16:45:04,P12,/hydroponic_project/data_collection/images/lettuce_20260831_164504.jpg,/hydroponic_project/data_collection/crops/lettuce_20260831_164504/P12.jpg,/hydroponic_project/data_collection/crops/lettuce_20260831_164504/P12_224.jpg,29.94,32.0,69.0,6.3,2.692,1.591,795.7,2.2899,OK,59999,5.224489688873291,1.0129278898239136,95.22115325927734
CAP_20260831_170003,2026-08-31 17:00:03,P01,/hydroponic_project/data_collection/images/lettuce_20260831_170003.jpg,/hydroponic_project/data_collection/crops/lettuce_20260831_170003/P01.jpg,/hydroponic_project/data_collection/crops/lettuce_20260831_170003/P01_224.jpg,28.19,31.9,70.3,6.14,2.7178,1.648,824.1,2.263,OK,59999,4.92307710647583,1.0141290426254272,100.67849731445312
CAP_20260831_170003,2026-08-31 17:00:03,P02,/hydroponic_project/data_collection/images/lettuce_20260831_170003.jpg,/hydroponic_project/data_collection/crops/lettuce_20260831_170003/P02.jpg,/hydroponic_project/data_collection/crops/lettuce_20260831_170003/P02_224.jpg,28.19,31.9,70.3,6.14,2.7178,1.648,824.1,2.263,OK,59999,4.92307710647583,1.0141290426254272,100.67849731445312
CAP_20260831_170003,2026-08-31 17:00:03,P03,/hydroponic_project/data_collection/images/lettuce_20260831_170003.jpg,/hydroponic_project/data_collection/crops/lettuce_20260831_170003/P03.jpg,/hydroponic_project/data_collection/crops/lettuce_20260831_170003/P03_224.jpg,28.19,31.9,70.3,6.14,2.7178,1.648,824.1,2.263,OK,59999,4.92307710647583,1.0141290426254272,100.67849731445312
CAP_20260831_170003,2026-08-31 17:00:03,P04,/hydroponic_project/data_collection/images/lettuce_20260831_170003.jpg,/hydroponic_project/data_collection/crops/lettuce_20260831_170003/P04.jpg,/hydroponic_project/data_collection/crops/lettuce_20260831_170003/P04_224.jpg,28.19,31.9,70.3,6.14,2.7178,1.648,824.1,2.263,OK,59999,4.92307710647583,1.0141290426254272,100.67849731445312
CAP_20260831_170003,2026-08-31 17:00:03,P05,/hydroponic_project/data_collection/images/lettuce_20260831_170003.jpg,/hydroponic_project/data_collection/crops/lettuce_20260831_170003/P05.jpg,/hydroponic_project/data_collection/crops/lettuce_20260831_170003/P05_224.jpg,28.19,31.9,70.3,6.14,2.7178,1.648,824.1,2.263,OK,59999,4.92307710647583,1.0141290426254272,100.67849731445312
CAP_20260831_170003,2026-08-31 17:00:03,P06,/hydroponic_project/data_collection/images/lettuce_20260831_170003.jpg,/hydroponic_project/data_collection/crops/lettuce_20260831_170003/P06.jpg,/hydroponic_project/data_collection/crops/lettuce_20260831_170003/P06_224.jpg,28.19,31.9,70.3,6.14,2.7178,1.648,824.1,2.263,OK,59999,4.92307710647583,1.0141290426254272,100.67849731445312
CAP_20260831_170003,2026-08-31 17:00:03,P07,/hydroponic_project/data_collection/images/lettuce_20260831_170003.jpg,/hydroponic_project/data_collection/crops/lettuce_20260831_170003/P07.jpg,/hydroponic_project/data_collection/crops/lettuce_20260831_170003/P07_224.jpg,28.19,31.9,70.3,6.14,2.7178,1.648,824.1,2.263,OK,59999,4.92307710647583,1.0141290426254272,100.67849731445312
CAP_20260831_170003,2026-08-31 17:00:03,P08,/hydroponic_project/data_collection/images/lettuce_20260831_170003.jpg,/hydroponic_project/data_collection/crops/lettuce_20260831_170003/P08.jpg,/hydroponic_project/data_collection/crops/lettuce_20260831_170003/P08_224.jpg,28.19,31.9,70.3,6.14,2.7178,1.648,824.1,2.263,OK,59999,4.92307710647583,1.0141290426254272,100.67849731445312
CAP_20260831_170003,2026-08-31 17:00:03,P09,/hydroponic_project/data_collection/images/lettuce_20260831_170003.jpg,/hydroponic_project/data_collection/crops/lettuce_20260831_170003/P09.jpg,/hydroponic_project/data_collection/crops/lettuce_20260831_170003/P09_224.jpg,28.19,31.9,70.3,6.14,2.7178,1.648,824.1,2.263,OK,59999,4.92307710647583,1.0141290426254272,100.67849731445312
CAP_20260831_170003,2026-08-31 17:00:03,P10,/hydroponic_project/data_collection/images/lettuce_20260831_170003.jpg,/hydroponic_project/data_collection/crops/lettuce_20260831_170003/P10.jpg,/hydroponic_project/data_collection/crops/lettuce_20260831_170003/P10_224.jpg,28.19,31.9,70.3,6.14,2.7178,1.648,824.1,2.263,OK,59999,4.92307710647583,1.0141290426254272,100.67849731445312
CAP_20260831_170003,2026-08-31 17:00:03,P11,/hydroponic_project/data_collection/images/lettuce_20260831_170003.jpg,/hydroponic_project/data_collection/crops/lettuce_20260831_170003/P11.jpg,/hydroponic_project/data_collection/crops/lettuce_20260831_170003/P11_224.jpg,28.19,31.9,70.3,6.14,2.7178,1.648,824.1,2.263,OK,59999,4.92307710647583,1.0141290426254272,100.67849731445312
CAP_20260831_170003,2026-08-31 17:00:03,P12,/hydroponic_project/data_collection/images/lettuce_20260831_170003.jpg,/hydroponic_project/data_collection/crops/lettuce_20260831_170003/P12.jpg,/hydroponic_project/data_collection/crops/lettuce_20260831_170003/P12_224.jpg,28.19,31.9,70.3,6.14,2.7178,1.648,824.1,2.263,OK,59999,4.92307710647583,1.0141290426254272,100.67849731445312
CAP_20260831_171503,2026-08-31 17:15:03,P01,/hydroponic_project/data_collection/images/lettuce_20260831_171503.jpg,/hydroponic_project/data_collection/crops/lettuce_20260831_171503/P01.jpg,/hydroponic_project/data_collection/crops/lettuce_20260831_171503/P01_224.jpg,28.12,31.7,70.7,6.16,2.7145,1.652,826.0,2.2633,OK,59999,5.224489688873291,1.0183578729629517,94.83765411376953
CAP_20260831_171503,2026-08-31 17:15:03,P02,/hydroponic_project/data_collection/images/lettuce_20260831_171503.jpg,/hydroponic_project/data_collection/crops/lettuce_20260831_171503/P02.jpg,/hydroponic_project/data_collection/crops/lettuce_20260831_171503/P02_224.jpg,28.12,31.7,70.7,6.16,2.7145,1.652,826.0,2.2633,OK,59999,5.224489688873291,1.0183578729629517,94.83765411376953
CAP_20260831_171503,2026-08-31 17:15:03,P03,/hydroponic_project/data_collection/images/lettuce_20260831_171503.jpg,/hydroponic_project/data_collection/crops/lettuce_20260831_171503/P03.jpg,/hydroponic_project/data_collection/crops/lettuce_20260831_171503/P03_224.jpg,28.12,31.7,70.7,6.16,2.7145,1.652,826.0,2.2633,OK,59999,5.224489688873291,1.0183578729629517,94.83765411376953
CAP_20260831_171503,2026-08-31 17:15:03,P04,/hydroponic_project/data_collection/images/lettuce_20260831_171503.jpg,/hydroponic_project/data_collection/crops/lettuce_20260831_171503/P04.jpg,/hydroponic_project/data_collection/crops/lettuce_20260831_171503/P04_224.jpg,28.12,31.7,70.7,6.16,2.7145,1.652,826.0,2.2633,OK,59999,5.224489688873291,1.0183578729629517,94.83765411376953
CAP_20260831_171503,2026-08-31 17:15:03,P05,/hydroponic_project/data_collection/images/lettuce_20260831_171503.jpg,/hydroponic_project/data_collection/crops/lettuce_20260831_171503/P05.jpg,/hydroponic_project/data_collection/crops/lettuce_20260831_171503/P05_224.jpg,28.12,31.7,70.7,6.16,2.7145,1.652,826.0,2.2633,OK,59999,5.224489688873291,1.0183578729629517,94.83765411376953
CAP_20260831_171503,2026-08-31 17:15:03,P06,/hydroponic_project/data_collection/images/lettuce_20260831_171503.jpg,/hydroponic_project/data_collection/crops/lettuce_20260831_171503/P06.jpg,/hydroponic_project/data_collection/crops/lettuce_20260831_171503/P06_224.jpg,28.12,31.7,70.7,6.16,2.7145,1.652,826.0,2.2633,OK,59999,5.224489688873291,1.0183578729629517,94.83765411376953
CAP_20260831_171503,2026-08-31 17:15:03,P07,/hydroponic_project/data_collection/images/lettuce_20260831_171503.jpg,/hydroponic_project/data_collection/crops/lettuce_20260831_171503/P07.jpg,/hydroponic_project/data_collection/crops/lettuce_20260831_171503/P07_224.jpg,28.12,31.7,70.7,6.16,2.7145,1.652,826.0,2.2633,OK,59999,5.224489688873291,1.0183578729629517,94.83765411376953
CAP_20260831_171503,2026-08-31 17:15:03,P08,/hydroponic_project/data_collection/images/lettuce_20260831_171503.jpg,/hydroponic_project/data_collection/crops/lettuce_20260831_171503/P08.jpg,/hydroponic_project/data_collection/crops/lettuce_20260831_171503/P08_224.jpg,28.12,31.7,70.7,6.16,2.7145,1.652,826.0,2.2633,OK,59999,5.224489688873291,1.0183578729629517,94.83765411376953
CAP_20260831_171503,2026-08-31 17:15:03,P09,/hydroponic_project/data_collection/images/lettuce_20260831_171503.jpg,/hydroponic_project/data_collection/crops/lettuce_20260831_171503/P09.jpg,/hydroponic_project/data_collection/crops/lettuce_20260831_171503/P09_224.jpg,28.12,31.7,70.7,6.16,2.7145,1.652,826.0,2.2633,OK,59999,5.224489688873291,1.0183578729629517,94.83765411376953
CAP_20260831_171503,2026-08-31 17:15:03,P10,/hydroponic_project/data_collection/images/lettuce_20260831_171503.jpg,/hydroponic_project/data_collection/crops/lettuce_20260831_171503/P10.jpg,/hydroponic_project/data_collection/crops/lettuce_20260831_171503/P10_224.jpg,28.12,31.7,70.7,6.16,2.7145,1.652,826.0,2.2633,OK,59999,5.224489688873291,1.0183578729629517,94.83765411376953
CAP_20260831_171503,2026-08-31 17:15:03,P11,/hydroponic_project/data_collection/images/lettuce_20260831_171503.jpg,/hydroponic_project/data_collection/crops/lettuce_20260831_171503/P11.jpg,/hydroponic_project/data_collection/crops/lettuce_20260831_171503/P11_224.jpg,28.12,31.7,70.7,6.16,2.7145,1.652,826.0,2.2633,OK,59999,5.224489688873291,1.0183578729629517,94.83765411376953
CAP_20260831_171503,2026-08-31 17:15:03,P12,/hydroponic_project/data_collection/images/lettuce_20260831_171503.jpg,/hydroponic_project/data_collection/crops/lettuce_20260831_171503/P12.jpg,/hydroponic_project/data_collection/crops/lettuce_20260831_171503/P12_224.jpg,28.12,31.7,70.7,6.16,2.7145,1.652,826.0,2.2633,OK,59999,5.224489688873291,1.0183578729629517,94.83765411376953
CAP_20260831_173003,2026-08-31 17:30:03,P01,/hydroponic_project/data_collection/images/lettuce_20260831_173003.jpg,/hydroponic_project/data_collection/crops/lettuce_20260831_173003/P01.jpg,/hydroponic_project/data_collection/crops/lettuce_20260831_173003/P01_224.jpg,28.19,31.6,72.2,6.1,2.7239,1.644,822.0,2.2596,OK,66653,8.533333778381348,1.0082980394363403,51.46257400512695
CAP_20260831_173003,2026-08-31 17:30:03,P02,/hydroponic_project/data_collection/images/lettuce_20260831_173003.jpg,/hydroponic_project/data_collection/crops/lettuce_20260831_173003/P02.jpg,/hydroponic_project/data_collection/crops/lettuce_20260831_173003/P02_224.jpg,28.19,31.6,72.2,6.1,2.7239,1.644,822.0,2.2596,OK,66653,8.533333778381348,1.0082980394363403,51.46257400512695
CAP_20260831_173003,2026-08-31 17:30:03,P03,/hydroponic_project/data_collection/images/lettuce_20260831_173003.jpg,/hydroponic_project/data_collection/crops/lettuce_20260831_173003/P03.jpg,/hydroponic_project/data_collection/crops/lettuce_20260831_173003/P03_224.jpg,28.19,31.6,72.2,6.1,2.7239,1.644,822.0,2.2596,OK,66653,8.533333778381348,1.0082980394363403,51.46257400512695
CAP_20260831_173003,2026-08-31 17:30:03,P04,/hydroponic_project/data_collection/images/lettuce_20260831_173003.jpg,/hydroponic_project/data_collection/crops/lettuce_20260831_173003/P04.jpg,/hydroponic_project/data_collection/crops/lettuce_20260831_173003/P04_224.jpg,28.19,31.6,72.2,6.1,2.7239,1.644,822.0,2.2596,OK,66653,8.533333778381348,1.0082980394363403,51.46257400512695
CAP_20260831_173003,2026-08-31 17:30:03,P05,/hydroponic_project/data_collection/images/lettuce_20260831_173003.jpg,/hydroponic_project/data_collection/crops/lettuce_20260831_173003/P05.jpg,/hydroponic_project/data_collection/crops/lettuce_20260831_173003/P05_224.jpg,28.19,31.6,72.2,6.1,2.7239,1.644,822.0,2.2596,OK,66653,8.533333778381348,1.0082980394363403,51.46257400512695
CAP_20260831_173003,2026-08-31 17:30:03,P06,/hydroponic_project/data_collection/images/lettuce_20260831_173003.jpg,/hydroponic_project/data_collection/crops/lettuce_20260831_173003/P06.jpg,/hydroponic_project/data_collection/crops/lettuce_20260831_173003/P06_224.jpg,28.19,31.6,72.2,6.1,2.7239,1.644,822.0,2.2596,OK,66653,8.533333778381348,1.0082980394363403,51.46257400512695
CAP_20260831_173003,2026-08-31 17:30:03,P07,/hydroponic_project/data_collection/images/lettuce_20260831_173003.jpg,/hydroponic_project/data_collection/crops/lettuce_20260831_173003/P07.jpg,/hydroponic_project/data_collection/crops/lettuce_20260831_173003/P07_224.jpg,28.19,31.6,72.2,6.1,2.7239,1.644,822.0,2.2596,OK,66653,8.533333778381348,1.0082980394363403,51.46257400512695
CAP_20260831_173003,2026-08-31 17:30:03,P08,/hydroponic_project/data_collection/images/lettuce_20260831_173003.jpg,/hydroponic_project/data_collection/crops/lettuce_20260831_173003/P08.jpg,/hydroponic_project/data_collection/crops/lettuce_20260831_173003/P08_224.jpg,28.19,31.6,72.2,6.1,2.7239,1.644,822.0,2.2596,OK,66653,8.533333778381348,1.0082980394363403,51.46257400512695
CAP_20260831_173003,2026-08-31 17:30:03,P09,/hydroponic_project/data_collection/images/lettuce_20260831_173003.jpg,/hydroponic_project/data_collection/crops/lettuce_20260831_173003/P09.jpg,/hydroponic_project/data_collection/crops/lettuce_20260831_173003/P09_224.jpg,28.19,31.6,72.2,6.1,2.7239,1.644,822.0,2.2596,OK,66653,8.533333778381348,1.0082980394363403,51.46257400512695
CAP_20260831_173003,2026-08-31 17:30:03,P10,/hydroponic_project/data_collection/images/lettuce_20260831_173003.jpg,/hydroponic_project/data_collection/crops/lettuce_20260831_173003/P10.jpg,/hydroponic_project/data_collection/crops/lettuce_20260831_173003/P10_224.jpg,28.19,31.6,72.2,6.1,2.7239,1.644,822.0,2.2596,OK,66653,8.533333778381348,1.0082980394363403,51.46257400512695
CAP_20260831_173003,2026-08-31 17:30:03,P11,/hydroponic_project/data_collection/images/lettuce_20260831_173003.jpg,/hydroponic_project/data_collection/crops/lettuce_20260831_173003/P11.jpg,/hydroponic_project/data_collection/crops/lettuce_20260831_173003/P11_224.jpg,28.19,31.6,72.2,6.1,2.7239,1.644,822.0,2.2596,OK,66653,8.533333778381348,1.0082980394363403,51.46257400512695
CAP_20260831_173003,2026-08-31 17:30:03,P12,/hydroponic_project/data_collection/images/lettuce_20260831_173003.jpg,/hydroponic_project/data_collection/crops/lettuce_20260831_173003/P12.jpg,/hydroponic_project/data_collection/crops/lettuce_20260831_173003/P12_224.jpg,28.19,31.6,72.2,6.1,2.7239,1.644,822.0,2.2596,OK,66653,8.533333778381348,1.0082980394363403,51.46257400512695
CAP_20260831_174503,2026-08-31 17:45:03,P01,/hydroponic_project/data_collection/images/lettuce_20260831_174503.jpg,/hydroponic_project/data_collection/crops/lettuce_20260831_174503/P01.jpg,/hydroponic_project/data_collection/crops/lettuce_20260831_174503/P01_224.jpg,28.31,31.5,72.4,6.26,2.6989,1.637,818.6,2.2595,OK,66653,9.84615421295166,1.0158113241195679,36.07670593261719
CAP_20260831_174503,2026-08-31 17:45:03,P02,/hydroponic_project/data_collection/images/lettuce_20260831_174503.jpg,/hydroponic_project/data_collection/crops/lettuce_20260831_174503/P02.jpg,/hydroponic_project/data_collection/crops/lettuce_20260831_174503/P02_224.jpg,28.31,31.5,72.4,6.26,2.6989,1.637,818.6,2.2595,OK,66653,9.84615421295166,1.0158113241195679,36.07670593261719
CAP_20260831_174503,2026-08-31 17:45:03,P03,/hydroponic_project/data_collection/images/lettuce_20260831_174503.jpg,/hydroponic_project/data_collection/crops/lettuce_20260831_174503/P03.jpg,/hydroponic_project/data_collection/crops/lettuce_20260831_174503/P03_224.jpg,28.31,31.5,72.4,6.26,2.6989,1.637,818.6,2.2595,OK,66653,9.84615421295166,1.0158113241195679,36.07670593261719
CAP_20260831_174503,2026-08-31 17:45:03,P04,/hydroponic_project/data_collection/images/lettuce_20260831_174503.jpg,/hydroponic_project/data_collection/crops/lettuce_20260831_174503/P04.jpg,/hydroponic_project/data_collection/crops/lettuce_20260831_174503/P04_224.jpg,28.31,31.5,72.4,6.26,2.6989,1.637,818.6,2.2595,OK,66653,9.84615421295166,1.0158113241195679,36.07670593261719
CAP_20260831_174503,2026-08-31 17:45:03,P05,/hydroponic_project/data_collection/images/lettuce_20260831_174503.jpg,/hydroponic_project/data_collection/crops/lettuce_20260831_174503/P05.jpg,/hydroponic_project/data_collection/crops/lettuce_20260831_174503/P05_224.jpg,28.31,31.5,72.4,6.26,2.6989,1.637,818.6,2.2595,OK,66653,9.84615421295166,1.0158113241195679,36.07670593261719
CAP_20260831_174503,2026-08-31 17:45:03,P06,/hydroponic_project/data_collection/images/lettuce_20260831_174503.jpg,/hydroponic_project/data_collection/crops/lettuce_20260831_174503/P06.jpg,/hydroponic_project/data_collection/crops/lettuce_20260831_174503/P06_224.jpg,28.31,31.5,72.4,6.26,2.6989,1.637,818.6,2.2595,OK,66653,9.84615421295166,1.0158113241195679,36.07670593261719
CAP_20260831_174503,2026-08-31 17:45:03,P07,/hydroponic_project/data_collection/images/lettuce_20260831_174503.jpg,/hydroponic_project/data_collection/crops/lettuce_20260831_174503/P07.jpg,/hydroponic_project/data_collection/crops/lettuce_20260831_174503/P07_224.jpg,28.31,31.5,72.4,6.26,2.6989,1.637,818.6,2.2595,OK,66653,9.84615421295166,1.0158113241195679,36.07670593261719
CAP_20260831_174503,2026-08-31 17:45:03,P08,/hydroponic_project/data_collection/images/lettuce_20260831_174503.jpg,/hydroponic_project/data_collection/crops/lettuce_20260831_174503/P08.jpg,/hydroponic_project/data_collection/crops/lettuce_20260831_174503/P08_224.jpg,28.31,31.5,72.4,6.26,2.6989,1.637,818.6,2.2595,OK,66653,9.84615421295166,1.0158113241195679,36.07670593261719
CAP_20260831_174503,2026-08-31 17:45:03,P09,/hydroponic_project/data_collection/images/lettuce_20260831_174503.jpg,/hydroponic_project/data_collection/crops/lettuce_20260831_174503/P09.jpg,/hydroponic_project/data_collection/crops/lettuce_20260831_174503/P09_224.jpg,28.31,31.5,72.4,6.26,2.6989,1.637,818.6,2.2595,OK,66653,9.84615421295166,1.0158113241195679,36.07670593261719
CAP_20260831_174503,2026-08-31 17:45:03,P10,/hydroponic_project/data_collection/images/lettuce_20260831_174503.jpg,/hydroponic_project/data_collection/crops/lettuce_20260831_174503/P10.jpg,/hydroponic_project/data_collection/crops/lettuce_20260831_174503/P10_224.jpg,28.31,31.5,72.4,6.26,2.6989,1.637,818.6,2.2595,OK,66653,9.84615421295166,1.0158113241195679,36.07670593261719
CAP_20260831_174503,2026-08-31 17:45:03,P11,/hydroponic_project/data_collection/images/lettuce_20260831_174503.jpg,/hydroponic_project/data_collection/crops/lettuce_20260831_174503/P11.jpg,/hydroponic_project/data_collection/crops/lettuce_20260831_174503/P11_224.jpg,28.31,31.5,72.4,6.26,2.6989,1.637,818.6,2.2595,OK,66653,9.84615421295166,1.0158113241195679,36.07670593261719
CAP_20260831_174503,2026-08-31 17:45:03,P12,/hydroponic_project/data_collection/images/lettuce_20260831_174503.jpg,/hydroponic_project/data_collection/crops/lettuce_20260831_174503/P12.jpg,/hydroponic_project/data_collection/crops/lettuce_20260831_174503/P12_224.jpg,28.31,31.5,72.4,6.26,2.6989,1.637,818.6,2.2595,OK,66653,9.84615421295166,1.0158113241195679,36.07670593261719
CAP_20260831_180003,2026-08-31 18:00:03,P01,/hydroponic_project/data_collection/images/lettuce_20260831_180003.jpg,/hydroponic_project/data_collection/crops/lettuce_20260831_180003/P01.jpg,/hydroponic_project/data_collection/crops/lettuce_20260831_180003/P01_224.jpg,28.44,31.5,71.8,6.16,2.7153,1.635,817.7,2.2634,OK,66653,9.84615421295166,1.0158113241195679,20.34908676147461
CAP_20260831_180003,2026-08-31 18:00:03,P02,/hydroponic_project/data_collection/images/lettuce_20260831_180003.jpg,/hydroponic_project/data_collection/crops/lettuce_20260831_180003/P02.jpg,/hydroponic_project/data_collection/crops/lettuce_20260831_180003/P02_224.jpg,28.44,31.5,71.8,6.16,2.7153,1.635,817.7,2.2634,OK,66653,9.84615421295166,1.0158113241195679,20.34908676147461
CAP_20260831_180003,2026-08-31 18:00:03,P03,/hydroponic_project/data_collection/images/lettuce_20260831_180003.jpg,/hydroponic_project/data_collection/crops/lettuce_20260831_180003/P03.jpg,/hydroponic_project/data_collection/crops/lettuce_20260831_180003/P03_224.jpg,28.44,31.5,71.8,6.16,2.7153,1.635,817.7,2.2634,OK,66653,9.84615421295166,1.0158113241195679,20.34908676147461
CAP_20260831_180003,2026-08-31 18:00:03,P04,/hydroponic_project/data_collection/images/lettuce_20260831_180003.jpg,/hydroponic_project/data_collection/crops/lettuce_20260831_180003/P04.jpg,/hydroponic_project/data_collection/crops/lettuce_20260831_180003/P04_224.jpg,28.44,31.5,71.8,6.16,2.7153,1.635,817.7,2.2634,OK,66653,9.84615421295166,1.0158113241195679,20.34908676147461
CAP_20260831_180003,2026-08-31 18:00:03,P05,/hydroponic_project/data_collection/images/lettuce_20260831_180003.jpg,/hydroponic_project/data_collection/crops/lettuce_20260831_180003/P05.jpg,/hydroponic_project/data_collection/crops/lettuce_20260831_180003/P05_224.jpg,28.44,31.5,71.8,6.16,2.7153,1.635,817.7,2.2634,OK,66653,9.84615421295166,1.0158113241195679,20.34908676147461
CAP_20260831_180003,2026-08-31 18:00:03,P06,/hydroponic_project/data_collection/images/lettuce_20260831_180003.jpg,/hydroponic_project/data_collection/crops/lettuce_20260831_180003/P06.jpg,/hydroponic_project/data_collection/crops/lettuce_20260831_180003/P06_224.jpg,28.44,31.5,71.8,6.16,2.7153,1.635,817.7,2.2634,OK,66653,9.84615421295166,1.0158113241195679,20.34908676147461
CAP_20260831_180003,2026-08-31 18:00:03,P07,/hydroponic_project/data_collection/images/lettuce_20260831_180003.jpg,/hydroponic_project/data_collection/crops/lettuce_20260831_180003/P07.jpg,/hydroponic_project/data_collection/crops/lettuce_20260831_180003/P07_224.jpg,28.44,31.5,71.8,6.16,2.7153,1.635,817.7,2.2634,OK,66653,9.84615421295166,1.0158113241195679,20.34908676147461
CAP_20260831_180003,2026-08-31 18:00:03,P08,/hydroponic_project/data_collection/images/lettuce_20260831_180003.jpg,/hydroponic_project/data_collection/crops/lettuce_20260831_180003/P08.jpg,/hydroponic_project/data_collection/crops/lettuce_20260831_180003/P08_224.jpg,28.44,31.5,71.8,6.16,2.7153,1.635,817.7,2.2634,OK,66653,9.84615421295166,1.0158113241195679,20.34908676147461
CAP_20260831_180003,2026-08-31 18:00:03,P09,/hydroponic_project/data_collection/images/lettuce_20260831_180003.jpg,/hydroponic_project/data_collection/crops/lettuce_20260831_180003/P09.jpg,/hydroponic_project/data_collection/crops/lettuce_20260831_180003/P09_224.jpg,28.44,31.5,71.8,6.16,2.7153,1.635,817.7,2.2634,OK,66653,9.84615421295166,1.0158113241195679,20.34908676147461
CAP_20260831_180003,2026-08-31 18:00:03,P10,/hydroponic_project/data_collection/images/lettuce_20260831_180003.jpg,/hydroponic_project/data_collection/crops/lettuce_20260831_180003/P10.jpg,/hydroponic_project/data_collection/crops/lettuce_20260831_180003/P10_224.jpg,28.44,31.5,71.8,6.16,2.7153,1.635,817.7,2.2634,OK,66653,9.84615421295166,1.0158113241195679,20.34908676147461
CAP_20260831_180003,2026-08-31 18:00:03,P11,/hydroponic_project/data_collection/images/lettuce_20260831_180003.jpg,/hydroponic_project/data_collection/crops/lettuce_20260831_180003/P11.jpg,/hydroponic_project/data_collection/crops/lettuce_20260831_180003/P11_224.jpg,28.44,31.5,71.8,6.16,2.7153,1.635,817.7,2.2634,OK,66653,9.84615421295166,1.0158113241195679,20.34908676147461
CAP_20260831_180003,2026-08-31 18:00:03,P12,/hydroponic_project/data_collection/images/lettuce_20260831_180003.jpg,/hydroponic_project/data_collection/crops/lettuce_20260831_180003/P12.jpg,/hydroponic_project/data_collection/crops/lettuce_20260831_180003/P12_224.jpg,28.44,31.5,71.8,6.16,2.7153,1.635,817.7,2.2634,OK,66653,9.84615421295166,1.0158113241195679,20.34908676147461
CAP_20260831_181503,2026-08-31 18:15:03,P01,/hydroponic_project/data_collection/images/lettuce_20260831_181503.jpg,/hydroponic_project/data_collection/crops/lettuce_20260831_181503/P01.jpg,/hydroponic_project/data_collection/crops/lettuce_20260831_181503/P01_224.jpg,28.62,31.4,71.2,6.23,2.7036,1.624,811.9,2.2619,OK,66653,9.84615421295166,1.0158113241195679,3.3132212162017822
CAP_20260831_181503,2026-08-31 18:15:03,P02,/hydroponic_project/data_collection/images/lettuce_20260831_181503.jpg,/hydroponic_project/data_collection/crops/lettuce_20260831_181503/P02.jpg,/hydroponic_project/data_collection/crops/lettuce_20260831_181503/P02_224.jpg,28.62,31.4,71.2,6.23,2.7036,1.624,811.9,2.2619,OK,66653,9.84615421295166,1.0158113241195679,3.3132212162017822
CAP_20260831_181503,2026-08-31 18:15:03,P03,/hydroponic_project/data_collection/images/lettuce_20260831_181503.jpg,/hydroponic_project/data_collection/crops/lettuce_20260831_181503/P03.jpg,/hydroponic_project/data_collection/crops/lettuce_20260831_181503/P03_224.jpg,28.62,31.4,71.2,6.23,2.7036,1.624,811.9,2.2619,OK,66653,9.84615421295166,1.0158113241195679,3.3132212162017822
CAP_20260831_181503,2026-08-31 18:15:03,P04,/hydroponic_project/data_collection/images/lettuce_20260831_181503.jpg,/hydroponic_project/data_collection/crops/lettuce_20260831_181503/P04.jpg,/hydroponic_project/data_collection/crops/lettuce_20260831_181503/P04_224.jpg,28.62,31.4,71.2,6.23,2.7036,1.624,811.9,2.2619,OK,66653,9.84615421295166,1.0158113241195679,3.3132212162017822
CAP_20260831_181503,2026-08-31 18:15:03,P05,/hydroponic_project/data_collection/images/lettuce_20260831_181503.jpg,/hydroponic_project/data_collection/crops/lettuce_20260831_181503/P05.jpg,/hydroponic_project/data_collection/crops/lettuce_20260831_181503/P05_224.jpg,28.62,31.4,71.2,6.23,2.7036,1.624,811.9,2.2619,OK,66653,9.84615421295166,1.0158113241195679,3.3132212162017822
CAP_20260831_181503,2026-08-31 18:15:03,P06,/hydroponic_project/data_collection/images/lettuce_20260831_181503.jpg,/hydroponic_project/data_collection/crops/lettuce_20260831_181503/P06.jpg,/hydroponic_project/data_collection/crops/lettuce_20260831_181503/P06_224.jpg,28.62,31.4,71.2,6.23,2.7036,1.624,811.9,2.2619,OK,66653,9.84615421295166,1.0158113241195679,3.3132212162017822
CAP_20260831_181503,2026-08-31 18:15:03,P07,/hydroponic_project/data_collection/images/lettuce_20260831_181503.jpg,/hydroponic_project/data_collection/crops/lettuce_20260831_181503/P07.jpg,/hydroponic_project/data_collection/crops/lettuce_20260831_181503/P07_224.jpg,28.62,31.4,71.2,6.23,2.7036,1.624,811.9,2.2619,OK,66653,9.84615421295166,1.0158113241195679,3.3132212162017822
CAP_20260831_181503,2026-08-31 18:15:03,P08,/hydroponic_project/data_collection/images/lettuce_20260831_181503.jpg,/hydroponic_project/data_collection/crops/lettuce_20260831_181503/P08.jpg,/hydroponic_project/data_collection/crops/lettuce_20260831_181503/P08_224.jpg,28.62,31.4,71.2,6.23,2.7036,1.624,811.9,2.2619,OK,66653,9.84615421295166,1.0158113241195679,3.3132212162017822
CAP_20260831_181503,2026-08-31 18:15:03,P09,/hydroponic_project/data_collection/images/lettuce_20260831_181503.jpg,/hydroponic_project/data_collection/crops/lettuce_20260831_181503/P09.jpg,/hydroponic_project/data_collection/crops/lettuce_20260831_181503/P09_224.jpg,28.62,31.4,71.2,6.23,2.7036,1.624,811.9,2.2619,OK,66653,9.84615421295166,1.0158113241195679,3.3132212162017822
CAP_20260831_181503,2026-08-31 18:15:03,P10,/hydroponic_project/data_collection/images/lettuce_20260831_181503.jpg,/hydroponic_project/data_collection/crops/lettuce_20260831_181503/P10.jpg,/hydroponic_project/data_collection/crops/lettuce_20260831_181503/P10_224.jpg,28.62,31.4,71.2,6.23,2.7036,1.624,811.9,2.2619,OK,66653,9.84615421295166,1.0158113241195679,3.3132212162017822
CAP_20260831_181503,2026-08-31 18:15:03,P11,/hydroponic_project/data_collection/images/lettuce_20260831_181503.jpg,/hydroponic_project/data_collection/crops/lettuce_20260831_181503/P11.jpg,/hydroponic_project/data_collection/crops/lettuce_20260831_181503/P11_224.jpg,28.62,31.4,71.2,6.23,2.7036,1.624,811.9,2.2619,OK,66653,9.84615421295166,1.0158113241195679,3.3132212162017822
CAP_20260831_181503,2026-08-31 18:15:03,P12,/hydroponic_project/data_collection/images/lettuce_20260831_181503.jpg,/hydroponic_project/data_collection/crops/lettuce_20260831_181503/P12.jpg,/hydroponic_project/data_collection/crops/lettuce_20260831_181503/P12_224.jpg,28.62,31.4,71.2,6.23,2.7036,1.624,811.9,2.2619,OK,66653,9.84615421295166,1.0158113241195679,3.3132212162017822
CAP_20260831_183559,2026-08-31 18:35:59,P01,/hydroponic_project/data_collection/images/lettuce_20260831_183559.jpg,/hydroponic_project/data_collection/crops/lettuce_20260831_183559/P01.jpg,/hydroponic_project/data_collection/crops/lettuce_20260831_183559/P01_224.jpg,28.75,31.3,72.6,6.2,2.709,1.618,809.1,2.2625,OK,66653,9.84615421295166,1.0158113241195679,0.5184633731842041
CAP_20260831_183559,2026-08-31 18:35:59,P02,/hydroponic_project/data_collection/images/lettuce_20260831_183559.jpg,/hydroponic_project/data_collection/crops/lettuce_20260831_183559/P02.jpg,/hydroponic_project/data_collection/crops/lettuce_20260831_183559/P02_224.jpg,28.75,31.3,72.6,6.2,2.709,1.618,809.1,2.2625,OK,66653,9.84615421295166,1.0158113241195679,0.5184633731842041
CAP_20260831_183559,2026-08-31 18:35:59,P03,/hydroponic_project/data_collection/images/lettuce_20260831_183559.jpg,/hydroponic_project/data_collection/crops/lettuce_20260831_183559/P03.jpg,/hydroponic_project/data_collection/crops/lettuce_20260831_183559/P03_224.jpg,28.75,31.3,72.6,6.2,2.709,1.618,809.1,2.2625,OK,66653,9.84615421295166,1.0158113241195679,0.5184633731842041
CAP_20260831_183559,2026-08-31 18:35:59,P04,/hydroponic_project/data_collection/images/lettuce_20260831_183559.jpg,/hydroponic_project/data_collection/crops/lettuce_20260831_183559/P04.jpg,/hydroponic_project/data_collection/crops/lettuce_20260831_183559/P04_224.jpg,28.75,31.3,72.6,6.2,2.709,1.618,809.1,2.2625,OK,66653,9.84615421295166,1.0158113241195679,0.5184633731842041
CAP_20260831_183559,2026-08-31 18:35:59,P05,/hydroponic_project/data_collection/images/lettuce_20260831_183559.jpg,/hydroponic_project/data_collection/crops/lettuce_20260831_183559/P05.jpg,/hydroponic_project/data_collection/crops/lettuce_20260831_183559/P05_224.jpg,28.75,31.3,72.6,6.2,2.709,1.618,809.1,2.2625,OK,66653,9.84615421295166,1.0158113241195679,0.5184633731842041
CAP_20260831_183559,2026-08-31 18:35:59,P06,/hydroponic_project/data_collection/images/lettuce_20260831_183559.jpg,/hydroponic_project/data_collection/crops/lettuce_20260831_183559/P06.jpg,/hydroponic_project/data_collection/crops/lettuce_20260831_183559/P06_224.jpg,28.75,31.3,72.6,6.2,2.709,1.618,809.1,2.2625,OK,66653,9.84615421295166,1.0158113241195679,0.5184633731842041
CAP_20260831_183559,2026-08-31 18:35:59,P07,/hydroponic_project/data_collection/images/lettuce_20260831_183559.jpg,/hydroponic_project/data_collection/crops/lettuce_20260831_183559/P07.jpg,/hydroponic_project/data_collection/crops/lettuce_20260831_183559/P07_224.jpg,28.75,31.3,72.6,6.2,2.709,1.618,809.1,2.2625,OK,66653,9.84615421295166,1.0158113241195679,0.5184633731842041
CAP_20260831_183559,2026-08-31 18:35:59,P08,/hydroponic_project/data_collection/images/lettuce_20260831_183559.jpg,/hydroponic_project/data_collection/crops/lettuce_20260831_183559/P08.jpg,/hydroponic_project/data_collection/crops/lettuce_20260831_183559/P08_224.jpg,28.75,31.3,72.6,6.2,2.709,1.618,809.1,2.2625,OK,66653,9.84615421295166,1.0158113241195679,0.5184633731842041
CAP_20260831_183559,2026-08-31 18:35:59,P09,/hydroponic_project/data_collection/images/lettuce_20260831_183559.jpg,/hydroponic_project/data_collection/crops/lettuce_20260831_183559/P09.jpg,/hydroponic_project/data_collection/crops/lettuce_20260831_183559/P09_224.jpg,28.75,31.3,72.6,6.2,2.709,1.618,809.1,2.2625,OK,66653,9.84615421295166,1.0158113241195679,0.5184633731842041
CAP_20260831_183559,2026-08-31 18:35:59,P10,/hydroponic_project/data_collection/images/lettuce_20260831_183559.jpg,/hydroponic_project/data_collection/crops/lettuce_20260831_183559/P10.jpg,/hydroponic_project/data_collection/crops/lettuce_20260831_183559/P10_224.jpg,28.75,31.3,72.6,6.2,2.709,1.618,809.1,2.2625,OK,66653,9.84615421295166,1.0158113241195679,0.5184633731842041
CAP_20260831_183559,2026-08-31 18:35:59,P11,/hydroponic_project/data_collection/images/lettuce_20260831_183559.jpg,/hydroponic_project/data_collection/crops/lettuce_20260831_183559/P11.jpg,/hydroponic_project/data_collection/crops/lettuce_20260831_183559/P11_224.jpg,28.75,31.3,72.6,6.2,2.709,1.618,809.1,2.2625,OK,66653,9.84615421295166,1.0158113241195679,0.5184633731842041
CAP_20260831_183559,2026-08-31 18:35:59,P12,/hydroponic_project/data_collection/images/lettuce_20260831_183559.jpg,/hydroponic_project/data_collection/crops/lettuce_20260831_183559/P12.jpg,/hydroponic_project/data_collection/crops/lettuce_20260831_183559/P12_224.jpg,28.75,31.3,72.6,6.2,2.709,1.618,809.1,2.2625,OK,66653,9.84615421295166,1.0158113241195679,0.5184633731842041
CAP_20260831_210013,2026-08-31 21:00:13,P01,/hydroponic_project/data_collection/images/lettuce_20260831_210013.jpg,/hydroponic_project/data_collection/crops/lettuce_20260831_210013/P01.jpg,/hydroponic_project/data_collection/crops/lettuce_20260831_210013/P01_224.jpg,29.06,30.7,73.7,6.24,2.7018,1.594,797.2,2.2559,OK,66653,9.84615421295166,1.0158113241195679,3.628141403198242
CAP_20260831_210013,2026-08-31 21:00:13,P02,/hydroponic_project/data_collection/images/lettuce_20260831_210013.jpg,/hydroponic_project/data_collection/crops/lettuce_20260831_210013/P02.jpg,/hydroponic_project/data_collection/crops/lettuce_20260831_210013/P02_224.jpg,29.06,30.7,73.7,6.24,2.7018,1.594,797.2,2.2559,OK,66653,9.84615421295166,1.0158113241195679,3.628141403198242
CAP_20260831_210013,2026-08-31 21:00:13,P03,/hydroponic_project/data_collection/images/lettuce_20260831_210013.jpg,/hydroponic_project/data_collection/crops/lettuce_20260831_210013/P03.jpg,/hydroponic_project/data_collection/crops/lettuce_20260831_210013/P03_224.jpg,29.06,30.7,73.7,6.24,2.7018,1.594,797.2,2.2559,OK,66653,9.84615421295166,1.0158113241195679,3.628141403198242
CAP_20260831_210013,2026-08-31 21:00:13,P04,/hydroponic_project/data_collection/images/lettuce_20260831_210013.jpg,/hydroponic_project/data_collection/crops/lettuce_20260831_210013/P04.jpg,/hydroponic_project/data_collection/crops/lettuce_20260831_210013/P04_224.jpg,29.06,30.7,73.7,6.24,2.7018,1.594,797.2,2.2559,OK,66653,9.84615421295166,1.0158113241195679,3.628141403198242
CAP_20260831_210013,2026-08-31 21:00:13,P05,/hydroponic_project/data_collection/images/lettuce_20260831_210013.jpg,/hydroponic_project/data_collection/crops/lettuce_20260831_210013/P05.jpg,/hydroponic_project/data_collection/crops/lettuce_20260831_210013/P05_224.jpg,29.06,30.7,73.7,6.24,2.7018,1.594,797.2,2.2559,OK,66653,9.84615421295166,1.0158113241195679,3.628141403198242
CAP_20260831_210013,2026-08-31 21:00:13,P06,/hydroponic_project/data_collection/images/lettuce_20260831_210013.jpg,/hydroponic_project/data_collection/crops/lettuce_20260831_210013/P06.jpg,/hydroponic_project/data_collection/crops/lettuce_20260831_210013/P06_224.jpg,29.06,30.7,73.7,6.24,2.7018,1.594,797.2,2.2559,OK,66653,9.84615421295166,1.0158113241195679,3.628141403198242
CAP_20260831_210013,2026-08-31 21:00:13,P07,/hydroponic_project/data_collection/images/lettuce_20260831_210013.jpg,/hydroponic_project/data_collection/crops/lettuce_20260831_210013/P07.jpg,/hydroponic_project/data_collection/crops/lettuce_20260831_210013/P07_224.jpg,29.06,30.7,73.7,6.24,2.7018,1.594,797.2,2.2559,OK,66653,9.84615421295166,1.0158113241195679,3.628141403198242
CAP_20260831_210013,2026-08-31 21:00:13,P08,/hydroponic_project/data_collection/images/lettuce_20260831_210013.jpg,/hydroponic_project/data_collection/crops/lettuce_20260831_210013/P08.jpg,/hydroponic_project/data_collection/crops/lettuce_20260831_210013/P08_224.jpg,29.06,30.7,73.7,6.24,2.7018,1.594,797.2,2.2559,OK,66653,9.84615421295166,1.0158113241195679,3.628141403198242
CAP_20260831_210013,2026-08-31 21:00:13,P09,/hydroponic_project/data_collection/images/lettuce_20260831_210013.jpg,/hydroponic_project/data_collection/crops/lettuce_20260831_210013/P09.jpg,/hydroponic_project/data_collection/crops/lettuce_20260831_210013/P09_224.jpg,29.06,30.7,73.7,6.24,2.7018,1.594,797.2,2.2559,OK,66653,9.84615421295166,1.0158113241195679,3.628141403198242
CAP_20260831_210013,2026-08-31 21:00:13,P10,/hydroponic_project/data_collection/images/lettuce_20260831_210013.jpg,/hydroponic_project/data_collection/crops/lettuce_20260831_210013/P10.jpg,/hydroponic_project/data_collection/crops/lettuce_20260831_210013/P10_224.jpg,29.06,30.7,73.7,6.24,2.7018,1.594,797.2,2.2559,OK,66653,9.84615421295166,1.0158113241195679,3.628141403198242
CAP_20260831_210013,2026-08-31 21:00:13,P11,/hydroponic_project/data_collection/images/lettuce_20260831_210013.jpg,/hydroponic_project/data_collection/crops/lettuce_20260831_210013/P11.jpg,/hydroponic_project/data_collection/crops/lettuce_20260831_210013/P11_224.jpg,29.06,30.7,73.7,6.24,2.7018,1.594,797.2,2.2559,OK,66653,9.84615421295166,1.0158113241195679,3.628141403198242
CAP_20260831_210013,2026-08-31 21:00:13,P12,/hydroponic_project/data_collection/images/lettuce_20260831_210013.jpg,/hydroponic_project/data_collection/crops/lettuce_20260831_210013/P12.jpg,/hydroponic_project/data_collection/crops/lettuce_20260831_210013/P12_224.jpg,29.06,30.7,73.7,6.24,2.7018,1.594,797.2,2.2559,OK,66653,9.84615421295166,1.0158113241195679,3.628141403198242
CAP_20260831_221557,2026-08-31 22:15:57,P01,/hydroponic_project/data_collection/images/lettuce_20260831_221557.jpg,/hydroponic_project/data_collection/crops/lettuce_20260831_221557/P01.jpg,/hydroponic_project/data_collection/crops/lettuce_20260831_221557/P01_224.jpg,29.12,31.1,73.6,7.25,2.5385,1.575,787.6,2.2424,OK,66653,9.84615421295166,1.0158113241195679,3.6201510429382324
CAP_20260831_221557,2026-08-31 22:15:57,P02,/hydroponic_project/data_collection/images/lettuce_20260831_221557.jpg,/hydroponic_project/data_collection/crops/lettuce_20260831_221557/P02.jpg,/hydroponic_project/data_collection/crops/lettuce_20260831_221557/P02_224.jpg,29.12,31.1,73.6,7.25,2.5385,1.575,787.6,2.2424,OK,66653,9.84615421295166,1.0158113241195679,3.6201510429382324
CAP_20260831_221557,2026-08-31 22:15:57,P03,/hydroponic_project/data_collection/images/lettuce_20260831_221557.jpg,/hydroponic_project/data_collection/crops/lettuce_20260831_221557/P03.jpg,/hydroponic_project/data_collection/crops/lettuce_20260831_221557/P03_224.jpg,29.12,31.1,73.6,7.25,2.5385,1.575,787.6,2.2424,OK,66653,9.84615421295166,1.0158113241195679,3.6201510429382324
CAP_20260831_221557,2026-08-31 22:15:57,P04,/hydroponic_project/data_collection/images/lettuce_20260831_221557.jpg,/hydroponic_project/data_collection/crops/lettuce_20260831_221557/P04.jpg,/hydroponic_project/data_collection/crops/lettuce_20260831_221557/P04_224.jpg,29.12,31.1,73.6,7.25,2.5385,1.575,787.6,2.2424,OK,66653,9.84615421295166,1.0158113241195679,3.6201510429382324
CAP_20260831_221557,2026-08-31 22:15:57,P05,/hydroponic_project/data_collection/images/lettuce_20260831_221557.jpg,/hydroponic_project/data_collection/crops/lettuce_20260831_221557/P05.jpg,/hydroponic_project/data_collection/crops/lettuce_20260831_221557/P05_224.jpg,29.12,31.1,73.6,7.25,2.5385,1.575,787.6,2.2424,OK,66653,9.84615421295166,1.0158113241195679,3.6201510429382324
CAP_20260831_221557,2026-08-31 22:15:57,P06,/hydroponic_project/data_collection/images/lettuce_20260831_221557.jpg,/hydroponic_project/data_collection/crops/lettuce_20260831_221557/P06.jpg,/hydroponic_project/data_collection/crops/lettuce_20260831_221557/P06_224.jpg,29.12,31.1,73.6,7.25,2.5385,1.575,787.6,2.2424,OK,66653,9.84615421295166,1.0158113241195679,3.6201510429382324
CAP_20260831_221557,2026-08-31 22:15:57,P07,/hydroponic_project/data_collection/images/lettuce_20260831_221557.jpg,/hydroponic_project/data_collection/crops/lettuce_20260831_221557/P07.jpg,/hydroponic_project/data_collection/crops/lettuce_20260831_221557/P07_224.jpg,29.12,31.1,73.6,7.25,2.5385,1.575,787.6,2.2424,OK,66653,9.84615421295166,1.0158113241195679,3.6201510429382324
CAP_20260831_221557,2026-08-31 22:15:57,P08,/hydroponic_project/data_collection/images/lettuce_20260831_221557.jpg,/hydroponic_project/data_collection/crops/lettuce_20260831_221557/P08.jpg,/hydroponic_project/data_collection/crops/lettuce_20260831_221557/P08_224.jpg,29.12,31.1,73.6,7.25,2.5385,1.575,787.6,2.2424,OK,66653,9.84615421295166,1.0158113241195679,3.6201510429382324
CAP_20260831_221557,2026-08-31 22:15:57,P09,/hydroponic_project/data_collection/images/lettuce_20260831_221557.jpg,/hydroponic_project/data_collection/crops/lettuce_20260831_221557/P09.jpg,/hydroponic_project/data_collection/crops/lettuce_20260831_221557/P09_224.jpg,29.12,31.1,73.6,7.25,2.5385,1.575,787.6,2.2424,OK,66653,9.84615421295166,1.0158113241195679,3.6201510429382324
CAP_20260831_221557,2026-08-31 22:15:57,P10,/hydroponic_project/data_collection/images/lettuce_20260831_221557.jpg,/hydroponic_project/data_collection/crops/lettuce_20260831_221557/P10.jpg,/hydroponic_project/data_collection/crops/lettuce_20260831_221557/P10_224.jpg,29.12,31.1,73.6,7.25,2.5385,1.575,787.6,2.2424,OK,66653,9.84615421295166,1.0158113241195679,3.6201510429382324
CAP_20260831_221557,2026-08-31 22:15:57,P11,/hydroponic_project/data_collection/images/lettuce_20260831_221557.jpg,/hydroponic_project/data_collection/crops/lettuce_20260831_221557/P11.jpg,/hydroponic_project/data_collection/crops/lettuce_20260831_221557/P11_224.jpg,29.12,31.1,73.6,7.25,2.5385,1.575,787.6,2.2424,OK,66653,9.84615421295166,1.0158113241195679,3.6201510429382324
CAP_20260831_221557,2026-08-31 22:15:57,P12,/hydroponic_project/data_collection/images/lettuce_20260831_221557.jpg,/hydroponic_project/data_collection/crops/lettuce_20260831_221557/P12.jpg,/hydroponic_project/data_collection/crops/lettuce_20260831_221557/P12_224.jpg,29.12,31.1,73.6,7.25,2.5385,1.575,787.6,2.2424,OK,66653,9.84615421295166,1.0158113241195679,3.6201510429382324
CAP_20260831_224847,2026-08-31 22:48:47,P01,/hydroponic_project/data_collection/images/lettuce_20260831_224847.jpg,/hydroponic_project/data_collection/crops/lettuce_20260831_224847/P01.jpg,/hydroponic_project/data_collection/crops/lettuce_20260831_224847/P01_224.jpg,29.12,30.9,75.7,6.32,2.6881,1.581,790.3,2.247,OK,66653,9.84615421295166,1.0158113241195679,3.4801275730133057
CAP_20260831_224847,2026-08-31 22:48:47,P02,/hydroponic_project/data_collection/images/lettuce_20260831_224847.jpg,/hydroponic_project/data_collection/crops/lettuce_20260831_224847/P02.jpg,/hydroponic_project/data_collection/crops/lettuce_20260831_224847/P02_224.jpg,29.12,30.9,75.7,6.32,2.6881,1.581,790.3,2.247,OK,66653,9.84615421295166,1.0158113241195679,3.4801275730133057
CAP_20260831_224847,2026-08-31 22:48:47,P03,/hydroponic_project/data_collection/images/lettuce_20260831_224847.jpg,/hydroponic_project/data_collection/crops/lettuce_20260831_224847/P03.jpg,/hydroponic_project/data_collection/crops/lettuce_20260831_224847/P03_224.jpg,29.12,30.9,75.7,6.32,2.6881,1.581,790.3,2.247,OK,66653,9.84615421295166,1.0158113241195679,3.4801275730133057
CAP_20260831_224847,2026-08-31 22:48:47,P04,/hydroponic_project/data_collection/images/lettuce_20260831_224847.jpg,/hydroponic_project/data_collection/crops/lettuce_20260831_224847/P04.jpg,/hydroponic_project/data_collection/crops/lettuce_20260831_224847/P04_224.jpg,29.12,30.9,75.7,6.32,2.6881,1.581,790.3,2.247,OK,66653,9.84615421295166,1.0158113241195679,3.4801275730133057
CAP_20260831_224847,2026-08-31 22:48:47,P05,/hydroponic_project/data_collection/images/lettuce_20260831_224847.jpg,/hydroponic_project/data_collection/crops/lettuce_20260831_224847/P05.jpg,/hydroponic_project/data_collection/crops/lettuce_20260831_224847/P05_224.jpg,29.12,30.9,75.7,6.32,2.6881,1.581,790.3,2.247,OK,66653,9.84615421295166,1.0158113241195679,3.4801275730133057
CAP_20260831_224847,2026-08-31 22:48:47,P06,/hydroponic_project/data_collection/images/lettuce_20260831_224847.jpg,/hydroponic_project/data_collection/crops/lettuce_20260831_224847/P06.jpg,/hydroponic_project/data_collection/crops/lettuce_20260831_224847/P06_224.jpg,29.12,30.9,75.7,6.32,2.6881,1.581,790.3,2.247,OK,66653,9.84615421295166,1.0158113241195679,3.4801275730133057
CAP_20260831_224847,2026-08-31 22:48:47,P07,/hydroponic_project/data_collection/images/lettuce_20260831_224847.jpg,/hydroponic_project/data_collection/crops/lettuce_20260831_224847/P07.jpg,/hydroponic_project/data_collection/crops/lettuce_20260831_224847/P07_224.jpg,29.12,30.9,75.7,6.32,2.6881,1.581,790.3,2.247,OK,66653,9.84615421295166,1.0158113241195679,3.4801275730133057
CAP_20260831_224847,2026-08-31 22:48:47,P08,/hydroponic_project/data_collection/images/lettuce_20260831_224847.jpg,/hydroponic_project/data_collection/crops/lettuce_20260831_224847/P08.jpg,/hydroponic_project/data_collection/crops/lettuce_20260831_224847/P08_224.jpg,29.12,30.9,75.7,6.32,2.6881,1.581,790.3,2.247,OK,66653,9.84615421295166,1.0158113241195679,3.4801275730133057
CAP_20260831_224847,2026-08-31 22:48:47,P09,/hydroponic_project/data_collection/images/lettuce_20260831_224847.jpg,/hydroponic_project/data_collection/crops/lettuce_20260831_224847/P09.jpg,/hydroponic_project/data_collection/crops/lettuce_20260831_224847/P09_224.jpg,29.12,30.9,75.7,6.32,2.6881,1.581,790.3,2.247,OK,66653,9.84615421295166,1.0158113241195679,3.4801275730133057
CAP_20260831_224847,2026-08-31 22:48:47,P10,/hydroponic_project/data_collection/images/lettuce_20260831_224847.jpg,/hydroponic_project/data_collection/crops/lettuce_20260831_224847/P10.jpg,/hydroponic_project/data_collection/crops/lettuce_20260831_224847/P10_224.jpg,29.12,30.9,75.7,6.32,2.6881,1.581,790.3,2.247,OK,66653,9.84615421295166,1.0158113241195679,3.4801275730133057
CAP_20260831_224847,2026-08-31 22:48:47,P11,/hydroponic_project/data_collection/images/lettuce_20260831_224847.jpg,/hydroponic_project/data_collection/crops/lettuce_20260831_224847/P11.jpg,/hydroponic_project/data_collection/crops/lettuce_20260831_224847/P11_224.jpg,29.12,30.9,75.7,6.32,2.6881,1.581,790.3,2.247,OK,66653,9.84615421295166,1.0158113241195679,3.4801275730133057
CAP_20260831_224847,2026-08-31 22:48:47,P12,/hydroponic_project/data_collection/images/lettuce_20260831_224847.jpg,/hydroponic_project/data_collection/crops/lettuce_20260831_224847/P12.jpg,/hydroponic_project/data_collection/crops/lettuce_20260831_224847/P12_224.jpg,29.12,30.9,75.7,6.32,2.6881,1.581,790.3,2.247,OK,66653,9.84615421295166,1.0158113241195679,3.4801275730133057
CAP_20260901_080006,2026-09-01 08:00:06,P01,/hydroponic_project/data_collection/images/lettuce_20260901_080006.jpg,/hydroponic_project/data_collection/crops/lettuce_20260901_080006/P01.jpg,/hydroponic_project/data_collection/crops/lettuce_20260901_080006/P01_224.jpg,28.75,29.8,80.3,7.21,2.5455,1.53,765.2,2.1888,OK,29999,3.4133334159851074,1.0064226388931274,285.27301025390625
CAP_20260901_080006,2026-09-01 08:00:06,P02,/hydroponic_project/data_collection/images/lettuce_20260901_080006.jpg,/hydroponic_project/data_collection/crops/lettuce_20260901_080006/P02.jpg,/hydroponic_project/data_collection/crops/lettuce_20260901_080006/P02_224.jpg,28.75,29.8,80.3,7.21,2.5455,1.53,765.2,2.1888,OK,29999,3.4133334159851074,1.0064226388931274,285.27301025390625
CAP_20260901_080006,2026-09-01 08:00:06,P03,/hydroponic_project/data_collection/images/lettuce_20260901_080006.jpg,/hydroponic_project/data_collection/crops/lettuce_20260901_080006/P03.jpg,/hydroponic_project/data_collection/crops/lettuce_20260901_080006/P03_224.jpg,28.75,29.8,80.3,7.21,2.5455,1.53,765.2,2.1888,OK,29999,3.4133334159851074,1.0064226388931274,285.27301025390625
CAP_20260901_080006,2026-09-01 08:00:06,P04,/hydroponic_project/data_collection/images/lettuce_20260901_080006.jpg,/hydroponic_project/data_collection/crops/lettuce_20260901_080006/P04.jpg,/hydroponic_project/data_collection/crops/lettuce_20260901_080006/P04_224.jpg,28.75,29.8,80.3,7.21,2.5455,1.53,765.2,2.1888,OK,29999,3.4133334159851074,1.0064226388931274,285.27301025390625
CAP_20260901_080006,2026-09-01 08:00:06,P05,/hydroponic_project/data_collection/images/lettuce_20260901_080006.jpg,/hydroponic_project/data_collection/crops/lettuce_20260901_080006/P05.jpg,/hydroponic_project/data_collection/crops/lettuce_20260901_080006/P05_224.jpg,28.75,29.8,80.3,7.21,2.5455,1.53,765.2,2.1888,OK,29999,3.4133334159851074,1.0064226388931274,285.27301025390625
CAP_20260901_080006,2026-09-01 08:00:06,P06,/hydroponic_project/data_collection/images/lettuce_20260901_080006.jpg,/hydroponic_project/data_collection/crops/lettuce_20260901_080006/P06.jpg,/hydroponic_project/data_collection/crops/lettuce_20260901_080006/P06_224.jpg,28.75,29.8,80.3,7.21,2.5455,1.53,765.2,2.1888,OK,29999,3.4133334159851074,1.0064226388931274,285.27301025390625
CAP_20260901_080006,2026-09-01 08:00:06,P07,/hydroponic_project/data_collection/images/lettuce_20260901_080006.jpg,/hydroponic_project/data_collection/crops/lettuce_20260901_080006/P07.jpg,/hydroponic_project/data_collection/crops/lettuce_20260901_080006/P07_224.jpg,28.75,29.8,80.3,7.21,2.5455,1.53,765.2,2.1888,OK,29999,3.4133334159851074,1.0064226388931274,285.27301025390625
CAP_20260901_080006,2026-09-01 08:00:06,P08,/hydroponic_project/data_collection/images/lettuce_20260901_080006.jpg,/hydroponic_project/data_collection/crops/lettuce_20260901_080006/P08.jpg,/hydroponic_project/data_collection/crops/lettuce_20260901_080006/P08_224.jpg,28.75,29.8,80.3,7.21,2.5455,1.53,765.2,2.1888,OK,29999,3.4133334159851074,1.0064226388931274,285.27301025390625
CAP_20260901_080006,2026-09-01 08:00:06,P09,/hydroponic_project/data_collection/images/lettuce_20260901_080006.jpg,/hydroponic_project/data_collection/crops/lettuce_20260901_080006/P09.jpg,/hydroponic_project/data_collection/crops/lettuce_20260901_080006/P09_224.jpg,28.75,29.8,80.3,7.21,2.5455,1.53,765.2,2.1888,OK,29999,3.4133334159851074,1.0064226388931274,285.27301025390625
CAP_20260901_080006,2026-09-01 08:00:06,P10,/hydroponic_project/data_collection/images/lettuce_20260901_080006.jpg,/hydroponic_project/data_collection/crops/lettuce_20260901_080006/P10.jpg,/hydroponic_project/data_collection/crops/lettuce_20260901_080006/P10_224.jpg,28.75,29.8,80.3,7.21,2.5455,1.53,765.2,2.1888,OK,29999,3.4133334159851074,1.0064226388931274,285.27301025390625
CAP_20260901_080006,2026-09-01 08:00:06,P11,/hydroponic_project/data_collection/images/lettuce_20260901_080006.jpg,/hydroponic_project/data_collection/crops/lettuce_20260901_080006/P11.jpg,/hydroponic_project/data_collection/crops/lettuce_20260901_080006/P11_224.jpg,28.75,29.8,80.3,7.21,2.5455,1.53,765.2,2.1888,OK,29999,3.4133334159851074,1.0064226388931274,285.27301025390625
CAP_20260901_080006,2026-09-01 08:00:06,P12,/hydroponic_project/data_collection/images/lettuce_20260901_080006.jpg,/hydroponic_project/data_collection/crops/lettuce_20260901_080006/P12.jpg,/hydroponic_project/data_collection/crops/lettuce_20260901_080006/P12_224.jpg,28.75,29.8,80.3,7.21,2.5455,1.53,765.2,2.1888,OK,29999,3.4133334159851074,1.0064226388931274,285.27301025390625
CAP_20260901_083004,2026-09-01 08:30:04,P01,/hydroponic_project/data_collection/images/lettuce_20260901_083004.jpg,/hydroponic_project/data_collection/crops/lettuce_20260901_083004/P01.jpg,/hydroponic_project/data_collection/crops/lettuce_20260901_083004/P01_224.jpg,28.87,30.2,77.4,6.47,2.6641,1.522,760.9,2.1864,OK,29999,2.461538553237915,1.0085917711257935,393.3157958984375
CAP_20260901_083004,2026-09-01 08:30:04,P02,/hydroponic_project/data_collection/images/lettuce_20260901_083004.jpg,/hydroponic_project/data_collection/crops/lettuce_20260901_083004/P02.jpg,/hydroponic_project/data_collection/crops/lettuce_20260901_083004/P02_224.jpg,28.87,30.2,77.4,6.47,2.6641,1.522,760.9,2.1864,OK,29999,2.461538553237915,1.0085917711257935,393.3157958984375
CAP_20260901_083004,2026-09-01 08:30:04,P03,/hydroponic_project/data_collection/images/lettuce_20260901_083004.jpg,/hydroponic_project/data_collection/crops/lettuce_20260901_083004/P03.jpg,/hydroponic_project/data_collection/crops/lettuce_20260901_083004/P03_224.jpg,28.87,30.2,77.4,6.47,2.6641,1.522,760.9,2.1864,OK,29999,2.461538553237915,1.0085917711257935,393.3157958984375
CAP_20260901_083004,2026-09-01 08:30:04,P04,/hydroponic_project/data_collection/images/lettuce_20260901_083004.jpg,/hydroponic_project/data_collection/crops/lettuce_20260901_083004/P04.jpg,/hydroponic_project/data_collection/crops/lettuce_20260901_083004/P04_224.jpg,28.87,30.2,77.4,6.47,2.6641,1.522,760.9,2.1864,OK,29999,2.461538553237915,1.0085917711257935,393.3157958984375
CAP_20260901_083004,2026-09-01 08:30:04,P05,/hydroponic_project/data_collection/images/lettuce_20260901_083004.jpg,/hydroponic_project/data_collection/crops/lettuce_20260901_083004/P05.jpg,/hydroponic_project/data_collection/crops/lettuce_20260901_083004/P05_224.jpg,28.87,30.2,77.4,6.47,2.6641,1.522,760.9,2.1864,OK,29999,2.461538553237915,1.0085917711257935,393.3157958984375
CAP_20260901_083004,2026-09-01 08:30:04,P06,/hydroponic_project/data_collection/images/lettuce_20260901_083004.jpg,/hydroponic_project/data_collection/crops/lettuce_20260901_083004/P06.jpg,/hydroponic_project/data_collection/crops/lettuce_20260901_083004/P06_224.jpg,28.87,30.2,77.4,6.47,2.6641,1.522,760.9,2.1864,OK,29999,2.461538553237915,1.0085917711257935,393.3157958984375
CAP_20260901_083004,2026-09-01 08:30:04,P07,/hydroponic_project/data_collection/images/lettuce_20260901_083004.jpg,/hydroponic_project/data_collection/crops/lettuce_20260901_083004/P07.jpg,/hydroponic_project/data_collection/crops/lettuce_20260901_083004/P07_224.jpg,28.87,30.2,77.4,6.47,2.6641,1.522,760.9,2.1864,OK,29999,2.461538553237915,1.0085917711257935,393.3157958984375
CAP_20260901_083004,2026-09-01 08:30:04,P08,/hydroponic_project/data_collection/images/lettuce_20260901_083004.jpg,/hydroponic_project/data_collection/crops/lettuce_20260901_083004/P08.jpg,/hydroponic_project/data_collection/crops/lettuce_20260901_083004/P08_224.jpg,28.87,30.2,77.4,6.47,2.6641,1.522,760.9,2.1864,OK,29999,2.461538553237915,1.0085917711257935,393.3157958984375
CAP_20260901_083004,2026-09-01 08:30:04,P09,/hydroponic_project/data_collection/images/lettuce_20260901_083004.jpg,/hydroponic_project/data_collection/crops/lettuce_20260901_083004/P09.jpg,/hydroponic_project/data_collection/crops/lettuce_20260901_083004/P09_224.jpg,28.87,30.2,77.4,6.47,2.6641,1.522,760.9,2.1864,OK,29999,2.461538553237915,1.0085917711257935,393.3157958984375
CAP_20260901_083004,2026-09-01 08:30:04,P10,/hydroponic_project/data_collection/images/lettuce_20260901_083004.jpg,/hydroponic_project/data_collection/crops/lettuce_20260901_083004/P10.jpg,/hydroponic_project/data_collection/crops/lettuce_20260901_083004/P10_224.jpg,28.87,30.2,77.4,6.47,2.6641,1.522,760.9,2.1864,OK,29999,2.461538553237915,1.0085917711257935,393.3157958984375
CAP_20260901_083004,2026-09-01 08:30:04,P11,/hydroponic_project/data_collection/images/lettuce_20260901_083004.jpg,/hydroponic_project/data_collection/crops/lettuce_20260901_083004/P11.jpg,/hydroponic_project/data_collection/crops/lettuce_20260901_083004/P11_224.jpg,28.87,30.2,77.4,6.47,2.6641,1.522,760.9,2.1864,OK,29999,2.461538553237915,1.0085917711257935,393.3157958984375
CAP_20260901_083004,2026-09-01 08:30:04,P12,/hydroponic_project/data_collection/images/lettuce_20260901_083004.jpg,/hydroponic_project/data_collection/crops/lettuce_20260901_083004/P12.jpg,/hydroponic_project/data_collection/crops/lettuce_20260901_083004/P12_224.jpg,28.87,30.2,77.4,6.47,2.6641,1.522,760.9,2.1864,OK,29999,2.461538553237915,1.0085917711257935,393.3157958984375
CAP_20260901_090003,2026-09-01 09:00:03,P01,/hydroponic_project/data_collection/images/lettuce_20260901_090003.jpg,/hydroponic_project/data_collection/crops/lettuce_20260901_090003/P01.jpg,/hydroponic_project/data_collection/crops/lettuce_20260901_090003/P01_224.jpg,24.25,30.8,75.8,6.34,2.6864,1.668,834.0,2.11,OK,51663,4.0,1.0002532005310059,149.9852752685547
CAP_20260901_090003,2026-09-01 09:00:03,P02,/hydroponic_project/data_collection/images/lettuce_20260901_090003.jpg,/hydroponic_project/data_collection/crops/lettuce_20260901_090003/P02.jpg,/hydroponic_project/data_collection/crops/lettuce_20260901_090003/P02_224.jpg,24.25,30.8,75.8,6.34,2.6864,1.668,834.0,2.11,OK,51663,4.0,1.0002532005310059,149.9852752685547
CAP_20260901_090003,2026-09-01 09:00:03,P03,/hydroponic_project/data_collection/images/lettuce_20260901_090003.jpg,/hydroponic_project/data_collection/crops/lettuce_20260901_090003/P03.jpg,/hydroponic_project/data_collection/crops/lettuce_20260901_090003/P03_224.jpg,24.25,30.8,75.8,6.34,2.6864,1.668,834.0,2.11,OK,51663,4.0,1.0002532005310059,149.9852752685547
CAP_20260901_090003,2026-09-01 09:00:03,P04,/hydroponic_project/data_collection/images/lettuce_20260901_090003.jpg,/hydroponic_project/data_collection/crops/lettuce_20260901_090003/P04.jpg,/hydroponic_project/data_collection/crops/lettuce_20260901_090003/P04_224.jpg,24.25,30.8,75.8,6.34,2.6864,1.668,834.0,2.11,OK,51663,4.0,1.0002532005310059,149.9852752685547
CAP_20260901_090003,2026-09-01 09:00:03,P05,/hydroponic_project/data_collection/images/lettuce_20260901_090003.jpg,/hydroponic_project/data_collection/crops/lettuce_20260901_090003/P05.jpg,/hydroponic_project/data_collection/crops/lettuce_20260901_090003/P05_224.jpg,24.25,30.8,75.8,6.34,2.6864,1.668,834.0,2.11,OK,51663,4.0,1.0002532005310059,149.9852752685547
CAP_20260901_090003,2026-09-01 09:00:03,P06,/hydroponic_project/data_collection/images/lettuce_20260901_090003.jpg,/hydroponic_project/data_collection/crops/lettuce_20260901_090003/P06.jpg,/hydroponic_project/data_collection/crops/lettuce_20260901_090003/P06_224.jpg,24.25,30.8,75.8,6.34,2.6864,1.668,834.0,2.11,OK,51663,4.0,1.0002532005310059,149.9852752685547
CAP_20260901_090003,2026-09-01 09:00:03,P07,/hydroponic_project/data_collection/images/lettuce_20260901_090003.jpg,/hydroponic_project/data_collection/crops/lettuce_20260901_090003/P07.jpg,/hydroponic_project/data_collection/crops/lettuce_20260901_090003/P07_224.jpg,24.25,30.8,75.8,6.34,2.6864,1.668,834.0,2.11,OK,51663,4.0,1.0002532005310059,149.9852752685547
CAP_20260901_090003,2026-09-01 09:00:03,P08,/hydroponic_project/data_collection/images/lettuce_20260901_090003.jpg,/hydroponic_project/data_collection/crops/lettuce_20260901_090003/P08.jpg,/hydroponic_project/data_collection/crops/lettuce_20260901_090003/P08_224.jpg,24.25,30.8,75.8,6.34,2.6864,1.668,834.0,2.11,OK,51663,4.0,1.0002532005310059,149.9852752685547
CAP_20260901_090003,2026-09-01 09:00:03,P09,/hydroponic_project/data_collection/images/lettuce_20260901_090003.jpg,/hydroponic_project/data_collection/crops/lettuce_20260901_090003/P09.jpg,/hydroponic_project/data_collection/crops/lettuce_20260901_090003/P09_224.jpg,24.25,30.8,75.8,6.34,2.6864,1.668,834.0,2.11,OK,51663,4.0,1.0002532005310059,149.9852752685547
CAP_20260901_090003,2026-09-01 09:00:03,P10,/hydroponic_project/data_collection/images/lettuce_20260901_090003.jpg,/hydroponic_project/data_collection/crops/lettuce_20260901_090003/P10.jpg,/hydroponic_project/data_collection/crops/lettuce_20260901_090003/P10_224.jpg,24.25,30.8,75.8,6.34,2.6864,1.668,834.0,2.11,OK,51663,4.0,1.0002532005310059,149.9852752685547
CAP_20260901_090003,2026-09-01 09:00:03,P11,/hydroponic_project/data_collection/images/lettuce_20260901_090003.jpg,/hydroponic_project/data_collection/crops/lettuce_20260901_090003/P11.jpg,/hydroponic_project/data_collection/crops/lettuce_20260901_090003/P11_224.jpg,24.25,30.8,75.8,6.34,2.6864,1.668,834.0,2.11,OK,51663,4.0,1.0002532005310059,149.9852752685547
CAP_20260901_090003,2026-09-01 09:00:03,P12,/hydroponic_project/data_collection/images/lettuce_20260901_090003.jpg,/hydroponic_project/data_collection/crops/lettuce_20260901_090003/P12.jpg,/hydroponic_project/data_collection/crops/lettuce_20260901_090003/P12_224.jpg,24.25,30.8,75.8,6.34,2.6864,1.668,834.0,2.11,OK,51663,4.0,1.0002532005310059,149.9852752685547
CAP_20260901_093003,2026-09-01 09:30:03,P01,/hydroponic_project/data_collection/images/lettuce_20260901_093003.jpg,/hydroponic_project/data_collection/crops/lettuce_20260901_093003/P01.jpg,/hydroponic_project/data_collection/crops/lettuce_20260901_093003/P01_224.jpg,25.06,31.4,72.7,6.26,2.6984,1.644,822.0,2.1269,OK,29999,4.0,1.0004035234451294,254.0426483154297
CAP_20260901_093003,2026-09-01 09:30:03,P02,/hydroponic_project/data_collection/images/lettuce_20260901_093003.jpg,/hydroponic_project/data_collection/crops/lettuce_20260901_093003/P02.jpg,/hydroponic_project/data_collection/crops/lettuce_20260901_093003/P02_224.jpg,25.06,31.4,72.7,6.26,2.6984,1.644,822.0,2.1269,OK,29999,4.0,1.0004035234451294,254.0426483154297
CAP_20260901_093003,2026-09-01 09:30:03,P03,/hydroponic_project/data_collection/images/lettuce_20260901_093003.jpg,/hydroponic_project/data_collection/crops/lettuce_20260901_093003/P03.jpg,/hydroponic_project/data_collection/crops/lettuce_20260901_093003/P03_224.jpg,25.06,31.4,72.7,6.26,2.6984,1.644,822.0,2.1269,OK,29999,4.0,1.0004035234451294,254.0426483154297
CAP_20260901_093003,2026-09-01 09:30:03,P04,/hydroponic_project/data_collection/images/lettuce_20260901_093003.jpg,/hydroponic_project/data_collection/crops/lettuce_20260901_093003/P04.jpg,/hydroponic_project/data_collection/crops/lettuce_20260901_093003/P04_224.jpg,25.06,31.4,72.7,6.26,2.6984,1.644,822.0,2.1269,OK,29999,4.0,1.0004035234451294,254.0426483154297
CAP_20260901_093003,2026-09-01 09:30:03,P05,/hydroponic_project/data_collection/images/lettuce_20260901_093003.jpg,/hydroponic_project/data_collection/crops/lettuce_20260901_093003/P05.jpg,/hydroponic_project/data_collection/crops/lettuce_20260901_093003/P05_224.jpg,25.06,31.4,72.7,6.26,2.6984,1.644,822.0,2.1269,OK,29999,4.0,1.0004035234451294,254.0426483154297
CAP_20260901_093003,2026-09-01 09:30:03,P06,/hydroponic_project/data_collection/images/lettuce_20260901_093003.jpg,/hydroponic_project/data_collection/crops/lettuce_20260901_093003/P06.jpg,/hydroponic_project/data_collection/crops/lettuce_20260901_093003/P06_224.jpg,25.06,31.4,72.7,6.26,2.6984,1.644,822.0,2.1269,OK,29999,4.0,1.0004035234451294,254.0426483154297
CAP_20260901_093003,2026-09-01 09:30:03,P07,/hydroponic_project/data_collection/images/lettuce_20260901_093003.jpg,/hydroponic_project/data_collection/crops/lettuce_20260901_093003/P07.jpg,/hydroponic_project/data_collection/crops/lettuce_20260901_093003/P07_224.jpg,25.06,31.4,72.7,6.26,2.6984,1.644,822.0,2.1269,OK,29999,4.0,1.0004035234451294,254.0426483154297
CAP_20260901_093003,2026-09-01 09:30:03,P08,/hydroponic_project/data_collection/images/lettuce_20260901_093003.jpg,/hydroponic_project/data_collection/crops/lettuce_20260901_093003/P08.jpg,/hydroponic_project/data_collection/crops/lettuce_20260901_093003/P08_224.jpg,25.06,31.4,72.7,6.26,2.6984,1.644,822.0,2.1269,OK,29999,4.0,1.0004035234451294,254.0426483154297
CAP_20260901_093003,2026-09-01 09:30:03,P09,/hydroponic_project/data_collection/images/lettuce_20260901_093003.jpg,/hydroponic_project/data_collection/crops/lettuce_20260901_093003/P09.jpg,/hydroponic_project/data_collection/crops/lettuce_20260901_093003/P09_224.jpg,25.06,31.4,72.7,6.26,2.6984,1.644,822.0,2.1269,OK,29999,4.0,1.0004035234451294,254.0426483154297
CAP_20260901_093003,2026-09-01 09:30:03,P10,/hydroponic_project/data_collection/images/lettuce_20260901_093003.jpg,/hydroponic_project/data_collection/crops/lettuce_20260901_093003/P10.jpg,/hydroponic_project/data_collection/crops/lettuce_20260901_093003/P10_224.jpg,25.06,31.4,72.7,6.26,2.6984,1.644,822.0,2.1269,OK,29999,4.0,1.0004035234451294,254.0426483154297
CAP_20260901_093003,2026-09-01 09:30:03,P11,/hydroponic_project/data_collection/images/lettuce_20260901_093003.jpg,/hydroponic_project/data_collection/crops/lettuce_20260901_093003/P11.jpg,/hydroponic_project/data_collection/crops/lettuce_20260901_093003/P11_224.jpg,25.06,31.4,72.7,6.26,2.6984,1.644,822.0,2.1269,OK,29999,4.0,1.0004035234451294,254.0426483154297
CAP_20260901_093003,2026-09-01 09:30:03,P12,/hydroponic_project/data_collection/images/lettuce_20260901_093003.jpg,/hydroponic_project/data_collection/crops/lettuce_20260901_093003/P12.jpg,/hydroponic_project/data_collection/crops/lettuce_20260901_093003/P12_224.jpg,25.06,31.4,72.7,6.26,2.6984,1.644,822.0,2.1269,OK,29999,4.0,1.0004035234451294,254.0426483154297
CAP_20260901_100004,2026-09-01 10:00:04,P01,/hydroponic_project/data_collection/images/lettuce_20260901_100004.jpg,/hydroponic_project/data_collection/crops/lettuce_20260901_100004/P01.jpg,/hydroponic_project/data_collection/crops/lettuce_20260901_100004/P01_224.jpg,26.0,31.7,73.4,6.3,2.6925,1.611,805.7,2.1415,OK,42230,4.0,1.000043511390686,177.94686889648438
CAP_20260901_100004,2026-09-01 10:00:04,P02,/hydroponic_project/data_collection/images/lettuce_20260901_100004.jpg,/hydroponic_project/data_collection/crops/lettuce_20260901_100004/P02.jpg,/hydroponic_project/data_collection/crops/lettuce_20260901_100004/P02_224.jpg,26.0,31.7,73.4,6.3,2.6925,1.611,805.7,2.1415,OK,42230,4.0,1.000043511390686,177.94686889648438
CAP_20260901_100004,2026-09-01 10:00:04,P03,/hydroponic_project/data_collection/images/lettuce_20260901_100004.jpg,/hydroponic_project/data_collection/crops/lettuce_20260901_100004/P03.jpg,/hydroponic_project/data_collection/crops/lettuce_20260901_100004/P03_224.jpg,26.0,31.7,73.4,6.3,2.6925,1.611,805.7,2.1415,OK,42230,4.0,1.000043511390686,177.94686889648438
CAP_20260901_100004,2026-09-01 10:00:04,P04,/hydroponic_project/data_collection/images/lettuce_20260901_100004.jpg,/hydroponic_project/data_collection/crops/lettuce_20260901_100004/P04.jpg,/hydroponic_project/data_collection/crops/lettuce_20260901_100004/P04_224.jpg,26.0,31.7,73.4,6.3,2.6925,1.611,805.7,2.1415,OK,42230,4.0,1.000043511390686,177.94686889648438
CAP_20260901_100004,2026-09-01 10:00:04,P05,/hydroponic_project/data_collection/images/lettuce_20260901_100004.jpg,/hydroponic_project/data_collection/crops/lettuce_20260901_100004/P05.jpg,/hydroponic_project/data_collection/crops/lettuce_20260901_100004/P05_224.jpg,26.0,31.7,73.4,6.3,2.6925,1.611,805.7,2.1415,OK,42230,4.0,1.000043511390686,177.94686889648438
CAP_20260901_100004,2026-09-01 10:00:04,P06,/hydroponic_project/data_collection/images/lettuce_20260901_100004.jpg,/hydroponic_project/data_collection/crops/lettuce_20260901_100004/P06.jpg,/hydroponic_project/data_collection/crops/lettuce_20260901_100004/P06_224.jpg,26.0,31.7,73.4,6.3,2.6925,1.611,805.7,2.1415,OK,42230,4.0,1.000043511390686,177.94686889648438
CAP_20260901_100004,2026-09-01 10:00:04,P07,/hydroponic_project/data_collection/images/lettuce_20260901_100004.jpg,/hydroponic_project/data_collection/crops/lettuce_20260901_100004/P07.jpg,/hydroponic_project/data_collection/crops/lettuce_20260901_100004/P07_224.jpg,26.0,31.7,73.4,6.3,2.6925,1.611,805.7,2.1415,OK,42230,4.0,1.000043511390686,177.94686889648438
CAP_20260901_100004,2026-09-01 10:00:04,P08,/hydroponic_project/data_collection/images/lettuce_20260901_100004.jpg,/hydroponic_project/data_collection/crops/lettuce_20260901_100004/P08.jpg,/hydroponic_project/data_collection/crops/lettuce_20260901_100004/P08_224.jpg,26.0,31.7,73.4,6.3,2.6925,1.611,805.7,2.1415,OK,42230,4.0,1.000043511390686,177.94686889648438
CAP_20260901_100004,2026-09-01 10:00:04,P09,/hydroponic_project/data_collection/images/lettuce_20260901_100004.jpg,/hydroponic_project/data_collection/crops/lettuce_20260901_100004/P09.jpg,/hydroponic_project/data_collection/crops/lettuce_20260901_100004/P09_224.jpg,26.0,31.7,73.4,6.3,2.6925,1.611,805.7,2.1415,OK,42230,4.0,1.000043511390686,177.94686889648438
CAP_20260901_100004,2026-09-01 10:00:04,P10,/hydroponic_project/data_collection/images/lettuce_20260901_100004.jpg,/hydroponic_project/data_collection/crops/lettuce_20260901_100004/P10.jpg,/hydroponic_project/data_collection/crops/lettuce_20260901_100004/P10_224.jpg,26.0,31.7,73.4,6.3,2.6925,1.611,805.7,2.1415,OK,42230,4.0,1.000043511390686,177.94686889648438
CAP_20260901_100004,2026-09-01 10:00:04,P11,/hydroponic_project/data_collection/images/lettuce_20260901_100004.jpg,/hydroponic_project/data_collection/crops/lettuce_20260901_100004/P11.jpg,/hydroponic_project/data_collection/crops/lettuce_20260901_100004/P11_224.jpg,26.0,31.7,73.4,6.3,2.6925,1.611,805.7,2.1415,OK,42230,4.0,1.000043511390686,177.94686889648438
CAP_20260901_100004,2026-09-01 10:00:04,P12,/hydroponic_project/data_collection/images/lettuce_20260901_100004.jpg,/hydroponic_project/data_collection/crops/lettuce_20260901_100004/P12.jpg,/hydroponic_project/data_collection/crops/lettuce_20260901_100004/P12_224.jpg,26.0,31.7,73.4,6.3,2.6925,1.611,805.7,2.1415,OK,42230,4.0,1.000043511390686,177.94686889648438
CAP_20260901_103004,2026-09-01 10:30:04,P01,/hydroponic_project/data_collection/images/lettuce_20260901_103004.jpg,/hydroponic_project/data_collection/crops/lettuce_20260901_103004/P01.jpg,/hydroponic_project/data_collection/crops/lettuce_20260901_103004/P01_224.jpg,26.94,32.4,67.2,6.42,2.6733,1.582,791.1,2.1574,OK,29999,3.6571428775787354,1.0098727941513062,266.14080810546875
CAP_20260901_103004,2026-09-01 10:30:04,P02,/hydroponic_project/data_collection/images/lettuce_20260901_103004.jpg,/hydroponic_project/data_collection/crops/lettuce_20260901_103004/P02.jpg,/hydroponic_project/data_collection/crops/lettuce_20260901_103004/P02_224.jpg,26.94,32.4,67.2,6.42,2.6733,1.582,791.1,2.1574,OK,29999,3.6571428775787354,1.0098727941513062,266.14080810546875
CAP_20260901_103004,2026-09-01 10:30:04,P03,/hydroponic_project/data_collection/images/lettuce_20260901_103004.jpg,/hydroponic_project/data_collection/crops/lettuce_20260901_103004/P03.jpg,/hydroponic_project/data_collection/crops/lettuce_20260901_103004/P03_224.jpg,26.94,32.4,67.2,6.42,2.6733,1.582,791.1,2.1574,OK,29999,3.6571428775787354,1.0098727941513062,266.14080810546875
CAP_20260901_103004,2026-09-01 10:30:04,P04,/hydroponic_project/data_collection/images/lettuce_20260901_103004.jpg,/hydroponic_project/data_collection/crops/lettuce_20260901_103004/P04.jpg,/hydroponic_project/data_collection/crops/lettuce_20260901_103004/P04_224.jpg,26.94,32.4,67.2,6.42,2.6733,1.582,791.1,2.1574,OK,29999,3.6571428775787354,1.0098727941513062,266.14080810546875
CAP_20260901_103004,2026-09-01 10:30:04,P05,/hydroponic_project/data_collection/images/lettuce_20260901_103004.jpg,/hydroponic_project/data_collection/crops/lettuce_20260901_103004/P05.jpg,/hydroponic_project/data_collection/crops/lettuce_20260901_103004/P05_224.jpg,26.94,32.4,67.2,6.42,2.6733,1.582,791.1,2.1574,OK,29999,3.6571428775787354,1.0098727941513062,266.14080810546875
CAP_20260901_103004,2026-09-01 10:30:04,P06,/hydroponic_project/data_collection/images/lettuce_20260901_103004.jpg,/hydroponic_project/data_collection/crops/lettuce_20260901_103004/P06.jpg,/hydroponic_project/data_collection/crops/lettuce_20260901_103004/P06_224.jpg,26.94,32.4,67.2,6.42,2.6733,1.582,791.1,2.1574,OK,29999,3.6571428775787354,1.0098727941513062,266.14080810546875
CAP_20260901_103004,2026-09-01 10:30:04,P07,/hydroponic_project/data_collection/images/lettuce_20260901_103004.jpg,/hydroponic_project/data_collection/crops/lettuce_20260901_103004/P07.jpg,/hydroponic_project/data_collection/crops/lettuce_20260901_103004/P07_224.jpg,26.94,32.4,67.2,6.42,2.6733,1.582,791.1,2.1574,OK,29999,3.6571428775787354,1.0098727941513062,266.14080810546875
CAP_20260901_103004,2026-09-01 10:30:04,P08,/hydroponic_project/data_collection/images/lettuce_20260901_103004.jpg,/hydroponic_project/data_collection/crops/lettuce_20260901_103004/P08.jpg,/hydroponic_project/data_collection/crops/lettuce_20260901_103004/P08_224.jpg,26.94,32.4,67.2,6.42,2.6733,1.582,791.1,2.1574,OK,29999,3.6571428775787354,1.0098727941513062,266.14080810546875
CAP_20260901_103004,2026-09-01 10:30:04,P09,/hydroponic_project/data_collection/images/lettuce_20260901_103004.jpg,/hydroponic_project/data_collection/crops/lettuce_20260901_103004/P09.jpg,/hydroponic_project/data_collection/crops/lettuce_20260901_103004/P09_224.jpg,26.94,32.4,67.2,6.42,2.6733,1.582,791.1,2.1574,OK,29999,3.6571428775787354,1.0098727941513062,266.14080810546875
CAP_20260901_103004,2026-09-01 10:30:04,P10,/hydroponic_project/data_collection/images/lettuce_20260901_103004.jpg,/hydroponic_project/data_collection/crops/lettuce_20260901_103004/P10.jpg,/hydroponic_project/data_collection/crops/lettuce_20260901_103004/P10_224.jpg,26.94,32.4,67.2,6.42,2.6733,1.582,791.1,2.1574,OK,29999,3.6571428775787354,1.0098727941513062,266.14080810546875
CAP_20260901_103004,2026-09-01 10:30:04,P11,/hydroponic_project/data_collection/images/lettuce_20260901_103004.jpg,/hydroponic_project/data_collection/crops/lettuce_20260901_103004/P11.jpg,/hydroponic_project/data_collection/crops/lettuce_20260901_103004/P11_224.jpg,26.94,32.4,67.2,6.42,2.6733,1.582,791.1,2.1574,OK,29999,3.6571428775787354,1.0098727941513062,266.14080810546875
CAP_20260901_103004,2026-09-01 10:30:04,P12,/hydroponic_project/data_collection/images/lettuce_20260901_103004.jpg,/hydroponic_project/data_collection/crops/lettuce_20260901_103004/P12.jpg,/hydroponic_project/data_collection/crops/lettuce_20260901_103004/P12_224.jpg,26.94,32.4,67.2,6.42,2.6733,1.582,791.1,2.1574,OK,29999,3.6571428775787354,1.0098727941513062,266.14080810546875
CAP_20260901_110004,2026-09-01 11:00:04,P01,/hydroponic_project/data_collection/images/lettuce_20260901_110004.jpg,/hydroponic_project/data_collection/crops/lettuce_20260901_110004/P01.jpg,/hydroponic_project/data_collection/crops/lettuce_20260901_110004/P01_224.jpg,27.56,32.2,68.6,6.53,2.6544,1.557,778.3,2.1623,OK,29999,2.0480000972747803,1.0064780712127686,477.7181091308594
CAP_20260901_110004,2026-09-01 11:00:04,P02,/hydroponic_project/data_collection/images/lettuce_20260901_110004.jpg,/hydroponic_project/data_collection/crops/lettuce_20260901_110004/P02.jpg,/hydroponic_project/data_collection/crops/lettuce_20260901_110004/P02_224.jpg,27.56,32.2,68.6,6.53,2.6544,1.557,778.3,2.1623,OK,29999,2.0480000972747803,1.0064780712127686,477.7181091308594
CAP_20260901_110004,2026-09-01 11:00:04,P03,/hydroponic_project/data_collection/images/lettuce_20260901_110004.jpg,/hydroponic_project/data_collection/crops/lettuce_20260901_110004/P03.jpg,/hydroponic_project/data_collection/crops/lettuce_20260901_110004/P03_224.jpg,27.56,32.2,68.6,6.53,2.6544,1.557,778.3,2.1623,OK,29999,2.0480000972747803,1.0064780712127686,477.7181091308594
CAP_20260901_110004,2026-09-01 11:00:04,P04,/hydroponic_project/data_collection/images/lettuce_20260901_110004.jpg,/hydroponic_project/data_collection/crops/lettuce_20260901_110004/P04.jpg,/hydroponic_project/data_collection/crops/lettuce_20260901_110004/P04_224.jpg,27.56,32.2,68.6,6.53,2.6544,1.557,778.3,2.1623,OK,29999,2.0480000972747803,1.0064780712127686,477.7181091308594
CAP_20260901_110004,2026-09-01 11:00:04,P05,/hydroponic_project/data_collection/images/lettuce_20260901_110004.jpg,/hydroponic_project/data_collection/crops/lettuce_20260901_110004/P05.jpg,/hydroponic_project/data_collection/crops/lettuce_20260901_110004/P05_224.jpg,27.56,32.2,68.6,6.53,2.6544,1.557,778.3,2.1623,OK,29999,2.0480000972747803,1.0064780712127686,477.7181091308594
CAP_20260901_110004,2026-09-01 11:00:04,P06,/hydroponic_project/data_collection/images/lettuce_20260901_110004.jpg,/hydroponic_project/data_collection/crops/lettuce_20260901_110004/P06.jpg,/hydroponic_project/data_collection/crops/lettuce_20260901_110004/P06_224.jpg,27.56,32.2,68.6,6.53,2.6544,1.557,778.3,2.1623,OK,29999,2.0480000972747803,1.0064780712127686,477.7181091308594
CAP_20260901_110004,2026-09-01 11:00:04,P07,/hydroponic_project/data_collection/images/lettuce_20260901_110004.jpg,/hydroponic_project/data_collection/crops/lettuce_20260901_110004/P07.jpg,/hydroponic_project/data_collection/crops/lettuce_20260901_110004/P07_224.jpg,27.56,32.2,68.6,6.53,2.6544,1.557,778.3,2.1623,OK,29999,2.0480000972747803,1.0064780712127686,477.7181091308594
CAP_20260901_110004,2026-09-01 11:00:04,P08,/hydroponic_project/data_collection/images/lettuce_20260901_110004.jpg,/hydroponic_project/data_collection/crops/lettuce_20260901_110004/P08.jpg,/hydroponic_project/data_collection/crops/lettuce_20260901_110004/P08_224.jpg,27.56,32.2,68.6,6.53,2.6544,1.557,778.3,2.1623,OK,29999,2.0480000972747803,1.0064780712127686,477.7181091308594
CAP_20260901_110004,2026-09-01 11:00:04,P09,/hydroponic_project/data_collection/images/lettuce_20260901_110004.jpg,/hydroponic_project/data_collection/crops/lettuce_20260901_110004/P09.jpg,/hydroponic_project/data_collection/crops/lettuce_20260901_110004/P09_224.jpg,27.56,32.2,68.6,6.53,2.6544,1.557,778.3,2.1623,OK,29999,2.0480000972747803,1.0064780712127686,477.7181091308594
CAP_20260901_110004,2026-09-01 11:00:04,P10,/hydroponic_project/data_collection/images/lettuce_20260901_110004.jpg,/hydroponic_project/data_collection/crops/lettuce_20260901_110004/P10.jpg,/hydroponic_project/data_collection/crops/lettuce_20260901_110004/P10_224.jpg,27.56,32.2,68.6,6.53,2.6544,1.557,778.3,2.1623,OK,29999,2.0480000972747803,1.0064780712127686,477.7181091308594
CAP_20260901_110004,2026-09-01 11:00:04,P11,/hydroponic_project/data_collection/images/lettuce_20260901_110004.jpg,/hydroponic_project/data_collection/crops/lettuce_20260901_110004/P11.jpg,/hydroponic_project/data_collection/crops/lettuce_20260901_110004/P11_224.jpg,27.56,32.2,68.6,6.53,2.6544,1.557,778.3,2.1623,OK,29999,2.0480000972747803,1.0064780712127686,477.7181091308594
CAP_20260901_110004,2026-09-01 11:00:04,P12,/hydroponic_project/data_collection/images/lettuce_20260901_110004.jpg,/hydroponic_project/data_collection/crops/lettuce_20260901_110004/P12.jpg,/hydroponic_project/data_collection/crops/lettuce_20260901_110004/P12_224.jpg,27.56,32.2,68.6,6.53,2.6544,1.557,778.3,2.1623,OK,29999,2.0480000972747803,1.0064780712127686,477.7181091308594
CAP_20260901_113003,2026-09-01 11:30:03,P01,/hydroponic_project/data_collection/images/lettuce_20260901_113003.jpg,/hydroponic_project/data_collection/crops/lettuce_20260901_113003/P01.jpg,/hydroponic_project/data_collection/crops/lettuce_20260901_113003/P01_224.jpg,28.19,32.4,68.6,6.37,2.6815,1.531,765.3,2.166,OK,29999,2.534653425216675,1.0038059949874878,381.3871765136719
CAP_20260901_113003,2026-09-01 11:30:03,P02,/hydroponic_project/data_collection/images/lettuce_20260901_113003.jpg,/hydroponic_project/data_collection/crops/lettuce_20260901_113003/P02.jpg,/hydroponic_project/data_collection/crops/lettuce_20260901_113003/P02_224.jpg,28.19,32.4,68.6,6.37,2.6815,1.531,765.3,2.166,OK,29999,2.534653425216675,1.0038059949874878,381.3871765136719
CAP_20260901_113003,2026-09-01 11:30:03,P03,/hydroponic_project/data_collection/images/lettuce_20260901_113003.jpg,/hydroponic_project/data_collection/crops/lettuce_20260901_113003/P03.jpg,/hydroponic_project/data_collection/crops/lettuce_20260901_113003/P03_224.jpg,28.19,32.4,68.6,6.37,2.6815,1.531,765.3,2.166,OK,29999,2.534653425216675,1.0038059949874878,381.3871765136719
CAP_20260901_113003,2026-09-01 11:30:03,P04,/hydroponic_project/data_collection/images/lettuce_20260901_113003.jpg,/hydroponic_project/data_collection/crops/lettuce_20260901_113003/P04.jpg,/hydroponic_project/data_collection/crops/lettuce_20260901_113003/P04_224.jpg,28.19,32.4,68.6,6.37,2.6815,1.531,765.3,2.166,OK,29999,2.534653425216675,1.0038059949874878,381.3871765136719
CAP_20260901_113003,2026-09-01 11:30:03,P05,/hydroponic_project/data_collection/images/lettuce_20260901_113003.jpg,/hydroponic_project/data_collection/crops/lettuce_20260901_113003/P05.jpg,/hydroponic_project/data_collection/crops/lettuce_20260901_113003/P05_224.jpg,28.19,32.4,68.6,6.37,2.6815,1.531,765.3,2.166,OK,29999,2.534653425216675,1.0038059949874878,381.3871765136719
CAP_20260901_113003,2026-09-01 11:30:03,P06,/hydroponic_project/data_collection/images/lettuce_20260901_113003.jpg,/hydroponic_project/data_collection/crops/lettuce_20260901_113003/P06.jpg,/hydroponic_project/data_collection/crops/lettuce_20260901_113003/P06_224.jpg,28.19,32.4,68.6,6.37,2.6815,1.531,765.3,2.166,OK,29999,2.534653425216675,1.0038059949874878,381.3871765136719
CAP_20260901_113003,2026-09-01 11:30:03,P07,/hydroponic_project/data_collection/images/lettuce_20260901_113003.jpg,/hydroponic_project/data_collection/crops/lettuce_20260901_113003/P07.jpg,/hydroponic_project/data_collection/crops/lettuce_20260901_113003/P07_224.jpg,28.19,32.4,68.6,6.37,2.6815,1.531,765.3,2.166,OK,29999,2.534653425216675,1.0038059949874878,381.3871765136719
CAP_20260901_113003,2026-09-01 11:30:03,P08,/hydroponic_project/data_collection/images/lettuce_20260901_113003.jpg,/hydroponic_project/data_collection/crops/lettuce_20260901_113003/P08.jpg,/hydroponic_project/data_collection/crops/lettuce_20260901_113003/P08_224.jpg,28.19,32.4,68.6,6.37,2.6815,1.531,765.3,2.166,OK,29999,2.534653425216675,1.0038059949874878,381.3871765136719
CAP_20260901_113003,2026-09-01 11:30:03,P09,/hydroponic_project/data_collection/images/lettuce_20260901_113003.jpg,/hydroponic_project/data_collection/crops/lettuce_20260901_113003/P09.jpg,/hydroponic_project/data_collection/crops/lettuce_20260901_113003/P09_224.jpg,28.19,32.4,68.6,6.37,2.6815,1.531,765.3,2.166,OK,29999,2.534653425216675,1.0038059949874878,381.3871765136719
CAP_20260901_113003,2026-09-01 11:30:03,P10,/hydroponic_project/data_collection/images/lettuce_20260901_113003.jpg,/hydroponic_project/data_collection/crops/lettuce_20260901_113003/P10.jpg,/hydroponic_project/data_collection/crops/lettuce_20260901_113003/P10_224.jpg,28.19,32.4,68.6,6.37,2.6815,1.531,765.3,2.166,OK,29999,2.534653425216675,1.0038059949874878,381.3871765136719
CAP_20260901_113003,2026-09-01 11:30:03,P11,/hydroponic_project/data_collection/images/lettuce_20260901_113003.jpg,/hydroponic_project/data_collection/crops/lettuce_20260901_113003/P11.jpg,/hydroponic_project/data_collection/crops/lettuce_20260901_113003/P11_224.jpg,28.19,32.4,68.6,6.37,2.6815,1.531,765.3,2.166,OK,29999,2.534653425216675,1.0038059949874878,381.3871765136719
CAP_20260901_113003,2026-09-01 11:30:03,P12,/hydroponic_project/data_collection/images/lettuce_20260901_113003.jpg,/hydroponic_project/data_collection/crops/lettuce_20260901_113003/P12.jpg,/hydroponic_project/data_collection/crops/lettuce_20260901_113003/P12_224.jpg,28.19,32.4,68.6,6.37,2.6815,1.531,765.3,2.166,OK,29999,2.534653425216675,1.0038059949874878,381.3871765136719
CAP_20260901_120003,2026-09-01 12:00:03,P01,/hydroponic_project/data_collection/images/lettuce_20260901_120003.jpg,/hydroponic_project/data_collection/crops/lettuce_20260901_120003/P01.jpg,/hydroponic_project/data_collection/crops/lettuce_20260901_120003/P01_224.jpg,28.75,32.8,67.7,6.42,2.673,1.509,754.3,2.1699,OK,29999,2.75268816947937,1.0005807876586914,359.0642395019531
CAP_20260901_120003,2026-09-01 12:00:03,P02,/hydroponic_project/data_collection/images/lettuce_20260901_120003.jpg,/hydroponic_project/data_collection/crops/lettuce_20260901_120003/P02.jpg,/hydroponic_project/data_collection/crops/lettuce_20260901_120003/P02_224.jpg,28.75,32.8,67.7,6.42,2.673,1.509,754.3,2.1699,OK,29999,2.75268816947937,1.0005807876586914,359.0642395019531
CAP_20260901_120003,2026-09-01 12:00:03,P03,/hydroponic_project/data_collection/images/lettuce_20260901_120003.jpg,/hydroponic_project/data_collection/crops/lettuce_20260901_120003/P03.jpg,/hydroponic_project/data_collection/crops/lettuce_20260901_120003/P03_224.jpg,28.75,32.8,67.7,6.42,2.673,1.509,754.3,2.1699,OK,29999,2.75268816947937,1.0005807876586914,359.0642395019531
CAP_20260901_120003,2026-09-01 12:00:03,P04,/hydroponic_project/data_collection/images/lettuce_20260901_120003.jpg,/hydroponic_project/data_collection/crops/lettuce_20260901_120003/P04.jpg,/hydroponic_project/data_collection/crops/lettuce_20260901_120003/P04_224.jpg,28.75,32.8,67.7,6.42,2.673,1.509,754.3,2.1699,OK,29999,2.75268816947937,1.0005807876586914,359.0642395019531
CAP_20260901_120003,2026-09-01 12:00:03,P05,/hydroponic_project/data_collection/images/lettuce_20260901_120003.jpg,/hydroponic_project/data_collection/crops/lettuce_20260901_120003/P05.jpg,/hydroponic_project/data_collection/crops/lettuce_20260901_120003/P05_224.jpg,28.75,32.8,67.7,6.42,2.673,1.509,754.3,2.1699,OK,29999,2.75268816947937,1.0005807876586914,359.0642395019531
CAP_20260901_120003,2026-09-01 12:00:03,P06,/hydroponic_project/data_collection/images/lettuce_20260901_120003.jpg,/hydroponic_project/data_collection/crops/lettuce_20260901_120003/P06.jpg,/hydroponic_project/data_collection/crops/lettuce_20260901_120003/P06_224.jpg,28.75,32.8,67.7,6.42,2.673,1.509,754.3,2.1699,OK,29999,2.75268816947937,1.0005807876586914,359.0642395019531
CAP_20260901_120003,2026-09-01 12:00:03,P07,/hydroponic_project/data_collection/images/lettuce_20260901_120003.jpg,/hydroponic_project/data_collection/crops/lettuce_20260901_120003/P07.jpg,/hydroponic_project/data_collection/crops/lettuce_20260901_120003/P07_224.jpg,28.75,32.8,67.7,6.42,2.673,1.509,754.3,2.1699,OK,29999,2.75268816947937,1.0005807876586914,359.0642395019531
CAP_20260901_120003,2026-09-01 12:00:03,P08,/hydroponic_project/data_collection/images/lettuce_20260901_120003.jpg,/hydroponic_project/data_collection/crops/lettuce_20260901_120003/P08.jpg,/hydroponic_project/data_collection/crops/lettuce_20260901_120003/P08_224.jpg,28.75,32.8,67.7,6.42,2.673,1.509,754.3,2.1699,OK,29999,2.75268816947937,1.0005807876586914,359.0642395019531
CAP_20260901_120003,2026-09-01 12:00:03,P09,/hydroponic_project/data_collection/images/lettuce_20260901_120003.jpg,/hydroponic_project/data_collection/crops/lettuce_20260901_120003/P09.jpg,/hydroponic_project/data_collection/crops/lettuce_20260901_120003/P09_224.jpg,28.75,32.8,67.7,6.42,2.673,1.509,754.3,2.1699,OK,29999,2.75268816947937,1.0005807876586914,359.0642395019531
CAP_20260901_120003,2026-09-01 12:00:03,P10,/hydroponic_project/data_collection/images/lettuce_20260901_120003.jpg,/hydroponic_project/data_collection/crops/lettuce_20260901_120003/P10.jpg,/hydroponic_project/data_collection/crops/lettuce_20260901_120003/P10_224.jpg,28.75,32.8,67.7,6.42,2.673,1.509,754.3,2.1699,OK,29999,2.75268816947937,1.0005807876586914,359.0642395019531
CAP_20260901_120003,2026-09-01 12:00:03,P11,/hydroponic_project/data_collection/images/lettuce_20260901_120003.jpg,/hydroponic_project/data_collection/crops/lettuce_20260901_120003/P11.jpg,/hydroponic_project/data_collection/crops/lettuce_20260901_120003/P11_224.jpg,28.75,32.8,67.7,6.42,2.673,1.509,754.3,2.1699,OK,29999,2.75268816947937,1.0005807876586914,359.0642395019531
CAP_20260901_120003,2026-09-01 12:00:03,P12,/hydroponic_project/data_collection/images/lettuce_20260901_120003.jpg,/hydroponic_project/data_collection/crops/lettuce_20260901_120003/P12.jpg,/hydroponic_project/data_collection/crops/lettuce_20260901_120003/P12_224.jpg,28.75,32.8,67.7,6.42,2.673,1.509,754.3,2.1699,OK,29999,2.75268816947937,1.0005807876586914,359.0642395019531
CAP_20260901_123004,2026-09-01 12:30:04,P01,/hydroponic_project/data_collection/images/lettuce_20260901_123004.jpg,/hydroponic_project/data_collection/crops/lettuce_20260901_123004/P01.jpg,/hydroponic_project/data_collection/crops/lettuce_20260901_123004/P01_224.jpg,29.06,32.5,67.0,6.39,2.6779,1.494,746.8,2.1691,OK,29999,2.694736957550049,1.0076167583465576,356.78863525390625
CAP_20260901_123004,2026-09-01 12:30:04,P02,/hydroponic_project/data_collection/images/lettuce_20260901_123004.jpg,/hydroponic_project/data_collection/crops/lettuce_20260901_123004/P02.jpg,/hydroponic_project/data_collection/crops/lettuce_20260901_123004/P02_224.jpg,29.06,32.5,67.0,6.39,2.6779,1.494,746.8,2.1691,OK,29999,2.694736957550049,1.0076167583465576,356.78863525390625
CAP_20260901_123004,2026-09-01 12:30:04,P03,/hydroponic_project/data_collection/images/lettuce_20260901_123004.jpg,/hydroponic_project/data_collection/crops/lettuce_20260901_123004/P03.jpg,/hydroponic_project/data_collection/crops/lettuce_20260901_123004/P03_224.jpg,29.06,32.5,67.0,6.39,2.6779,1.494,746.8,2.1691,OK,29999,2.694736957550049,1.0076167583465576,356.78863525390625
CAP_20260901_123004,2026-09-01 12:30:04,P04,/hydroponic_project/data_collection/images/lettuce_20260901_123004.jpg,/hydroponic_project/data_collection/crops/lettuce_20260901_123004/P04.jpg,/hydroponic_project/data_collection/crops/lettuce_20260901_123004/P04_224.jpg,29.06,32.5,67.0,6.39,2.6779,1.494,746.8,2.1691,OK,29999,2.694736957550049,1.0076167583465576,356.78863525390625
CAP_20260901_123004,2026-09-01 12:30:04,P05,/hydroponic_project/data_collection/images/lettuce_20260901_123004.jpg,/hydroponic_project/data_collection/crops/lettuce_20260901_123004/P05.jpg,/hydroponic_project/data_collection/crops/lettuce_20260901_123004/P05_224.jpg,29.06,32.5,67.0,6.39,2.6779,1.494,746.8,2.1691,OK,29999,2.694736957550049,1.0076167583465576,356.78863525390625
CAP_20260901_123004,2026-09-01 12:30:04,P06,/hydroponic_project/data_collection/images/lettuce_20260901_123004.jpg,/hydroponic_project/data_collection/crops/lettuce_20260901_123004/P06.jpg,/hydroponic_project/data_collection/crops/lettuce_20260901_123004/P06_224.jpg,29.06,32.5,67.0,6.39,2.6779,1.494,746.8,2.1691,OK,29999,2.694736957550049,1.0076167583465576,356.78863525390625
CAP_20260901_123004,2026-09-01 12:30:04,P07,/hydroponic_project/data_collection/images/lettuce_20260901_123004.jpg,/hydroponic_project/data_collection/crops/lettuce_20260901_123004/P07.jpg,/hydroponic_project/data_collection/crops/lettuce_20260901_123004/P07_224.jpg,29.06,32.5,67.0,6.39,2.6779,1.494,746.8,2.1691,OK,29999,2.694736957550049,1.0076167583465576,356.78863525390625
CAP_20260901_123004,2026-09-01 12:30:04,P08,/hydroponic_project/data_collection/images/lettuce_20260901_123004.jpg,/hydroponic_project/data_collection/crops/lettuce_20260901_123004/P08.jpg,/hydroponic_project/data_collection/crops/lettuce_20260901_123004/P08_224.jpg,29.06,32.5,67.0,6.39,2.6779,1.494,746.8,2.1691,OK,29999,2.694736957550049,1.0076167583465576,356.78863525390625
CAP_20260901_123004,2026-09-01 12:30:04,P09,/hydroponic_project/data_collection/images/lettuce_20260901_123004.jpg,/hydroponic_project/data_collection/crops/lettuce_20260901_123004/P09.jpg,/hydroponic_project/data_collection/crops/lettuce_20260901_123004/P09_224.jpg,29.06,32.5,67.0,6.39,2.6779,1.494,746.8,2.1691,OK,29999,2.694736957550049,1.0076167583465576,356.78863525390625
CAP_20260901_123004,2026-09-01 12:30:04,P10,/hydroponic_project/data_collection/images/lettuce_20260901_123004.jpg,/hydroponic_project/data_collection/crops/lettuce_20260901_123004/P10.jpg,/hydroponic_project/data_collection/crops/lettuce_20260901_123004/P10_224.jpg,29.06,32.5,67.0,6.39,2.6779,1.494,746.8,2.1691,OK,29999,2.694736957550049,1.0076167583465576,356.78863525390625
CAP_20260901_123004,2026-09-01 12:30:04,P11,/hydroponic_project/data_collection/images/lettuce_20260901_123004.jpg,/hydroponic_project/data_collection/crops/lettuce_20260901_123004/P11.jpg,/hydroponic_project/data_collection/crops/lettuce_20260901_123004/P11_224.jpg,29.06,32.5,67.0,6.39,2.6779,1.494,746.8,2.1691,OK,29999,2.694736957550049,1.0076167583465576,356.78863525390625
CAP_20260901_123004,2026-09-01 12:30:04,P12,/hydroponic_project/data_collection/images/lettuce_20260901_123004.jpg,/hydroponic_project/data_collection/crops/lettuce_20260901_123004/P12.jpg,/hydroponic_project/data_collection/crops/lettuce_20260901_123004/P12_224.jpg,29.06,32.5,67.0,6.39,2.6779,1.494,746.8,2.1691,OK,29999,2.694736957550049,1.0076167583465576,356.78863525390625
CAP_20260901_130632,2026-09-01 13:06:32,P01,/hydroponic_project/data_collection/images/lettuce_20260901_130632.jpg,/hydroponic_project/data_collection/crops/lettuce_20260901_130632/P01.jpg,/hydroponic_project/data_collection/crops/lettuce_20260901_130632/P01_224.jpg,27.81,33.1,66.7,6.15,2.7166,1.606,803.2,2.2135,OK,29999,3.0117647647857666,1.0102720260620117,322.9630126953125
CAP_20260901_130632,2026-09-01 13:06:32,P02,/hydroponic_project/data_collection/images/lettuce_20260901_130632.jpg,/hydroponic_project/data_collection/crops/lettuce_20260901_130632/P02.jpg,/hydroponic_project/data_collection/crops/lettuce_20260901_130632/P02_224.jpg,27.81,33.1,66.7,6.15,2.7166,1.606,803.2,2.2135,OK,29999,3.0117647647857666,1.0102720260620117,322.9630126953125
CAP_20260901_130632,2026-09-01 13:06:32,P03,/hydroponic_project/data_collection/images/lettuce_20260901_130632.jpg,/hydroponic_project/data_collection/crops/lettuce_20260901_130632/P03.jpg,/hydroponic_project/data_collection/crops/lettuce_20260901_130632/P03_224.jpg,27.81,33.1,66.7,6.15,2.7166,1.606,803.2,2.2135,OK,29999,3.0117647647857666,1.0102720260620117,322.9630126953125
CAP_20260901_130632,2026-09-01 13:06:32,P04,/hydroponic_project/data_collection/images/lettuce_20260901_130632.jpg,/hydroponic_project/data_collection/crops/lettuce_20260901_130632/P04.jpg,/hydroponic_project/data_collection/crops/lettuce_20260901_130632/P04_224.jpg,27.81,33.1,66.7,6.15,2.7166,1.606,803.2,2.2135,OK,29999,3.0117647647857666,1.0102720260620117,322.9630126953125
CAP_20260901_130632,2026-09-01 13:06:32,P05,/hydroponic_project/data_collection/images/lettuce_20260901_130632.jpg,/hydroponic_project/data_collection/crops/lettuce_20260901_130632/P05.jpg,/hydroponic_project/data_collection/crops/lettuce_20260901_130632/P05_224.jpg,27.81,33.1,66.7,6.15,2.7166,1.606,803.2,2.2135,OK,29999,3.0117647647857666,1.0102720260620117,322.9630126953125
CAP_20260901_130632,2026-09-01 13:06:32,P06,/hydroponic_project/data_collection/images/lettuce_20260901_130632.jpg,/hydroponic_project/data_collection/crops/lettuce_20260901_130632/P06.jpg,/hydroponic_project/data_collection/crops/lettuce_20260901_130632/P06_224.jpg,27.81,33.1,66.7,6.15,2.7166,1.606,803.2,2.2135,OK,29999,3.0117647647857666,1.0102720260620117,322.9630126953125
CAP_20260901_130632,2026-09-01 13:06:32,P07,/hydroponic_project/data_collection/images/lettuce_20260901_130632.jpg,/hydroponic_project/data_collection/crops/lettuce_20260901_130632/P07.jpg,/hydroponic_project/data_collection/crops/lettuce_20260901_130632/P07_224.jpg,27.81,33.1,66.7,6.15,2.7166,1.606,803.2,2.2135,OK,29999,3.0117647647857666,1.0102720260620117,322.9630126953125
CAP_20260901_130632,2026-09-01 13:06:32,P08,/hydroponic_project/data_collection/images/lettuce_20260901_130632.jpg,/hydroponic_project/data_collection/crops/lettuce_20260901_130632/P08.jpg,/hydroponic_project/data_collection/crops/lettuce_20260901_130632/P08_224.jpg,27.81,33.1,66.7,6.15,2.7166,1.606,803.2,2.2135,OK,29999,3.0117647647857666,1.0102720260620117,322.9630126953125
CAP_20260901_130632,2026-09-01 13:06:32,P09,/hydroponic_project/data_collection/images/lettuce_20260901_130632.jpg,/hydroponic_project/data_collection/crops/lettuce_20260901_130632/P09.jpg,/hydroponic_project/data_collection/crops/lettuce_20260901_130632/P09_224.jpg,27.81,33.1,66.7,6.15,2.7166,1.606,803.2,2.2135,OK,29999,3.0117647647857666,1.0102720260620117,322.9630126953125
CAP_20260901_130632,2026-09-01 13:06:32,P10,/hydroponic_project/data_collection/images/lettuce_20260901_130632.jpg,/hydroponic_project/data_collection/crops/lettuce_20260901_130632/P10.jpg,/hydroponic_project/data_collection/crops/lettuce_20260901_130632/P10_224.jpg,27.81,33.1,66.7,6.15,2.7166,1.606,803.2,2.2135,OK,29999,3.0117647647857666,1.0102720260620117,322.9630126953125
CAP_20260901_130632,2026-09-01 13:06:32,P11,/hydroponic_project/data_collection/images/lettuce_20260901_130632.jpg,/hydroponic_project/data_collection/crops/lettuce_20260901_130632/P11.jpg,/hydroponic_project/data_collection/crops/lettuce_20260901_130632/P11_224.jpg,27.81,33.1,66.7,6.15,2.7166,1.606,803.2,2.2135,OK,29999,3.0117647647857666,1.0102720260620117,322.9630126953125
CAP_20260901_130632,2026-09-01 13:06:32,P12,/hydroponic_project/data_collection/images/lettuce_20260901_130632.jpg,/hydroponic_project/data_collection/crops/lettuce_20260901_130632/P12.jpg,/hydroponic_project/data_collection/crops/lettuce_20260901_130632/P12_224.jpg,27.81,33.1,66.7,6.15,2.7166,1.606,803.2,2.2135,OK,29999,3.0117647647857666,1.0102720260620117,322.9630126953125
CAP_20260901_133004,2026-09-01 13:30:04,P01,/hydroponic_project/data_collection/images/lettuce_20260901_133004.jpg,/hydroponic_project/data_collection/crops/lettuce_20260901_133004/P01.jpg,/hydroponic_project/data_collection/crops/lettuce_20260901_133004/P01_224.jpg,24.37,33.0,65.0,6.08,2.727,1.727,863.4,2.1576,OK,29999,2.461538553237915,1.0038121938705444,396.7994689941406
CAP_20260901_133004,2026-09-01 13:30:04,P02,/hydroponic_project/data_collection/images/lettuce_20260901_133004.jpg,/hydroponic_project/data_collection/crops/lettuce_20260901_133004/P02.jpg,/hydroponic_project/data_collection/crops/lettuce_20260901_133004/P02_224.jpg,24.37,33.0,65.0,6.08,2.727,1.727,863.4,2.1576,OK,29999,2.461538553237915,1.0038121938705444,396.7994689941406
CAP_20260901_133004,2026-09-01 13:30:04,P03,/hydroponic_project/data_collection/images/lettuce_20260901_133004.jpg,/hydroponic_project/data_collection/crops/lettuce_20260901_133004/P03.jpg,/hydroponic_project/data_collection/crops/lettuce_20260901_133004/P03_224.jpg,24.37,33.0,65.0,6.08,2.727,1.727,863.4,2.1576,OK,29999,2.461538553237915,1.0038121938705444,396.7994689941406
CAP_20260901_133004,2026-09-01 13:30:04,P04,/hydroponic_project/data_collection/images/lettuce_20260901_133004.jpg,/hydroponic_project/data_collection/crops/lettuce_20260901_133004/P04.jpg,/hydroponic_project/data_collection/crops/lettuce_20260901_133004/P04_224.jpg,24.37,33.0,65.0,6.08,2.727,1.727,863.4,2.1576,OK,29999,2.461538553237915,1.0038121938705444,396.7994689941406
CAP_20260901_133004,2026-09-01 13:30:04,P05,/hydroponic_project/data_collection/images/lettuce_20260901_133004.jpg,/hydroponic_project/data_collection/crops/lettuce_20260901_133004/P05.jpg,/hydroponic_project/data_collection/crops/lettuce_20260901_133004/P05_224.jpg,24.37,33.0,65.0,6.08,2.727,1.727,863.4,2.1576,OK,29999,2.461538553237915,1.0038121938705444,396.7994689941406
CAP_20260901_133004,2026-09-01 13:30:04,P06,/hydroponic_project/data_collection/images/lettuce_20260901_133004.jpg,/hydroponic_project/data_collection/crops/lettuce_20260901_133004/P06.jpg,/hydroponic_project/data_collection/crops/lettuce_20260901_133004/P06_224.jpg,24.37,33.0,65.0,6.08,2.727,1.727,863.4,2.1576,OK,29999,2.461538553237915,1.0038121938705444,396.7994689941406
CAP_20260901_133004,2026-09-01 13:30:04,P07,/hydroponic_project/data_collection/images/lettuce_20260901_133004.jpg,/hydroponic_project/data_collection/crops/lettuce_20260901_133004/P07.jpg,/hydroponic_project/data_collection/crops/lettuce_20260901_133004/P07_224.jpg,24.37,33.0,65.0,6.08,2.727,1.727,863.4,2.1576,OK,29999,2.461538553237915,1.0038121938705444,396.7994689941406
CAP_20260901_133004,2026-09-01 13:30:04,P08,/hydroponic_project/data_collection/images/lettuce_20260901_133004.jpg,/hydroponic_project/data_collection/crops/lettuce_20260901_133004/P08.jpg,/hydroponic_project/data_collection/crops/lettuce_20260901_133004/P08_224.jpg,24.37,33.0,65.0,6.08,2.727,1.727,863.4,2.1576,OK,29999,2.461538553237915,1.0038121938705444,396.7994689941406
CAP_20260901_133004,2026-09-01 13:30:04,P09,/hydroponic_project/data_collection/images/lettuce_20260901_133004.jpg,/hydroponic_project/data_collection/crops/lettuce_20260901_133004/P09.jpg,/hydroponic_project/data_collection/crops/lettuce_20260901_133004/P09_224.jpg,24.37,33.0,65.0,6.08,2.727,1.727,863.4,2.1576,OK,29999,2.461538553237915,1.0038121938705444,396.7994689941406
CAP_20260901_133004,2026-09-01 13:30:04,P10,/hydroponic_project/data_collection/images/lettuce_20260901_133004.jpg,/hydroponic_project/data_collection/crops/lettuce_20260901_133004/P10.jpg,/hydroponic_project/data_collection/crops/lettuce_20260901_133004/P10_224.jpg,24.37,33.0,65.0,6.08,2.727,1.727,863.4,2.1576,OK,29999,2.461538553237915,1.0038121938705444,396.7994689941406
CAP_20260901_133004,2026-09-01 13:30:04,P11,/hydroponic_project/data_collection/images/lettuce_20260901_133004.jpg,/hydroponic_project/data_collection/crops/lettuce_20260901_133004/P11.jpg,/hydroponic_project/data_collection/crops/lettuce_20260901_133004/P11_224.jpg,24.37,33.0,65.0,6.08,2.727,1.727,863.4,2.1576,OK,29999,2.461538553237915,1.0038121938705444,396.7994689941406
CAP_20260901_133004,2026-09-01 13:30:04,P12,/hydroponic_project/data_collection/images/lettuce_20260901_133004.jpg,/hydroponic_project/data_collection/crops/lettuce_20260901_133004/P12.jpg,/hydroponic_project/data_collection/crops/lettuce_20260901_133004/P12_224.jpg,24.37,33.0,65.0,6.08,2.727,1.727,863.4,2.1576,OK,29999,2.461538553237915,1.0038121938705444,396.7994689941406
CAP_20260901_140003,2026-09-01 14:00:03,P01,/hydroponic_project/data_collection/images/lettuce_20260901_140003.jpg,/hydroponic_project/data_collection/crops/lettuce_20260901_140003/P01.jpg,/hydroponic_project/data_collection/crops/lettuce_20260901_140003/P01_224.jpg,24.31,32.7,67.2,6.19,2.7095,1.728,863.9,2.1556,OK,29999,3.555555582046509,1.006157398223877,277.8695373535156
CAP_20260901_140003,2026-09-01 14:00:03,P02,/hydroponic_project/data_collection/images/lettuce_20260901_140003.jpg,/hydroponic_project/data_collection/crops/lettuce_20260901_140003/P02.jpg,/hydroponic_project/data_collection/crops/lettuce_20260901_140003/P02_224.jpg,24.31,32.7,67.2,6.19,2.7095,1.728,863.9,2.1556,OK,29999,3.555555582046509,1.006157398223877,277.8695373535156
CAP_20260901_140003,2026-09-01 14:00:03,P03,/hydroponic_project/data_collection/images/lettuce_20260901_140003.jpg,/hydroponic_project/data_collection/crops/lettuce_20260901_140003/P03.jpg,/hydroponic_project/data_collection/crops/lettuce_20260901_140003/P03_224.jpg,24.31,32.7,67.2,6.19,2.7095,1.728,863.9,2.1556,OK,29999,3.555555582046509,1.006157398223877,277.8695373535156
CAP_20260901_140003,2026-09-01 14:00:03,P04,/hydroponic_project/data_collection/images/lettuce_20260901_140003.jpg,/hydroponic_project/data_collection/crops/lettuce_20260901_140003/P04.jpg,/hydroponic_project/data_collection/crops/lettuce_20260901_140003/P04_224.jpg,24.31,32.7,67.2,6.19,2.7095,1.728,863.9,2.1556,OK,29999,3.555555582046509,1.006157398223877,277.8695373535156
CAP_20260901_140003,2026-09-01 14:00:03,P05,/hydroponic_project/data_collection/images/lettuce_20260901_140003.jpg,/hydroponic_project/data_collection/crops/lettuce_20260901_140003/P05.jpg,/hydroponic_project/data_collection/crops/lettuce_20260901_140003/P05_224.jpg,24.31,32.7,67.2,6.19,2.7095,1.728,863.9,2.1556,OK,29999,3.555555582046509,1.006157398223877,277.8695373535156
CAP_20260901_140003,2026-09-01 14:00:03,P06,/hydroponic_project/data_collection/images/lettuce_20260901_140003.jpg,/hydroponic_project/data_collection/crops/lettuce_20260901_140003/P06.jpg,/hydroponic_project/data_collection/crops/lettuce_20260901_140003/P06_224.jpg,24.31,32.7,67.2,6.19,2.7095,1.728,863.9,2.1556,OK,29999,3.555555582046509,1.006157398223877,277.8695373535156
CAP_20260901_140003,2026-09-01 14:00:03,P07,/hydroponic_project/data_collection/images/lettuce_20260901_140003.jpg,/hydroponic_project/data_collection/crops/lettuce_20260901_140003/P07.jpg,/hydroponic_project/data_collection/crops/lettuce_20260901_140003/P07_224.jpg,24.31,32.7,67.2,6.19,2.7095,1.728,863.9,2.1556,OK,29999,3.555555582046509,1.006157398223877,277.8695373535156
CAP_20260901_140003,2026-09-01 14:00:03,P08,/hydroponic_project/data_collection/images/lettuce_20260901_140003.jpg,/hydroponic_project/data_collection/crops/lettuce_20260901_140003/P08.jpg,/hydroponic_project/data_collection/crops/lettuce_20260901_140003/P08_224.jpg,24.31,32.7,67.2,6.19,2.7095,1.728,863.9,2.1556,OK,29999,3.555555582046509,1.006157398223877,277.8695373535156
CAP_20260901_140003,2026-09-01 14:00:03,P09,/hydroponic_project/data_collection/images/lettuce_20260901_140003.jpg,/hydroponic_project/data_collection/crops/lettuce_20260901_140003/P09.jpg,/hydroponic_project/data_collection/crops/lettuce_20260901_140003/P09_224.jpg,24.31,32.7,67.2,6.19,2.7095,1.728,863.9,2.1556,OK,29999,3.555555582046509,1.006157398223877,277.8695373535156
CAP_20260901_140003,2026-09-01 14:00:03,P10,/hydroponic_project/data_collection/images/lettuce_20260901_140003.jpg,/hydroponic_project/data_collection/crops/lettuce_20260901_140003/P10.jpg,/hydroponic_project/data_collection/crops/lettuce_20260901_140003/P10_224.jpg,24.31,32.7,67.2,6.19,2.7095,1.728,863.9,2.1556,OK,29999,3.555555582046509,1.006157398223877,277.8695373535156
CAP_20260901_140003,2026-09-01 14:00:03,P11,/hydroponic_project/data_collection/images/lettuce_20260901_140003.jpg,/hydroponic_project/data_collection/crops/lettuce_20260901_140003/P11.jpg,/hydroponic_project/data_collection/crops/lettuce_20260901_140003/P11_224.jpg,24.31,32.7,67.2,6.19,2.7095,1.728,863.9,2.1556,OK,29999,3.555555582046509,1.006157398223877,277.8695373535156
CAP_20260901_140003,2026-09-01 14:00:03,P12,/hydroponic_project/data_collection/images/lettuce_20260901_140003.jpg,/hydroponic_project/data_collection/crops/lettuce_20260901_140003/P12.jpg,/hydroponic_project/data_collection/crops/lettuce_20260901_140003/P12_224.jpg,24.31,32.7,67.2,6.19,2.7095,1.728,863.9,2.1556,OK,29999,3.555555582046509,1.006157398223877,277.8695373535156
CAP_20260901_143003,2026-09-01 14:30:03,P01,/hydroponic_project/data_collection/images/lettuce_20260901_143003.jpg,/hydroponic_project/data_collection/crops/lettuce_20260901_143003/P01.jpg,/hydroponic_project/data_collection/crops/lettuce_20260901_143003/P01_224.jpg,25.75,32.8,66.7,6.25,2.7009,1.671,835.6,2.1766,OK,31398,4.0,1.000575304031372,232.66725158691406
CAP_20260901_143003,2026-09-01 14:30:03,P02,/hydroponic_project/data_collection/images/lettuce_20260901_143003.jpg,/hydroponic_project/data_collection/crops/lettuce_20260901_143003/P02.jpg,/hydroponic_project/data_collection/crops/lettuce_20260901_143003/P02_224.jpg,25.75,32.8,66.7,6.25,2.7009,1.671,835.6,2.1766,OK,31398,4.0,1.000575304031372,232.66725158691406
CAP_20260901_143003,2026-09-01 14:30:03,P03,/hydroponic_project/data_collection/images/lettuce_20260901_143003.jpg,/hydroponic_project/data_collection/crops/lettuce_20260901_143003/P03.jpg,/hydroponic_project/data_collection/crops/lettuce_20260901_143003/P03_224.jpg,25.75,32.8,66.7,6.25,2.7009,1.671,835.6,2.1766,OK,31398,4.0,1.000575304031372,232.66725158691406
CAP_20260901_143003,2026-09-01 14:30:03,P04,/hydroponic_project/data_collection/images/lettuce_20260901_143003.jpg,/hydroponic_project/data_collection/crops/lettuce_20260901_143003/P04.jpg,/hydroponic_project/data_collection/crops/lettuce_20260901_143003/P04_224.jpg,25.75,32.8,66.7,6.25,2.7009,1.671,835.6,2.1766,OK,31398,4.0,1.000575304031372,232.66725158691406
CAP_20260901_143003,2026-09-01 14:30:03,P05,/hydroponic_project/data_collection/images/lettuce_20260901_143003.jpg,/hydroponic_project/data_collection/crops/lettuce_20260901_143003/P05.jpg,/hydroponic_project/data_collection/crops/lettuce_20260901_143003/P05_224.jpg,25.75,32.8,66.7,6.25,2.7009,1.671,835.6,2.1766,OK,31398,4.0,1.000575304031372,232.66725158691406
CAP_20260901_143003,2026-09-01 14:30:03,P06,/hydroponic_project/data_collection/images/lettuce_20260901_143003.jpg,/hydroponic_project/data_collection/crops/lettuce_20260901_143003/P06.jpg,/hydroponic_project/data_collection/crops/lettuce_20260901_143003/P06_224.jpg,25.75,32.8,66.7,6.25,2.7009,1.671,835.6,2.1766,OK,31398,4.0,1.000575304031372,232.66725158691406
CAP_20260901_143003,2026-09-01 14:30:03,P07,/hydroponic_project/data_collection/images/lettuce_20260901_143003.jpg,/hydroponic_project/data_collection/crops/lettuce_20260901_143003/P07.jpg,/hydroponic_project/data_collection/crops/lettuce_20260901_143003/P07_224.jpg,25.75,32.8,66.7,6.25,2.7009,1.671,835.6,2.1766,OK,31398,4.0,1.000575304031372,232.66725158691406
CAP_20260901_143003,2026-09-01 14:30:03,P08,/hydroponic_project/data_collection/images/lettuce_20260901_143003.jpg,/hydroponic_project/data_collection/crops/lettuce_20260901_143003/P08.jpg,/hydroponic_project/data_collection/crops/lettuce_20260901_143003/P08_224.jpg,25.75,32.8,66.7,6.25,2.7009,1.671,835.6,2.1766,OK,31398,4.0,1.000575304031372,232.66725158691406
CAP_20260901_143003,2026-09-01 14:30:03,P09,/hydroponic_project/data_collection/images/lettuce_20260901_143003.jpg,/hydroponic_project/data_collection/crops/lettuce_20260901_143003/P09.jpg,/hydroponic_project/data_collection/crops/lettuce_20260901_143003/P09_224.jpg,25.75,32.8,66.7,6.25,2.7009,1.671,835.6,2.1766,OK,31398,4.0,1.000575304031372,232.66725158691406
CAP_20260901_143003,2026-09-01 14:30:03,P10,/hydroponic_project/data_collection/images/lettuce_20260901_143003.jpg,/hydroponic_project/data_collection/crops/lettuce_20260901_143003/P10.jpg,/hydroponic_project/data_collection/crops/lettuce_20260901_143003/P10_224.jpg,25.75,32.8,66.7,6.25,2.7009,1.671,835.6,2.1766,OK,31398,4.0,1.000575304031372,232.66725158691406
CAP_20260901_143003,2026-09-01 14:30:03,P11,/hydroponic_project/data_collection/images/lettuce_20260901_143003.jpg,/hydroponic_project/data_collection/crops/lettuce_20260901_143003/P11.jpg,/hydroponic_project/data_collection/crops/lettuce_20260901_143003/P11_224.jpg,25.75,32.8,66.7,6.25,2.7009,1.671,835.6,2.1766,OK,31398,4.0,1.000575304031372,232.66725158691406
CAP_20260901_143003,2026-09-01 14:30:03,P12,/hydroponic_project/data_collection/images/lettuce_20260901_143003.jpg,/hydroponic_project/data_collection/crops/lettuce_20260901_143003/P12.jpg,/hydroponic_project/data_collection/crops/lettuce_20260901_143003/P12_224.jpg,25.75,32.8,66.7,6.25,2.7009,1.671,835.6,2.1766,OK,31398,4.0,1.000575304031372,232.66725158691406
CAP_20260908_153155,2026-09-08 15:31:55,P01,/hydroponic_project/data_collection/images/lettuce_20260908_153155.jpg,/hydroponic_project/data_collection/crops/lettuce_20260908_153155/P01.jpg,/hydroponic_project/data_collection/crops/lettuce_20260908_153155/P01_224.jpg,31.44,33.2,67.4,6.44,2.6699,1.633,816.3,2.388,LOW,47655,4.0,1.0003561973571777,151.9678955078125
CAP_20260908_153155,2026-09-08 15:31:55,P02,/hydroponic_project/data_collection/images/lettuce_20260908_153155.jpg,/hydroponic_project/data_collection/crops/lettuce_20260908_153155/P02.jpg,/hydroponic_project/data_collection/crops/lettuce_20260908_153155/P02_224.jpg,31.44,33.2,67.4,6.44,2.6699,1.633,816.3,2.388,LOW,47655,4.0,1.0003561973571777,151.9678955078125
CAP_20260908_153155,2026-09-08 15:31:55,P03,/hydroponic_project/data_collection/images/lettuce_20260908_153155.jpg,/hydroponic_project/data_collection/crops/lettuce_20260908_153155/P03.jpg,/hydroponic_project/data_collection/crops/lettuce_20260908_153155/P03_224.jpg,31.44,33.2,67.4,6.44,2.6699,1.633,816.3,2.388,LOW,47655,4.0,1.0003561973571777,151.9678955078125
CAP_20260908_153155,2026-09-08 15:31:55,P04,/hydroponic_project/data_collection/images/lettuce_20260908_153155.jpg,/hydroponic_project/data_collection/crops/lettuce_20260908_153155/P04.jpg,/hydroponic_project/data_collection/crops/lettuce_20260908_153155/P04_224.jpg,31.44,33.2,67.4,6.44,2.6699,1.633,816.3,2.388,LOW,47655,4.0,1.0003561973571777,151.9678955078125
CAP_20260908_153155,2026-09-08 15:31:55,P05,/hydroponic_project/data_collection/images/lettuce_20260908_153155.jpg,/hydroponic_project/data_collection/crops/lettuce_20260908_153155/P05.jpg,/hydroponic_project/data_collection/crops/lettuce_20260908_153155/P05_224.jpg,31.44,33.2,67.4,6.44,2.6699,1.633,816.3,2.388,LOW,47655,4.0,1.0003561973571777,151.9678955078125
CAP_20260908_153155,2026-09-08 15:31:55,P06,/hydroponic_project/data_collection/images/lettuce_20260908_153155.jpg,/hydroponic_project/data_collection/crops/lettuce_20260908_153155/P06.jpg,/hydroponic_project/data_collection/crops/lettuce_20260908_153155/P06_224.jpg,31.44,33.2,67.4,6.44,2.6699,1.633,816.3,2.388,LOW,47655,4.0,1.0003561973571777,151.9678955078125
CAP_20260908_153155,2026-09-08 15:31:55,P07,/hydroponic_project/data_collection/images/lettuce_20260908_153155.jpg,/hydroponic_project/data_collection/crops/lettuce_20260908_153155/P07.jpg,/hydroponic_project/data_collection/crops/lettuce_20260908_153155/P07_224.jpg,31.44,33.2,67.4,6.44,2.6699,1.633,816.3,2.388,LOW,47655,4.0,1.0003561973571777,151.9678955078125
CAP_20260908_153155,2026-09-08 15:31:55,P08,/hydroponic_project/data_collection/images/lettuce_20260908_153155.jpg,/hydroponic_project/data_collection/crops/lettuce_20260908_153155/P08.jpg,/hydroponic_project/data_collection/crops/lettuce_20260908_153155/P08_224.jpg,31.44,33.2,67.4,6.44,2.6699,1.633,816.3,2.388,LOW,47655,4.0,1.0003561973571777,151.9678955078125
CAP_20260908_153155,2026-09-08 15:31:55,P09,/hydroponic_project/data_collection/images/lettuce_20260908_153155.jpg,/hydroponic_project/data_collection/crops/lettuce_20260908_153155/P09.jpg,/hydroponic_project/data_collection/crops/lettuce_20260908_153155/P09_224.jpg,31.44,33.2,67.4,6.44,2.6699,1.633,816.3,2.388,LOW,47655,4.0,1.0003561973571777,151.9678955078125
CAP_20260908_153155,2026-09-08 15:31:55,P10,/hydroponic_project/data_collection/images/lettuce_20260908_153155.jpg,/hydroponic_project/data_collection/crops/lettuce_20260908_153155/P10.jpg,/hydroponic_project/data_collection/crops/lettuce_20260908_153155/P10_224.jpg,31.44,33.2,67.4,6.44,2.6699,1.633,816.3,2.388,LOW,47655,4.0,1.0003561973571777,151.9678955078125
CAP_20260908_153155,2026-09-08 15:31:55,P11,/hydroponic_project/data_collection/images/lettuce_20260908_153155.jpg,/hydroponic_project/data_collection/crops/lettuce_20260908_153155/P11.jpg,/hydroponic_project/data_collection/crops/lettuce_20260908_153155/P11_224.jpg,31.44,33.2,67.4,6.44,2.6699,1.633,816.3,2.388,LOW,47655,4.0,1.0003561973571777,151.9678955078125
CAP_20260908_153155,2026-09-08 15:31:55,P12,/hydroponic_project/data_collection/images/lettuce_20260908_153155.jpg,/hydroponic_project/data_collection/crops/lettuce_20260908_153155/P12.jpg,/hydroponic_project/data_collection/crops/lettuce_20260908_153155/P12_224.jpg,31.44,33.2,67.4,6.44,2.6699,1.633,816.3,2.388,LOW,47655,4.0,1.0003561973571777,151.9678955078125
CAP_20260908_154459,2026-09-08 15:44:59,P01,/hydroponic_project/data_collection/images/lettuce_20260908_154459.jpg,/hydroponic_project/data_collection/crops/lettuce_20260908_154459/P01.jpg,/hydroponic_project/data_collection/crops/lettuce_20260908_154459/P01_224.jpg,31.37,32.9,68.4,6.41,2.6735,1.635,817.6,2.3876,LOW,47410,4.0,1.0002509355545044,149.35855102539062
CAP_20260908_154459,2026-09-08 15:44:59,P02,/hydroponic_project/data_collection/images/lettuce_20260908_154459.jpg,/hydroponic_project/data_collection/crops/lettuce_20260908_154459/P02.jpg,/hydroponic_project/data_collection/crops/lettuce_20260908_154459/P02_224.jpg,31.37,32.9,68.4,6.41,2.6735,1.635,817.6,2.3876,LOW,47410,4.0,1.0002509355545044,149.35855102539062
CAP_20260908_154459,2026-09-08 15:44:59,P03,/hydroponic_project/data_collection/images/lettuce_20260908_154459.jpg,/hydroponic_project/data_collection/crops/lettuce_20260908_154459/P03.jpg,/hydroponic_project/data_collection/crops/lettuce_20260908_154459/P03_224.jpg,31.37,32.9,68.4,6.41,2.6735,1.635,817.6,2.3876,LOW,47410,4.0,1.0002509355545044,149.35855102539062
CAP_20260908_154459,2026-09-08 15:44:59,P04,/hydroponic_project/data_collection/images/lettuce_20260908_154459.jpg,/hydroponic_project/data_collection/crops/lettuce_20260908_154459/P04.jpg,/hydroponic_project/data_collection/crops/lettuce_20260908_154459/P04_224.jpg,31.37,32.9,68.4,6.41,2.6735,1.635,817.6,2.3876,LOW,47410,4.0,1.0002509355545044,149.35855102539062
CAP_20260908_154459,2026-09-08 15:44:59,P05,/hydroponic_project/data_collection/images/lettuce_20260908_154459.jpg,/hydroponic_project/data_collection/crops/lettuce_20260908_154459/P05.jpg,/hydroponic_project/data_collection/crops/lettuce_20260908_154459/P05_224.jpg,31.37,32.9,68.4,6.41,2.6735,1.635,817.6,2.3876,LOW,47410,4.0,1.0002509355545044,149.35855102539062
CAP_20260908_154459,2026-09-08 15:44:59,P06,/hydroponic_project/data_collection/images/lettuce_20260908_154459.jpg,/hydroponic_project/data_collection/crops/lettuce_20260908_154459/P06.jpg,/hydroponic_project/data_collection/crops/lettuce_20260908_154459/P06_224.jpg,31.37,32.9,68.4,6.41,2.6735,1.635,817.6,2.3876,LOW,47410,4.0,1.0002509355545044,149.35855102539062
CAP_20260908_154459,2026-09-08 15:44:59,P07,/hydroponic_project/data_collection/images/lettuce_20260908_154459.jpg,/hydroponic_project/data_collection/crops/lettuce_20260908_154459/P07.jpg,/hydroponic_project/data_collection/crops/lettuce_20260908_154459/P07_224.jpg,31.37,32.9,68.4,6.41,2.6735,1.635,817.6,2.3876,LOW,47410,4.0,1.0002509355545044,149.35855102539062
CAP_20260908_154459,2026-09-08 15:44:59,P08,/hydroponic_project/data_collection/images/lettuce_20260908_154459.jpg,/hydroponic_project/data_collection/crops/lettuce_20260908_154459/P08.jpg,/hydroponic_project/data_collection/crops/lettuce_20260908_154459/P08_224.jpg,31.37,32.9,68.4,6.41,2.6735,1.635,817.6,2.3876,LOW,47410,4.0,1.0002509355545044,149.35855102539062
CAP_20260908_154459,2026-09-08 15:44:59,P09,/hydroponic_project/data_collection/images/lettuce_20260908_154459.jpg,/hydroponic_project/data_collection/crops/lettuce_20260908_154459/P09.jpg,/hydroponic_project/data_collection/crops/lettuce_20260908_154459/P09_224.jpg,31.37,32.9,68.4,6.41,2.6735,1.635,817.6,2.3876,LOW,47410,4.0,1.0002509355545044,149.35855102539062
CAP_20260908_154459,2026-09-08 15:44:59,P10,/hydroponic_project/data_collection/images/lettuce_20260908_154459.jpg,/hydroponic_project/data_collection/crops/lettuce_20260908_154459/P10.jpg,/hydroponic_project/data_collection/crops/lettuce_20260908_154459/P10_224.jpg,31.37,32.9,68.4,6.41,2.6735,1.635,817.6,2.3876,LOW,47410,4.0,1.0002509355545044,149.35855102539062
CAP_20260908_154459,2026-09-08 15:44:59,P11,/hydroponic_project/data_collection/images/lettuce_20260908_154459.jpg,/hydroponic_project/data_collection/crops/lettuce_20260908_154459/P11.jpg,/hydroponic_project/data_collection/crops/lettuce_20260908_154459/P11_224.jpg,31.37,32.9,68.4,6.41,2.6735,1.635,817.6,2.3876,LOW,47410,4.0,1.0002509355545044,149.35855102539062
CAP_20260908_154459,2026-09-08 15:44:59,P12,/hydroponic_project/data_collection/images/lettuce_20260908_154459.jpg,/hydroponic_project/data_collection/crops/lettuce_20260908_154459/P12.jpg,/hydroponic_project/data_collection/crops/lettuce_20260908_154459/P12_224.jpg,31.37,32.9,68.4,6.41,2.6735,1.635,817.6,2.3876,LOW,47410,4.0,1.0002509355545044,149.35855102539062
CAP_20260908_183053,2026-09-08 18:30:53,P01,/hydroponic_project/data_collection/images/lettuce_20260908_183053.jpg,/hydroponic_project/data_collection/crops/lettuce_20260908_183053/P01.jpg,/hydroponic_project/data_collection/crops/lettuce_20260908_183053/P01_224.jpg,30.44,31.7,72.0,6.53,2.6549,1.627,813.4,2.3409,OK,66653,9.84615421295166,1.0158113241195679,0.5108485221862793
CAP_20260908_183053,2026-09-08 18:30:53,P02,/hydroponic_project/data_collection/images/lettuce_20260908_183053.jpg,/hydroponic_project/data_collection/crops/lettuce_20260908_183053/P02.jpg,/hydroponic_project/data_collection/crops/lettuce_20260908_183053/P02_224.jpg,30.44,31.7,72.0,6.53,2.6549,1.627,813.4,2.3409,OK,66653,9.84615421295166,1.0158113241195679,0.5108485221862793
CAP_20260908_183053,2026-09-08 18:30:53,P03,/hydroponic_project/data_collection/images/lettuce_20260908_183053.jpg,/hydroponic_project/data_collection/crops/lettuce_20260908_183053/P03.jpg,/hydroponic_project/data_collection/crops/lettuce_20260908_183053/P03_224.jpg,30.44,31.7,72.0,6.53,2.6549,1.627,813.4,2.3409,OK,66653,9.84615421295166,1.0158113241195679,0.5108485221862793
CAP_20260908_183053,2026-09-08 18:30:53,P04,/hydroponic_project/data_collection/images/lettuce_20260908_183053.jpg,/hydroponic_project/data_collection/crops/lettuce_20260908_183053/P04.jpg,/hydroponic_project/data_collection/crops/lettuce_20260908_183053/P04_224.jpg,30.44,31.7,72.0,6.53,2.6549,1.627,813.4,2.3409,OK,66653,9.84615421295166,1.0158113241195679,0.5108485221862793
CAP_20260908_183053,2026-09-08 18:30:53,P05,/hydroponic_project/data_collection/images/lettuce_20260908_183053.jpg,/hydroponic_project/data_collection/crops/lettuce_20260908_183053/P05.jpg,/hydroponic_project/data_collection/crops/lettuce_20260908_183053/P05_224.jpg,30.44,31.7,72.0,6.53,2.6549,1.627,813.4,2.3409,OK,66653,9.84615421295166,1.0158113241195679,0.5108485221862793
CAP_20260908_183053,2026-09-08 18:30:53,P06,/hydroponic_project/data_collection/images/lettuce_20260908_183053.jpg,/hydroponic_project/data_collection/crops/lettuce_20260908_183053/P06.jpg,/hydroponic_project/data_collection/crops/lettuce_20260908_183053/P06_224.jpg,30.44,31.7,72.0,6.53,2.6549,1.627,813.4,2.3409,OK,66653,9.84615421295166,1.0158113241195679,0.5108485221862793
CAP_20260908_183053,2026-09-08 18:30:53,P07,/hydroponic_project/data_collection/images/lettuce_20260908_183053.jpg,/hydroponic_project/data_collection/crops/lettuce_20260908_183053/P07.jpg,/hydroponic_project/data_collection/crops/lettuce_20260908_183053/P07_224.jpg,30.44,31.7,72.0,6.53,2.6549,1.627,813.4,2.3409,OK,66653,9.84615421295166,1.0158113241195679,0.5108485221862793
CAP_20260908_183053,2026-09-08 18:30:53,P08,/hydroponic_project/data_collection/images/lettuce_20260908_183053.jpg,/hydroponic_project/data_collection/crops/lettuce_20260908_183053/P08.jpg,/hydroponic_project/data_collection/crops/lettuce_20260908_183053/P08_224.jpg,30.44,31.7,72.0,6.53,2.6549,1.627,813.4,2.3409,OK,66653,9.84615421295166,1.0158113241195679,0.5108485221862793
CAP_20260908_183053,2026-09-08 18:30:53,P09,/hydroponic_project/data_collection/images/lettuce_20260908_183053.jpg,/hydroponic_project/data_collection/crops/lettuce_20260908_183053/P09.jpg,/hydroponic_project/data_collection/crops/lettuce_20260908_183053/P09_224.jpg,30.44,31.7,72.0,6.53,2.6549,1.627,813.4,2.3409,OK,66653,9.84615421295166,1.0158113241195679,0.5108485221862793
CAP_20260908_183053,2026-09-08 18:30:53,P10,/hydroponic_project/data_collection/images/lettuce_20260908_183053.jpg,/hydroponic_project/data_collection/crops/lettuce_20260908_183053/P10.jpg,/hydroponic_project/data_collection/crops/lettuce_20260908_183053/P10_224.jpg,30.44,31.7,72.0,6.53,2.6549,1.627,813.4,2.3409,OK,66653,9.84615421295166,1.0158113241195679,0.5108485221862793
CAP_20260908_183053,2026-09-08 18:30:53,P11,/hydroponic_project/data_collection/images/lettuce_20260908_183053.jpg,/hydroponic_project/data_collection/crops/lettuce_20260908_183053/P11.jpg,/hydroponic_project/data_collection/crops/lettuce_20260908_183053/P11_224.jpg,30.44,31.7,72.0,6.53,2.6549,1.627,813.4,2.3409,OK,66653,9.84615421295166,1.0158113241195679,0.5108485221862793
CAP_20260908_183053,2026-09-08 18:30:53,P12,/hydroponic_project/data_collection/images/lettuce_20260908_183053.jpg,/hydroponic_project/data_collection/crops/lettuce_20260908_183053/P12.jpg,/hydroponic_project/data_collection/crops/lettuce_20260908_183053/P12_224.jpg,30.44,31.7,72.0,6.53,2.6549,1.627,813.4,2.3409,OK,66653,9.84615421295166,1.0158113241195679,0.5108485221862793
CAP_20260908_213335,2026-09-08 21:33:35,P01,/hydroponic_project/data_collection/images/lettuce_20260908_213335.jpg,/hydroponic_project/data_collection/crops/lettuce_20260908_213335/P01.jpg,/hydroponic_project/data_collection/crops/lettuce_20260908_213335/P01_224.jpg,29.81,30.6,80.4,5.72,2.7866,1.652,826.0,2.3353,OK,66653,9.84615421295166,1.0158113241195679,0.5684065818786621
CAP_20260908_213335,2026-09-08 21:33:35,P02,/hydroponic_project/data_collection/images/lettuce_20260908_213335.jpg,/hydroponic_project/data_collection/crops/lettuce_20260908_213335/P02.jpg,/hydroponic_project/data_collection/crops/lettuce_20260908_213335/P02_224.jpg,29.81,30.6,80.4,5.72,2.7866,1.652,826.0,2.3353,OK,66653,9.84615421295166,1.0158113241195679,0.5684065818786621
CAP_20260908_213335,2026-09-08 21:33:35,P03,/hydroponic_project/data_collection/images/lettuce_20260908_213335.jpg,/hydroponic_project/data_collection/crops/lettuce_20260908_213335/P03.jpg,/hydroponic_project/data_collection/crops/lettuce_20260908_213335/P03_224.jpg,29.81,30.6,80.4,5.72,2.7866,1.652,826.0,2.3353,OK,66653,9.84615421295166,1.0158113241195679,0.5684065818786621
CAP_20260908_213335,2026-09-08 21:33:35,P04,/hydroponic_project/data_collection/images/lettuce_20260908_213335.jpg,/hydroponic_project/data_collection/crops/lettuce_20260908_213335/P04.jpg,/hydroponic_project/data_collection/crops/lettuce_20260908_213335/P04_224.jpg,29.81,30.6,80.4,5.72,2.7866,1.652,826.0,2.3353,OK,66653,9.84615421295166,1.0158113241195679,0.5684065818786621
CAP_20260908_213335,2026-09-08 21:33:35,P05,/hydroponic_project/data_collection/images/lettuce_20260908_213335.jpg,/hydroponic_project/data_collection/crops/lettuce_20260908_213335/P05.jpg,/hydroponic_project/data_collection/crops/lettuce_20260908_213335/P05_224.jpg,29.81,30.6,80.4,5.72,2.7866,1.652,826.0,2.3353,OK,66653,9.84615421295166,1.0158113241195679,0.5684065818786621
CAP_20260908_213335,2026-09-08 21:33:35,P06,/hydroponic_project/data_collection/images/lettuce_20260908_213335.jpg,/hydroponic_project/data_collection/crops/lettuce_20260908_213335/P06.jpg,/hydroponic_project/data_collection/crops/lettuce_20260908_213335/P06_224.jpg,29.81,30.6,80.4,5.72,2.7866,1.652,826.0,2.3353,OK,66653,9.84615421295166,1.0158113241195679,0.5684065818786621
CAP_20260908_213335,2026-09-08 21:33:35,P07,/hydroponic_project/data_collection/images/lettuce_20260908_213335.jpg,/hydroponic_project/data_collection/crops/lettuce_20260908_213335/P07.jpg,/hydroponic_project/data_collection/crops/lettuce_20260908_213335/P07_224.jpg,29.81,30.6,80.4,5.72,2.7866,1.652,826.0,2.3353,OK,66653,9.84615421295166,1.0158113241195679,0.5684065818786621
CAP_20260908_213335,2026-09-08 21:33:35,P08,/hydroponic_project/data_collection/images/lettuce_20260908_213335.jpg,/hydroponic_project/data_collection/crops/lettuce_20260908_213335/P08.jpg,/hydroponic_project/data_collection/crops/lettuce_20260908_213335/P08_224.jpg,29.81,30.6,80.4,5.72,2.7866,1.652,826.0,2.3353,OK,66653,9.84615421295166,1.0158113241195679,0.5684065818786621
CAP_20260908_213335,2026-09-08 21:33:35,P09,/hydroponic_project/data_collection/images/lettuce_20260908_213335.jpg,/hydroponic_project/data_collection/crops/lettuce_20260908_213335/P09.jpg,/hydroponic_project/data_collection/crops/lettuce_20260908_213335/P09_224.jpg,29.81,30.6,80.4,5.72,2.7866,1.652,826.0,2.3353,OK,66653,9.84615421295166,1.0158113241195679,0.5684065818786621
CAP_20260908_213335,2026-09-08 21:33:35,P10,/hydroponic_project/data_collection/images/lettuce_20260908_213335.jpg,/hydroponic_project/data_collection/crops/lettuce_20260908_213335/P10.jpg,/hydroponic_project/data_collection/crops/lettuce_20260908_213335/P10_224.jpg,29.81,30.6,80.4,5.72,2.7866,1.652,826.0,2.3353,OK,66653,9.84615421295166,1.0158113241195679,0.5684065818786621
CAP_20260908_213335,2026-09-08 21:33:35,P11,/hydroponic_project/data_collection/images/lettuce_20260908_213335.jpg,/hydroponic_project/data_collection/crops/lettuce_20260908_213335/P11.jpg,/hydroponic_project/data_collection/crops/lettuce_20260908_213335/P11_224.jpg,29.81,30.6,80.4,5.72,2.7866,1.652,826.0,2.3353,OK,66653,9.84615421295166,1.0158113241195679,0.5684065818786621
CAP_20260908_213335,2026-09-08 21:33:35,P12,/hydroponic_project/data_collection/images/lettuce_20260908_213335.jpg,/hydroponic_project/data_collection/crops/lettuce_20260908_213335/P12.jpg,/hydroponic_project/data_collection/crops/lettuce_20260908_213335/P12_224.jpg,29.81,30.6,80.4,5.72,2.7866,1.652,826.0,2.3353,OK,66653,9.84615421295166,1.0158113241195679,0.5684065818786621
CAP_20260908_213800,2026-09-08 21:38:00,P01,/hydroponic_project/data_collection/images/lettuce_20260908_213800.jpg,/hydroponic_project/data_collection/crops/lettuce_20260908_213800/P01.jpg,/hydroponic_project/data_collection/crops/lettuce_20260908_213800/P01_224.jpg,29.81,30.5,79.8,5.62,2.8026,1.652,826.2,2.3355,OK,66653,9.84615421295166,1.0158113241195679,0.5707452893257141
CAP_20260908_213800,2026-09-08 21:38:00,P02,/hydroponic_project/data_collection/images/lettuce_20260908_213800.jpg,/hydroponic_project/data_collection/crops/lettuce_20260908_213800/P02.jpg,/hydroponic_project/data_collection/crops/lettuce_20260908_213800/P02_224.jpg,29.81,30.5,79.8,5.62,2.8026,1.652,826.2,2.3355,OK,66653,9.84615421295166,1.0158113241195679,0.5707452893257141
CAP_20260908_213800,2026-09-08 21:38:00,P03,/hydroponic_project/data_collection/images/lettuce_20260908_213800.jpg,/hydroponic_project/data_collection/crops/lettuce_20260908_213800/P03.jpg,/hydroponic_project/data_collection/crops/lettuce_20260908_213800/P03_224.jpg,29.81,30.5,79.8,5.62,2.8026,1.652,826.2,2.3355,OK,66653,9.84615421295166,1.0158113241195679,0.5707452893257141
CAP_20260908_213800,2026-09-08 21:38:00,P04,/hydroponic_project/data_collection/images/lettuce_20260908_213800.jpg,/hydroponic_project/data_collection/crops/lettuce_20260908_213800/P04.jpg,/hydroponic_project/data_collection/crops/lettuce_20260908_213800/P04_224.jpg,29.81,30.5,79.8,5.62,2.8026,1.652,826.2,2.3355,OK,66653,9.84615421295166,1.0158113241195679,0.5707452893257141
CAP_20260908_213800,2026-09-08 21:38:00,P05,/hydroponic_project/data_collection/images/lettuce_20260908_213800.jpg,/hydroponic_project/data_collection/crops/lettuce_20260908_213800/P05.jpg,/hydroponic_project/data_collection/crops/lettuce_20260908_213800/P05_224.jpg,29.81,30.5,79.8,5.62,2.8026,1.652,826.2,2.3355,OK,66653,9.84615421295166,1.0158113241195679,0.5707452893257141
CAP_20260908_213800,2026-09-08 21:38:00,P06,/hydroponic_project/data_collection/images/lettuce_20260908_213800.jpg,/hydroponic_project/data_collection/crops/lettuce_20260908_213800/P06.jpg,/hydroponic_project/data_collection/crops/lettuce_20260908_213800/P06_224.jpg,29.81,30.5,79.8,5.62,2.8026,1.652,826.2,2.3355,OK,66653,9.84615421295166,1.0158113241195679,0.5707452893257141
CAP_20260908_213800,2026-09-08 21:38:00,P07,/hydroponic_project/data_collection/images/lettuce_20260908_213800.jpg,/hydroponic_project/data_collection/crops/lettuce_20260908_213800/P07.jpg,/hydroponic_project/data_collection/crops/lettuce_20260908_213800/P07_224.jpg,29.81,30.5,79.8,5.62,2.8026,1.652,826.2,2.3355,OK,66653,9.84615421295166,1.0158113241195679,0.5707452893257141
CAP_20260908_213800,2026-09-08 21:38:00,P08,/hydroponic_project/data_collection/images/lettuce_20260908_213800.jpg,/hydroponic_project/data_collection/crops/lettuce_20260908_213800/P08.jpg,/hydroponic_project/data_collection/crops/lettuce_20260908_213800/P08_224.jpg,29.81,30.5,79.8,5.62,2.8026,1.652,826.2,2.3355,OK,66653,9.84615421295166,1.0158113241195679,0.5707452893257141
CAP_20260908_213800,2026-09-08 21:38:00,P09,/hydroponic_project/data_collection/images/lettuce_20260908_213800.jpg,/hydroponic_project/data_collection/crops/lettuce_20260908_213800/P09.jpg,/hydroponic_project/data_collection/crops/lettuce_20260908_213800/P09_224.jpg,29.81,30.5,79.8,5.62,2.8026,1.652,826.2,2.3355,OK,66653,9.84615421295166,1.0158113241195679,0.5707452893257141
CAP_20260908_213800,2026-09-08 21:38:00,P10,/hydroponic_project/data_collection/images/lettuce_20260908_213800.jpg,/hydroponic_project/data_collection/crops/lettuce_20260908_213800/P10.jpg,/hydroponic_project/data_collection/crops/lettuce_20260908_213800/P10_224.jpg,29.81,30.5,79.8,5.62,2.8026,1.652,826.2,2.3355,OK,66653,9.84615421295166,1.0158113241195679,0.5707452893257141
CAP_20260908_213800,2026-09-08 21:38:00,P11,/hydroponic_project/data_collection/images/lettuce_20260908_213800.jpg,/hydroponic_project/data_collection/crops/lettuce_20260908_213800/P11.jpg,/hydroponic_project/data_collection/crops/lettuce_20260908_213800/P11_224.jpg,29.81,30.5,79.8,5.62,2.8026,1.652,826.2,2.3355,OK,66653,9.84615421295166,1.0158113241195679,0.5707452893257141
CAP_20260908_213800,2026-09-08 21:38:00,P12,/hydroponic_project/data_collection/images/lettuce_20260908_213800.jpg,/hydroponic_project/data_collection/crops/lettuce_20260908_213800/P12.jpg,/hydroponic_project/data_collection/crops/lettuce_20260908_213800/P12_224.jpg,29.81,30.5,79.8,5.62,2.8026,1.652,826.2,2.3355,OK,66653,9.84615421295166,1.0158113241195679,0.5707452893257141
CAP_20260909_141632,2026-09-09 14:16:32,P01,/hydroponic_project/data_collection/images/lettuce_20260909_141632.jpg,/hydroponic_project/data_collection/crops/lettuce_20260909_141632/P01.jpg,/hydroponic_project/data_collection/crops/lettuce_20260909_141632/P01_224.jpg,30.94,33.6,65.5,6.58,2.6473,1.673,836.5,2.4006,OK,23421,2.0,1.0003355741500854,611.167236328125
CAP_20260909_141632,2026-09-09 14:16:32,P02,/hydroponic_project/data_collection/images/lettuce_20260909_141632.jpg,/hydroponic_project/data_collection/crops/lettuce_20260909_141632/P02.jpg,/hydroponic_project/data_collection/crops/lettuce_20260909_141632/P02_224.jpg,30.94,33.6,65.5,6.58,2.6473,1.673,836.5,2.4006,OK,23421,2.0,1.0003355741500854,611.167236328125
CAP_20260909_141632,2026-09-09 14:16:32,P03,/hydroponic_project/data_collection/images/lettuce_20260909_141632.jpg,/hydroponic_project/data_collection/crops/lettuce_20260909_141632/P03.jpg,/hydroponic_project/data_collection/crops/lettuce_20260909_141632/P03_224.jpg,30.94,33.6,65.5,6.58,2.6473,1.673,836.5,2.4006,OK,23421,2.0,1.0003355741500854,611.167236328125
CAP_20260909_141632,2026-09-09 14:16:32,P04,/hydroponic_project/data_collection/images/lettuce_20260909_141632.jpg,/hydroponic_project/data_collection/crops/lettuce_20260909_141632/P04.jpg,/hydroponic_project/data_collection/crops/lettuce_20260909_141632/P04_224.jpg,30.94,33.6,65.5,6.58,2.6473,1.673,836.5,2.4006,OK,23421,2.0,1.0003355741500854,611.167236328125
CAP_20260909_141632,2026-09-09 14:16:32,P05,/hydroponic_project/data_collection/images/lettuce_20260909_141632.jpg,/hydroponic_project/data_collection/crops/lettuce_20260909_141632/P05.jpg,/hydroponic_project/data_collection/crops/lettuce_20260909_141632/P05_224.jpg,30.94,33.6,65.5,6.58,2.6473,1.673,836.5,2.4006,OK,23421,2.0,1.0003355741500854,611.167236328125
CAP_20260909_141632,2026-09-09 14:16:32,P06,/hydroponic_project/data_collection/images/lettuce_20260909_141632.jpg,/hydroponic_project/data_collection/crops/lettuce_20260909_141632/P06.jpg,/hydroponic_project/data_collection/crops/lettuce_20260909_141632/P06_224.jpg,30.94,33.6,65.5,6.58,2.6473,1.673,836.5,2.4006,OK,23421,2.0,1.0003355741500854,611.167236328125
CAP_20260909_141632,2026-09-09 14:16:32,P07,/hydroponic_project/data_collection/images/lettuce_20260909_141632.jpg,/hydroponic_project/data_collection/crops/lettuce_20260909_141632/P07.jpg,/hydroponic_project/data_collection/crops/lettuce_20260909_141632/P07_224.jpg,30.94,33.6,65.5,6.58,2.6473,1.673,836.5,2.4006,OK,23421,2.0,1.0003355741500854,611.167236328125
CAP_20260909_141632,2026-09-09 14:16:32,P08,/hydroponic_project/data_collection/images/lettuce_20260909_141632.jpg,/hydroponic_project/data_collection/crops/lettuce_20260909_141632/P08.jpg,/hydroponic_project/data_collection/crops/lettuce_20260909_141632/P08_224.jpg,30.94,33.6,65.5,6.58,2.6473,1.673,836.5,2.4006,OK,23421,2.0,1.0003355741500854,611.167236328125
CAP_20260909_141632,2026-09-09 14:16:32,P09,/hydroponic_project/data_collection/images/lettuce_20260909_141632.jpg,/hydroponic_project/data_collection/crops/lettuce_20260909_141632/P09.jpg,/hydroponic_project/data_collection/crops/lettuce_20260909_141632/P09_224.jpg,30.94,33.6,65.5,6.58,2.6473,1.673,836.5,2.4006,OK,23421,2.0,1.0003355741500854,611.167236328125
CAP_20260909_141632,2026-09-09 14:16:32,P10,/hydroponic_project/data_collection/images/lettuce_20260909_141632.jpg,/hydroponic_project/data_collection/crops/lettuce_20260909_141632/P10.jpg,/hydroponic_project/data_collection/crops/lettuce_20260909_141632/P10_224.jpg,30.94,33.6,65.5,6.58,2.6473,1.673,836.5,2.4006,OK,23421,2.0,1.0003355741500854,611.167236328125
CAP_20260909_141632,2026-09-09 14:16:32,P11,/hydroponic_project/data_collection/images/lettuce_20260909_141632.jpg,/hydroponic_project/data_collection/crops/lettuce_20260909_141632/P11.jpg,/hydroponic_project/data_collection/crops/lettuce_20260909_141632/P11_224.jpg,30.94,33.6,65.5,6.58,2.6473,1.673,836.5,2.4006,OK,23421,2.0,1.0003355741500854,611.167236328125
CAP_20260909_141632,2026-09-09 14:16:32,P12,/hydroponic_project/data_collection/images/lettuce_20260909_141632.jpg,/hydroponic_project/data_collection/crops/lettuce_20260909_141632/P12.jpg,/hydroponic_project/data_collection/crops/lettuce_20260909_141632/P12_224.jpg,30.94,33.6,65.5,6.58,2.6473,1.673,836.5,2.4006,OK,23421,2.0,1.0003355741500854,611.167236328125
CAP_20260910_214024,2026-09-10 21:40:24,P01,/hydroponic_project/data_collection/images/lettuce_20260910_214024.jpg,/hydroponic_project/data_collection/crops/lettuce_20260910_214024/P01.jpg,/hydroponic_project/data_collection/crops/lettuce_20260910_214024/P01_224.jpg,29.81,29.2,81.4,6.44,2.6693,1.743,871.3,2.4076,OK,66653,9.84615421295166,1.0158113241195679,3.327207326889038
CAP_20260910_214024,2026-09-10 21:40:24,P02,/hydroponic_project/data_collection/images/lettuce_20260910_214024.jpg,/hydroponic_project/data_collection/crops/lettuce_20260910_214024/P02.jpg,/hydroponic_project/data_collection/crops/lettuce_20260910_214024/P02_224.jpg,29.81,29.2,81.4,6.44,2.6693,1.743,871.3,2.4076,OK,66653,9.84615421295166,1.0158113241195679,3.327207326889038
CAP_20260910_214024,2026-09-10 21:40:24,P03,/hydroponic_project/data_collection/images/lettuce_20260910_214024.jpg,/hydroponic_project/data_collection/crops/lettuce_20260910_214024/P03.jpg,/hydroponic_project/data_collection/crops/lettuce_20260910_214024/P03_224.jpg,29.81,29.2,81.4,6.44,2.6693,1.743,871.3,2.4076,OK,66653,9.84615421295166,1.0158113241195679,3.327207326889038
CAP_20260910_214024,2026-09-10 21:40:24,P04,/hydroponic_project/data_collection/images/lettuce_20260910_214024.jpg,/hydroponic_project/data_collection/crops/lettuce_20260910_214024/P04.jpg,/hydroponic_project/data_collection/crops/lettuce_20260910_214024/P04_224.jpg,29.81,29.2,81.4,6.44,2.6693,1.743,871.3,2.4076,OK,66653,9.84615421295166,1.0158113241195679,3.327207326889038
CAP_20260910_214024,2026-09-10 21:40:24,P05,/hydroponic_project/data_collection/images/lettuce_20260910_214024.jpg,/hydroponic_project/data_collection/crops/lettuce_20260910_214024/P05.jpg,/hydroponic_project/data_collection/crops/lettuce_20260910_214024/P05_224.jpg,29.81,29.2,81.4,6.44,2.6693,1.743,871.3,2.4076,OK,66653,9.84615421295166,1.0158113241195679,3.327207326889038
CAP_20260910_214024,2026-09-10 21:40:24,P06,/hydroponic_project/data_collection/images/lettuce_20260910_214024.jpg,/hydroponic_project/data_collection/crops/lettuce_20260910_214024/P06.jpg,/hydroponic_project/data_collection/crops/lettuce_20260910_214024/P06_224.jpg,29.81,29.2,81.4,6.44,2.6693,1.743,871.3,2.4076,OK,66653,9.84615421295166,1.0158113241195679,3.327207326889038
CAP_20260910_214024,2026-09-10 21:40:24,P07,/hydroponic_project/data_collection/images/lettuce_20260910_214024.jpg,/hydroponic_project/data_collection/crops/lettuce_20260910_214024/P07.jpg,/hydroponic_project/data_collection/crops/lettuce_20260910_214024/P07_224.jpg,29.81,29.2,81.4,6.44,2.6693,1.743,871.3,2.4076,OK,66653,9.84615421295166,1.0158113241195679,3.327207326889038
CAP_20260910_214024,2026-09-10 21:40:24,P08,/hydroponic_project/data_collection/images/lettuce_20260910_214024.jpg,/hydroponic_project/data_collection/crops/lettuce_20260910_214024/P08.jpg,/hydroponic_project/data_collection/crops/lettuce_20260910_214024/P08_224.jpg,29.81,29.2,81.4,6.44,2.6693,1.743,871.3,2.4076,OK,66653,9.84615421295166,1.0158113241195679,3.327207326889038
CAP_20260910_214024,2026-09-10 21:40:24,P09,/hydroponic_project/data_collection/images/lettuce_20260910_214024.jpg,/hydroponic_project/data_collection/crops/lettuce_20260910_214024/P09.jpg,/hydroponic_project/data_collection/crops/lettuce_20260910_214024/P09_224.jpg,29.81,29.2,81.4,6.44,2.6693,1.743,871.3,2.4076,OK,66653,9.84615421295166,1.0158113241195679,3.327207326889038
CAP_20260910_214024,2026-09-10 21:40:24,P10,/hydroponic_project/data_collection/images/lettuce_20260910_214024.jpg,/hydroponic_project/data_collection/crops/lettuce_20260910_214024/P10.jpg,/hydroponic_project/data_collection/crops/lettuce_20260910_214024/P10_224.jpg,29.81,29.2,81.4,6.44,2.6693,1.743,871.3,2.4076,OK,66653,9.84615421295166,1.0158113241195679,3.327207326889038
CAP_20260910_214024,2026-09-10 21:40:24,P11,/hydroponic_project/data_collection/images/lettuce_20260910_214024.jpg,/hydroponic_project/data_collection/crops/lettuce_20260910_214024/P11.jpg,/hydroponic_project/data_collection/crops/lettuce_20260910_214024/P11_224.jpg,29.81,29.2,81.4,6.44,2.6693,1.743,871.3,2.4076,OK,66653,9.84615421295166,1.0158113241195679,3.327207326889038
CAP_20260910_214024,2026-09-10 21:40:24,P12,/hydroponic_project/data_collection/images/lettuce_20260910_214024.jpg,/hydroponic_project/data_collection/crops/lettuce_20260910_214024/P12.jpg,/hydroponic_project/data_collection/crops/lettuce_20260910_214024/P12_224.jpg,29.81,29.2,81.4,6.44,2.6693,1.743,871.3,2.4076,OK,66653,9.84615421295166,1.0158113241195679,3.327207326889038
