Processing CAP_20260816_153653

========================================
 HYDROPONIC EDGE-AI INFERENCE
========================================
Device        : cpu
Image weight  : 0.60
Sensor weight : 0.40
Threshold     : 0.50

========================================
Loading MobileNetV2...
========================================
Model       : mobilenet_v2
Classes     : ['healthy', 'unhealthy']
Class map   : {'healthy': 0, 'unhealthy': 1}
Best epoch  : 9
Load time   : 337.90 ms

========================================
Loading Random Forest sensor model...
========================================
Model       : Random Forest
Features    : ['pH', 'TDS', 'water_level', 'DHT_temp', 'DHT_humidity', 'water_temp']
Classes     : [0 1]
Class map   : {'0': 'Unhealthy / Stress warning', '1': 'Healthy'}
Load time   : 3069.13 ms

========================================
CAPTURE
========================================
Capture ID : CAP_20260816_153653
Timestamp  : 2026-08-16 15:36:53
Plants     : 12

========================================
SENSOR VALUES
========================================
pH            : 6.02
TDS           : 839.2 ppm
Water level   : OK
Air temp      : 31.8 C
Humidity      : 69.7 %
Water temp    : 30.25 C

Sensor model  : Healthy
Sensor conf.  : 68.67%
Sensor risk   : 31.33%
Sensor time   : 172.830 ms

========================================
PLANT INFERENCE
========================================

P01
  Image     : healthy (64.20%)
  Image risk: 35.80%
  Sensor    : Healthy (68.67%)
  Sensor risk: 31.33%
  Fusion    : healthy (65.99%)
  Final     : HEALTHY
  Image time: 255.21 ms

P02
  Image     : healthy (97.71%)
  Image risk: 2.29%
  Sensor    : Healthy (68.67%)
  Sensor risk: 31.33%
  Fusion    : healthy (86.09%)
  Final     : HEALTHY
  Image time: 217.35 ms

P03
  Image     : healthy (90.13%)
  Image risk: 9.87%
  Sensor    : Healthy (68.67%)
  Sensor risk: 31.33%
  Fusion    : healthy (81.54%)
  Final     : HEALTHY
  Image time: 219.46 ms

P04
  Image     : healthy (91.03%)
  Image risk: 8.97%
  Sensor    : Healthy (68.67%)
  Sensor risk: 31.33%
  Fusion    : healthy (82.08%)
  Final     : HEALTHY
  Image time: 217.22 ms

P05
  Image     : healthy (76.60%)
  Image risk: 23.40%
  Sensor    : Healthy (68.67%)
  Sensor risk: 31.33%
  Fusion    : healthy (73.43%)
  Final     : HEALTHY
  Image time: 211.52 ms

P06
  Image     : healthy (87.68%)
  Image risk: 12.32%
  Sensor    : Healthy (68.67%)
  Sensor risk: 31.33%
  Fusion    : healthy (80.07%)
  Final     : HEALTHY
  Image time: 214.31 ms

P07
  Image     : healthy (69.98%)
  Image risk: 30.02%
  Sensor    : Healthy (68.67%)
  Sensor risk: 31.33%
  Fusion    : healthy (69.45%)
  Final     : HEALTHY
  Image time: 218.24 ms

P08
  Image     : unhealthy (54.19%)
  Image risk: 54.19%
  Sensor    : Healthy (68.67%)
  Sensor risk: 31.33%
  Fusion    : healthy (54.95%)
  Final     : HEALTHY
  Image time: 222.41 ms

P09
  Image     : healthy (53.24%)
  Image risk: 46.76%
  Sensor    : Healthy (68.67%)
  Sensor risk: 31.33%
  Fusion    : healthy (59.41%)
  Final     : HEALTHY
  Image time: 217.56 ms

P10
  Image     : healthy (67.52%)
  Image risk: 32.48%
  Sensor    : Healthy (68.67%)
  Sensor risk: 31.33%
  Fusion    : healthy (67.98%)
  Final     : HEALTHY
  Image time: 215.81 ms

P11
  Image     : healthy (93.21%)
  Image risk: 6.79%
  Sensor    : Healthy (68.67%)
  Sensor risk: 31.33%
  Fusion    : healthy (83.40%)
  Final     : HEALTHY
  Image time: 217.92 ms

P12
  Image     : healthy (97.84%)
  Image risk: 2.16%
  Sensor    : Healthy (68.67%)
  Sensor risk: 31.33%
  Fusion    : healthy (86.17%)
  Final     : HEALTHY
  Image time: 219.57 ms

========================================
Updating SQLite predictions...
========================================
12 plant records updated.

========================================
 INFERENCE COMPLETED
========================================
Capture ID           : CAP_20260816_153653
Plants processed     : 12
Average image latency: 220.55 ms
Min image latency    : 211.52 ms
Max image latency    : 255.21 ms
Sensor latency       : 172.830 ms
Total script time    : 6370.72 ms

Predictions saved to:
/hydroponic_project/database/hydroponic.db

Processing CAP_20260816_154520

========================================
 HYDROPONIC EDGE-AI INFERENCE
========================================
Device        : cpu
Image weight  : 0.60
Sensor weight : 0.40
Threshold     : 0.50

========================================
Loading MobileNetV2...
========================================
Model       : mobilenet_v2
Classes     : ['healthy', 'unhealthy']
Class map   : {'healthy': 0, 'unhealthy': 1}
Best epoch  : 9
Load time   : 340.49 ms

========================================
Loading Random Forest sensor model...
========================================
Model       : Random Forest
Features    : ['pH', 'TDS', 'water_level', 'DHT_temp', 'DHT_humidity', 'water_temp']
Classes     : [0 1]
Class map   : {'0': 'Unhealthy / Stress warning', '1': 'Healthy'}
Load time   : 3100.68 ms

========================================
CAPTURE
========================================
Capture ID : CAP_20260816_154520
Timestamp  : 2026-08-16 15:45:20
Plants     : 12

========================================
SENSOR VALUES
========================================
pH            : 6.26
TDS           : 840.6 ppm
Water level   : OK
Air temp      : 31.9 C
Humidity      : 69.7 %
Water temp    : 30.19 C

Sensor model  : Healthy
Sensor conf.  : 69.00%
Sensor risk   : 31.00%
Sensor time   : 172.794 ms

========================================
PLANT INFERENCE
========================================

P01
  Image     : healthy (87.37%)
  Image risk: 12.63%
  Sensor    : Healthy (69.00%)
  Sensor risk: 31.00%
  Fusion    : healthy (80.02%)
  Final     : HEALTHY
  Image time: 262.40 ms

P02
  Image     : healthy (79.85%)
  Image risk: 20.15%
  Sensor    : Healthy (69.00%)
  Sensor risk: 31.00%
  Fusion    : healthy (75.51%)
  Final     : HEALTHY
  Image time: 217.26 ms

P03
  Image     : healthy (92.45%)
  Image risk: 7.55%
  Sensor    : Healthy (69.00%)
  Sensor risk: 31.00%
  Fusion    : healthy (83.07%)
  Final     : HEALTHY
  Image time: 218.55 ms

P04
  Image     : healthy (98.44%)
  Image risk: 1.56%
  Sensor    : Healthy (69.00%)
  Sensor risk: 31.00%
  Fusion    : healthy (86.66%)
  Final     : HEALTHY
  Image time: 216.50 ms

P05
  Image     : healthy (92.54%)
  Image risk: 7.46%
  Sensor    : Healthy (69.00%)
  Sensor risk: 31.00%
  Fusion    : healthy (83.12%)
  Final     : HEALTHY
  Image time: 215.36 ms

P06
  Image     : healthy (99.88%)
  Image risk: 0.12%
  Sensor    : Healthy (69.00%)
  Sensor risk: 31.00%
  Fusion    : healthy (87.53%)
  Final     : HEALTHY
  Image time: 218.86 ms

P07
  Image     : healthy (79.99%)
  Image risk: 20.01%
  Sensor    : Healthy (69.00%)
  Sensor risk: 31.00%
  Fusion    : healthy (75.60%)
  Final     : HEALTHY
  Image time: 223.39 ms

P08
  Image     : healthy (55.21%)
  Image risk: 44.79%
  Sensor    : Healthy (69.00%)
  Sensor risk: 31.00%
  Fusion    : healthy (60.73%)
  Final     : HEALTHY
  Image time: 216.22 ms

P09
  Image     : healthy (96.31%)
  Image risk: 3.69%
  Sensor    : Healthy (69.00%)
  Sensor risk: 31.00%
  Fusion    : healthy (85.39%)
  Final     : HEALTHY
  Image time: 215.79 ms

P10
  Image     : healthy (65.95%)
  Image risk: 34.05%
  Sensor    : Healthy (69.00%)
  Sensor risk: 31.00%
  Fusion    : healthy (67.17%)
  Final     : HEALTHY
  Image time: 215.79 ms

P11
  Image     : healthy (95.09%)
  Image risk: 4.91%
  Sensor    : Healthy (69.00%)
  Sensor risk: 31.00%
  Fusion    : healthy (84.65%)
  Final     : HEALTHY
  Image time: 221.24 ms

P12
  Image     : healthy (96.02%)
  Image risk: 3.98%
  Sensor    : Healthy (69.00%)
  Sensor risk: 31.00%
  Fusion    : healthy (85.21%)
  Final     : HEALTHY
  Image time: 220.23 ms

========================================
Updating SQLite predictions...
========================================
12 plant records updated.

========================================
 INFERENCE COMPLETED
========================================
Capture ID           : CAP_20260816_154520
Plants processed     : 12
Average image latency: 221.80 ms
Min image latency    : 215.36 ms
Max image latency    : 262.40 ms
Sensor latency       : 172.794 ms
Total script time    : 6416.34 ms

Predictions saved to:
/hydroponic_project/database/hydroponic.db

Processing CAP_20260816_160003

========================================
 HYDROPONIC EDGE-AI INFERENCE
========================================
Device        : cpu
Image weight  : 0.60
Sensor weight : 0.40
Threshold     : 0.50

========================================
Loading MobileNetV2...
========================================
Model       : mobilenet_v2
Classes     : ['healthy', 'unhealthy']
Class map   : {'healthy': 0, 'unhealthy': 1}
Best epoch  : 9
Load time   : 343.72 ms

========================================
Loading Random Forest sensor model...
========================================
Model       : Random Forest
Features    : ['pH', 'TDS', 'water_level', 'DHT_temp', 'DHT_humidity', 'water_temp']
Classes     : [0 1]
Class map   : {'0': 'Unhealthy / Stress warning', '1': 'Healthy'}
Load time   : 3108.72 ms

========================================
CAPTURE
========================================
Capture ID : CAP_20260816_160003
Timestamp  : 2026-08-16 16:00:03
Plants     : 12

========================================
SENSOR VALUES
========================================
pH            : 6.32
TDS           : 840.2 ppm
Water level   : OK
Air temp      : 31.7 C
Humidity      : 70.1 %
Water temp    : 30.19 C

Sensor model  : Healthy
Sensor conf.  : 69.00%
Sensor risk   : 31.00%
Sensor time   : 175.591 ms

========================================
PLANT INFERENCE
========================================

P01
  Image     : healthy (92.10%)
  Image risk: 7.90%
  Sensor    : Healthy (69.00%)
  Sensor risk: 31.00%
  Fusion    : healthy (82.86%)
  Final     : HEALTHY
  Image time: 264.68 ms

P02
  Image     : healthy (52.25%)
  Image risk: 47.75%
  Sensor    : Healthy (69.00%)
  Sensor risk: 31.00%
  Fusion    : healthy (58.95%)
  Final     : HEALTHY
  Image time: 220.03 ms

P03
  Image     : healthy (98.53%)
  Image risk: 1.47%
  Sensor    : Healthy (69.00%)
  Sensor risk: 31.00%
  Fusion    : healthy (86.72%)
  Final     : HEALTHY
  Image time: 218.76 ms

P04
  Image     : healthy (98.77%)
  Image risk: 1.23%
  Sensor    : Healthy (69.00%)
  Sensor risk: 31.00%
  Fusion    : healthy (86.86%)
  Final     : HEALTHY
  Image time: 219.15 ms

P05
  Image     : healthy (92.71%)
  Image risk: 7.29%
  Sensor    : Healthy (69.00%)
  Sensor risk: 31.00%
  Fusion    : healthy (83.22%)
  Final     : HEALTHY
  Image time: 250.41 ms

P06
  Image     : healthy (99.93%)
  Image risk: 0.07%
  Sensor    : Healthy (69.00%)
  Sensor risk: 31.00%
  Fusion    : healthy (87.56%)
  Final     : HEALTHY
  Image time: 219.28 ms

P07
  Image     : healthy (84.79%)
  Image risk: 15.21%
  Sensor    : Healthy (69.00%)
  Sensor risk: 31.00%
  Fusion    : healthy (78.47%)
  Final     : HEALTHY
  Image time: 217.95 ms

P08
  Image     : healthy (69.26%)
  Image risk: 30.74%
  Sensor    : Healthy (69.00%)
  Sensor risk: 31.00%
  Fusion    : healthy (69.15%)
  Final     : HEALTHY
  Image time: 218.56 ms

P09
  Image     : healthy (94.33%)
  Image risk: 5.67%
  Sensor    : Healthy (69.00%)
  Sensor risk: 31.00%
  Fusion    : healthy (84.20%)
  Final     : HEALTHY
  Image time: 216.97 ms

P10
  Image     : healthy (59.19%)
  Image risk: 40.81%
  Sensor    : Healthy (69.00%)
  Sensor risk: 31.00%
  Fusion    : healthy (63.12%)
  Final     : HEALTHY
  Image time: 216.89 ms

P11
  Image     : healthy (55.06%)
  Image risk: 44.94%
  Sensor    : Healthy (69.00%)
  Sensor risk: 31.00%
  Fusion    : healthy (60.64%)
  Final     : HEALTHY
  Image time: 219.32 ms

P12
  Image     : healthy (62.39%)
  Image risk: 37.61%
  Sensor    : Healthy (69.00%)
  Sensor risk: 31.00%
  Fusion    : healthy (65.03%)
  Final     : HEALTHY
  Image time: 217.73 ms

========================================
Updating SQLite predictions...
========================================
12 plant records updated.

========================================
 INFERENCE COMPLETED
========================================
Capture ID           : CAP_20260816_160003
Plants processed     : 12
Average image latency: 224.98 ms
Min image latency    : 216.89 ms
Max image latency    : 264.68 ms
Sensor latency       : 175.591 ms
Total script time    : 6461.77 ms

Predictions saved to:
/hydroponic_project/database/hydroponic.db

Processing CAP_20260816_170003

========================================
 HYDROPONIC EDGE-AI INFERENCE
========================================
Device        : cpu
Image weight  : 0.60
Sensor weight : 0.40
Threshold     : 0.50

========================================
Loading MobileNetV2...
========================================
Model       : mobilenet_v2
Classes     : ['healthy', 'unhealthy']
Class map   : {'healthy': 0, 'unhealthy': 1}
Best epoch  : 9
Load time   : 339.43 ms

========================================
Loading Random Forest sensor model...
========================================
Model       : Random Forest
Features    : ['pH', 'TDS', 'water_level', 'DHT_temp', 'DHT_humidity', 'water_temp']
Classes     : [0 1]
Class map   : {'0': 'Unhealthy / Stress warning', '1': 'Healthy'}
Load time   : 3096.74 ms

========================================
CAPTURE
========================================
Capture ID : CAP_20260816_170003
Timestamp  : 2026-08-16 17:00:03
Plants     : 12

========================================
SENSOR VALUES
========================================
pH            : 6.32
TDS           : 843.5 ppm
Water level   : OK
Air temp      : 31.4 C
Humidity      : 69.7 %
Water temp    : 30.0 C

Sensor model  : Healthy
Sensor conf.  : 69.67%
Sensor risk   : 30.33%
Sensor time   : 180.725 ms

========================================
PLANT INFERENCE
========================================

P01
  Image     : healthy (86.78%)
  Image risk: 13.22%
  Sensor    : Healthy (69.67%)
  Sensor risk: 30.33%
  Fusion    : healthy (79.93%)
  Final     : HEALTHY
  Image time: 264.36 ms

P02
  Image     : unhealthy (69.97%)
  Image risk: 69.97%
  Sensor    : Healthy (69.67%)
  Sensor risk: 30.33%
  Fusion    : unhealthy (54.11%)
  Final     : STRESS WARNING
  Image time: 217.99 ms

P03
  Image     : healthy (96.01%)
  Image risk: 3.99%
  Sensor    : Healthy (69.67%)
  Sensor risk: 30.33%
  Fusion    : healthy (85.47%)
  Final     : HEALTHY
  Image time: 217.72 ms

P04
  Image     : healthy (99.04%)
  Image risk: 0.96%
  Sensor    : Healthy (69.67%)
  Sensor risk: 30.33%
  Fusion    : healthy (87.29%)
  Final     : HEALTHY
  Image time: 217.57 ms

P05
  Image     : healthy (90.62%)
  Image risk: 9.38%
  Sensor    : Healthy (69.67%)
  Sensor risk: 30.33%
  Fusion    : healthy (82.24%)
  Final     : HEALTHY
  Image time: 219.56 ms

P06
  Image     : healthy (99.83%)
  Image risk: 0.17%
  Sensor    : Healthy (69.67%)
  Sensor risk: 30.33%
  Fusion    : healthy (87.77%)
  Final     : HEALTHY
  Image time: 222.62 ms

P07
  Image     : healthy (79.39%)
  Image risk: 20.61%
  Sensor    : Healthy (69.67%)
  Sensor risk: 30.33%
  Fusion    : healthy (75.50%)
  Final     : HEALTHY
  Image time: 220.87 ms

P08
  Image     : healthy (64.11%)
  Image risk: 35.89%
  Sensor    : Healthy (69.67%)
  Sensor risk: 30.33%
  Fusion    : healthy (66.34%)
  Final     : HEALTHY
  Image time: 217.14 ms

P09
  Image     : healthy (94.67%)
  Image risk: 5.33%
  Sensor    : Healthy (69.67%)
  Sensor risk: 30.33%
  Fusion    : healthy (84.67%)
  Final     : HEALTHY
  Image time: 218.17 ms

P10
  Image     : unhealthy (61.19%)
  Image risk: 61.19%
  Sensor    : Healthy (69.67%)
  Sensor risk: 30.33%
  Fusion    : healthy (51.15%)
  Final     : HEALTHY
  Image time: 219.51 ms

P11
  Image     : unhealthy (60.67%)
  Image risk: 60.67%
  Sensor    : Healthy (69.67%)
  Sensor risk: 30.33%
  Fusion    : healthy (51.46%)
  Final     : HEALTHY
  Image time: 216.65 ms

P12
  Image     : healthy (68.33%)
  Image risk: 31.67%
  Sensor    : Healthy (69.67%)
  Sensor risk: 30.33%
  Fusion    : healthy (68.86%)
  Final     : HEALTHY
  Image time: 218.18 ms

========================================
Updating SQLite predictions...
========================================
12 plant records updated.

========================================
 INFERENCE COMPLETED
========================================
Capture ID           : CAP_20260816_170003
Plants processed     : 12
Average image latency: 222.53 ms
Min image latency    : 216.65 ms
Max image latency    : 264.36 ms
Sensor latency       : 180.725 ms
Total script time    : 6422.15 ms

Predictions saved to:
/hydroponic_project/database/hydroponic.db

Processing CAP_20260816_180003

========================================
 HYDROPONIC EDGE-AI INFERENCE
========================================
Device        : cpu
Image weight  : 0.60
Sensor weight : 0.40
Threshold     : 0.50

========================================
Loading MobileNetV2...
========================================
Model       : mobilenet_v2
Classes     : ['healthy', 'unhealthy']
Class map   : {'healthy': 0, 'unhealthy': 1}
Best epoch  : 9
Load time   : 338.18 ms

========================================
Loading Random Forest sensor model...
========================================
Model       : Random Forest
Features    : ['pH', 'TDS', 'water_level', 'DHT_temp', 'DHT_humidity', 'water_temp']
Classes     : [0 1]
Class map   : {'0': 'Unhealthy / Stress warning', '1': 'Healthy'}
Load time   : 3102.70 ms

========================================
CAPTURE
========================================
Capture ID : CAP_20260816_180003
Timestamp  : 2026-08-16 18:00:03
Plants     : 12

========================================
SENSOR VALUES
========================================
pH            : 6.21
TDS           : 862.2 ppm
Water level   : OK
Air temp      : 30.9 C
Humidity      : 69.7 %
Water temp    : 29.81 C

Sensor model  : Healthy
Sensor conf.  : 57.67%
Sensor risk   : 42.33%
Sensor time   : 179.567 ms

========================================
PLANT INFERENCE
========================================

P01
  Image     : healthy (82.84%)
  Image risk: 17.16%
  Sensor    : Healthy (57.67%)
  Sensor risk: 42.33%
  Fusion    : healthy (72.77%)
  Final     : HEALTHY
  Image time: 261.23 ms

P02
  Image     : healthy (57.87%)
  Image risk: 42.13%
  Sensor    : Healthy (57.67%)
  Sensor risk: 42.33%
  Fusion    : healthy (57.79%)
  Final     : HEALTHY
  Image time: 217.73 ms

P03
  Image     : healthy (96.01%)
  Image risk: 3.99%
  Sensor    : Healthy (57.67%)
  Sensor risk: 42.33%
  Fusion    : healthy (80.67%)
  Final     : HEALTHY
  Image time: 217.54 ms

P04
  Image     : healthy (92.64%)
  Image risk: 7.36%
  Sensor    : Healthy (57.67%)
  Sensor risk: 42.33%
  Fusion    : healthy (78.65%)
  Final     : HEALTHY
  Image time: 216.77 ms

P05
  Image     : healthy (96.75%)
  Image risk: 3.25%
  Sensor    : Healthy (57.67%)
  Sensor risk: 42.33%
  Fusion    : healthy (81.12%)
  Final     : HEALTHY
  Image time: 219.84 ms

P06
  Image     : healthy (99.52%)
  Image risk: 0.48%
  Sensor    : Healthy (57.67%)
  Sensor risk: 42.33%
  Fusion    : healthy (82.78%)
  Final     : HEALTHY
  Image time: 217.33 ms

P07
  Image     : healthy (83.90%)
  Image risk: 16.10%
  Sensor    : Healthy (57.67%)
  Sensor risk: 42.33%
  Fusion    : healthy (73.41%)
  Final     : HEALTHY
  Image time: 217.30 ms

P08
  Image     : healthy (82.70%)
  Image risk: 17.30%
  Sensor    : Healthy (57.67%)
  Sensor risk: 42.33%
  Fusion    : healthy (72.69%)
  Final     : HEALTHY
  Image time: 217.06 ms

P09
  Image     : healthy (98.68%)
  Image risk: 1.32%
  Sensor    : Healthy (57.67%)
  Sensor risk: 42.33%
  Fusion    : healthy (82.27%)
  Final     : HEALTHY
  Image time: 219.41 ms

P10
  Image     : healthy (81.11%)
  Image risk: 18.89%
  Sensor    : Healthy (57.67%)
  Sensor risk: 42.33%
  Fusion    : healthy (71.73%)
  Final     : HEALTHY
  Image time: 218.49 ms

P11
  Image     : healthy (81.50%)
  Image risk: 18.50%
  Sensor    : Healthy (57.67%)
  Sensor risk: 42.33%
  Fusion    : healthy (71.96%)
  Final     : HEALTHY
  Image time: 217.31 ms

P12
  Image     : healthy (93.37%)
  Image risk: 6.63%
  Sensor    : Healthy (57.67%)
  Sensor risk: 42.33%
  Fusion    : healthy (79.09%)
  Final     : HEALTHY
  Image time: 217.39 ms

========================================
Updating SQLite predictions...
========================================
12 plant records updated.

========================================
 INFERENCE COMPLETED
========================================
Capture ID           : CAP_20260816_180003
Plants processed     : 12
Average image latency: 221.45 ms
Min image latency    : 216.77 ms
Max image latency    : 261.23 ms
Sensor latency       : 179.567 ms
Total script time    : 6418.14 ms

Predictions saved to:
/hydroponic_project/database/hydroponic.db

Processing CAP_20260816_190003

========================================
 HYDROPONIC EDGE-AI INFERENCE
========================================
Device        : cpu
Image weight  : 0.60
Sensor weight : 0.40
Threshold     : 0.50

========================================
Loading MobileNetV2...
========================================
Model       : mobilenet_v2
Classes     : ['healthy', 'unhealthy']
Class map   : {'healthy': 0, 'unhealthy': 1}
Best epoch  : 9
Load time   : 338.11 ms

========================================
Loading Random Forest sensor model...
========================================
Model       : Random Forest
Features    : ['pH', 'TDS', 'water_level', 'DHT_temp', 'DHT_humidity', 'water_temp']
Classes     : [0 1]
Class map   : {'0': 'Unhealthy / Stress warning', '1': 'Healthy'}
Load time   : 3111.27 ms

========================================
CAPTURE
========================================
Capture ID : CAP_20260816_190003
Timestamp  : 2026-08-16 19:00:03
Plants     : 12

WARNING: Very low camera light.
Camera Lux: 0.5414000749588013
Image prediction may be less reliable.

========================================
SENSOR VALUES
========================================
pH            : 6.29
TDS           : 864.6 ppm
Water level   : OK
Air temp      : 30.6 C
Humidity      : 75.3 %
Water temp    : 29.69 C

Sensor model  : Healthy
Sensor conf.  : 55.33%
Sensor risk   : 44.67%
Sensor time   : 180.815 ms

========================================
PLANT INFERENCE
========================================

P01
  Image     : unhealthy (98.99%)
  Image risk: 98.99%
  Sensor    : Healthy (55.33%)
  Sensor risk: 44.67%
  Fusion    : unhealthy (77.26%)
  Final     : STRESS WARNING
  Image time: 263.74 ms

P02
  Image     : unhealthy (99.67%)
  Image risk: 99.67%
  Sensor    : Healthy (55.33%)
  Sensor risk: 44.67%
  Fusion    : unhealthy (77.67%)
  Final     : STRESS WARNING
  Image time: 216.95 ms

P03
  Image     : unhealthy (99.83%)
  Image risk: 99.83%
  Sensor    : Healthy (55.33%)
  Sensor risk: 44.67%
  Fusion    : unhealthy (77.76%)
  Final     : STRESS WARNING
  Image time: 218.84 ms

P04
  Image     : unhealthy (99.68%)
  Image risk: 99.68%
  Sensor    : Healthy (55.33%)
  Sensor risk: 44.67%
  Fusion    : unhealthy (77.67%)
  Final     : STRESS WARNING
  Image time: 217.75 ms

P05
  Image     : unhealthy (99.36%)
  Image risk: 99.36%
  Sensor    : Healthy (55.33%)
  Sensor risk: 44.67%
  Fusion    : unhealthy (77.48%)
  Final     : STRESS WARNING
  Image time: 217.58 ms

P06
  Image     : unhealthy (99.43%)
  Image risk: 99.43%
  Sensor    : Healthy (55.33%)
  Sensor risk: 44.67%
  Fusion    : unhealthy (77.52%)
  Final     : STRESS WARNING
  Image time: 217.10 ms

P07
  Image     : unhealthy (98.38%)
  Image risk: 98.38%
  Sensor    : Healthy (55.33%)
  Sensor risk: 44.67%
  Fusion    : unhealthy (76.89%)
  Final     : STRESS WARNING
  Image time: 217.08 ms

P08
  Image     : unhealthy (99.08%)
  Image risk: 99.08%
  Sensor    : Healthy (55.33%)
  Sensor risk: 44.67%
  Fusion    : unhealthy (77.32%)
  Final     : STRESS WARNING
  Image time: 217.29 ms

P09
  Image     : unhealthy (98.53%)
  Image risk: 98.53%
  Sensor    : Healthy (55.33%)
  Sensor risk: 44.67%
  Fusion    : unhealthy (76.98%)
  Final     : STRESS WARNING
  Image time: 219.52 ms

P10
  Image     : unhealthy (99.75%)
  Image risk: 99.75%
  Sensor    : Healthy (55.33%)
  Sensor risk: 44.67%
  Fusion    : unhealthy (77.71%)
  Final     : STRESS WARNING
  Image time: 218.07 ms

P11
  Image     : unhealthy (99.16%)
  Image risk: 99.16%
  Sensor    : Healthy (55.33%)
  Sensor risk: 44.67%
  Fusion    : unhealthy (77.36%)
  Final     : STRESS WARNING
  Image time: 217.27 ms

P12
  Image     : unhealthy (99.35%)
  Image risk: 99.35%
  Sensor    : Healthy (55.33%)
  Sensor risk: 44.67%
  Fusion    : unhealthy (77.48%)
  Final     : STRESS WARNING
  Image time: 217.70 ms

========================================
Updating SQLite predictions...
========================================
12 plant records updated.

========================================
 INFERENCE COMPLETED
========================================
Capture ID           : CAP_20260816_190003
Plants processed     : 12
Average image latency: 221.57 ms
Min image latency    : 216.95 ms
Max image latency    : 263.74 ms
Sensor latency       : 180.815 ms
Total script time    : 6411.32 ms

Predictions saved to:
/hydroponic_project/database/hydroponic.db

Processing CAP_20260816_200003

========================================
 HYDROPONIC EDGE-AI INFERENCE
========================================
Device        : cpu
Image weight  : 0.60
Sensor weight : 0.40
Threshold     : 0.50

========================================
Loading MobileNetV2...
========================================
Model       : mobilenet_v2
Classes     : ['healthy', 'unhealthy']
Class map   : {'healthy': 0, 'unhealthy': 1}
Best epoch  : 9
Load time   : 344.31 ms

========================================
Loading Random Forest sensor model...
========================================
Model       : Random Forest
Features    : ['pH', 'TDS', 'water_level', 'DHT_temp', 'DHT_humidity', 'water_temp']
Classes     : [0 1]
Class map   : {'0': 'Unhealthy / Stress warning', '1': 'Healthy'}
Load time   : 3105.59 ms

========================================
CAPTURE
========================================
Capture ID : CAP_20260816_200003
Timestamp  : 2026-08-16 20:00:03
Plants     : 12

WARNING: Very low camera light.
Camera Lux: 0.5411790013313293
Image prediction may be less reliable.

========================================
SENSOR VALUES
========================================
pH            : 6.34
TDS           : 867.5 ppm
Water level   : OK
Air temp      : 30.5 C
Humidity      : 75.2 %
Water temp    : 29.56 C

Sensor model  : Healthy
Sensor conf.  : 55.33%
Sensor risk   : 44.67%
Sensor time   : 177.452 ms

========================================
PLANT INFERENCE
========================================

P01
  Image     : unhealthy (98.65%)
  Image risk: 98.65%
  Sensor    : Healthy (55.33%)
  Sensor risk: 44.67%
  Fusion    : unhealthy (77.06%)
  Final     : STRESS WARNING
  Image time: 261.18 ms

P02
  Image     : unhealthy (99.55%)
  Image risk: 99.55%
  Sensor    : Healthy (55.33%)
  Sensor risk: 44.67%
  Fusion    : unhealthy (77.60%)
  Final     : STRESS WARNING
  Image time: 217.47 ms

P03
  Image     : unhealthy (99.80%)
  Image risk: 99.80%
  Sensor    : Healthy (55.33%)
  Sensor risk: 44.67%
  Fusion    : unhealthy (77.75%)
  Final     : STRESS WARNING
  Image time: 219.95 ms

P04
  Image     : unhealthy (99.82%)
  Image risk: 99.82%
  Sensor    : Healthy (55.33%)
  Sensor risk: 44.67%
  Fusion    : unhealthy (77.76%)
  Final     : STRESS WARNING
  Image time: 218.28 ms

P05
  Image     : unhealthy (99.86%)
  Image risk: 99.86%
  Sensor    : Healthy (55.33%)
  Sensor risk: 44.67%
  Fusion    : unhealthy (77.78%)
  Final     : STRESS WARNING
  Image time: 216.58 ms

P06
  Image     : unhealthy (99.25%)
  Image risk: 99.25%
  Sensor    : Healthy (55.33%)
  Sensor risk: 44.67%
  Fusion    : unhealthy (77.41%)
  Final     : STRESS WARNING
  Image time: 217.68 ms

P07
  Image     : unhealthy (98.03%)
  Image risk: 98.03%
  Sensor    : Healthy (55.33%)
  Sensor risk: 44.67%
  Fusion    : unhealthy (76.69%)
  Final     : STRESS WARNING
  Image time: 217.91 ms

P08
  Image     : unhealthy (99.45%)
  Image risk: 99.45%
  Sensor    : Healthy (55.33%)
  Sensor risk: 44.67%
  Fusion    : unhealthy (77.54%)
  Final     : STRESS WARNING
  Image time: 218.71 ms

P09
  Image     : unhealthy (98.85%)
  Image risk: 98.85%
  Sensor    : Healthy (55.33%)
  Sensor risk: 44.67%
  Fusion    : unhealthy (77.18%)
  Final     : STRESS WARNING
  Image time: 215.94 ms

P10
  Image     : unhealthy (99.65%)
  Image risk: 99.65%
  Sensor    : Healthy (55.33%)
  Sensor risk: 44.67%
  Fusion    : unhealthy (77.66%)
  Final     : STRESS WARNING
  Image time: 216.74 ms

P11
  Image     : unhealthy (99.44%)
  Image risk: 99.44%
  Sensor    : Healthy (55.33%)
  Sensor risk: 44.67%
  Fusion    : unhealthy (77.53%)
  Final     : STRESS WARNING
  Image time: 217.02 ms

P12
  Image     : unhealthy (98.06%)
  Image risk: 98.06%
  Sensor    : Healthy (55.33%)
  Sensor risk: 44.67%
  Fusion    : unhealthy (76.71%)
  Final     : STRESS WARNING
  Image time: 219.85 ms

========================================
Updating SQLite predictions...
========================================
12 plant records updated.

========================================
 INFERENCE COMPLETED
========================================
Capture ID           : CAP_20260816_200003
Plants processed     : 12
Average image latency: 221.44 ms
Min image latency    : 215.94 ms
Max image latency    : 261.18 ms
Sensor latency       : 177.452 ms
Total script time    : 6403.66 ms

Predictions saved to:
/hydroponic_project/database/hydroponic.db

Processing CAP_20260816_210003

========================================
 HYDROPONIC EDGE-AI INFERENCE
========================================
Device        : cpu
Image weight  : 0.60
Sensor weight : 0.40
Threshold     : 0.50

========================================
Loading MobileNetV2...
========================================
Model       : mobilenet_v2
Classes     : ['healthy', 'unhealthy']
Class map   : {'healthy': 0, 'unhealthy': 1}
Best epoch  : 9
Load time   : 343.09 ms

========================================
Loading Random Forest sensor model...
========================================
Model       : Random Forest
Features    : ['pH', 'TDS', 'water_level', 'DHT_temp', 'DHT_humidity', 'water_temp']
Classes     : [0 1]
Class map   : {'0': 'Unhealthy / Stress warning', '1': 'Healthy'}
Load time   : 3111.78 ms

========================================
CAPTURE
========================================
Capture ID : CAP_20260816_210003
Timestamp  : 2026-08-16 21:00:03
Plants     : 12

========================================
SENSOR VALUES
========================================
pH            : 6.22
TDS           : 870.3 ppm
Water level   : OK
Air temp      : 30.0 C
Humidity      : 74.5 %
Water temp    : 29.44 C

Sensor model  : Healthy
Sensor conf.  : 58.00%
Sensor risk   : 42.00%
Sensor time   : 181.665 ms

========================================
PLANT INFERENCE
========================================

P01
  Image     : unhealthy (70.16%)
  Image risk: 70.16%
  Sensor    : Healthy (58.00%)
  Sensor risk: 42.00%
  Fusion    : unhealthy (58.90%)
  Final     : STRESS WARNING
  Image time: 259.79 ms

P02
  Image     : healthy (62.23%)
  Image risk: 37.77%
  Sensor    : Healthy (58.00%)
  Sensor risk: 42.00%
  Fusion    : healthy (60.54%)
  Final     : HEALTHY
  Image time: 217.87 ms

P03
  Image     : healthy (60.54%)
  Image risk: 39.46%
  Sensor    : Healthy (58.00%)
  Sensor risk: 42.00%
  Fusion    : healthy (59.53%)
  Final     : HEALTHY
  Image time: 219.64 ms

P04
  Image     : healthy (97.05%)
  Image risk: 2.95%
  Sensor    : Healthy (58.00%)
  Sensor risk: 42.00%
  Fusion    : healthy (81.43%)
  Final     : HEALTHY
  Image time: 218.78 ms

P05
  Image     : unhealthy (97.65%)
  Image risk: 97.65%
  Sensor    : Healthy (58.00%)
  Sensor risk: 42.00%
  Fusion    : unhealthy (75.39%)
  Final     : STRESS WARNING
  Image time: 212.67 ms

P06
  Image     : unhealthy (94.07%)
  Image risk: 94.07%
  Sensor    : Healthy (58.00%)
  Sensor risk: 42.00%
  Fusion    : unhealthy (73.24%)
  Final     : STRESS WARNING
  Image time: 212.43 ms

P07
  Image     : unhealthy (84.02%)
  Image risk: 84.02%
  Sensor    : Healthy (58.00%)
  Sensor risk: 42.00%
  Fusion    : unhealthy (67.21%)
  Final     : STRESS WARNING
  Image time: 221.55 ms

P08
  Image     : healthy (92.01%)
  Image risk: 7.99%
  Sensor    : Healthy (58.00%)
  Sensor risk: 42.00%
  Fusion    : healthy (78.41%)
  Final     : HEALTHY
  Image time: 217.52 ms

P09
  Image     : healthy (85.14%)
  Image risk: 14.86%
  Sensor    : Healthy (58.00%)
  Sensor risk: 42.00%
  Fusion    : healthy (74.29%)
  Final     : HEALTHY
  Image time: 217.32 ms

P10
  Image     : healthy (90.90%)
  Image risk: 9.10%
  Sensor    : Healthy (58.00%)
  Sensor risk: 42.00%
  Fusion    : healthy (77.74%)
  Final     : HEALTHY
  Image time: 214.32 ms

P11
  Image     : unhealthy (85.28%)
  Image risk: 85.28%
  Sensor    : Healthy (58.00%)
  Sensor risk: 42.00%
  Fusion    : unhealthy (67.97%)
  Final     : STRESS WARNING
  Image time: 218.26 ms

P12
  Image     : healthy (58.52%)
  Image risk: 41.48%
  Sensor    : Healthy (58.00%)
  Sensor risk: 42.00%
  Fusion    : healthy (58.31%)
  Final     : HEALTHY
  Image time: 218.75 ms

========================================
Updating SQLite predictions...
========================================
12 plant records updated.

========================================
 INFERENCE COMPLETED
========================================
Capture ID           : CAP_20260816_210003
Plants processed     : 12
Average image latency: 220.74 ms
Min image latency    : 212.43 ms
Max image latency    : 259.79 ms
Sensor latency       : 181.665 ms
Total script time    : 6419.99 ms

Predictions saved to:
/hydroponic_project/database/hydroponic.db

Processing CAP_20260816_220004

========================================
 HYDROPONIC EDGE-AI INFERENCE
========================================
Device        : cpu
Image weight  : 0.60
Sensor weight : 0.40
Threshold     : 0.50

========================================
Loading MobileNetV2...
========================================
Model       : mobilenet_v2
Classes     : ['healthy', 'unhealthy']
Class map   : {'healthy': 0, 'unhealthy': 1}
Best epoch  : 9
Load time   : 346.73 ms

========================================
Loading Random Forest sensor model...
========================================
Model       : Random Forest
Features    : ['pH', 'TDS', 'water_level', 'DHT_temp', 'DHT_humidity', 'water_temp']
Classes     : [0 1]
Class map   : {'0': 'Unhealthy / Stress warning', '1': 'Healthy'}
Load time   : 3105.55 ms

========================================
CAPTURE
========================================
Capture ID : CAP_20260816_220004
Timestamp  : 2026-08-16 22:00:04
Plants     : 12

========================================
SENSOR VALUES
========================================
pH            : 6.3
TDS           : 872.9 ppm
Water level   : OK
Air temp      : 29.9 C
Humidity      : 77.3 %
Water temp    : 29.31 C

Sensor model  : Healthy
Sensor conf.  : 53.00%
Sensor risk   : 47.00%
Sensor time   : 173.233 ms

========================================
PLANT INFERENCE
========================================

P01
  Image     : healthy (58.21%)
  Image risk: 41.79%
  Sensor    : Healthy (53.00%)
  Sensor risk: 47.00%
  Fusion    : healthy (56.13%)
  Final     : HEALTHY
  Image time: 261.72 ms

P02
  Image     : healthy (76.75%)
  Image risk: 23.25%
  Sensor    : Healthy (53.00%)
  Sensor risk: 47.00%
  Fusion    : healthy (67.25%)
  Final     : HEALTHY
  Image time: 221.49 ms

P03
  Image     : healthy (95.68%)
  Image risk: 4.32%
  Sensor    : Healthy (53.00%)
  Sensor risk: 47.00%
  Fusion    : healthy (78.61%)
  Final     : HEALTHY
  Image time: 218.03 ms

P04
  Image     : healthy (99.46%)
  Image risk: 0.54%
  Sensor    : Healthy (53.00%)
  Sensor risk: 47.00%
  Fusion    : healthy (80.88%)
  Final     : HEALTHY
  Image time: 218.93 ms

P05
  Image     : unhealthy (58.57%)
  Image risk: 58.57%
  Sensor    : Healthy (53.00%)
  Sensor risk: 47.00%
  Fusion    : unhealthy (53.94%)
  Final     : STRESS WARNING
  Image time: 217.65 ms

P06
  Image     : healthy (97.42%)
  Image risk: 2.58%
  Sensor    : Healthy (53.00%)
  Sensor risk: 47.00%
  Fusion    : healthy (79.65%)
  Final     : HEALTHY
  Image time: 217.90 ms

P07
  Image     : healthy (58.61%)
  Image risk: 41.39%
  Sensor    : Healthy (53.00%)
  Sensor risk: 47.00%
  Fusion    : healthy (56.37%)
  Final     : HEALTHY
  Image time: 220.25 ms

P08
  Image     : healthy (99.19%)
  Image risk: 0.81%
  Sensor    : Healthy (53.00%)
  Sensor risk: 47.00%
  Fusion    : healthy (80.71%)
  Final     : HEALTHY
  Image time: 219.50 ms

P09
  Image     : healthy (90.34%)
  Image risk: 9.66%
  Sensor    : Healthy (53.00%)
  Sensor risk: 47.00%
  Fusion    : healthy (75.41%)
  Final     : HEALTHY
  Image time: 218.26 ms

P10
  Image     : healthy (80.24%)
  Image risk: 19.76%
  Sensor    : Healthy (53.00%)
  Sensor risk: 47.00%
  Fusion    : healthy (69.35%)
  Final     : HEALTHY
  Image time: 219.18 ms

P11
  Image     : healthy (57.16%)
  Image risk: 42.84%
  Sensor    : Healthy (53.00%)
  Sensor risk: 47.00%
  Fusion    : healthy (55.49%)
  Final     : HEALTHY
  Image time: 223.24 ms

P12
  Image     : healthy (61.49%)
  Image risk: 38.51%
  Sensor    : Healthy (53.00%)
  Sensor risk: 47.00%
  Fusion    : healthy (58.09%)
  Final     : HEALTHY
  Image time: 217.89 ms

========================================
Updating SQLite predictions...
========================================
12 plant records updated.

========================================
 INFERENCE COMPLETED
========================================
Capture ID           : CAP_20260816_220004
Plants processed     : 12
Average image latency: 222.84 ms
Min image latency    : 217.65 ms
Max image latency    : 261.72 ms
Sensor latency       : 173.233 ms
Total script time    : 6441.19 ms

Predictions saved to:
/hydroponic_project/database/hydroponic.db

Processing CAP_20260816_230004

========================================
 HYDROPONIC EDGE-AI INFERENCE
========================================
Device        : cpu
Image weight  : 0.60
Sensor weight : 0.40
Threshold     : 0.50

========================================
Loading MobileNetV2...
========================================
Model       : mobilenet_v2
Classes     : ['healthy', 'unhealthy']
Class map   : {'healthy': 0, 'unhealthy': 1}
Best epoch  : 9
Load time   : 337.19 ms

========================================
Loading Random Forest sensor model...
========================================
Model       : Random Forest
Features    : ['pH', 'TDS', 'water_level', 'DHT_temp', 'DHT_humidity', 'water_temp']
Classes     : [0 1]
Class map   : {'0': 'Unhealthy / Stress warning', '1': 'Healthy'}
Load time   : 3108.54 ms

========================================
CAPTURE
========================================
Capture ID : CAP_20260816_230004
Timestamp  : 2026-08-16 23:00:04
Plants     : 12

========================================
SENSOR VALUES
========================================
pH            : 6.27
TDS           : 874.3 ppm
Water level   : OK
Air temp      : 30.0 C
Humidity      : 77.6 %
Water temp    : 29.25 C

Sensor model  : Healthy
Sensor conf.  : 53.33%
Sensor risk   : 46.67%
Sensor time   : 181.975 ms

========================================
PLANT INFERENCE
========================================

P01
  Image     : healthy (62.42%)
  Image risk: 37.58%
  Sensor    : Healthy (53.33%)
  Sensor risk: 46.67%
  Fusion    : healthy (58.79%)
  Final     : HEALTHY
  Image time: 259.46 ms

P02
  Image     : healthy (97.90%)
  Image risk: 2.10%
  Sensor    : Healthy (53.33%)
  Sensor risk: 46.67%
  Fusion    : healthy (80.08%)
  Final     : HEALTHY
  Image time: 219.81 ms

P03
  Image     : healthy (94.04%)
  Image risk: 5.96%
  Sensor    : Healthy (53.33%)
  Sensor risk: 46.67%
  Fusion    : healthy (77.76%)
  Final     : HEALTHY
  Image time: 218.72 ms

P04
  Image     : healthy (98.70%)
  Image risk: 1.30%
  Sensor    : Healthy (53.33%)
  Sensor risk: 46.67%
  Fusion    : healthy (80.55%)
  Final     : HEALTHY
  Image time: 217.49 ms

P05
  Image     : healthy (69.80%)
  Image risk: 30.20%
  Sensor    : Healthy (53.33%)
  Sensor risk: 46.67%
  Fusion    : healthy (63.21%)
  Final     : HEALTHY
  Image time: 212.38 ms

P06
  Image     : healthy (98.74%)
  Image risk: 1.26%
  Sensor    : Healthy (53.33%)
  Sensor risk: 46.67%
  Fusion    : healthy (80.58%)
  Final     : HEALTHY
  Image time: 216.54 ms

P07
  Image     : healthy (78.24%)
  Image risk: 21.76%
  Sensor    : Healthy (53.33%)
  Sensor risk: 46.67%
  Fusion    : healthy (68.28%)
  Final     : HEALTHY
  Image time: 218.23 ms

P08
  Image     : healthy (99.00%)
  Image risk: 1.00%
  Sensor    : Healthy (53.33%)
  Sensor risk: 46.67%
  Fusion    : healthy (80.73%)
  Final     : HEALTHY
  Image time: 218.92 ms

P09
  Image     : healthy (79.84%)
  Image risk: 20.16%
  Sensor    : Healthy (53.33%)
  Sensor risk: 46.67%
  Fusion    : healthy (69.24%)
  Final     : HEALTHY
  Image time: 217.84 ms

P10
  Image     : healthy (73.76%)
  Image risk: 26.24%
  Sensor    : Healthy (53.33%)
  Sensor risk: 46.67%
  Fusion    : healthy (65.59%)
  Final     : HEALTHY
  Image time: 220.41 ms

P11
  Image     : unhealthy (80.71%)
  Image risk: 80.71%
  Sensor    : Healthy (53.33%)
  Sensor risk: 46.67%
  Fusion    : unhealthy (67.09%)
  Final     : STRESS WARNING
  Image time: 218.59 ms

P12
  Image     : unhealthy (69.62%)
  Image risk: 69.62%
  Sensor    : Healthy (53.33%)
  Sensor risk: 46.67%
  Fusion    : unhealthy (60.44%)
  Final     : STRESS WARNING
  Image time: 218.19 ms

========================================
Updating SQLite predictions...
========================================
12 plant records updated.

========================================
 INFERENCE COMPLETED
========================================
Capture ID           : CAP_20260816_230004
Plants processed     : 12
Average image latency: 221.38 ms
Min image latency    : 212.38 ms
Max image latency    : 259.46 ms
Sensor latency       : 181.975 ms
Total script time    : 6418.21 ms

Predictions saved to:
/hydroponic_project/database/hydroponic.db

Processing CAP_20260817_000004

========================================
 HYDROPONIC EDGE-AI INFERENCE
========================================
Device        : cpu
Image weight  : 0.60
Sensor weight : 0.40
Threshold     : 0.50

========================================
Loading MobileNetV2...
========================================
Model       : mobilenet_v2
Classes     : ['healthy', 'unhealthy']
Class map   : {'healthy': 0, 'unhealthy': 1}
Best epoch  : 9
Load time   : 338.22 ms

========================================
Loading Random Forest sensor model...
========================================
Model       : Random Forest
Features    : ['pH', 'TDS', 'water_level', 'DHT_temp', 'DHT_humidity', 'water_temp']
Classes     : [0 1]
Class map   : {'0': 'Unhealthy / Stress warning', '1': 'Healthy'}
Load time   : 3100.85 ms

========================================
CAPTURE
========================================
Capture ID : CAP_20260817_000004
Timestamp  : 2026-08-17 00:00:04
Plants     : 12

========================================
SENSOR VALUES
========================================
pH            : 6.28
TDS           : 873.8 ppm
Water level   : OK
Air temp      : 29.9 C
Humidity      : 78.0 %
Water temp    : 29.25 C

Sensor model  : Healthy
Sensor conf.  : 53.67%
Sensor risk   : 46.33%
Sensor time   : 176.028 ms

========================================
PLANT INFERENCE
========================================

P01
  Image     : healthy (66.01%)
  Image risk: 33.99%
  Sensor    : Healthy (53.67%)
  Sensor risk: 46.33%
  Fusion    : healthy (61.07%)
  Final     : HEALTHY
  Image time: 265.82 ms

P02
  Image     : healthy (98.91%)
  Image risk: 1.09%
  Sensor    : Healthy (53.67%)
  Sensor risk: 46.33%
  Fusion    : healthy (80.81%)
  Final     : HEALTHY
  Image time: 217.88 ms

P03
  Image     : healthy (94.37%)
  Image risk: 5.63%
  Sensor    : Healthy (53.67%)
  Sensor risk: 46.33%
  Fusion    : healthy (78.09%)
  Final     : HEALTHY
  Image time: 217.54 ms

P04
  Image     : healthy (98.63%)
  Image risk: 1.37%
  Sensor    : Healthy (53.67%)
  Sensor risk: 46.33%
  Fusion    : healthy (80.64%)
  Final     : HEALTHY
  Image time: 217.76 ms

P05
  Image     : healthy (77.86%)
  Image risk: 22.14%
  Sensor    : Healthy (53.67%)
  Sensor risk: 46.33%
  Fusion    : healthy (68.18%)
  Final     : HEALTHY
  Image time: 219.47 ms

P06
  Image     : healthy (95.53%)
  Image risk: 4.47%
  Sensor    : Healthy (53.67%)
  Sensor risk: 46.33%
  Fusion    : healthy (78.78%)
  Final     : HEALTHY
  Image time: 215.30 ms

P07
  Image     : unhealthy (53.94%)
  Image risk: 53.94%
  Sensor    : Healthy (53.67%)
  Sensor risk: 46.33%
  Fusion    : unhealthy (50.90%)
  Final     : STRESS WARNING
  Image time: 218.55 ms

P08
  Image     : healthy (99.52%)
  Image risk: 0.48%
  Sensor    : Healthy (53.67%)
  Sensor risk: 46.33%
  Fusion    : healthy (81.18%)
  Final     : HEALTHY
  Image time: 218.78 ms

P09
  Image     : healthy (90.01%)
  Image risk: 9.99%
  Sensor    : Healthy (53.67%)
  Sensor risk: 46.33%
  Fusion    : healthy (75.47%)
  Final     : HEALTHY
  Image time: 217.87 ms

P10
  Image     : healthy (83.79%)
  Image risk: 16.21%
  Sensor    : Healthy (53.67%)
  Sensor risk: 46.33%
  Fusion    : healthy (71.74%)
  Final     : HEALTHY
  Image time: 217.39 ms

P11
  Image     : healthy (53.48%)
  Image risk: 46.52%
  Sensor    : Healthy (53.67%)
  Sensor risk: 46.33%
  Fusion    : healthy (53.55%)
  Final     : HEALTHY
  Image time: 217.61 ms

P12
  Image     : unhealthy (65.47%)
  Image risk: 65.47%
  Sensor    : Healthy (53.67%)
  Sensor risk: 46.33%
  Fusion    : unhealthy (57.82%)
  Final     : STRESS WARNING
  Image time: 217.91 ms

========================================
Updating SQLite predictions...
========================================
12 plant records updated.

========================================
 INFERENCE COMPLETED
========================================
Capture ID           : CAP_20260817_000004
Plants processed     : 12
Average image latency: 221.82 ms
Min image latency    : 215.30 ms
Max image latency    : 265.82 ms
Sensor latency       : 176.028 ms
Total script time    : 6415.21 ms

Predictions saved to:
/hydroponic_project/database/hydroponic.db

Processing CAP_20260817_010003

========================================
 HYDROPONIC EDGE-AI INFERENCE
========================================
Device        : cpu
Image weight  : 0.60
Sensor weight : 0.40
Threshold     : 0.50

========================================
Loading MobileNetV2...
========================================
Model       : mobilenet_v2
Classes     : ['healthy', 'unhealthy']
Class map   : {'healthy': 0, 'unhealthy': 1}
Best epoch  : 9
Load time   : 340.58 ms

========================================
Loading Random Forest sensor model...
========================================
Model       : Random Forest
Features    : ['pH', 'TDS', 'water_level', 'DHT_temp', 'DHT_humidity', 'water_temp']
Classes     : [0 1]
Class map   : {'0': 'Unhealthy / Stress warning', '1': 'Healthy'}
Load time   : 3108.25 ms

========================================
CAPTURE
========================================
Capture ID : CAP_20260817_010003
Timestamp  : 2026-08-17 01:00:03
Plants     : 12

========================================
SENSOR VALUES
========================================
pH            : 6.31
TDS           : 875.3 ppm
Water level   : OK
Air temp      : 30.2 C
Humidity      : 77.5 %
Water temp    : 29.19 C

Sensor model  : Healthy
Sensor conf.  : 53.00%
Sensor risk   : 47.00%
Sensor time   : 181.044 ms

========================================
PLANT INFERENCE
========================================

P01
  Image     : healthy (84.00%)
  Image risk: 16.00%
  Sensor    : Healthy (53.00%)
  Sensor risk: 47.00%
  Fusion    : healthy (71.60%)
  Final     : HEALTHY
  Image time: 263.09 ms

P02
  Image     : healthy (99.39%)
  Image risk: 0.61%
  Sensor    : Healthy (53.00%)
  Sensor risk: 47.00%
  Fusion    : healthy (80.83%)
  Final     : HEALTHY
  Image time: 221.29 ms

P03
  Image     : healthy (96.06%)
  Image risk: 3.94%
  Sensor    : Healthy (53.00%)
  Sensor risk: 47.00%
  Fusion    : healthy (78.84%)
  Final     : HEALTHY
  Image time: 218.15 ms

P04
  Image     : healthy (97.26%)
  Image risk: 2.74%
  Sensor    : Healthy (53.00%)
  Sensor risk: 47.00%
  Fusion    : healthy (79.56%)
  Final     : HEALTHY
  Image time: 218.45 ms

P05
  Image     : healthy (67.09%)
  Image risk: 32.91%
  Sensor    : Healthy (53.00%)
  Sensor risk: 47.00%
  Fusion    : healthy (61.45%)
  Final     : HEALTHY
  Image time: 220.54 ms

P06
  Image     : healthy (99.14%)
  Image risk: 0.86%
  Sensor    : Healthy (53.00%)
  Sensor risk: 47.00%
  Fusion    : healthy (80.69%)
  Final     : HEALTHY
  Image time: 217.87 ms

P07
  Image     : healthy (62.48%)
  Image risk: 37.52%
  Sensor    : Healthy (53.00%)
  Sensor risk: 47.00%
  Fusion    : healthy (58.69%)
  Final     : HEALTHY
  Image time: 218.25 ms

P08
  Image     : healthy (97.92%)
  Image risk: 2.08%
  Sensor    : Healthy (53.00%)
  Sensor risk: 47.00%
  Fusion    : healthy (79.95%)
  Final     : HEALTHY
  Image time: 217.85 ms

P09
  Image     : healthy (68.43%)
  Image risk: 31.57%
  Sensor    : Healthy (53.00%)
  Sensor risk: 47.00%
  Fusion    : healthy (62.26%)
  Final     : HEALTHY
  Image time: 221.15 ms

P10
  Image     : healthy (86.27%)
  Image risk: 13.73%
  Sensor    : Healthy (53.00%)
  Sensor risk: 47.00%
  Fusion    : healthy (72.96%)
  Final     : HEALTHY
  Image time: 218.18 ms

P11
  Image     : unhealthy (55.61%)
  Image risk: 55.61%
  Sensor    : Healthy (53.00%)
  Sensor risk: 47.00%
  Fusion    : unhealthy (52.17%)
  Final     : STRESS WARNING
  Image time: 218.08 ms

P12
  Image     : unhealthy (69.29%)
  Image risk: 69.29%
  Sensor    : Healthy (53.00%)
  Sensor risk: 47.00%
  Fusion    : unhealthy (60.37%)
  Final     : STRESS WARNING
  Image time: 218.48 ms

========================================
Updating SQLite predictions...
========================================
12 plant records updated.

========================================
 INFERENCE COMPLETED
========================================
Capture ID           : CAP_20260817_010003
Plants processed     : 12
Average image latency: 222.62 ms
Min image latency    : 217.85 ms
Max image latency    : 263.09 ms
Sensor latency       : 181.044 ms
Total script time    : 6437.10 ms

Predictions saved to:
/hydroponic_project/database/hydroponic.db

Processing CAP_20260817_020004

========================================
 HYDROPONIC EDGE-AI INFERENCE
========================================
Device        : cpu
Image weight  : 0.60
Sensor weight : 0.40
Threshold     : 0.50

========================================
Loading MobileNetV2...
========================================
Model       : mobilenet_v2
Classes     : ['healthy', 'unhealthy']
Class map   : {'healthy': 0, 'unhealthy': 1}
Best epoch  : 9
Load time   : 337.80 ms

========================================
Loading Random Forest sensor model...
========================================
Model       : Random Forest
Features    : ['pH', 'TDS', 'water_level', 'DHT_temp', 'DHT_humidity', 'water_temp']
Classes     : [0 1]
Class map   : {'0': 'Unhealthy / Stress warning', '1': 'Healthy'}
Load time   : 3096.69 ms

========================================
CAPTURE
========================================
Capture ID : CAP_20260817_020004
Timestamp  : 2026-08-17 02:00:04
Plants     : 12

========================================
SENSOR VALUES
========================================
pH            : 6.26
TDS           : 874.9 ppm
Water level   : OK
Air temp      : 30.3 C
Humidity      : 77.0 %
Water temp    : 29.19 C

Sensor model  : Healthy
Sensor conf.  : 53.67%
Sensor risk   : 46.33%
Sensor time   : 180.377 ms

========================================
PLANT INFERENCE
========================================

P01
  Image     : unhealthy (59.35%)
  Image risk: 59.35%
  Sensor    : Healthy (53.67%)
  Sensor risk: 46.33%
  Fusion    : unhealthy (54.14%)
  Final     : STRESS WARNING
  Image time: 259.89 ms

P02
  Image     : healthy (99.33%)
  Image risk: 0.67%
  Sensor    : Healthy (53.67%)
  Sensor risk: 46.33%
  Fusion    : healthy (81.06%)
  Final     : HEALTHY
  Image time: 216.99 ms

P03
  Image     : healthy (92.40%)
  Image risk: 7.60%
  Sensor    : Healthy (53.67%)
  Sensor risk: 46.33%
  Fusion    : healthy (76.91%)
  Final     : HEALTHY
  Image time: 215.25 ms

P04
  Image     : healthy (98.08%)
  Image risk: 1.92%
  Sensor    : Healthy (53.67%)
  Sensor risk: 46.33%
  Fusion    : healthy (80.31%)
  Final     : HEALTHY
  Image time: 217.94 ms

P05
  Image     : healthy (73.32%)
  Image risk: 26.68%
  Sensor    : Healthy (53.67%)
  Sensor risk: 46.33%
  Fusion    : healthy (65.46%)
  Final     : HEALTHY
  Image time: 215.70 ms

P06
  Image     : healthy (97.46%)
  Image risk: 2.54%
  Sensor    : Healthy (53.67%)
  Sensor risk: 46.33%
  Fusion    : healthy (79.94%)
  Final     : HEALTHY
  Image time: 215.39 ms

P07
  Image     : healthy (70.61%)
  Image risk: 29.39%
  Sensor    : Healthy (53.67%)
  Sensor risk: 46.33%
  Fusion    : healthy (63.83%)
  Final     : HEALTHY
  Image time: 217.56 ms

P08
  Image     : healthy (98.75%)
  Image risk: 1.25%
  Sensor    : Healthy (53.67%)
  Sensor risk: 46.33%
  Fusion    : healthy (80.71%)
  Final     : HEALTHY
  Image time: 217.13 ms

P09
  Image     : healthy (65.54%)
  Image risk: 34.46%
  Sensor    : Healthy (53.67%)
  Sensor risk: 46.33%
  Fusion    : healthy (60.79%)
  Final     : HEALTHY
  Image time: 216.66 ms

P10
  Image     : healthy (77.85%)
  Image risk: 22.15%
  Sensor    : Healthy (53.67%)
  Sensor risk: 46.33%
  Fusion    : healthy (68.18%)
  Final     : HEALTHY
  Image time: 215.36 ms

P11
  Image     : unhealthy (54.31%)
  Image risk: 54.31%
  Sensor    : Healthy (53.67%)
  Sensor risk: 46.33%
  Fusion    : unhealthy (51.12%)
  Final     : STRESS WARNING
  Image time: 216.21 ms

P12
  Image     : healthy (54.82%)
  Image risk: 45.18%
  Sensor    : Healthy (53.67%)
  Sensor risk: 46.33%
  Fusion    : healthy (54.36%)
  Final     : HEALTHY
  Image time: 216.41 ms

========================================
Updating SQLite predictions...
========================================
12 plant records updated.

========================================
 INFERENCE COMPLETED
========================================
Capture ID           : CAP_20260817_020004
Plants processed     : 12
Average image latency: 220.04 ms
Min image latency    : 215.25 ms
Max image latency    : 259.89 ms
Sensor latency       : 180.377 ms
Total script time    : 6388.42 ms

Predictions saved to:
/hydroponic_project/database/hydroponic.db

Processing CAP_20260817_030003

========================================
 HYDROPONIC EDGE-AI INFERENCE
========================================
Device        : cpu
Image weight  : 0.60
Sensor weight : 0.40
Threshold     : 0.50

========================================
Loading MobileNetV2...
========================================
Model       : mobilenet_v2
Classes     : ['healthy', 'unhealthy']
Class map   : {'healthy': 0, 'unhealthy': 1}
Best epoch  : 9
Load time   : 339.70 ms

========================================
Loading Random Forest sensor model...
========================================
Model       : Random Forest
Features    : ['pH', 'TDS', 'water_level', 'DHT_temp', 'DHT_humidity', 'water_temp']
Classes     : [0 1]
Class map   : {'0': 'Unhealthy / Stress warning', '1': 'Healthy'}
Load time   : 3107.61 ms

========================================
CAPTURE
========================================
Capture ID : CAP_20260817_030003
Timestamp  : 2026-08-17 03:00:03
Plants     : 12

========================================
SENSOR VALUES
========================================
pH            : 6.3
TDS           : 876.2 ppm
Water level   : OK
Air temp      : 30.2 C
Humidity      : 76.7 %
Water temp    : 29.12 C

Sensor model  : Healthy
Sensor conf.  : 54.33%
Sensor risk   : 45.67%
Sensor time   : 179.283 ms

========================================
PLANT INFERENCE
========================================

P01
  Image     : healthy (84.17%)
  Image risk: 15.83%
  Sensor    : Healthy (54.33%)
  Sensor risk: 45.67%
  Fusion    : healthy (72.23%)
  Final     : HEALTHY
  Image time: 261.31 ms

P02
  Image     : healthy (98.73%)
  Image risk: 1.27%
  Sensor    : Healthy (54.33%)
  Sensor risk: 45.67%
  Fusion    : healthy (80.97%)
  Final     : HEALTHY
  Image time: 218.33 ms

P03
  Image     : healthy (94.81%)
  Image risk: 5.19%
  Sensor    : Healthy (54.33%)
  Sensor risk: 45.67%
  Fusion    : healthy (78.62%)
  Final     : HEALTHY
  Image time: 217.18 ms

P04
  Image     : healthy (96.84%)
  Image risk: 3.16%
  Sensor    : Healthy (54.33%)
  Sensor risk: 45.67%
  Fusion    : healthy (79.84%)
  Final     : HEALTHY
  Image time: 217.55 ms

P05
  Image     : healthy (77.28%)
  Image risk: 22.72%
  Sensor    : Healthy (54.33%)
  Sensor risk: 45.67%
  Fusion    : healthy (68.10%)
  Final     : HEALTHY
  Image time: 217.67 ms

P06
  Image     : healthy (97.55%)
  Image risk: 2.45%
  Sensor    : Healthy (54.33%)
  Sensor risk: 45.67%
  Fusion    : healthy (80.27%)
  Final     : HEALTHY
  Image time: 217.18 ms

P07
  Image     : healthy (62.90%)
  Image risk: 37.10%
  Sensor    : Healthy (54.33%)
  Sensor risk: 45.67%
  Fusion    : healthy (59.47%)
  Final     : HEALTHY
  Image time: 217.74 ms

P08
  Image     : healthy (98.12%)
  Image risk: 1.88%
  Sensor    : Healthy (54.33%)
  Sensor risk: 45.67%
  Fusion    : healthy (80.61%)
  Final     : HEALTHY
  Image time: 219.01 ms

P09
  Image     : healthy (68.01%)
  Image risk: 31.99%
  Sensor    : Healthy (54.33%)
  Sensor risk: 45.67%
  Fusion    : healthy (62.54%)
  Final     : HEALTHY
  Image time: 216.83 ms

P10
  Image     : healthy (84.63%)
  Image risk: 15.37%
  Sensor    : Healthy (54.33%)
  Sensor risk: 45.67%
  Fusion    : healthy (72.51%)
  Final     : HEALTHY
  Image time: 217.47 ms

P11
  Image     : healthy (51.03%)
  Image risk: 48.97%
  Sensor    : Healthy (54.33%)
  Sensor risk: 45.67%
  Fusion    : healthy (52.35%)
  Final     : HEALTHY
  Image time: 216.17 ms

P12
  Image     : unhealthy (56.28%)
  Image risk: 56.28%
  Sensor    : Healthy (54.33%)
  Sensor risk: 45.67%
  Fusion    : unhealthy (52.03%)
  Final     : STRESS WARNING
  Image time: 217.01 ms

========================================
Updating SQLite predictions...
========================================
12 plant records updated.

========================================
 INFERENCE COMPLETED
========================================
Capture ID           : CAP_20260817_030003
Plants processed     : 12
Average image latency: 221.12 ms
Min image latency    : 216.17 ms
Max image latency    : 261.31 ms
Sensor latency       : 179.283 ms
Total script time    : 6418.99 ms

Predictions saved to:
/hydroponic_project/database/hydroponic.db

Processing CAP_20260817_040003

========================================
 HYDROPONIC EDGE-AI INFERENCE
========================================
Device        : cpu
Image weight  : 0.60
Sensor weight : 0.40
Threshold     : 0.50

========================================
Loading MobileNetV2...
========================================
Model       : mobilenet_v2
Classes     : ['healthy', 'unhealthy']
Class map   : {'healthy': 0, 'unhealthy': 1}
Best epoch  : 9
Load time   : 343.07 ms

========================================
Loading Random Forest sensor model...
========================================
Model       : Random Forest
Features    : ['pH', 'TDS', 'water_level', 'DHT_temp', 'DHT_humidity', 'water_temp']
Classes     : [0 1]
Class map   : {'0': 'Unhealthy / Stress warning', '1': 'Healthy'}
Load time   : 3111.86 ms

========================================
CAPTURE
========================================
Capture ID : CAP_20260817_040003
Timestamp  : 2026-08-17 04:00:03
Plants     : 12

========================================
SENSOR VALUES
========================================
pH            : 6.28
TDS           : 877.0 ppm
Water level   : OK
Air temp      : 30.2 C
Humidity      : 77.2 %
Water temp    : 29.06 C

Sensor model  : Healthy
Sensor conf.  : 53.33%
Sensor risk   : 46.67%
Sensor time   : 181.689 ms

========================================
PLANT INFERENCE
========================================

P01
  Image     : healthy (62.03%)
  Image risk: 37.97%
  Sensor    : Healthy (53.33%)
  Sensor risk: 46.67%
  Fusion    : healthy (58.55%)
  Final     : HEALTHY
  Image time: 261.14 ms

P02
  Image     : healthy (98.91%)
  Image risk: 1.09%
  Sensor    : Healthy (53.33%)
  Sensor risk: 46.67%
  Fusion    : healthy (80.68%)
  Final     : HEALTHY
  Image time: 218.82 ms

P03
  Image     : healthy (94.40%)
  Image risk: 5.60%
  Sensor    : Healthy (53.33%)
  Sensor risk: 46.67%
  Fusion    : healthy (77.97%)
  Final     : HEALTHY
  Image time: 220.99 ms

P04
  Image     : healthy (97.28%)
  Image risk: 2.72%
  Sensor    : Healthy (53.33%)
  Sensor risk: 46.67%
  Fusion    : healthy (79.70%)
  Final     : HEALTHY
  Image time: 217.36 ms

P05
  Image     : healthy (89.18%)
  Image risk: 10.82%
  Sensor    : Healthy (53.33%)
  Sensor risk: 46.67%
  Fusion    : healthy (74.84%)
  Final     : HEALTHY
  Image time: 218.36 ms

P06
  Image     : healthy (96.35%)
  Image risk: 3.65%
  Sensor    : Healthy (53.33%)
  Sensor risk: 46.67%
  Fusion    : healthy (79.14%)
  Final     : HEALTHY
  Image time: 218.01 ms

P07
  Image     : healthy (76.11%)
  Image risk: 23.89%
  Sensor    : Healthy (53.33%)
  Sensor risk: 46.67%
  Fusion    : healthy (67.00%)
  Final     : HEALTHY
  Image time: 218.70 ms

P08
  Image     : healthy (98.52%)
  Image risk: 1.48%
  Sensor    : Healthy (53.33%)
  Sensor risk: 46.67%
  Fusion    : healthy (80.44%)
  Final     : HEALTHY
  Image time: 220.90 ms

P09
  Image     : unhealthy (52.03%)
  Image risk: 52.03%
  Sensor    : Healthy (53.33%)
  Sensor risk: 46.67%
  Fusion    : healthy (50.11%)
  Final     : HEALTHY
  Image time: 215.94 ms

P10
  Image     : healthy (91.47%)
  Image risk: 8.53%
  Sensor    : Healthy (53.33%)
  Sensor risk: 46.67%
  Fusion    : healthy (76.21%)
  Final     : HEALTHY
  Image time: 216.19 ms

P11
  Image     : unhealthy (85.58%)
  Image risk: 85.58%
  Sensor    : Healthy (53.33%)
  Sensor risk: 46.67%
  Fusion    : unhealthy (70.02%)
  Final     : STRESS WARNING
  Image time: 216.16 ms

P12
  Image     : healthy (50.02%)
  Image risk: 49.98%
  Sensor    : Healthy (53.33%)
  Sensor risk: 46.67%
  Fusion    : healthy (51.35%)
  Final     : HEALTHY
  Image time: 219.28 ms

========================================
Updating SQLite predictions...
========================================
12 plant records updated.

========================================
 INFERENCE COMPLETED
========================================
Capture ID           : CAP_20260817_040003
Plants processed     : 12
Average image latency: 221.82 ms
Min image latency    : 215.94 ms
Max image latency    : 261.14 ms
Sensor latency       : 181.689 ms
Total script time    : 6431.85 ms

Predictions saved to:
/hydroponic_project/database/hydroponic.db

Processing CAP_20260817_050003

========================================
 HYDROPONIC EDGE-AI INFERENCE
========================================
Device        : cpu
Image weight  : 0.60
Sensor weight : 0.40
Threshold     : 0.50

========================================
Loading MobileNetV2...
========================================
Model       : mobilenet_v2
Classes     : ['healthy', 'unhealthy']
Class map   : {'healthy': 0, 'unhealthy': 1}
Best epoch  : 9
Load time   : 343.82 ms

========================================
Loading Random Forest sensor model...
========================================
Model       : Random Forest
Features    : ['pH', 'TDS', 'water_level', 'DHT_temp', 'DHT_humidity', 'water_temp']
Classes     : [0 1]
Class map   : {'0': 'Unhealthy / Stress warning', '1': 'Healthy'}
Load time   : 3109.77 ms

========================================
CAPTURE
========================================
Capture ID : CAP_20260817_050003
Timestamp  : 2026-08-17 05:00:03
Plants     : 12

========================================
SENSOR VALUES
========================================
pH            : 6.35
TDS           : 878.1 ppm
Water level   : OK
Air temp      : 30.0 C
Humidity      : 77.1 %
Water temp    : 29.0 C

Sensor model  : Healthy
Sensor conf.  : 53.00%
Sensor risk   : 47.00%
Sensor time   : 172.358 ms

========================================
PLANT INFERENCE
========================================

P01
  Image     : healthy (85.72%)
  Image risk: 14.28%
  Sensor    : Healthy (53.00%)
  Sensor risk: 47.00%
  Fusion    : healthy (72.63%)
  Final     : HEALTHY
  Image time: 260.46 ms

P02
  Image     : healthy (98.56%)
  Image risk: 1.44%
  Sensor    : Healthy (53.00%)
  Sensor risk: 47.00%
  Fusion    : healthy (80.34%)
  Final     : HEALTHY
  Image time: 216.03 ms

P03
  Image     : healthy (85.41%)
  Image risk: 14.59%
  Sensor    : Healthy (53.00%)
  Sensor risk: 47.00%
  Fusion    : healthy (72.44%)
  Final     : HEALTHY
  Image time: 215.24 ms

P04
  Image     : healthy (92.68%)
  Image risk: 7.32%
  Sensor    : Healthy (53.00%)
  Sensor risk: 47.00%
  Fusion    : healthy (76.81%)
  Final     : HEALTHY
  Image time: 215.77 ms

P05
  Image     : healthy (76.72%)
  Image risk: 23.28%
  Sensor    : Healthy (53.00%)
  Sensor risk: 47.00%
  Fusion    : healthy (67.23%)
  Final     : HEALTHY
  Image time: 215.61 ms

P06
  Image     : healthy (98.21%)
  Image risk: 1.79%
  Sensor    : Healthy (53.00%)
  Sensor risk: 47.00%
  Fusion    : healthy (80.12%)
  Final     : HEALTHY
  Image time: 215.15 ms

P07
  Image     : healthy (84.79%)
  Image risk: 15.21%
  Sensor    : Healthy (53.00%)
  Sensor risk: 47.00%
  Fusion    : healthy (72.07%)
  Final     : HEALTHY
  Image time: 217.89 ms

P08
  Image     : healthy (95.96%)
  Image risk: 4.04%
  Sensor    : Healthy (53.00%)
  Sensor risk: 47.00%
  Fusion    : healthy (78.77%)
  Final     : HEALTHY
  Image time: 217.33 ms

P09
  Image     : healthy (55.69%)
  Image risk: 44.31%
  Sensor    : Healthy (53.00%)
  Sensor risk: 47.00%
  Fusion    : healthy (54.61%)
  Final     : HEALTHY
  Image time: 216.32 ms

P10
  Image     : healthy (80.55%)
  Image risk: 19.45%
  Sensor    : Healthy (53.00%)
  Sensor risk: 47.00%
  Fusion    : healthy (69.53%)
  Final     : HEALTHY
  Image time: 216.22 ms

P11
  Image     : healthy (51.81%)
  Image risk: 48.19%
  Sensor    : Healthy (53.00%)
  Sensor risk: 47.00%
  Fusion    : healthy (52.28%)
  Final     : HEALTHY
  Image time: 220.79 ms

P12
  Image     : unhealthy (64.96%)
  Image risk: 64.96%
  Sensor    : Healthy (53.00%)
  Sensor risk: 47.00%
  Fusion    : unhealthy (57.78%)
  Final     : STRESS WARNING
  Image time: 216.30 ms

========================================
Updating SQLite predictions...
========================================
12 plant records updated.

========================================
 INFERENCE COMPLETED
========================================
Capture ID           : CAP_20260817_050003
Plants processed     : 12
Average image latency: 220.26 ms
Min image latency    : 215.15 ms
Max image latency    : 260.46 ms
Sensor latency       : 172.358 ms
Total script time    : 6402.56 ms

Predictions saved to:
/hydroponic_project/database/hydroponic.db

Processing CAP_20260817_060004

========================================
 HYDROPONIC EDGE-AI INFERENCE
========================================
Device        : cpu
Image weight  : 0.60
Sensor weight : 0.40
Threshold     : 0.50

========================================
Loading MobileNetV2...
========================================
Model       : mobilenet_v2
Classes     : ['healthy', 'unhealthy']
Class map   : {'healthy': 0, 'unhealthy': 1}
Best epoch  : 9
Load time   : 343.76 ms

========================================
Loading Random Forest sensor model...
========================================
Model       : Random Forest
Features    : ['pH', 'TDS', 'water_level', 'DHT_temp', 'DHT_humidity', 'water_temp']
Classes     : [0 1]
Class map   : {'0': 'Unhealthy / Stress warning', '1': 'Healthy'}
Load time   : 3114.58 ms

========================================
CAPTURE
========================================
Capture ID : CAP_20260817_060004
Timestamp  : 2026-08-17 06:00:04
Plants     : 12

========================================
SENSOR VALUES
========================================
pH            : 6.34
TDS           : 879.2 ppm
Water level   : OK
Air temp      : 30.0 C
Humidity      : 78.2 %
Water temp    : 28.94 C

Sensor model  : Healthy
Sensor conf.  : 53.00%
Sensor risk   : 47.00%
Sensor time   : 175.856 ms

========================================
PLANT INFERENCE
========================================

P01
  Image     : healthy (70.90%)
  Image risk: 29.10%
  Sensor    : Healthy (53.00%)
  Sensor risk: 47.00%
  Fusion    : healthy (63.74%)
  Final     : HEALTHY
  Image time: 260.94 ms

P02
  Image     : healthy (97.58%)
  Image risk: 2.42%
  Sensor    : Healthy (53.00%)
  Sensor risk: 47.00%
  Fusion    : healthy (79.75%)
  Final     : HEALTHY
  Image time: 219.14 ms

P03
  Image     : healthy (89.93%)
  Image risk: 10.07%
  Sensor    : Healthy (53.00%)
  Sensor risk: 47.00%
  Fusion    : healthy (75.16%)
  Final     : HEALTHY
  Image time: 217.30 ms

P04
  Image     : healthy (97.79%)
  Image risk: 2.21%
  Sensor    : Healthy (53.00%)
  Sensor risk: 47.00%
  Fusion    : healthy (79.88%)
  Final     : HEALTHY
  Image time: 217.80 ms

P05
  Image     : healthy (50.60%)
  Image risk: 49.40%
  Sensor    : Healthy (53.00%)
  Sensor risk: 47.00%
  Fusion    : healthy (51.56%)
  Final     : HEALTHY
  Image time: 217.78 ms

P06
  Image     : healthy (96.66%)
  Image risk: 3.34%
  Sensor    : Healthy (53.00%)
  Sensor risk: 47.00%
  Fusion    : healthy (79.20%)
  Final     : HEALTHY
  Image time: 220.18 ms

P07
  Image     : healthy (81.37%)
  Image risk: 18.63%
  Sensor    : Healthy (53.00%)
  Sensor risk: 47.00%
  Fusion    : healthy (70.02%)
  Final     : HEALTHY
  Image time: 218.09 ms

P08
  Image     : healthy (97.63%)
  Image risk: 2.37%
  Sensor    : Healthy (53.00%)
  Sensor risk: 47.00%
  Fusion    : healthy (79.78%)
  Final     : HEALTHY
  Image time: 218.11 ms

P09
  Image     : healthy (79.68%)
  Image risk: 20.32%
  Sensor    : Healthy (53.00%)
  Sensor risk: 47.00%
  Fusion    : healthy (69.01%)
  Final     : HEALTHY
  Image time: 218.33 ms

P10
  Image     : healthy (86.57%)
  Image risk: 13.43%
  Sensor    : Healthy (53.00%)
  Sensor risk: 47.00%
  Fusion    : healthy (73.14%)
  Final     : HEALTHY
  Image time: 218.38 ms

P11
  Image     : unhealthy (79.20%)
  Image risk: 79.20%
  Sensor    : Healthy (53.00%)
  Sensor risk: 47.00%
  Fusion    : unhealthy (66.32%)
  Final     : STRESS WARNING
  Image time: 218.46 ms

P12
  Image     : unhealthy (58.83%)
  Image risk: 58.83%
  Sensor    : Healthy (53.00%)
  Sensor risk: 47.00%
  Fusion    : unhealthy (54.10%)
  Final     : STRESS WARNING
  Image time: 218.10 ms

========================================
Updating SQLite predictions...
========================================
12 plant records updated.

========================================
 INFERENCE COMPLETED
========================================
Capture ID           : CAP_20260817_060004
Plants processed     : 12
Average image latency: 221.89 ms
Min image latency    : 217.30 ms
Max image latency    : 260.94 ms
Sensor latency       : 175.856 ms
Total script time    : 6435.31 ms

Predictions saved to:
/hydroponic_project/database/hydroponic.db

Processing CAP_20260817_070004

========================================
 HYDROPONIC EDGE-AI INFERENCE
========================================
Device        : cpu
Image weight  : 0.60
Sensor weight : 0.40
Threshold     : 0.50

========================================
Loading MobileNetV2...
========================================
Model       : mobilenet_v2
Classes     : ['healthy', 'unhealthy']
Class map   : {'healthy': 0, 'unhealthy': 1}
Best epoch  : 9
Load time   : 340.83 ms

========================================
Loading Random Forest sensor model...
========================================
Model       : Random Forest
Features    : ['pH', 'TDS', 'water_level', 'DHT_temp', 'DHT_humidity', 'water_temp']
Classes     : [0 1]
Class map   : {'0': 'Unhealthy / Stress warning', '1': 'Healthy'}
Load time   : 3115.93 ms

========================================
CAPTURE
========================================
Capture ID : CAP_20260817_070004
Timestamp  : 2026-08-17 07:00:04
Plants     : 12

========================================
SENSOR VALUES
========================================
pH            : 6.29
TDS           : 878.9 ppm
Water level   : OK
Air temp      : 30.1 C
Humidity      : 78.2 %
Water temp    : 28.94 C

Sensor model  : Healthy
Sensor conf.  : 53.67%
Sensor risk   : 46.33%
Sensor time   : 178.095 ms

========================================
PLANT INFERENCE
========================================

P01
  Image     : healthy (82.71%)
  Image risk: 17.29%
  Sensor    : Healthy (53.67%)
  Sensor risk: 46.33%
  Fusion    : healthy (71.09%)
  Final     : HEALTHY
  Image time: 263.82 ms

P02
  Image     : unhealthy (67.61%)
  Image risk: 67.61%
  Sensor    : Healthy (53.67%)
  Sensor risk: 46.33%
  Fusion    : unhealthy (59.10%)
  Final     : STRESS WARNING
  Image time: 218.50 ms

P03
  Image     : healthy (86.34%)
  Image risk: 13.66%
  Sensor    : Healthy (53.67%)
  Sensor risk: 46.33%
  Fusion    : healthy (73.27%)
  Final     : HEALTHY
  Image time: 216.79 ms

P04
  Image     : healthy (94.17%)
  Image risk: 5.83%
  Sensor    : Healthy (53.67%)
  Sensor risk: 46.33%
  Fusion    : healthy (77.97%)
  Final     : HEALTHY
  Image time: 218.27 ms

P05
  Image     : healthy (98.59%)
  Image risk: 1.41%
  Sensor    : Healthy (53.67%)
  Sensor risk: 46.33%
  Fusion    : healthy (80.62%)
  Final     : HEALTHY
  Image time: 217.64 ms

P06
  Image     : healthy (99.37%)
  Image risk: 0.63%
  Sensor    : Healthy (53.67%)
  Sensor risk: 46.33%
  Fusion    : healthy (81.09%)
  Final     : HEALTHY
  Image time: 217.56 ms

P07
  Image     : healthy (50.36%)
  Image risk: 49.64%
  Sensor    : Healthy (53.67%)
  Sensor risk: 46.33%
  Fusion    : healthy (51.68%)
  Final     : HEALTHY
  Image time: 217.92 ms

P08
  Image     : healthy (96.33%)
  Image risk: 3.67%
  Sensor    : Healthy (53.67%)
  Sensor risk: 46.33%
  Fusion    : healthy (79.26%)
  Final     : HEALTHY
  Image time: 218.32 ms

P09
  Image     : healthy (80.13%)
  Image risk: 19.87%
  Sensor    : Healthy (53.67%)
  Sensor risk: 46.33%
  Fusion    : healthy (69.55%)
  Final     : HEALTHY
  Image time: 217.93 ms

P10
  Image     : unhealthy (90.49%)
  Image risk: 90.49%
  Sensor    : Healthy (53.67%)
  Sensor risk: 46.33%
  Fusion    : unhealthy (72.83%)
  Final     : STRESS WARNING
  Image time: 225.69 ms

P11
  Image     : healthy (66.13%)
  Image risk: 33.87%
  Sensor    : Healthy (53.67%)
  Sensor risk: 46.33%
  Fusion    : healthy (61.14%)
  Final     : HEALTHY
  Image time: 218.55 ms

P12
  Image     : healthy (66.23%)
  Image risk: 33.77%
  Sensor    : Healthy (53.67%)
  Sensor risk: 46.33%
  Fusion    : healthy (61.20%)
  Final     : HEALTHY
  Image time: 217.39 ms

========================================
Updating SQLite predictions...
========================================
12 plant records updated.

========================================
 INFERENCE COMPLETED
========================================
Capture ID           : CAP_20260817_070004
Plants processed     : 12
Average image latency: 222.36 ms
Min image latency    : 216.79 ms
Max image latency    : 263.82 ms
Sensor latency       : 178.095 ms
Total script time    : 6439.01 ms

Predictions saved to:
/hydroponic_project/database/hydroponic.db

Processing CAP_20260817_080003

========================================
 HYDROPONIC EDGE-AI INFERENCE
========================================
Device        : cpu
Image weight  : 0.60
Sensor weight : 0.40
Threshold     : 0.50

========================================
Loading MobileNetV2...
========================================
Model       : mobilenet_v2
Classes     : ['healthy', 'unhealthy']
Class map   : {'healthy': 0, 'unhealthy': 1}
Best epoch  : 9
Load time   : 343.18 ms

========================================
Loading Random Forest sensor model...
========================================
Model       : Random Forest
Features    : ['pH', 'TDS', 'water_level', 'DHT_temp', 'DHT_humidity', 'water_temp']
Classes     : [0 1]
Class map   : {'0': 'Unhealthy / Stress warning', '1': 'Healthy'}
Load time   : 3113.16 ms

========================================
CAPTURE
========================================
Capture ID : CAP_20260817_080003
Timestamp  : 2026-08-17 08:00:03
Plants     : 12

========================================
SENSOR VALUES
========================================
pH            : 6.38
TDS           : 877.7 ppm
Water level   : OK
Air temp      : 30.4 C
Humidity      : 72.0 %
Water temp    : 29.0 C

Sensor model  : Healthy
Sensor conf.  : 57.00%
Sensor risk   : 43.00%
Sensor time   : 180.396 ms

========================================
PLANT INFERENCE
========================================

P01
  Image     : healthy (77.47%)
  Image risk: 22.53%
  Sensor    : Healthy (57.00%)
  Sensor risk: 43.00%
  Fusion    : healthy (69.28%)
  Final     : HEALTHY
  Image time: 262.03 ms

P02
  Image     : unhealthy (60.28%)
  Image risk: 60.28%
  Sensor    : Healthy (57.00%)
  Sensor risk: 43.00%
  Fusion    : unhealthy (53.37%)
  Final     : STRESS WARNING
  Image time: 218.78 ms

P03
  Image     : healthy (82.61%)
  Image risk: 17.39%
  Sensor    : Healthy (57.00%)
  Sensor risk: 43.00%
  Fusion    : healthy (72.36%)
  Final     : HEALTHY
  Image time: 218.67 ms

P04
  Image     : healthy (97.43%)
  Image risk: 2.57%
  Sensor    : Healthy (57.00%)
  Sensor risk: 43.00%
  Fusion    : healthy (81.26%)
  Final     : HEALTHY
  Image time: 217.76 ms

P05
  Image     : healthy (98.63%)
  Image risk: 1.37%
  Sensor    : Healthy (57.00%)
  Sensor risk: 43.00%
  Fusion    : healthy (81.98%)
  Final     : HEALTHY
  Image time: 219.09 ms

P06
  Image     : healthy (98.68%)
  Image risk: 1.32%
  Sensor    : Healthy (57.00%)
  Sensor risk: 43.00%
  Fusion    : healthy (82.01%)
  Final     : HEALTHY
  Image time: 219.03 ms

P07
  Image     : unhealthy (52.00%)
  Image risk: 52.00%
  Sensor    : Healthy (57.00%)
  Sensor risk: 43.00%
  Fusion    : healthy (51.60%)
  Final     : HEALTHY
  Image time: 218.41 ms

P08
  Image     : healthy (92.83%)
  Image risk: 7.17%
  Sensor    : Healthy (57.00%)
  Sensor risk: 43.00%
  Fusion    : healthy (78.50%)
  Final     : HEALTHY
  Image time: 218.08 ms

P09
  Image     : healthy (93.71%)
  Image risk: 6.29%
  Sensor    : Healthy (57.00%)
  Sensor risk: 43.00%
  Fusion    : healthy (79.03%)
  Final     : HEALTHY
  Image time: 220.65 ms

P10
  Image     : unhealthy (94.66%)
  Image risk: 94.66%
  Sensor    : Healthy (57.00%)
  Sensor risk: 43.00%
  Fusion    : unhealthy (74.00%)
  Final     : STRESS WARNING
  Image time: 217.99 ms

P11
  Image     : unhealthy (95.47%)
  Image risk: 95.47%
  Sensor    : Healthy (57.00%)
  Sensor risk: 43.00%
  Fusion    : unhealthy (74.48%)
  Final     : STRESS WARNING
  Image time: 218.50 ms

P12
  Image     : unhealthy (76.09%)
  Image risk: 76.09%
  Sensor    : Healthy (57.00%)
  Sensor risk: 43.00%
  Fusion    : unhealthy (62.85%)
  Final     : STRESS WARNING
  Image time: 218.71 ms

========================================
Updating SQLite predictions...
========================================
12 plant records updated.

========================================
 INFERENCE COMPLETED
========================================
Capture ID           : CAP_20260817_080003
Plants processed     : 12
Average image latency: 222.31 ms
Min image latency    : 217.76 ms
Max image latency    : 262.03 ms
Sensor latency       : 180.396 ms
Total script time    : 6443.94 ms

Predictions saved to:
/hydroponic_project/database/hydroponic.db

Processing CAP_20260817_090003

========================================
 HYDROPONIC EDGE-AI INFERENCE
========================================
Device        : cpu
Image weight  : 0.60
Sensor weight : 0.40
Threshold     : 0.50

========================================
Loading MobileNetV2...
========================================
Model       : mobilenet_v2
Classes     : ['healthy', 'unhealthy']
Class map   : {'healthy': 0, 'unhealthy': 1}
Best epoch  : 9
Load time   : 338.21 ms

========================================
Loading Random Forest sensor model...
========================================
Model       : Random Forest
Features    : ['pH', 'TDS', 'water_level', 'DHT_temp', 'DHT_humidity', 'water_temp']
Classes     : [0 1]
Class map   : {'0': 'Unhealthy / Stress warning', '1': 'Healthy'}
Load time   : 3100.95 ms

========================================
CAPTURE
========================================
Capture ID : CAP_20260817_090003
Timestamp  : 2026-08-17 09:00:03
Plants     : 12

========================================
SENSOR VALUES
========================================
pH            : 6.31
TDS           : 874.0 ppm
Water level   : OK
Air temp      : 31.4 C
Humidity      : 70.2 %
Water temp    : 29.19 C

Sensor model  : Healthy
Sensor conf.  : 57.00%
Sensor risk   : 43.00%
Sensor time   : 178.415 ms

========================================
PLANT INFERENCE
========================================

P01
  Image     : healthy (90.44%)
  Image risk: 9.56%
  Sensor    : Healthy (57.00%)
  Sensor risk: 43.00%
  Fusion    : healthy (77.06%)
  Final     : HEALTHY
  Image time: 259.90 ms

P02
  Image     : healthy (59.84%)
  Image risk: 40.16%
  Sensor    : Healthy (57.00%)
  Sensor risk: 43.00%
  Fusion    : healthy (58.70%)
  Final     : HEALTHY
  Image time: 217.87 ms

P03
  Image     : healthy (86.62%)
  Image risk: 13.38%
  Sensor    : Healthy (57.00%)
  Sensor risk: 43.00%
  Fusion    : healthy (74.77%)
  Final     : HEALTHY
  Image time: 216.73 ms

P04
  Image     : healthy (98.77%)
  Image risk: 1.23%
  Sensor    : Healthy (57.00%)
  Sensor risk: 43.00%
  Fusion    : healthy (82.06%)
  Final     : HEALTHY
  Image time: 219.78 ms

P05
  Image     : healthy (97.50%)
  Image risk: 2.50%
  Sensor    : Healthy (57.00%)
  Sensor risk: 43.00%
  Fusion    : healthy (81.30%)
  Final     : HEALTHY
  Image time: 216.90 ms

P06
  Image     : healthy (98.98%)
  Image risk: 1.02%
  Sensor    : Healthy (57.00%)
  Sensor risk: 43.00%
  Fusion    : healthy (82.19%)
  Final     : HEALTHY
  Image time: 216.78 ms

P07
  Image     : unhealthy (53.74%)
  Image risk: 53.74%
  Sensor    : Healthy (57.00%)
  Sensor risk: 43.00%
  Fusion    : healthy (50.56%)
  Final     : HEALTHY
  Image time: 216.89 ms

P08
  Image     : healthy (71.32%)
  Image risk: 28.68%
  Sensor    : Healthy (57.00%)
  Sensor risk: 43.00%
  Fusion    : healthy (65.59%)
  Final     : HEALTHY
  Image time: 217.37 ms

P09
  Image     : healthy (54.33%)
  Image risk: 45.67%
  Sensor    : Healthy (57.00%)
  Sensor risk: 43.00%
  Fusion    : healthy (55.40%)
  Final     : HEALTHY
  Image time: 218.56 ms

P10
  Image     : unhealthy (88.03%)
  Image risk: 88.03%
  Sensor    : Healthy (57.00%)
  Sensor risk: 43.00%
  Fusion    : unhealthy (70.02%)
  Final     : STRESS WARNING
  Image time: 217.23 ms

P11
  Image     : unhealthy (54.94%)
  Image risk: 54.94%
  Sensor    : Healthy (57.00%)
  Sensor risk: 43.00%
  Fusion    : unhealthy (50.16%)
  Final     : STRESS WARNING
  Image time: 217.42 ms

P12
  Image     : unhealthy (69.39%)
  Image risk: 69.39%
  Sensor    : Healthy (57.00%)
  Sensor risk: 43.00%
  Fusion    : unhealthy (58.83%)
  Final     : STRESS WARNING
  Image time: 216.70 ms

========================================
Updating SQLite predictions...
========================================
12 plant records updated.

========================================
 INFERENCE COMPLETED
========================================
Capture ID           : CAP_20260817_090003
Plants processed     : 12
Average image latency: 221.01 ms
Min image latency    : 216.70 ms
Max image latency    : 259.90 ms
Sensor latency       : 178.415 ms
Total script time    : 6403.59 ms

Predictions saved to:
/hydroponic_project/database/hydroponic.db

Processing CAP_20260817_100003

========================================
 HYDROPONIC EDGE-AI INFERENCE
========================================
Device        : cpu
Image weight  : 0.60
Sensor weight : 0.40
Threshold     : 0.50

========================================
Loading MobileNetV2...
========================================
Model       : mobilenet_v2
Classes     : ['healthy', 'unhealthy']
Class map   : {'healthy': 0, 'unhealthy': 1}
Best epoch  : 9
Load time   : 339.35 ms

========================================
Loading Random Forest sensor model...
========================================
Model       : Random Forest
Features    : ['pH', 'TDS', 'water_level', 'DHT_temp', 'DHT_humidity', 'water_temp']
Classes     : [0 1]
Class map   : {'0': 'Unhealthy / Stress warning', '1': 'Healthy'}
Load time   : 3108.99 ms

========================================
CAPTURE
========================================
Capture ID : CAP_20260817_100003
Timestamp  : 2026-08-17 10:00:03
Plants     : 12

========================================
SENSOR VALUES
========================================
pH            : 6.39
TDS           : 867.2 ppm
Water level   : OK
Air temp      : 31.8 C
Humidity      : 70.5 %
Water temp    : 29.5 C

Sensor model  : Healthy
Sensor conf.  : 57.33%
Sensor risk   : 42.67%
Sensor time   : 180.840 ms

========================================
PLANT INFERENCE
========================================

P01
  Image     : healthy (88.75%)
  Image risk: 11.25%
  Sensor    : Healthy (57.33%)
  Sensor risk: 42.67%
  Fusion    : healthy (76.18%)
  Final     : HEALTHY
  Image time: 258.41 ms

P02
  Image     : healthy (66.27%)
  Image risk: 33.73%
  Sensor    : Healthy (57.33%)
  Sensor risk: 42.67%
  Fusion    : healthy (62.70%)
  Final     : HEALTHY
  Image time: 215.55 ms

P03
  Image     : healthy (91.37%)
  Image risk: 8.63%
  Sensor    : Healthy (57.33%)
  Sensor risk: 42.67%
  Fusion    : healthy (77.76%)
  Final     : HEALTHY
  Image time: 217.18 ms

P04
  Image     : healthy (99.08%)
  Image risk: 0.92%
  Sensor    : Healthy (57.33%)
  Sensor risk: 42.67%
  Fusion    : healthy (82.38%)
  Final     : HEALTHY
  Image time: 215.18 ms

P05
  Image     : healthy (97.50%)
  Image risk: 2.50%
  Sensor    : Healthy (57.33%)
  Sensor risk: 42.67%
  Fusion    : healthy (81.43%)
  Final     : HEALTHY
  Image time: 214.57 ms

P06
  Image     : healthy (99.73%)
  Image risk: 0.27%
  Sensor    : Healthy (57.33%)
  Sensor risk: 42.67%
  Fusion    : healthy (82.77%)
  Final     : HEALTHY
  Image time: 216.55 ms

P07
  Image     : unhealthy (57.46%)
  Image risk: 57.46%
  Sensor    : Healthy (57.33%)
  Sensor risk: 42.67%
  Fusion    : unhealthy (51.55%)
  Final     : STRESS WARNING
  Image time: 216.00 ms

P08
  Image     : healthy (84.91%)
  Image risk: 15.09%
  Sensor    : Healthy (57.33%)
  Sensor risk: 42.67%
  Fusion    : healthy (73.88%)
  Final     : HEALTHY
  Image time: 217.03 ms

P09
  Image     : healthy (69.56%)
  Image risk: 30.44%
  Sensor    : Healthy (57.33%)
  Sensor risk: 42.67%
  Fusion    : healthy (64.67%)
  Final     : HEALTHY
  Image time: 215.50 ms

P10
  Image     : unhealthy (80.65%)
  Image risk: 80.65%
  Sensor    : Healthy (57.33%)
  Sensor risk: 42.67%
  Fusion    : unhealthy (65.46%)
  Final     : STRESS WARNING
  Image time: 216.99 ms

P11
  Image     : unhealthy (88.68%)
  Image risk: 88.68%
  Sensor    : Healthy (57.33%)
  Sensor risk: 42.67%
  Fusion    : unhealthy (70.27%)
  Final     : STRESS WARNING
  Image time: 215.06 ms

P12
  Image     : unhealthy (76.13%)
  Image risk: 76.13%
  Sensor    : Healthy (57.33%)
  Sensor risk: 42.67%
  Fusion    : unhealthy (62.74%)
  Final     : STRESS WARNING
  Image time: 218.86 ms

========================================
Updating SQLite predictions...
========================================
12 plant records updated.

========================================
 INFERENCE COMPLETED
========================================
Capture ID           : CAP_20260817_100003
Plants processed     : 12
Average image latency: 219.74 ms
Min image latency    : 214.57 ms
Max image latency    : 258.41 ms
Sensor latency       : 180.840 ms
Total script time    : 6399.39 ms

Predictions saved to:
/hydroponic_project/database/hydroponic.db

Processing CAP_20260817_110003

========================================
 HYDROPONIC EDGE-AI INFERENCE
========================================
Device        : cpu
Image weight  : 0.60
Sensor weight : 0.40
Threshold     : 0.50

========================================
Loading MobileNetV2...
========================================
Model       : mobilenet_v2
Classes     : ['healthy', 'unhealthy']
Class map   : {'healthy': 0, 'unhealthy': 1}
Best epoch  : 9
Load time   : 342.80 ms

========================================
Loading Random Forest sensor model...
========================================
Model       : Random Forest
Features    : ['pH', 'TDS', 'water_level', 'DHT_temp', 'DHT_humidity', 'water_temp']
Classes     : [0 1]
Class map   : {'0': 'Unhealthy / Stress warning', '1': 'Healthy'}
Load time   : 3106.26 ms

========================================
CAPTURE
========================================
Capture ID : CAP_20260817_110003
Timestamp  : 2026-08-17 11:00:03
Plants     : 12

========================================
SENSOR VALUES
========================================
pH            : 6.36
TDS           : 859.9 ppm
Water level   : OK
Air temp      : 31.7 C
Humidity      : 71.8 %
Water temp    : 29.81 C

Sensor model  : Healthy
Sensor conf.  : 57.00%
Sensor risk   : 43.00%
Sensor time   : 180.349 ms

========================================
PLANT INFERENCE
========================================

P01
  Image     : healthy (91.31%)
  Image risk: 8.69%
  Sensor    : Healthy (57.00%)
  Sensor risk: 43.00%
  Fusion    : healthy (77.58%)
  Final     : HEALTHY
  Image time: 261.87 ms

P02
  Image     : healthy (94.13%)
  Image risk: 5.87%
  Sensor    : Healthy (57.00%)
  Sensor risk: 43.00%
  Fusion    : healthy (79.28%)
  Final     : HEALTHY
  Image time: 218.09 ms

P03
  Image     : healthy (90.63%)
  Image risk: 9.37%
  Sensor    : Healthy (57.00%)
  Sensor risk: 43.00%
  Fusion    : healthy (77.18%)
  Final     : HEALTHY
  Image time: 221.11 ms

P04
  Image     : healthy (99.72%)
  Image risk: 0.28%
  Sensor    : Healthy (57.00%)
  Sensor risk: 43.00%
  Fusion    : healthy (82.63%)
  Final     : HEALTHY
  Image time: 219.12 ms

P05
  Image     : healthy (81.61%)
  Image risk: 18.39%
  Sensor    : Healthy (57.00%)
  Sensor risk: 43.00%
  Fusion    : healthy (71.77%)
  Final     : HEALTHY
  Image time: 213.82 ms

P06
  Image     : healthy (99.78%)
  Image risk: 0.22%
  Sensor    : Healthy (57.00%)
  Sensor risk: 43.00%
  Fusion    : healthy (82.67%)
  Final     : HEALTHY
  Image time: 215.53 ms

P07
  Image     : healthy (66.19%)
  Image risk: 33.81%
  Sensor    : Healthy (57.00%)
  Sensor risk: 43.00%
  Fusion    : healthy (62.52%)
  Final     : HEALTHY
  Image time: 219.23 ms

P08
  Image     : healthy (71.70%)
  Image risk: 28.30%
  Sensor    : Healthy (57.00%)
  Sensor risk: 43.00%
  Fusion    : healthy (65.82%)
  Final     : HEALTHY
  Image time: 218.98 ms

P09
  Image     : healthy (52.52%)
  Image risk: 47.48%
  Sensor    : Healthy (57.00%)
  Sensor risk: 43.00%
  Fusion    : healthy (54.31%)
  Final     : HEALTHY
  Image time: 218.43 ms

P10
  Image     : unhealthy (62.15%)
  Image risk: 62.15%
  Sensor    : Healthy (57.00%)
  Sensor risk: 43.00%
  Fusion    : unhealthy (54.49%)
  Final     : STRESS WARNING
  Image time: 214.89 ms

P11
  Image     : unhealthy (53.80%)
  Image risk: 53.80%
  Sensor    : Healthy (57.00%)
  Sensor risk: 43.00%
  Fusion    : healthy (50.52%)
  Final     : HEALTHY
  Image time: 218.82 ms

P12
  Image     : healthy (66.82%)
  Image risk: 33.18%
  Sensor    : Healthy (57.00%)
  Sensor risk: 43.00%
  Fusion    : healthy (62.89%)
  Final     : HEALTHY
  Image time: 219.24 ms

========================================
Updating SQLite predictions...
========================================
12 plant records updated.

========================================
 INFERENCE COMPLETED
========================================
Capture ID           : CAP_20260817_110003
Plants processed     : 12
Average image latency: 221.59 ms
Min image latency    : 213.82 ms
Max image latency    : 261.87 ms
Sensor latency       : 180.349 ms
Total script time    : 6423.27 ms

Predictions saved to:
/hydroponic_project/database/hydroponic.db

Processing CAP_20260817_120003

========================================
 HYDROPONIC EDGE-AI INFERENCE
========================================
Device        : cpu
Image weight  : 0.60
Sensor weight : 0.40
Threshold     : 0.50

========================================
Loading MobileNetV2...
========================================
Model       : mobilenet_v2
Classes     : ['healthy', 'unhealthy']
Class map   : {'healthy': 0, 'unhealthy': 1}
Best epoch  : 9
Load time   : 345.32 ms

========================================
Loading Random Forest sensor model...
========================================
Model       : Random Forest
Features    : ['pH', 'TDS', 'water_level', 'DHT_temp', 'DHT_humidity', 'water_temp']
Classes     : [0 1]
Class map   : {'0': 'Unhealthy / Stress warning', '1': 'Healthy'}
Load time   : 3098.26 ms

========================================
CAPTURE
========================================
Capture ID : CAP_20260817_120003
Timestamp  : 2026-08-17 12:00:03
Plants     : 12

========================================
SENSOR VALUES
========================================
pH            : 6.46
TDS           : 855.0 ppm
Water level   : OK
Air temp      : 32.4 C
Humidity      : 67.3 %
Water temp    : 30.06 C

Sensor model  : Healthy
Sensor conf.  : 56.67%
Sensor risk   : 43.33%
Sensor time   : 178.003 ms

========================================
PLANT INFERENCE
========================================

P01
  Image     : healthy (91.23%)
  Image risk: 8.77%
  Sensor    : Healthy (56.67%)
  Sensor risk: 43.33%
  Fusion    : healthy (77.41%)
  Final     : HEALTHY
  Image time: 261.53 ms

P02
  Image     : healthy (88.43%)
  Image risk: 11.57%
  Sensor    : Healthy (56.67%)
  Sensor risk: 43.33%
  Fusion    : healthy (75.72%)
  Final     : HEALTHY
  Image time: 227.95 ms

P03
  Image     : healthy (94.38%)
  Image risk: 5.62%
  Sensor    : Healthy (56.67%)
  Sensor risk: 43.33%
  Fusion    : healthy (79.30%)
  Final     : HEALTHY
  Image time: 219.00 ms

P04
  Image     : healthy (99.57%)
  Image risk: 0.43%
  Sensor    : Healthy (56.67%)
  Sensor risk: 43.33%
  Fusion    : healthy (82.41%)
  Final     : HEALTHY
  Image time: 218.53 ms

P05
  Image     : healthy (87.06%)
  Image risk: 12.94%
  Sensor    : Healthy (56.67%)
  Sensor risk: 43.33%
  Fusion    : healthy (74.90%)
  Final     : HEALTHY
  Image time: 213.97 ms

P06
  Image     : healthy (99.42%)
  Image risk: 0.58%
  Sensor    : Healthy (56.67%)
  Sensor risk: 43.33%
  Fusion    : healthy (82.32%)
  Final     : HEALTHY
  Image time: 215.92 ms

P07
  Image     : unhealthy (57.30%)
  Image risk: 57.30%
  Sensor    : Healthy (56.67%)
  Sensor risk: 43.33%
  Fusion    : unhealthy (51.71%)
  Final     : STRESS WARNING
  Image time: 221.46 ms

P08
  Image     : healthy (64.61%)
  Image risk: 35.39%
  Sensor    : Healthy (56.67%)
  Sensor risk: 43.33%
  Fusion    : healthy (61.43%)
  Final     : HEALTHY
  Image time: 217.65 ms

P09
  Image     : healthy (71.15%)
  Image risk: 28.85%
  Sensor    : Healthy (56.67%)
  Sensor risk: 43.33%
  Fusion    : healthy (65.36%)
  Final     : HEALTHY
  Image time: 217.63 ms

P10
  Image     : unhealthy (55.79%)
  Image risk: 55.79%
  Sensor    : Healthy (56.67%)
  Sensor risk: 43.33%
  Fusion    : unhealthy (50.81%)
  Final     : STRESS WARNING
  Image time: 215.42 ms

P11
  Image     : unhealthy (63.10%)
  Image risk: 63.10%
  Sensor    : Healthy (56.67%)
  Sensor risk: 43.33%
  Fusion    : unhealthy (55.19%)
  Final     : STRESS WARNING
  Image time: 220.41 ms

P12
  Image     : healthy (81.98%)
  Image risk: 18.02%
  Sensor    : Healthy (56.67%)
  Sensor risk: 43.33%
  Fusion    : healthy (71.86%)
  Final     : HEALTHY
  Image time: 218.53 ms

========================================
Updating SQLite predictions...
========================================
12 plant records updated.

========================================
 INFERENCE COMPLETED
========================================
Capture ID           : CAP_20260817_120003
Plants processed     : 12
Average image latency: 222.33 ms
Min image latency    : 213.97 ms
Max image latency    : 261.53 ms
Sensor latency       : 178.003 ms
Total script time    : 6423.35 ms

Predictions saved to:
/hydroponic_project/database/hydroponic.db

Processing CAP_20260817_130003

========================================
 HYDROPONIC EDGE-AI INFERENCE
========================================
Device        : cpu
Image weight  : 0.60
Sensor weight : 0.40
Threshold     : 0.50

========================================
Loading MobileNetV2...
========================================
Model       : mobilenet_v2
Classes     : ['healthy', 'unhealthy']
Class map   : {'healthy': 0, 'unhealthy': 1}
Best epoch  : 9
Load time   : 339.27 ms

========================================
Loading Random Forest sensor model...
========================================
Model       : Random Forest
Features    : ['pH', 'TDS', 'water_level', 'DHT_temp', 'DHT_humidity', 'water_temp']
Classes     : [0 1]
Class map   : {'0': 'Unhealthy / Stress warning', '1': 'Healthy'}
Load time   : 3114.69 ms

========================================
CAPTURE
========================================
Capture ID : CAP_20260817_130003
Timestamp  : 2026-08-17 13:00:03
Plants     : 12

========================================
SENSOR VALUES
========================================
pH            : 6.47
TDS           : 850.2 ppm
Water level   : OK
Air temp      : 32.3 C
Humidity      : 67.8 %
Water temp    : 30.25 C

Sensor model  : Healthy
Sensor conf.  : 69.33%
Sensor risk   : 30.67%
Sensor time   : 172.132 ms

========================================
PLANT INFERENCE
========================================

P01
  Image     : healthy (85.75%)
  Image risk: 14.25%
  Sensor    : Healthy (69.33%)
  Sensor risk: 30.67%
  Fusion    : healthy (79.18%)
  Final     : HEALTHY
  Image time: 262.31 ms

P02
  Image     : healthy (83.70%)
  Image risk: 16.30%
  Sensor    : Healthy (69.33%)
  Sensor risk: 30.67%
  Fusion    : healthy (77.95%)
  Final     : HEALTHY
  Image time: 222.21 ms

P03
  Image     : healthy (93.14%)
  Image risk: 6.86%
  Sensor    : Healthy (69.33%)
  Sensor risk: 30.67%
  Fusion    : healthy (83.62%)
  Final     : HEALTHY
  Image time: 217.21 ms

P04
  Image     : healthy (99.27%)
  Image risk: 0.73%
  Sensor    : Healthy (69.33%)
  Sensor risk: 30.67%
  Fusion    : healthy (87.29%)
  Final     : HEALTHY
  Image time: 218.51 ms

P05
  Image     : healthy (90.36%)
  Image risk: 9.64%
  Sensor    : Healthy (69.33%)
  Sensor risk: 30.67%
  Fusion    : healthy (81.95%)
  Final     : HEALTHY
  Image time: 218.47 ms

P06
  Image     : healthy (99.48%)
  Image risk: 0.52%
  Sensor    : Healthy (69.33%)
  Sensor risk: 30.67%
  Fusion    : healthy (87.42%)
  Final     : HEALTHY
  Image time: 221.38 ms

P07
  Image     : unhealthy (62.14%)
  Image risk: 62.14%
  Sensor    : Healthy (69.33%)
  Sensor risk: 30.67%
  Fusion    : healthy (50.45%)
  Final     : HEALTHY
  Image time: 218.66 ms

P08
  Image     : healthy (79.99%)
  Image risk: 20.01%
  Sensor    : Healthy (69.33%)
  Sensor risk: 30.67%
  Fusion    : healthy (75.73%)
  Final     : HEALTHY
  Image time: 217.82 ms

P09
  Image     : unhealthy (58.25%)
  Image risk: 58.25%
  Sensor    : Healthy (69.33%)
  Sensor risk: 30.67%
  Fusion    : healthy (52.78%)
  Final     : HEALTHY
  Image time: 218.74 ms

P10
  Image     : unhealthy (81.90%)
  Image risk: 81.90%
  Sensor    : Healthy (69.33%)
  Sensor risk: 30.67%
  Fusion    : unhealthy (61.41%)
  Final     : STRESS WARNING
  Image time: 217.52 ms

P11
  Image     : unhealthy (82.89%)
  Image risk: 82.89%
  Sensor    : Healthy (69.33%)
  Sensor risk: 30.67%
  Fusion    : unhealthy (62.00%)
  Final     : STRESS WARNING
  Image time: 219.42 ms

P12
  Image     : healthy (74.74%)
  Image risk: 25.26%
  Sensor    : Healthy (69.33%)
  Sensor risk: 30.67%
  Fusion    : healthy (72.58%)
  Final     : HEALTHY
  Image time: 218.37 ms

========================================
Updating SQLite predictions...
========================================
12 plant records updated.

========================================
 INFERENCE COMPLETED
========================================
Capture ID           : CAP_20260817_130003
Plants processed     : 12
Average image latency: 222.55 ms
Min image latency    : 217.21 ms
Max image latency    : 262.31 ms
Sensor latency       : 172.132 ms
Total script time    : 6436.07 ms

Predictions saved to:
/hydroponic_project/database/hydroponic.db

Processing CAP_20260817_140003

========================================
 HYDROPONIC EDGE-AI INFERENCE
========================================
Device        : cpu
Image weight  : 0.60
Sensor weight : 0.40
Threshold     : 0.50

========================================
Loading MobileNetV2...
========================================
Model       : mobilenet_v2
Classes     : ['healthy', 'unhealthy']
Class map   : {'healthy': 0, 'unhealthy': 1}
Best epoch  : 9
Load time   : 340.23 ms

========================================
Loading Random Forest sensor model...
========================================
Model       : Random Forest
Features    : ['pH', 'TDS', 'water_level', 'DHT_temp', 'DHT_humidity', 'water_temp']
Classes     : [0 1]
Class map   : {'0': 'Unhealthy / Stress warning', '1': 'Healthy'}
Load time   : 3108.54 ms

========================================
CAPTURE
========================================
Capture ID : CAP_20260817_140003
Timestamp  : 2026-08-17 14:00:03
Plants     : 12

========================================
SENSOR VALUES
========================================
pH            : 6.41
TDS           : 864.7 ppm
Water level   : OK
Air temp      : 29.2 C
Humidity      : 77.7 %
Water temp    : 29.5 C

Sensor model  : Healthy
Sensor conf.  : 53.00%
Sensor risk   : 47.00%
Sensor time   : 182.479 ms

========================================
PLANT INFERENCE
========================================

P01
  Image     : healthy (91.18%)
  Image risk: 8.82%
  Sensor    : Healthy (53.00%)
  Sensor risk: 47.00%
  Fusion    : healthy (75.91%)
  Final     : HEALTHY
  Image time: 260.47 ms

P02
  Image     : healthy (90.37%)
  Image risk: 9.63%
  Sensor    : Healthy (53.00%)
  Sensor risk: 47.00%
  Fusion    : healthy (75.42%)
  Final     : HEALTHY
  Image time: 215.95 ms

P03
  Image     : healthy (94.28%)
  Image risk: 5.72%
  Sensor    : Healthy (53.00%)
  Sensor risk: 47.00%
  Fusion    : healthy (77.77%)
  Final     : HEALTHY
  Image time: 215.75 ms

P04
  Image     : healthy (98.79%)
  Image risk: 1.21%
  Sensor    : Healthy (53.00%)
  Sensor risk: 47.00%
  Fusion    : healthy (80.48%)
  Final     : HEALTHY
  Image time: 215.59 ms

P05
  Image     : healthy (68.48%)
  Image risk: 31.52%
  Sensor    : Healthy (53.00%)
  Sensor risk: 47.00%
  Fusion    : healthy (62.29%)
  Final     : HEALTHY
  Image time: 215.76 ms

P06
  Image     : healthy (99.65%)
  Image risk: 0.35%
  Sensor    : Healthy (53.00%)
  Sensor risk: 47.00%
  Fusion    : healthy (80.99%)
  Final     : HEALTHY
  Image time: 217.49 ms

P07
  Image     : healthy (69.84%)
  Image risk: 30.16%
  Sensor    : Healthy (53.00%)
  Sensor risk: 47.00%
  Fusion    : healthy (63.10%)
  Final     : HEALTHY
  Image time: 216.58 ms

P08
  Image     : unhealthy (52.31%)
  Image risk: 52.31%
  Sensor    : Healthy (53.00%)
  Sensor risk: 47.00%
  Fusion    : unhealthy (50.19%)
  Final     : STRESS WARNING
  Image time: 216.92 ms

P09
  Image     : unhealthy (65.24%)
  Image risk: 65.24%
  Sensor    : Healthy (53.00%)
  Sensor risk: 47.00%
  Fusion    : unhealthy (57.95%)
  Final     : STRESS WARNING
  Image time: 216.97 ms

P10
  Image     : unhealthy (81.83%)
  Image risk: 81.83%
  Sensor    : Healthy (53.00%)
  Sensor risk: 47.00%
  Fusion    : unhealthy (67.90%)
  Final     : STRESS WARNING
  Image time: 219.14 ms

P11
  Image     : healthy (52.29%)
  Image risk: 47.71%
  Sensor    : Healthy (53.00%)
  Sensor risk: 47.00%
  Fusion    : healthy (52.57%)
  Final     : HEALTHY
  Image time: 215.86 ms

P12
  Image     : unhealthy (50.54%)
  Image risk: 50.54%
  Sensor    : Healthy (53.00%)
  Sensor risk: 47.00%
  Fusion    : healthy (50.88%)
  Final     : HEALTHY
  Image time: 216.75 ms

========================================
Updating SQLite predictions...
========================================
12 plant records updated.

========================================
 INFERENCE COMPLETED
========================================
Capture ID           : CAP_20260817_140003
Plants processed     : 12
Average image latency: 220.27 ms
Min image latency    : 215.59 ms
Max image latency    : 260.47 ms
Sensor latency       : 182.479 ms
Total script time    : 6407.60 ms

Predictions saved to:
/hydroponic_project/database/hydroponic.db

Processing CAP_20260817_150003

========================================
 HYDROPONIC EDGE-AI INFERENCE
========================================
Device        : cpu
Image weight  : 0.60
Sensor weight : 0.40
Threshold     : 0.50

========================================
Loading MobileNetV2...
========================================
Model       : mobilenet_v2
Classes     : ['healthy', 'unhealthy']
Class map   : {'healthy': 0, 'unhealthy': 1}
Best epoch  : 9
Load time   : 339.98 ms

========================================
Loading Random Forest sensor model...
========================================
Model       : Random Forest
Features    : ['pH', 'TDS', 'water_level', 'DHT_temp', 'DHT_humidity', 'water_temp']
Classes     : [0 1]
Class map   : {'0': 'Unhealthy / Stress warning', '1': 'Healthy'}
Load time   : 3120.52 ms

========================================
CAPTURE
========================================
Capture ID : CAP_20260817_150003
Timestamp  : 2026-08-17 15:00:03
Plants     : 12

========================================
SENSOR VALUES
========================================
pH            : 6.34
TDS           : 873.5 ppm
Water level   : OK
Air temp      : 32.6 C
Humidity      : 69.1 %
Water temp    : 29.12 C

Sensor model  : Healthy
Sensor conf.  : 56.67%
Sensor risk   : 43.33%
Sensor time   : 177.793 ms

========================================
PLANT INFERENCE
========================================

P01
  Image     : healthy (99.85%)
  Image risk: 0.15%
  Sensor    : Healthy (56.67%)
  Sensor risk: 43.33%
  Fusion    : healthy (82.58%)
  Final     : HEALTHY
  Image time: 261.75 ms

P02
  Image     : healthy (99.74%)
  Image risk: 0.26%
  Sensor    : Healthy (56.67%)
  Sensor risk: 43.33%
  Fusion    : healthy (82.51%)
  Final     : HEALTHY
  Image time: 217.00 ms

P03
  Image     : healthy (99.89%)
  Image risk: 0.11%
  Sensor    : Healthy (56.67%)
  Sensor risk: 43.33%
  Fusion    : healthy (82.60%)
  Final     : HEALTHY
  Image time: 216.53 ms

P04
  Image     : healthy (99.92%)
  Image risk: 0.08%
  Sensor    : Healthy (56.67%)
  Sensor risk: 43.33%
  Fusion    : healthy (82.62%)
  Final     : HEALTHY
  Image time: 216.35 ms

P05
  Image     : healthy (99.29%)
  Image risk: 0.71%
  Sensor    : Healthy (56.67%)
  Sensor risk: 43.33%
  Fusion    : healthy (82.24%)
  Final     : HEALTHY
  Image time: 220.25 ms

P06
  Image     : healthy (98.94%)
  Image risk: 1.06%
  Sensor    : Healthy (56.67%)
  Sensor risk: 43.33%
  Fusion    : healthy (82.03%)
  Final     : HEALTHY
  Image time: 217.42 ms

P07
  Image     : healthy (99.85%)
  Image risk: 0.14%
  Sensor    : Healthy (56.67%)
  Sensor risk: 43.33%
  Fusion    : healthy (82.58%)
  Final     : HEALTHY
  Image time: 216.93 ms

P08
  Image     : healthy (99.97%)
  Image risk: 0.03%
  Sensor    : Healthy (56.67%)
  Sensor risk: 43.33%
  Fusion    : healthy (82.65%)
  Final     : HEALTHY
  Image time: 216.17 ms

P09
  Image     : healthy (98.73%)
  Image risk: 1.27%
  Sensor    : Healthy (56.67%)
  Sensor risk: 43.33%
  Fusion    : healthy (81.90%)
  Final     : HEALTHY
  Image time: 222.00 ms

P10
  Image     : healthy (99.74%)
  Image risk: 0.26%
  Sensor    : Healthy (56.67%)
  Sensor risk: 43.33%
  Fusion    : healthy (82.51%)
  Final     : HEALTHY
  Image time: 217.09 ms

P11
  Image     : healthy (99.63%)
  Image risk: 0.37%
  Sensor    : Healthy (56.67%)
  Sensor risk: 43.33%
  Fusion    : healthy (82.45%)
  Final     : HEALTHY
  Image time: 217.17 ms

P12
  Image     : healthy (99.69%)
  Image risk: 0.31%
  Sensor    : Healthy (56.67%)
  Sensor risk: 43.33%
  Fusion    : healthy (82.48%)
  Final     : HEALTHY
  Image time: 217.30 ms

========================================
Updating SQLite predictions...
========================================
12 plant records updated.

========================================
 INFERENCE COMPLETED
========================================
Capture ID           : CAP_20260817_150003
Plants processed     : 12
Average image latency: 221.33 ms
Min image latency    : 216.17 ms
Max image latency    : 261.75 ms
Sensor latency       : 177.793 ms
Total script time    : 6438.95 ms

Predictions saved to:
/hydroponic_project/database/hydroponic.db

Processing CAP_20260817_160004

========================================
 HYDROPONIC EDGE-AI INFERENCE
========================================
Device        : cpu
Image weight  : 0.60
Sensor weight : 0.40
Threshold     : 0.50

========================================
Loading MobileNetV2...
========================================
Model       : mobilenet_v2
Classes     : ['healthy', 'unhealthy']
Class map   : {'healthy': 0, 'unhealthy': 1}
Best epoch  : 9
Load time   : 340.04 ms

========================================
Loading Random Forest sensor model...
========================================
Model       : Random Forest
Features    : ['pH', 'TDS', 'water_level', 'DHT_temp', 'DHT_humidity', 'water_temp']
Classes     : [0 1]
Class map   : {'0': 'Unhealthy / Stress warning', '1': 'Healthy'}
Load time   : 3105.38 ms

========================================
CAPTURE
========================================
Capture ID : CAP_20260817_160004
Timestamp  : 2026-08-17 16:00:04
Plants     : 12

========================================
SENSOR VALUES
========================================
pH            : 6.44
TDS           : 872.9 ppm
Water level   : OK
Air temp      : 33.9 C
Humidity      : 67.5 %
Water temp    : 29.19 C

Sensor model  : Healthy
Sensor conf.  : 57.00%
Sensor risk   : 43.00%
Sensor time   : 177.057 ms

========================================
PLANT INFERENCE
========================================

P01
  Image     : healthy (99.79%)
  Image risk: 0.21%
  Sensor    : Healthy (57.00%)
  Sensor risk: 43.00%
  Fusion    : healthy (82.68%)
  Final     : HEALTHY
  Image time: 260.50 ms

P02
  Image     : healthy (99.58%)
  Image risk: 0.42%
  Sensor    : Healthy (57.00%)
  Sensor risk: 43.00%
  Fusion    : healthy (82.55%)
  Final     : HEALTHY
  Image time: 218.22 ms

P03
  Image     : healthy (99.86%)
  Image risk: 0.14%
  Sensor    : Healthy (57.00%)
  Sensor risk: 43.00%
  Fusion    : healthy (82.71%)
  Final     : HEALTHY
  Image time: 218.50 ms

P04
  Image     : healthy (99.98%)
  Image risk: 0.02%
  Sensor    : Healthy (57.00%)
  Sensor risk: 43.00%
  Fusion    : healthy (82.79%)
  Final     : HEALTHY
  Image time: 227.57 ms

P05
  Image     : healthy (99.74%)
  Image risk: 0.26%
  Sensor    : Healthy (57.00%)
  Sensor risk: 43.00%
  Fusion    : healthy (82.64%)
  Final     : HEALTHY
  Image time: 218.08 ms

P06
  Image     : healthy (99.71%)
  Image risk: 0.29%
  Sensor    : Healthy (57.00%)
  Sensor risk: 43.00%
  Fusion    : healthy (82.63%)
  Final     : HEALTHY
  Image time: 217.80 ms

P07
  Image     : healthy (99.86%)
  Image risk: 0.14%
  Sensor    : Healthy (57.00%)
  Sensor risk: 43.00%
  Fusion    : healthy (82.72%)
  Final     : HEALTHY
  Image time: 217.77 ms

P08
  Image     : healthy (99.41%)
  Image risk: 0.59%
  Sensor    : Healthy (57.00%)
  Sensor risk: 43.00%
  Fusion    : healthy (82.45%)
  Final     : HEALTHY
  Image time: 218.10 ms

P09
  Image     : healthy (92.80%)
  Image risk: 7.20%
  Sensor    : Healthy (57.00%)
  Sensor risk: 43.00%
  Fusion    : healthy (78.48%)
  Final     : HEALTHY
  Image time: 218.86 ms

P10
  Image     : healthy (99.59%)
  Image risk: 0.41%
  Sensor    : Healthy (57.00%)
  Sensor risk: 43.00%
  Fusion    : healthy (82.55%)
  Final     : HEALTHY
  Image time: 217.96 ms

P11
  Image     : healthy (98.84%)
  Image risk: 1.16%
  Sensor    : Healthy (57.00%)
  Sensor risk: 43.00%
  Fusion    : healthy (82.11%)
  Final     : HEALTHY
  Image time: 217.58 ms

P12
  Image     : healthy (99.83%)
  Image risk: 0.17%
  Sensor    : Healthy (57.00%)
  Sensor risk: 43.00%
  Fusion    : healthy (82.70%)
  Final     : HEALTHY
  Image time: 216.87 ms

========================================
Updating SQLite predictions...
========================================
12 plant records updated.

========================================
 INFERENCE COMPLETED
========================================
Capture ID           : CAP_20260817_160004
Plants processed     : 12
Average image latency: 222.32 ms
Min image latency    : 216.87 ms
Max image latency    : 260.50 ms
Sensor latency       : 177.057 ms
Total script time    : 6433.34 ms

Predictions saved to:
/hydroponic_project/database/hydroponic.db

Processing CAP_20260817_170004

========================================
 HYDROPONIC EDGE-AI INFERENCE
========================================
Device        : cpu
Image weight  : 0.60
Sensor weight : 0.40
Threshold     : 0.50

========================================
Loading MobileNetV2...
========================================
Model       : mobilenet_v2
Classes     : ['healthy', 'unhealthy']
Class map   : {'healthy': 0, 'unhealthy': 1}
Best epoch  : 9
Load time   : 338.93 ms

========================================
Loading Random Forest sensor model...
========================================
Model       : Random Forest
Features    : ['pH', 'TDS', 'water_level', 'DHT_temp', 'DHT_humidity', 'water_temp']
Classes     : [0 1]
Class map   : {'0': 'Unhealthy / Stress warning', '1': 'Healthy'}
Load time   : 3109.30 ms

========================================
CAPTURE
========================================
Capture ID : CAP_20260817_170004
Timestamp  : 2026-08-17 17:00:04
Plants     : 12

========================================
SENSOR VALUES
========================================
pH            : 6.46
TDS           : 870.0 ppm
Water level   : OK
Air temp      : 34.0 C
Humidity      : 65.2 %
Water temp    : 29.31 C

Sensor model  : Healthy
Sensor conf.  : 50.67%
Sensor risk   : 49.33%
Sensor time   : 180.292 ms

========================================
PLANT INFERENCE
========================================

P01
  Image     : healthy (99.86%)
  Image risk: 0.14%
  Sensor    : Healthy (50.67%)
  Sensor risk: 49.33%
  Fusion    : healthy (80.18%)
  Final     : HEALTHY
  Image time: 260.15 ms

P02
  Image     : healthy (99.54%)
  Image risk: 0.46%
  Sensor    : Healthy (50.67%)
  Sensor risk: 49.33%
  Fusion    : healthy (79.99%)
  Final     : HEALTHY
  Image time: 217.04 ms

P03
  Image     : healthy (99.81%)
  Image risk: 0.19%
  Sensor    : Healthy (50.67%)
  Sensor risk: 49.33%
  Fusion    : healthy (80.15%)
  Final     : HEALTHY
  Image time: 218.96 ms

P04
  Image     : healthy (98.45%)
  Image risk: 1.55%
  Sensor    : Healthy (50.67%)
  Sensor risk: 49.33%
  Fusion    : healthy (79.33%)
  Final     : HEALTHY
  Image time: 219.39 ms

P05
  Image     : healthy (99.76%)
  Image risk: 0.24%
  Sensor    : Healthy (50.67%)
  Sensor risk: 49.33%
  Fusion    : healthy (80.12%)
  Final     : HEALTHY
  Image time: 212.95 ms

P06
  Image     : healthy (58.45%)
  Image risk: 41.55%
  Sensor    : Healthy (50.67%)
  Sensor risk: 49.33%
  Fusion    : healthy (55.33%)
  Final     : HEALTHY
  Image time: 214.12 ms

P07
  Image     : healthy (99.85%)
  Image risk: 0.15%
  Sensor    : Healthy (50.67%)
  Sensor risk: 49.33%
  Fusion    : healthy (80.18%)
  Final     : HEALTHY
  Image time: 218.40 ms

P08
  Image     : healthy (99.76%)
  Image risk: 0.24%
  Sensor    : Healthy (50.67%)
  Sensor risk: 49.33%
  Fusion    : healthy (80.12%)
  Final     : HEALTHY
  Image time: 219.36 ms

P09
  Image     : healthy (97.55%)
  Image risk: 2.45%
  Sensor    : Healthy (50.67%)
  Sensor risk: 49.33%
  Fusion    : healthy (78.80%)
  Final     : HEALTHY
  Image time: 217.70 ms

P10
  Image     : healthy (97.74%)
  Image risk: 2.26%
  Sensor    : Healthy (50.67%)
  Sensor risk: 49.33%
  Fusion    : healthy (78.91%)
  Final     : HEALTHY
  Image time: 214.77 ms

P11
  Image     : healthy (94.04%)
  Image risk: 5.96%
  Sensor    : Healthy (50.67%)
  Sensor risk: 49.33%
  Fusion    : healthy (76.69%)
  Final     : HEALTHY
  Image time: 217.70 ms

P12
  Image     : healthy (99.78%)
  Image risk: 0.22%
  Sensor    : Healthy (50.67%)
  Sensor risk: 49.33%
  Fusion    : healthy (80.13%)
  Final     : HEALTHY
  Image time: 220.25 ms

========================================
Updating SQLite predictions...
========================================
12 plant records updated.

========================================
 INFERENCE COMPLETED
========================================
Capture ID           : CAP_20260817_170004
Plants processed     : 12
Average image latency: 220.90 ms
Min image latency    : 212.95 ms
Max image latency    : 260.15 ms
Sensor latency       : 180.292 ms
Total script time    : 6423.04 ms

Predictions saved to:
/hydroponic_project/database/hydroponic.db

Processing CAP_20260817_180003

========================================
 HYDROPONIC EDGE-AI INFERENCE
========================================
Device        : cpu
Image weight  : 0.60
Sensor weight : 0.40
Threshold     : 0.50

========================================
Loading MobileNetV2...
========================================
Model       : mobilenet_v2
Classes     : ['healthy', 'unhealthy']
Class map   : {'healthy': 0, 'unhealthy': 1}
Best epoch  : 9
Load time   : 339.17 ms

========================================
Loading Random Forest sensor model...
========================================
Model       : Random Forest
Features    : ['pH', 'TDS', 'water_level', 'DHT_temp', 'DHT_humidity', 'water_temp']
Classes     : [0 1]
Class map   : {'0': 'Unhealthy / Stress warning', '1': 'Healthy'}
Load time   : 3108.97 ms

========================================
CAPTURE
========================================
Capture ID : CAP_20260817_180003
Timestamp  : 2026-08-17 18:00:03
Plants     : 12

========================================
SENSOR VALUES
========================================
pH            : 6.45
TDS           : 872.5 ppm
Water level   : OK
Air temp      : 33.6 C
Humidity      : 67.5 %
Water temp    : 29.19 C

Sensor model  : Healthy
Sensor conf.  : 57.00%
Sensor risk   : 43.00%
Sensor time   : 179.976 ms

========================================
PLANT INFERENCE
========================================

P01
  Image     : healthy (98.78%)
  Image risk: 1.22%
  Sensor    : Healthy (57.00%)
  Sensor risk: 43.00%
  Fusion    : healthy (82.07%)
  Final     : HEALTHY
  Image time: 260.67 ms

P02
  Image     : healthy (99.79%)
  Image risk: 0.21%
  Sensor    : Healthy (57.00%)
  Sensor risk: 43.00%
  Fusion    : healthy (82.67%)
  Final     : HEALTHY
  Image time: 216.76 ms

P03
  Image     : healthy (99.70%)
  Image risk: 0.30%
  Sensor    : Healthy (57.00%)
  Sensor risk: 43.00%
  Fusion    : healthy (82.62%)
  Final     : HEALTHY
  Image time: 217.82 ms

P04
  Image     : healthy (99.27%)
  Image risk: 0.73%
  Sensor    : Healthy (57.00%)
  Sensor risk: 43.00%
  Fusion    : healthy (82.36%)
  Final     : HEALTHY
  Image time: 216.60 ms

P05
  Image     : healthy (99.88%)
  Image risk: 0.12%
  Sensor    : Healthy (57.00%)
  Sensor risk: 43.00%
  Fusion    : healthy (82.73%)
  Final     : HEALTHY
  Image time: 215.90 ms

P06
  Image     : unhealthy (50.58%)
  Image risk: 50.58%
  Sensor    : Healthy (57.00%)
  Sensor risk: 43.00%
  Fusion    : healthy (52.45%)
  Final     : HEALTHY
  Image time: 217.54 ms

P07
  Image     : healthy (99.77%)
  Image risk: 0.23%
  Sensor    : Healthy (57.00%)
  Sensor risk: 43.00%
  Fusion    : healthy (82.66%)
  Final     : HEALTHY
  Image time: 220.08 ms

P08
  Image     : healthy (99.90%)
  Image risk: 0.10%
  Sensor    : Healthy (57.00%)
  Sensor risk: 43.00%
  Fusion    : healthy (82.74%)
  Final     : HEALTHY
  Image time: 217.66 ms

P09
  Image     : healthy (98.24%)
  Image risk: 1.76%
  Sensor    : Healthy (57.00%)
  Sensor risk: 43.00%
  Fusion    : healthy (81.74%)
  Final     : HEALTHY
  Image time: 216.77 ms

P10
  Image     : healthy (97.68%)
  Image risk: 2.32%
  Sensor    : Healthy (57.00%)
  Sensor risk: 43.00%
  Fusion    : healthy (81.41%)
  Final     : HEALTHY
  Image time: 217.17 ms

P11
  Image     : healthy (95.21%)
  Image risk: 4.79%
  Sensor    : Healthy (57.00%)
  Sensor risk: 43.00%
  Fusion    : healthy (79.93%)
  Final     : HEALTHY
  Image time: 216.55 ms

P12
  Image     : healthy (98.65%)
  Image risk: 1.35%
  Sensor    : Healthy (57.00%)
  Sensor risk: 43.00%
  Fusion    : healthy (81.99%)
  Final     : HEALTHY
  Image time: 218.94 ms

========================================
Updating SQLite predictions...
========================================
12 plant records updated.

========================================
 INFERENCE COMPLETED
========================================
Capture ID           : CAP_20260817_180003
Plants processed     : 12
Average image latency: 221.04 ms
Min image latency    : 215.90 ms
Max image latency    : 260.67 ms
Sensor latency       : 179.976 ms
Total script time    : 6424.43 ms

Predictions saved to:
/hydroponic_project/database/hydroponic.db

Processing CAP_20260817_190003

========================================
 HYDROPONIC EDGE-AI INFERENCE
========================================
Device        : cpu
Image weight  : 0.60
Sensor weight : 0.40
Threshold     : 0.50

========================================
Loading MobileNetV2...
========================================
Model       : mobilenet_v2
Classes     : ['healthy', 'unhealthy']
Class map   : {'healthy': 0, 'unhealthy': 1}
Best epoch  : 9
Load time   : 342.53 ms

========================================
Loading Random Forest sensor model...
========================================
Model       : Random Forest
Features    : ['pH', 'TDS', 'water_level', 'DHT_temp', 'DHT_humidity', 'water_temp']
Classes     : [0 1]
Class map   : {'0': 'Unhealthy / Stress warning', '1': 'Healthy'}
Load time   : 3109.40 ms

========================================
CAPTURE
========================================
Capture ID : CAP_20260817_190003
Timestamp  : 2026-08-17 19:00:03
Plants     : 12

========================================
SENSOR VALUES
========================================
pH            : 6.37
TDS           : 874.1 ppm
Water level   : OK
Air temp      : 33.4 C
Humidity      : 66.5 %
Water temp    : 29.06 C

Sensor model  : Healthy
Sensor conf.  : 55.00%
Sensor risk   : 45.00%
Sensor time   : 181.958 ms

========================================
PLANT INFERENCE
========================================

P01
  Image     : healthy (96.51%)
  Image risk: 3.49%
  Sensor    : Healthy (55.00%)
  Sensor risk: 45.00%
  Fusion    : healthy (79.90%)
  Final     : HEALTHY
  Image time: 260.81 ms

P02
  Image     : healthy (99.56%)
  Image risk: 0.44%
  Sensor    : Healthy (55.00%)
  Sensor risk: 45.00%
  Fusion    : healthy (81.74%)
  Final     : HEALTHY
  Image time: 231.73 ms

P03
  Image     : healthy (99.90%)
  Image risk: 0.10%
  Sensor    : Healthy (55.00%)
  Sensor risk: 45.00%
  Fusion    : healthy (81.94%)
  Final     : HEALTHY
  Image time: 215.46 ms

P04
  Image     : healthy (99.45%)
  Image risk: 0.55%
  Sensor    : Healthy (55.00%)
  Sensor risk: 45.00%
  Fusion    : healthy (81.67%)
  Final     : HEALTHY
  Image time: 215.72 ms

P05
  Image     : healthy (99.79%)
  Image risk: 0.21%
  Sensor    : Healthy (55.00%)
  Sensor risk: 45.00%
  Fusion    : healthy (81.88%)
  Final     : HEALTHY
  Image time: 215.78 ms

P06
  Image     : healthy (80.87%)
  Image risk: 19.13%
  Sensor    : Healthy (55.00%)
  Sensor risk: 45.00%
  Fusion    : healthy (70.52%)
  Final     : HEALTHY
  Image time: 217.65 ms

P07
  Image     : healthy (98.36%)
  Image risk: 1.64%
  Sensor    : Healthy (55.00%)
  Sensor risk: 45.00%
  Fusion    : healthy (81.02%)
  Final     : HEALTHY
  Image time: 220.11 ms

P08
  Image     : healthy (99.89%)
  Image risk: 0.11%
  Sensor    : Healthy (55.00%)
  Sensor risk: 45.00%
  Fusion    : healthy (81.93%)
  Final     : HEALTHY
  Image time: 215.10 ms

P09
  Image     : healthy (91.41%)
  Image risk: 8.59%
  Sensor    : Healthy (55.00%)
  Sensor risk: 45.00%
  Fusion    : healthy (76.84%)
  Final     : HEALTHY
  Image time: 216.85 ms

P10
  Image     : healthy (90.55%)
  Image risk: 9.45%
  Sensor    : Healthy (55.00%)
  Sensor risk: 45.00%
  Fusion    : healthy (76.33%)
  Final     : HEALTHY
  Image time: 217.31 ms

P11
  Image     : healthy (83.44%)
  Image risk: 16.56%
  Sensor    : Healthy (55.00%)
  Sensor risk: 45.00%
  Fusion    : healthy (72.06%)
  Final     : HEALTHY
  Image time: 219.54 ms

P12
  Image     : healthy (98.96%)
  Image risk: 1.04%
  Sensor    : Healthy (55.00%)
  Sensor risk: 45.00%
  Fusion    : healthy (81.38%)
  Final     : HEALTHY
  Image time: 217.22 ms

========================================
Updating SQLite predictions...
========================================
12 plant records updated.

========================================
 INFERENCE COMPLETED
========================================
Capture ID           : CAP_20260817_190003
Plants processed     : 12
Average image latency: 221.94 ms
Min image latency    : 215.10 ms
Max image latency    : 260.81 ms
Sensor latency       : 181.958 ms
Total script time    : 6444.59 ms

Predictions saved to:
/hydroponic_project/database/hydroponic.db

Processing CAP_20260817_200003

========================================
 HYDROPONIC EDGE-AI INFERENCE
========================================
Device        : cpu
Image weight  : 0.60
Sensor weight : 0.40
Threshold     : 0.50

========================================
Loading MobileNetV2...
========================================
Model       : mobilenet_v2
Classes     : ['healthy', 'unhealthy']
Class map   : {'healthy': 0, 'unhealthy': 1}
Best epoch  : 9
Load time   : 340.45 ms

========================================
Loading Random Forest sensor model...
========================================
Model       : Random Forest
Features    : ['pH', 'TDS', 'water_level', 'DHT_temp', 'DHT_humidity', 'water_temp']
Classes     : [0 1]
Class map   : {'0': 'Unhealthy / Stress warning', '1': 'Healthy'}
Load time   : 3112.95 ms

========================================
CAPTURE
========================================
Capture ID : CAP_20260817_200003
Timestamp  : 2026-08-17 20:00:03
Plants     : 12

========================================
SENSOR VALUES
========================================
pH            : 6.45
TDS           : 878.6 ppm
Water level   : OK
Air temp      : 31.2 C
Humidity      : 70.2 %
Water temp    : 28.81 C

Sensor model  : Healthy
Sensor conf.  : 57.33%
Sensor risk   : 42.67%
Sensor time   : 179.845 ms

========================================
PLANT INFERENCE
========================================

P01
  Image     : healthy (65.28%)
  Image risk: 34.72%
  Sensor    : Healthy (57.33%)
  Sensor risk: 42.67%
  Fusion    : healthy (62.10%)
  Final     : HEALTHY
  Image time: 262.67 ms

P02
  Image     : healthy (92.59%)
  Image risk: 7.41%
  Sensor    : Healthy (57.33%)
  Sensor risk: 42.67%
  Fusion    : healthy (78.48%)
  Final     : HEALTHY
  Image time: 219.34 ms

P03
  Image     : healthy (92.69%)
  Image risk: 7.31%
  Sensor    : Healthy (57.33%)
  Sensor risk: 42.67%
  Fusion    : healthy (78.55%)
  Final     : HEALTHY
  Image time: 217.15 ms

P04
  Image     : healthy (95.78%)
  Image risk: 4.22%
  Sensor    : Healthy (57.33%)
  Sensor risk: 42.67%
  Fusion    : healthy (80.40%)
  Final     : HEALTHY
  Image time: 216.85 ms

P05
  Image     : healthy (65.11%)
  Image risk: 34.89%
  Sensor    : Healthy (57.33%)
  Sensor risk: 42.67%
  Fusion    : healthy (62.00%)
  Final     : HEALTHY
  Image time: 216.93 ms

P06
  Image     : healthy (95.41%)
  Image risk: 4.59%
  Sensor    : Healthy (57.33%)
  Sensor risk: 42.67%
  Fusion    : healthy (80.18%)
  Final     : HEALTHY
  Image time: 220.93 ms

P07
  Image     : healthy (94.35%)
  Image risk: 5.65%
  Sensor    : Healthy (57.33%)
  Sensor risk: 42.67%
  Fusion    : healthy (79.55%)
  Final     : HEALTHY
  Image time: 217.22 ms

P08
  Image     : healthy (81.83%)
  Image risk: 18.17%
  Sensor    : Healthy (57.33%)
  Sensor risk: 42.67%
  Fusion    : healthy (72.03%)
  Final     : HEALTHY
  Image time: 216.70 ms

P09
  Image     : healthy (66.41%)
  Image risk: 33.59%
  Sensor    : Healthy (57.33%)
  Sensor risk: 42.67%
  Fusion    : healthy (62.78%)
  Final     : HEALTHY
  Image time: 216.87 ms

P10
  Image     : healthy (98.44%)
  Image risk: 1.56%
  Sensor    : Healthy (57.33%)
  Sensor risk: 42.67%
  Fusion    : healthy (82.00%)
  Final     : HEALTHY
  Image time: 219.23 ms

P11
  Image     : healthy (98.68%)
  Image risk: 1.32%
  Sensor    : Healthy (57.33%)
  Sensor risk: 42.67%
  Fusion    : healthy (82.14%)
  Final     : HEALTHY
  Image time: 217.20 ms

P12
  Image     : healthy (95.01%)
  Image risk: 4.99%
  Sensor    : Healthy (57.33%)
  Sensor risk: 42.67%
  Fusion    : healthy (79.94%)
  Final     : HEALTHY
  Image time: 216.25 ms

========================================
Updating SQLite predictions...
========================================
12 plant records updated.

========================================
 INFERENCE COMPLETED
========================================
Capture ID           : CAP_20260817_200003
Plants processed     : 12
Average image latency: 221.45 ms
Min image latency    : 216.25 ms
Max image latency    : 262.67 ms
Sensor latency       : 179.845 ms
Total script time    : 6434.27 ms

Predictions saved to:
/hydroponic_project/database/hydroponic.db

Processing CAP_20260817_210003

========================================
 HYDROPONIC EDGE-AI INFERENCE
========================================
Device        : cpu
Image weight  : 0.60
Sensor weight : 0.40
Threshold     : 0.50

========================================
Loading MobileNetV2...
========================================
Model       : mobilenet_v2
Classes     : ['healthy', 'unhealthy']
Class map   : {'healthy': 0, 'unhealthy': 1}
Best epoch  : 9
Load time   : 341.38 ms

========================================
Loading Random Forest sensor model...
========================================
Model       : Random Forest
Features    : ['pH', 'TDS', 'water_level', 'DHT_temp', 'DHT_humidity', 'water_temp']
Classes     : [0 1]
Class map   : {'0': 'Unhealthy / Stress warning', '1': 'Healthy'}
Load time   : 3116.36 ms

========================================
CAPTURE
========================================
Capture ID : CAP_20260817_210003
Timestamp  : 2026-08-17 21:00:03
Plants     : 12

========================================
SENSOR VALUES
========================================
pH            : 6.34
TDS           : 879.8 ppm
Water level   : OK
Air temp      : 31.1 C
Humidity      : 70.8 %
Water temp    : 28.75 C

Sensor model  : Healthy
Sensor conf.  : 56.67%
Sensor risk   : 43.33%
Sensor time   : 176.730 ms

========================================
PLANT INFERENCE
========================================

P01
  Image     : healthy (80.27%)
  Image risk: 19.73%
  Sensor    : Healthy (56.67%)
  Sensor risk: 43.33%
  Fusion    : healthy (70.83%)
  Final     : HEALTHY
  Image time: 262.41 ms

P02
  Image     : healthy (97.20%)
  Image risk: 2.80%
  Sensor    : Healthy (56.67%)
  Sensor risk: 43.33%
  Fusion    : healthy (80.99%)
  Final     : HEALTHY
  Image time: 215.62 ms

P03
  Image     : healthy (95.47%)
  Image risk: 4.53%
  Sensor    : Healthy (56.67%)
  Sensor risk: 43.33%
  Fusion    : healthy (79.95%)
  Final     : HEALTHY
  Image time: 215.21 ms

P04
  Image     : healthy (98.21%)
  Image risk: 1.79%
  Sensor    : Healthy (56.67%)
  Sensor risk: 43.33%
  Fusion    : healthy (81.59%)
  Final     : HEALTHY
  Image time: 215.87 ms

P05
  Image     : healthy (97.26%)
  Image risk: 2.74%
  Sensor    : Healthy (56.67%)
  Sensor risk: 43.33%
  Fusion    : healthy (81.02%)
  Final     : HEALTHY
  Image time: 218.58 ms

P06
  Image     : healthy (96.38%)
  Image risk: 3.62%
  Sensor    : Healthy (56.67%)
  Sensor risk: 43.33%
  Fusion    : healthy (80.50%)
  Final     : HEALTHY
  Image time: 217.30 ms

P07
  Image     : healthy (91.09%)
  Image risk: 8.91%
  Sensor    : Healthy (56.67%)
  Sensor risk: 43.33%
  Fusion    : healthy (77.32%)
  Final     : HEALTHY
  Image time: 217.26 ms

P08
  Image     : healthy (91.73%)
  Image risk: 8.27%
  Sensor    : Healthy (56.67%)
  Sensor risk: 43.33%
  Fusion    : healthy (77.70%)
  Final     : HEALTHY
  Image time: 216.10 ms

P09
  Image     : healthy (85.00%)
  Image risk: 15.00%
  Sensor    : Healthy (56.67%)
  Sensor risk: 43.33%
  Fusion    : healthy (73.67%)
  Final     : HEALTHY
  Image time: 216.29 ms

P10
  Image     : healthy (99.53%)
  Image risk: 0.47%
  Sensor    : Healthy (56.67%)
  Sensor risk: 43.33%
  Fusion    : healthy (82.38%)
  Final     : HEALTHY
  Image time: 218.54 ms

P11
  Image     : healthy (99.56%)
  Image risk: 0.44%
  Sensor    : Healthy (56.67%)
  Sensor risk: 43.33%
  Fusion    : healthy (82.40%)
  Final     : HEALTHY
  Image time: 217.66 ms

P12
  Image     : healthy (93.47%)
  Image risk: 6.53%
  Sensor    : Healthy (56.67%)
  Sensor risk: 43.33%
  Fusion    : healthy (78.75%)
  Final     : HEALTHY
  Image time: 217.04 ms

========================================
Updating SQLite predictions...
========================================
12 plant records updated.

========================================
 INFERENCE COMPLETED
========================================
Capture ID           : CAP_20260817_210003
Plants processed     : 12
Average image latency: 220.66 ms
Min image latency    : 215.21 ms
Max image latency    : 262.41 ms
Sensor latency       : 176.730 ms
Total script time    : 6423.91 ms

Predictions saved to:
/hydroponic_project/database/hydroponic.db

Processing CAP_20260819_115127

========================================
 HYDROPONIC EDGE-AI INFERENCE
========================================
Device        : cpu
Image weight  : 0.60
Sensor weight : 0.40
Threshold     : 0.50

========================================
Loading MobileNetV2...
========================================
Model       : mobilenet_v2
Classes     : ['healthy', 'unhealthy']
Class map   : {'healthy': 0, 'unhealthy': 1}
Best epoch  : 9
Load time   : 340.41 ms

========================================
Loading Random Forest sensor model...
========================================
Model       : Random Forest
Features    : ['pH', 'TDS', 'water_level', 'DHT_temp', 'DHT_humidity', 'water_temp']
Classes     : [0 1]
Class map   : {'0': 'Unhealthy / Stress warning', '1': 'Healthy'}
Load time   : 3111.45 ms

========================================
CAPTURE
========================================
Capture ID : CAP_20260819_115127
Timestamp  : 2026-08-19 11:51:27
Plants     : 12

========================================
SENSOR VALUES
========================================
pH            : 6.58
TDS           : 811.0 ppm
Water level   : OK
Air temp      : 30.9 C
Humidity      : 74.4 %
Water temp    : 30.06 C

Sensor model  : Healthy
Sensor conf.  : 70.00%
Sensor risk   : 30.00%
Sensor time   : 181.643 ms

========================================
PLANT INFERENCE
========================================

P01
  Image     : healthy (84.45%)
  Image risk: 15.55%
  Sensor    : Healthy (70.00%)
  Sensor risk: 30.00%
  Fusion    : healthy (78.67%)
  Final     : HEALTHY
  Image time: 261.61 ms

P02
  Image     : healthy (54.48%)
  Image risk: 45.52%
  Sensor    : Healthy (70.00%)
  Sensor risk: 30.00%
  Fusion    : healthy (60.69%)
  Final     : HEALTHY
  Image time: 218.50 ms

P03
  Image     : unhealthy (88.28%)
  Image risk: 88.28%
  Sensor    : Healthy (70.00%)
  Sensor risk: 30.00%
  Fusion    : unhealthy (64.97%)
  Final     : STRESS WARNING
  Image time: 217.26 ms

P04
  Image     : healthy (81.01%)
  Image risk: 18.99%
  Sensor    : Healthy (70.00%)
  Sensor risk: 30.00%
  Fusion    : healthy (76.61%)
  Final     : HEALTHY
  Image time: 218.91 ms

P05
  Image     : unhealthy (69.57%)
  Image risk: 69.57%
  Sensor    : Healthy (70.00%)
  Sensor risk: 30.00%
  Fusion    : unhealthy (53.74%)
  Final     : STRESS WARNING
  Image time: 217.93 ms

P06
  Image     : healthy (59.93%)
  Image risk: 40.07%
  Sensor    : Healthy (70.00%)
  Sensor risk: 30.00%
  Fusion    : healthy (63.96%)
  Final     : HEALTHY
  Image time: 216.88 ms

P07
  Image     : healthy (69.78%)
  Image risk: 30.22%
  Sensor    : Healthy (70.00%)
  Sensor risk: 30.00%
  Fusion    : healthy (69.87%)
  Final     : HEALTHY
  Image time: 216.68 ms

P08
  Image     : unhealthy (77.59%)
  Image risk: 77.59%
  Sensor    : Healthy (70.00%)
  Sensor risk: 30.00%
  Fusion    : unhealthy (58.56%)
  Final     : STRESS WARNING
  Image time: 217.32 ms

P09
  Image     : healthy (77.51%)
  Image risk: 22.49%
  Sensor    : Healthy (70.00%)
  Sensor risk: 30.00%
  Fusion    : healthy (74.51%)
  Final     : HEALTHY
  Image time: 218.55 ms

P10
  Image     : healthy (63.03%)
  Image risk: 36.97%
  Sensor    : Healthy (70.00%)
  Sensor risk: 30.00%
  Fusion    : healthy (65.82%)
  Final     : HEALTHY
  Image time: 217.03 ms

P11
  Image     : healthy (53.95%)
  Image risk: 46.05%
  Sensor    : Healthy (70.00%)
  Sensor risk: 30.00%
  Fusion    : healthy (60.37%)
  Final     : HEALTHY
  Image time: 216.71 ms

P12
  Image     : healthy (83.54%)
  Image risk: 16.46%
  Sensor    : Healthy (70.00%)
  Sensor risk: 30.00%
  Fusion    : healthy (78.13%)
  Final     : HEALTHY
  Image time: 220.75 ms

========================================
Updating SQLite predictions...
========================================
12 plant records updated.

========================================
 INFERENCE COMPLETED
========================================
Capture ID           : CAP_20260819_115127
Plants processed     : 12
Average image latency: 221.51 ms
Min image latency    : 216.68 ms
Max image latency    : 261.61 ms
Sensor latency       : 181.643 ms
Total script time    : 6437.85 ms

Predictions saved to:
/hydroponic_project/database/hydroponic.db

Processing CAP_20260819_115305

========================================
 HYDROPONIC EDGE-AI INFERENCE
========================================
Device        : cpu
Image weight  : 0.60
Sensor weight : 0.40
Threshold     : 0.50

========================================
Loading MobileNetV2...
========================================
Model       : mobilenet_v2
Classes     : ['healthy', 'unhealthy']
Class map   : {'healthy': 0, 'unhealthy': 1}
Best epoch  : 9
Load time   : 338.99 ms

========================================
Loading Random Forest sensor model...
========================================
Model       : Random Forest
Features    : ['pH', 'TDS', 'water_level', 'DHT_temp', 'DHT_humidity', 'water_temp']
Classes     : [0 1]
Class map   : {'0': 'Unhealthy / Stress warning', '1': 'Healthy'}
Load time   : 3107.42 ms

========================================
CAPTURE
========================================
Capture ID : CAP_20260819_115305
Timestamp  : 2026-08-19 11:53:05
Plants     : 12

========================================
SENSOR VALUES
========================================
pH            : 6.59
TDS           : 810.4 ppm
Water level   : OK
Air temp      : 31.3 C
Humidity      : 73.0 %
Water temp    : 30.06 C

Sensor model  : Healthy
Sensor conf.  : 70.67%
Sensor risk   : 29.33%
Sensor time   : 182.907 ms

========================================
PLANT INFERENCE
========================================

P01
  Image     : healthy (69.85%)
  Image risk: 30.15%
  Sensor    : Healthy (70.67%)
  Sensor risk: 29.33%
  Fusion    : healthy (70.18%)
  Final     : HEALTHY
  Image time: 260.59 ms

P02
  Image     : healthy (99.05%)
  Image risk: 0.95%
  Sensor    : Healthy (70.67%)
  Sensor risk: 29.33%
  Fusion    : healthy (87.69%)
  Final     : HEALTHY
  Image time: 216.96 ms

P03
  Image     : healthy (99.66%)
  Image risk: 0.34%
  Sensor    : Healthy (70.67%)
  Sensor risk: 29.33%
  Fusion    : healthy (88.06%)
  Final     : HEALTHY
  Image time: 216.53 ms

P04
  Image     : healthy (99.15%)
  Image risk: 0.85%
  Sensor    : Healthy (70.67%)
  Sensor risk: 29.33%
  Fusion    : healthy (87.76%)
  Final     : HEALTHY
  Image time: 219.38 ms

P05
  Image     : healthy (55.27%)
  Image risk: 44.73%
  Sensor    : Healthy (70.67%)
  Sensor risk: 29.33%
  Fusion    : healthy (61.43%)
  Final     : HEALTHY
  Image time: 216.17 ms

P06
  Image     : unhealthy (75.41%)
  Image risk: 75.41%
  Sensor    : Healthy (70.67%)
  Sensor risk: 29.33%
  Fusion    : unhealthy (56.98%)
  Final     : STRESS WARNING
  Image time: 217.28 ms

P07
  Image     : healthy (90.69%)
  Image risk: 9.31%
  Sensor    : Healthy (70.67%)
  Sensor risk: 29.33%
  Fusion    : healthy (82.68%)
  Final     : HEALTHY
  Image time: 217.50 ms

P08
  Image     : healthy (86.65%)
  Image risk: 13.35%
  Sensor    : Healthy (70.67%)
  Sensor risk: 29.33%
  Fusion    : healthy (80.25%)
  Final     : HEALTHY
  Image time: 219.90 ms

P09
  Image     : healthy (98.84%)
  Image risk: 1.16%
  Sensor    : Healthy (70.67%)
  Sensor risk: 29.33%
  Fusion    : healthy (87.57%)
  Final     : HEALTHY
  Image time: 217.39 ms

P10
  Image     : unhealthy (77.38%)
  Image risk: 77.38%
  Sensor    : Healthy (70.67%)
  Sensor risk: 29.33%
  Fusion    : unhealthy (58.16%)
  Final     : STRESS WARNING
  Image time: 218.16 ms

P11
  Image     : healthy (88.45%)
  Image risk: 11.55%
  Sensor    : Healthy (70.67%)
  Sensor risk: 29.33%
  Fusion    : healthy (81.34%)
  Final     : HEALTHY
  Image time: 217.63 ms

P12
  Image     : healthy (99.59%)
  Image risk: 0.41%
  Sensor    : Healthy (70.67%)
  Sensor risk: 29.33%
  Fusion    : healthy (88.02%)
  Final     : HEALTHY
  Image time: 218.49 ms

========================================
Updating SQLite predictions...
========================================
12 plant records updated.

========================================
 INFERENCE COMPLETED
========================================
Capture ID           : CAP_20260819_115305
Plants processed     : 12
Average image latency: 221.33 ms
Min image latency    : 216.17 ms
Max image latency    : 260.59 ms
Sensor latency       : 182.907 ms
Total script time    : 6419.58 ms

Predictions saved to:
/hydroponic_project/database/hydroponic.db

Processing CAP_20260819_115545

========================================
 HYDROPONIC EDGE-AI INFERENCE
========================================
Device        : cpu
Image weight  : 0.60
Sensor weight : 0.40
Threshold     : 0.50

========================================
Loading MobileNetV2...
========================================
Model       : mobilenet_v2
Classes     : ['healthy', 'unhealthy']
Class map   : {'healthy': 0, 'unhealthy': 1}
Best epoch  : 9
Load time   : 341.58 ms

========================================
Loading Random Forest sensor model...
========================================
Model       : Random Forest
Features    : ['pH', 'TDS', 'water_level', 'DHT_temp', 'DHT_humidity', 'water_temp']
Classes     : [0 1]
Class map   : {'0': 'Unhealthy / Stress warning', '1': 'Healthy'}
Load time   : 3097.80 ms

========================================
CAPTURE
========================================
Capture ID : CAP_20260819_115545
Timestamp  : 2026-08-19 11:55:45
Plants     : 12

========================================
SENSOR VALUES
========================================
pH            : 6.49
TDS           : 809.7 ppm
Water level   : OK
Air temp      : 32.0 C
Humidity      : 69.1 %
Water temp    : 30.06 C

Sensor model  : Healthy
Sensor conf.  : 72.33%
Sensor risk   : 27.67%
Sensor time   : 175.492 ms

========================================
PLANT INFERENCE
========================================

P01
  Image     : healthy (67.10%)
  Image risk: 32.90%
  Sensor    : Healthy (72.33%)
  Sensor risk: 27.67%
  Fusion    : healthy (69.19%)
  Final     : HEALTHY
  Image time: 261.84 ms

P02
  Image     : healthy (99.63%)
  Image risk: 0.37%
  Sensor    : Healthy (72.33%)
  Sensor risk: 27.67%
  Fusion    : healthy (88.71%)
  Final     : HEALTHY
  Image time: 218.02 ms

P03
  Image     : healthy (98.78%)
  Image risk: 1.22%
  Sensor    : Healthy (72.33%)
  Sensor risk: 27.67%
  Fusion    : healthy (88.20%)
  Final     : HEALTHY
  Image time: 224.46 ms

P04
  Image     : healthy (98.97%)
  Image risk: 1.03%
  Sensor    : Healthy (72.33%)
  Sensor risk: 27.67%
  Fusion    : healthy (88.31%)
  Final     : HEALTHY
  Image time: 216.36 ms

P05
  Image     : healthy (63.60%)
  Image risk: 36.40%
  Sensor    : Healthy (72.33%)
  Sensor risk: 27.67%
  Fusion    : healthy (67.09%)
  Final     : HEALTHY
  Image time: 215.07 ms

P06
  Image     : unhealthy (77.82%)
  Image risk: 77.82%
  Sensor    : Healthy (72.33%)
  Sensor risk: 27.67%
  Fusion    : unhealthy (57.76%)
  Final     : STRESS WARNING
  Image time: 215.39 ms

P07
  Image     : healthy (92.46%)
  Image risk: 7.54%
  Sensor    : Healthy (72.33%)
  Sensor risk: 27.67%
  Fusion    : healthy (84.41%)
  Final     : HEALTHY
  Image time: 215.29 ms

P08
  Image     : healthy (64.22%)
  Image risk: 35.78%
  Sensor    : Healthy (72.33%)
  Sensor risk: 27.67%
  Fusion    : healthy (67.46%)
  Final     : HEALTHY
  Image time: 216.87 ms

P09
  Image     : healthy (98.39%)
  Image risk: 1.61%
  Sensor    : Healthy (72.33%)
  Sensor risk: 27.67%
  Fusion    : healthy (87.97%)
  Final     : HEALTHY
  Image time: 215.85 ms

P10
  Image     : unhealthy (66.04%)
  Image risk: 66.04%
  Sensor    : Healthy (72.33%)
  Sensor risk: 27.67%
  Fusion    : unhealthy (50.69%)
  Final     : STRESS WARNING
  Image time: 216.79 ms

P11
  Image     : healthy (82.65%)
  Image risk: 17.35%
  Sensor    : Healthy (72.33%)
  Sensor risk: 27.67%
  Fusion    : healthy (78.52%)
  Final     : HEALTHY
  Image time: 216.47 ms

P12
  Image     : healthy (68.21%)
  Image risk: 31.79%
  Sensor    : Healthy (72.33%)
  Sensor risk: 27.67%
  Fusion    : healthy (69.86%)
  Final     : HEALTHY
  Image time: 219.88 ms

========================================
Updating SQLite predictions...
========================================
12 plant records updated.

========================================
 INFERENCE COMPLETED
========================================
Capture ID           : CAP_20260819_115545
Plants processed     : 12
Average image latency: 221.02 ms
Min image latency    : 215.07 ms
Max image latency    : 261.84 ms
Sensor latency       : 175.492 ms
Total script time    : 6404.12 ms

Predictions saved to:
/hydroponic_project/database/hydroponic.db

Processing CAP_20260819_120003

========================================
 HYDROPONIC EDGE-AI INFERENCE
========================================
Device        : cpu
Image weight  : 0.60
Sensor weight : 0.40
Threshold     : 0.50

========================================
Loading MobileNetV2...
========================================
Model       : mobilenet_v2
Classes     : ['healthy', 'unhealthy']
Class map   : {'healthy': 0, 'unhealthy': 1}
Best epoch  : 9
Load time   : 340.77 ms

========================================
Loading Random Forest sensor model...
========================================
Model       : Random Forest
Features    : ['pH', 'TDS', 'water_level', 'DHT_temp', 'DHT_humidity', 'water_temp']
Classes     : [0 1]
Class map   : {'0': 'Unhealthy / Stress warning', '1': 'Healthy'}
Load time   : 3105.10 ms

========================================
CAPTURE
========================================
Capture ID : CAP_20260819_120003
Timestamp  : 2026-08-19 12:00:03
Plants     : 12

========================================
SENSOR VALUES
========================================
pH            : 6.55
TDS           : 808.8 ppm
Water level   : OK
Air temp      : 32.3 C
Humidity      : 67.6 %
Water temp    : 30.06 C

Sensor model  : Healthy
Sensor conf.  : 72.00%
Sensor risk   : 28.00%
Sensor time   : 174.933 ms

========================================
PLANT INFERENCE
========================================

P01
  Image     : healthy (79.32%)
  Image risk: 20.68%
  Sensor    : Healthy (72.00%)
  Sensor risk: 28.00%
  Fusion    : healthy (76.39%)
  Final     : HEALTHY
  Image time: 261.14 ms

P02
  Image     : healthy (99.41%)
  Image risk: 0.59%
  Sensor    : Healthy (72.00%)
  Sensor risk: 28.00%
  Fusion    : healthy (88.44%)
  Final     : HEALTHY
  Image time: 216.08 ms

P03
  Image     : healthy (98.27%)
  Image risk: 1.73%
  Sensor    : Healthy (72.00%)
  Sensor risk: 28.00%
  Fusion    : healthy (87.76%)
  Final     : HEALTHY
  Image time: 217.89 ms

P04
  Image     : healthy (99.53%)
  Image risk: 0.47%
  Sensor    : Healthy (72.00%)
  Sensor risk: 28.00%
  Fusion    : healthy (88.52%)
  Final     : HEALTHY
  Image time: 215.69 ms

P05
  Image     : unhealthy (51.60%)
  Image risk: 51.60%
  Sensor    : Healthy (72.00%)
  Sensor risk: 28.00%
  Fusion    : healthy (57.84%)
  Final     : HEALTHY
  Image time: 214.75 ms

P06
  Image     : unhealthy (74.26%)
  Image risk: 74.26%
  Sensor    : Healthy (72.00%)
  Sensor risk: 28.00%
  Fusion    : unhealthy (55.75%)
  Final     : STRESS WARNING
  Image time: 217.22 ms

P07
  Image     : healthy (90.95%)
  Image risk: 9.05%
  Sensor    : Healthy (72.00%)
  Sensor risk: 28.00%
  Fusion    : healthy (83.37%)
  Final     : HEALTHY
  Image time: 222.12 ms

P08
  Image     : unhealthy (55.89%)
  Image risk: 55.89%
  Sensor    : Healthy (72.00%)
  Sensor risk: 28.00%
  Fusion    : healthy (55.27%)
  Final     : HEALTHY
  Image time: 217.63 ms

P09
  Image     : healthy (97.76%)
  Image risk: 2.24%
  Sensor    : Healthy (72.00%)
  Sensor risk: 28.00%
  Fusion    : healthy (87.46%)
  Final     : HEALTHY
  Image time: 215.71 ms

P10
  Image     : unhealthy (56.90%)
  Image risk: 56.90%
  Sensor    : Healthy (72.00%)
  Sensor risk: 28.00%
  Fusion    : healthy (54.66%)
  Final     : HEALTHY
  Image time: 216.03 ms

P11
  Image     : healthy (83.56%)
  Image risk: 16.44%
  Sensor    : Healthy (72.00%)
  Sensor risk: 28.00%
  Fusion    : healthy (78.94%)
  Final     : HEALTHY
  Image time: 217.39 ms

P12
  Image     : healthy (72.60%)
  Image risk: 27.40%
  Sensor    : Healthy (72.00%)
  Sensor risk: 28.00%
  Fusion    : healthy (72.36%)
  Final     : HEALTHY
  Image time: 218.09 ms

========================================
Updating SQLite predictions...
========================================
12 plant records updated.

========================================
 INFERENCE COMPLETED
========================================
Capture ID           : CAP_20260819_120003
Plants processed     : 12
Average image latency: 220.81 ms
Min image latency    : 214.75 ms
Max image latency    : 261.14 ms
Sensor latency       : 174.933 ms
Total script time    : 6406.00 ms

Predictions saved to:
/hydroponic_project/database/hydroponic.db

Processing CAP_20260819_120111

========================================
 HYDROPONIC EDGE-AI INFERENCE
========================================
Device        : cpu
Image weight  : 0.60
Sensor weight : 0.40
Threshold     : 0.50

========================================
Loading MobileNetV2...
========================================
Model       : mobilenet_v2
Classes     : ['healthy', 'unhealthy']
Class map   : {'healthy': 0, 'unhealthy': 1}
Best epoch  : 9
Load time   : 340.50 ms

========================================
Loading Random Forest sensor model...
========================================
Model       : Random Forest
Features    : ['pH', 'TDS', 'water_level', 'DHT_temp', 'DHT_humidity', 'water_temp']
Classes     : [0 1]
Class map   : {'0': 'Unhealthy / Stress warning', '1': 'Healthy'}
Load time   : 3103.66 ms

========================================
CAPTURE
========================================
Capture ID : CAP_20260819_120111
Timestamp  : 2026-08-19 12:01:11
Plants     : 12

========================================
SENSOR VALUES
========================================
pH            : 6.61
TDS           : 808.4 ppm
Water level   : OK
Air temp      : 32.2 C
Humidity      : 68.7 %
Water temp    : 30.06 C

Sensor model  : Healthy
Sensor conf.  : 72.00%
Sensor risk   : 28.00%
Sensor time   : 179.380 ms

========================================
PLANT INFERENCE
========================================

P01
  Image     : healthy (58.34%)
  Image risk: 41.66%
  Sensor    : Healthy (72.00%)
  Sensor risk: 28.00%
  Fusion    : healthy (63.81%)
  Final     : HEALTHY
  Image time: 261.21 ms

P02
  Image     : healthy (98.90%)
  Image risk: 1.10%
  Sensor    : Healthy (72.00%)
  Sensor risk: 28.00%
  Fusion    : healthy (88.14%)
  Final     : HEALTHY
  Image time: 217.99 ms

P03
  Image     : healthy (98.08%)
  Image risk: 1.92%
  Sensor    : Healthy (72.00%)
  Sensor risk: 28.00%
  Fusion    : healthy (87.65%)
  Final     : HEALTHY
  Image time: 215.39 ms

P04
  Image     : healthy (99.31%)
  Image risk: 0.69%
  Sensor    : Healthy (72.00%)
  Sensor risk: 28.00%
  Fusion    : healthy (88.39%)
  Final     : HEALTHY
  Image time: 215.11 ms

P05
  Image     : healthy (84.22%)
  Image risk: 15.78%
  Sensor    : Healthy (72.00%)
  Sensor risk: 28.00%
  Fusion    : healthy (79.33%)
  Final     : HEALTHY
  Image time: 215.21 ms

P06
  Image     : unhealthy (85.56%)
  Image risk: 85.56%
  Sensor    : Healthy (72.00%)
  Sensor risk: 28.00%
  Fusion    : unhealthy (62.54%)
  Final     : STRESS WARNING
  Image time: 216.96 ms

P07
  Image     : healthy (87.07%)
  Image risk: 12.93%
  Sensor    : Healthy (72.00%)
  Sensor risk: 28.00%
  Fusion    : healthy (81.04%)
  Final     : HEALTHY
  Image time: 217.77 ms

P08
  Image     : healthy (80.24%)
  Image risk: 19.76%
  Sensor    : Healthy (72.00%)
  Sensor risk: 28.00%
  Fusion    : healthy (76.95%)
  Final     : HEALTHY
  Image time: 217.61 ms

P09
  Image     : healthy (98.69%)
  Image risk: 1.31%
  Sensor    : Healthy (72.00%)
  Sensor risk: 28.00%
  Fusion    : healthy (88.01%)
  Final     : HEALTHY
  Image time: 216.33 ms

P10
  Image     : unhealthy (59.80%)
  Image risk: 59.80%
  Sensor    : Healthy (72.00%)
  Sensor risk: 28.00%
  Fusion    : healthy (52.92%)
  Final     : HEALTHY
  Image time: 217.41 ms

P11
  Image     : healthy (84.69%)
  Image risk: 15.31%
  Sensor    : Healthy (72.00%)
  Sensor risk: 28.00%
  Fusion    : healthy (79.62%)
  Final     : HEALTHY
  Image time: 220.12 ms

P12
  Image     : healthy (82.39%)
  Image risk: 17.61%
  Sensor    : Healthy (72.00%)
  Sensor risk: 28.00%
  Fusion    : healthy (78.24%)
  Final     : HEALTHY
  Image time: 217.92 ms

========================================
Updating SQLite predictions...
========================================
12 plant records updated.

========================================
 INFERENCE COMPLETED
========================================
Capture ID           : CAP_20260819_120111
Plants processed     : 12
Average image latency: 220.75 ms
Min image latency    : 215.11 ms
Max image latency    : 261.21 ms
Sensor latency       : 179.380 ms
Total script time    : 6408.31 ms

Predictions saved to:
/hydroponic_project/database/hydroponic.db

Processing CAP_20260819_130003

========================================
 HYDROPONIC EDGE-AI INFERENCE
========================================
Device        : cpu
Image weight  : 0.60
Sensor weight : 0.40
Threshold     : 0.50

========================================
Loading MobileNetV2...
========================================
Model       : mobilenet_v2
Classes     : ['healthy', 'unhealthy']
Class map   : {'healthy': 0, 'unhealthy': 1}
Best epoch  : 9
Load time   : 340.28 ms

========================================
Loading Random Forest sensor model...
========================================
Model       : Random Forest
Features    : ['pH', 'TDS', 'water_level', 'DHT_temp', 'DHT_humidity', 'water_temp']
Classes     : [0 1]
Class map   : {'0': 'Unhealthy / Stress warning', '1': 'Healthy'}
Load time   : 3110.91 ms

========================================
CAPTURE
========================================
Capture ID : CAP_20260819_130003
Timestamp  : 2026-08-19 13:00:03
Plants     : 12

========================================
SENSOR VALUES
========================================
pH            : 6.57
TDS           : 795.4 ppm
Water level   : OK
Air temp      : 33.1 C
Humidity      : 67.2 %
Water temp    : 30.37 C

Sensor model  : Unhealthy / Stress warning
Sensor conf.  : 97.00%
Sensor risk   : 97.00%
Sensor time   : 171.731 ms

========================================
PLANT INFERENCE
========================================

P01
  Image     : unhealthy (80.68%)
  Image risk: 80.68%
  Sensor    : Unhealthy / Stress warning (97.00%)
  Sensor risk: 97.00%
  Fusion    : unhealthy (87.21%)
  Final     : STRESS WARNING
  Image time: 261.47 ms

P02
  Image     : healthy (89.94%)
  Image risk: 10.06%
  Sensor    : Unhealthy / Stress warning (97.00%)
  Sensor risk: 97.00%
  Fusion    : healthy (55.16%)
  Final     : HEALTHY
  Image time: 219.65 ms

P03
  Image     : unhealthy (70.62%)
  Image risk: 70.62%
  Sensor    : Unhealthy / Stress warning (97.00%)
  Sensor risk: 97.00%
  Fusion    : unhealthy (81.17%)
  Final     : STRESS WARNING
  Image time: 218.47 ms

P04
  Image     : healthy (93.28%)
  Image risk: 6.72%
  Sensor    : Unhealthy / Stress warning (97.00%)
  Sensor risk: 97.00%
  Fusion    : healthy (57.17%)
  Final     : HEALTHY
  Image time: 234.62 ms

P05
  Image     : healthy (95.24%)
  Image risk: 4.76%
  Sensor    : Unhealthy / Stress warning (97.00%)
  Sensor risk: 97.00%
  Fusion    : healthy (58.34%)
  Final     : HEALTHY
  Image time: 217.78 ms

P06
  Image     : unhealthy (90.80%)
  Image risk: 90.80%
  Sensor    : Unhealthy / Stress warning (97.00%)
  Sensor risk: 97.00%
  Fusion    : unhealthy (93.28%)
  Final     : STRESS WARNING
  Image time: 220.26 ms

P07
  Image     : healthy (85.00%)
  Image risk: 15.00%
  Sensor    : Unhealthy / Stress warning (97.00%)
  Sensor risk: 97.00%
  Fusion    : healthy (52.20%)
  Final     : HEALTHY
  Image time: 216.69 ms

P08
  Image     : healthy (75.73%)
  Image risk: 24.27%
  Sensor    : Unhealthy / Stress warning (97.00%)
  Sensor risk: 97.00%
  Fusion    : unhealthy (53.36%)
  Final     : STRESS WARNING
  Image time: 216.76 ms

P09
  Image     : healthy (95.93%)
  Image risk: 4.07%
  Sensor    : Unhealthy / Stress warning (97.00%)
  Sensor risk: 97.00%
  Fusion    : healthy (58.76%)
  Final     : HEALTHY
  Image time: 218.84 ms

P10
  Image     : unhealthy (97.85%)
  Image risk: 97.85%
  Sensor    : Unhealthy / Stress warning (97.00%)
  Sensor risk: 97.00%
  Fusion    : unhealthy (97.51%)
  Final     : STRESS WARNING
  Image time: 220.43 ms

P11
  Image     : healthy (97.72%)
  Image risk: 2.28%
  Sensor    : Unhealthy / Stress warning (97.00%)
  Sensor risk: 97.00%
  Fusion    : healthy (59.83%)
  Final     : HEALTHY
  Image time: 217.51 ms

P12
  Image     : healthy (88.86%)
  Image risk: 11.14%
  Sensor    : Unhealthy / Stress warning (97.00%)
  Sensor risk: 97.00%
  Fusion    : healthy (54.51%)
  Final     : HEALTHY
  Image time: 218.31 ms

========================================
Updating SQLite predictions...
========================================
12 plant records updated.

========================================
 INFERENCE COMPLETED
========================================
Capture ID           : CAP_20260819_130003
Plants processed     : 12
Average image latency: 223.40 ms
Min image latency    : 216.69 ms
Max image latency    : 261.47 ms
Sensor latency       : 171.731 ms
Total script time    : 6445.02 ms

Predictions saved to:
/hydroponic_project/database/hydroponic.db

Processing CAP_20260819_140003

========================================
 HYDROPONIC EDGE-AI INFERENCE
========================================
Device        : cpu
Image weight  : 0.60
Sensor weight : 0.40
Threshold     : 0.50

========================================
Loading MobileNetV2...
========================================
Model       : mobilenet_v2
Classes     : ['healthy', 'unhealthy']
Class map   : {'healthy': 0, 'unhealthy': 1}
Best epoch  : 9
Load time   : 343.82 ms

========================================
Loading Random Forest sensor model...
========================================
Model       : Random Forest
Features    : ['pH', 'TDS', 'water_level', 'DHT_temp', 'DHT_humidity', 'water_temp']
Classes     : [0 1]
Class map   : {'0': 'Unhealthy / Stress warning', '1': 'Healthy'}
Load time   : 3096.18 ms

========================================
CAPTURE
========================================
Capture ID : CAP_20260819_140003
Timestamp  : 2026-08-19 14:00:03
Plants     : 12

========================================
SENSOR VALUES
========================================
pH            : 6.73
TDS           : 785.7 ppm
Water level   : OK
Air temp      : 32.9 C
Humidity      : 67.7 %
Water temp    : 30.62 C

Sensor model  : Unhealthy / Stress warning
Sensor conf.  : 98.00%
Sensor risk   : 98.00%
Sensor time   : 178.177 ms

========================================
PLANT INFERENCE
========================================

P01
  Image     : healthy (66.82%)
  Image risk: 33.18%
  Sensor    : Unhealthy / Stress warning (98.00%)
  Sensor risk: 98.00%
  Fusion    : unhealthy (59.11%)
  Final     : STRESS WARNING
  Image time: 263.88 ms

P02
  Image     : healthy (82.31%)
  Image risk: 17.69%
  Sensor    : Unhealthy / Stress warning (98.00%)
  Sensor risk: 98.00%
  Fusion    : healthy (50.19%)
  Final     : HEALTHY
  Image time: 219.59 ms

P03
  Image     : unhealthy (63.17%)
  Image risk: 63.17%
  Sensor    : Unhealthy / Stress warning (98.00%)
  Sensor risk: 98.00%
  Fusion    : unhealthy (77.10%)
  Final     : STRESS WARNING
  Image time: 219.57 ms

P04
  Image     : healthy (98.93%)
  Image risk: 1.07%
  Sensor    : Unhealthy / Stress warning (98.00%)
  Sensor risk: 98.00%
  Fusion    : healthy (60.16%)
  Final     : HEALTHY
  Image time: 219.70 ms

P05
  Image     : healthy (98.62%)
  Image risk: 1.38%
  Sensor    : Unhealthy / Stress warning (98.00%)
  Sensor risk: 98.00%
  Fusion    : healthy (59.97%)
  Final     : HEALTHY
  Image time: 226.56 ms

P06
  Image     : unhealthy (95.37%)
  Image risk: 95.37%
  Sensor    : Unhealthy / Stress warning (98.00%)
  Sensor risk: 98.00%
  Fusion    : unhealthy (96.42%)
  Final     : STRESS WARNING
  Image time: 219.05 ms

P07
  Image     : healthy (51.89%)
  Image risk: 48.11%
  Sensor    : Unhealthy / Stress warning (98.00%)
  Sensor risk: 98.00%
  Fusion    : unhealthy (68.06%)
  Final     : STRESS WARNING
  Image time: 220.49 ms

P08
  Image     : healthy (86.60%)
  Image risk: 13.40%
  Sensor    : Unhealthy / Stress warning (98.00%)
  Sensor risk: 98.00%
  Fusion    : healthy (52.76%)
  Final     : HEALTHY
  Image time: 218.90 ms

P09
  Image     : healthy (98.09%)
  Image risk: 1.91%
  Sensor    : Unhealthy / Stress warning (98.00%)
  Sensor risk: 98.00%
  Fusion    : healthy (59.66%)
  Final     : HEALTHY
  Image time: 219.51 ms

P10
  Image     : unhealthy (96.46%)
  Image risk: 96.46%
  Sensor    : Unhealthy / Stress warning (98.00%)
  Sensor risk: 98.00%
  Fusion    : unhealthy (97.07%)
  Final     : STRESS WARNING
  Image time: 222.53 ms

P11
  Image     : healthy (88.69%)
  Image risk: 11.31%
  Sensor    : Unhealthy / Stress warning (98.00%)
  Sensor risk: 98.00%
  Fusion    : healthy (54.01%)
  Final     : HEALTHY
  Image time: 219.50 ms

P12
  Image     : healthy (56.07%)
  Image risk: 43.93%
  Sensor    : Unhealthy / Stress warning (98.00%)
  Sensor risk: 98.00%
  Fusion    : unhealthy (65.56%)
  Final     : STRESS WARNING
  Image time: 218.92 ms

========================================
Updating SQLite predictions...
========================================
12 plant records updated.

========================================
 INFERENCE COMPLETED
========================================
Capture ID           : CAP_20260819_140003
Plants processed     : 12
Average image latency: 224.02 ms
Min image latency    : 218.90 ms
Max image latency    : 263.88 ms
Sensor latency       : 178.177 ms
Total script time    : 6443.11 ms

Predictions saved to:
/hydroponic_project/database/hydroponic.db

Processing CAP_20260819_150003

========================================
 HYDROPONIC EDGE-AI INFERENCE
========================================
Device        : cpu
Image weight  : 0.60
Sensor weight : 0.40
Threshold     : 0.50

========================================
Loading MobileNetV2...
========================================
Model       : mobilenet_v2
Classes     : ['healthy', 'unhealthy']
Class map   : {'healthy': 0, 'unhealthy': 1}
Best epoch  : 9
Load time   : 341.36 ms

========================================
Loading Random Forest sensor model...
========================================
Model       : Random Forest
Features    : ['pH', 'TDS', 'water_level', 'DHT_temp', 'DHT_humidity', 'water_temp']
Classes     : [0 1]
Class map   : {'0': 'Unhealthy / Stress warning', '1': 'Healthy'}
Load time   : 3103.11 ms

========================================
CAPTURE
========================================
Capture ID : CAP_20260819_150003
Timestamp  : 2026-08-19 15:00:03
Plants     : 12

========================================
SENSOR VALUES
========================================
pH            : 6.82
TDS           : 781.5 ppm
Water level   : OK
Air temp      : 32.9 C
Humidity      : 67.2 %
Water temp    : 30.62 C

Sensor model  : Unhealthy / Stress warning
Sensor conf.  : 93.00%
Sensor risk   : 93.00%
Sensor time   : 180.279 ms

========================================
PLANT INFERENCE
========================================

P01
  Image     : unhealthy (59.26%)
  Image risk: 59.26%
  Sensor    : Unhealthy / Stress warning (93.00%)
  Sensor risk: 93.00%
  Fusion    : unhealthy (72.75%)
  Final     : STRESS WARNING
  Image time: 259.90 ms

P02
  Image     : healthy (73.72%)
  Image risk: 26.28%
  Sensor    : Unhealthy / Stress warning (93.00%)
  Sensor risk: 93.00%
  Fusion    : unhealthy (52.97%)
  Final     : STRESS WARNING
  Image time: 217.15 ms

P03
  Image     : healthy (50.55%)
  Image risk: 49.45%
  Sensor    : Unhealthy / Stress warning (93.00%)
  Sensor risk: 93.00%
  Fusion    : unhealthy (66.87%)
  Final     : STRESS WARNING
  Image time: 217.72 ms

P04
  Image     : healthy (97.68%)
  Image risk: 2.32%
  Sensor    : Unhealthy / Stress warning (93.00%)
  Sensor risk: 93.00%
  Fusion    : healthy (61.41%)
  Final     : HEALTHY
  Image time: 217.83 ms

P05
  Image     : healthy (96.49%)
  Image risk: 3.51%
  Sensor    : Unhealthy / Stress warning (93.00%)
  Sensor risk: 93.00%
  Fusion    : healthy (60.69%)
  Final     : HEALTHY
  Image time: 216.97 ms

P06
  Image     : unhealthy (99.16%)
  Image risk: 99.16%
  Sensor    : Unhealthy / Stress warning (93.00%)
  Sensor risk: 93.00%
  Fusion    : unhealthy (96.70%)
  Final     : STRESS WARNING
  Image time: 217.54 ms

P07
  Image     : unhealthy (65.61%)
  Image risk: 65.61%
  Sensor    : Unhealthy / Stress warning (93.00%)
  Sensor risk: 93.00%
  Fusion    : unhealthy (76.56%)
  Final     : STRESS WARNING
  Image time: 216.80 ms

P08
  Image     : healthy (97.07%)
  Image risk: 2.93%
  Sensor    : Unhealthy / Stress warning (93.00%)
  Sensor risk: 93.00%
  Fusion    : healthy (61.04%)
  Final     : HEALTHY
  Image time: 217.31 ms

P09
  Image     : healthy (99.05%)
  Image risk: 0.95%
  Sensor    : Unhealthy / Stress warning (93.00%)
  Sensor risk: 93.00%
  Fusion    : healthy (62.23%)
  Final     : HEALTHY
  Image time: 220.81 ms

P10
  Image     : unhealthy (99.07%)
  Image risk: 99.07%
  Sensor    : Unhealthy / Stress warning (93.00%)
  Sensor risk: 93.00%
  Fusion    : unhealthy (96.64%)
  Final     : STRESS WARNING
  Image time: 217.46 ms

P11
  Image     : healthy (88.58%)
  Image risk: 11.42%
  Sensor    : Unhealthy / Stress warning (93.00%)
  Sensor risk: 93.00%
  Fusion    : healthy (55.95%)
  Final     : HEALTHY
  Image time: 217.05 ms

P12
  Image     : healthy (81.41%)
  Image risk: 18.59%
  Sensor    : Unhealthy / Stress warning (93.00%)
  Sensor risk: 93.00%
  Fusion    : healthy (51.65%)
  Final     : HEALTHY
  Image time: 222.02 ms

========================================
Updating SQLite predictions...
========================================
12 plant records updated.

========================================
 INFERENCE COMPLETED
========================================
Capture ID           : CAP_20260819_150003
Plants processed     : 12
Average image latency: 221.55 ms
Min image latency    : 216.80 ms
Max image latency    : 259.90 ms
Sensor latency       : 180.279 ms
Total script time    : 6419.95 ms

Predictions saved to:
/hydroponic_project/database/hydroponic.db

Processing CAP_20260819_160003

========================================
 HYDROPONIC EDGE-AI INFERENCE
========================================
Device        : cpu
Image weight  : 0.60
Sensor weight : 0.40
Threshold     : 0.50

========================================
Loading MobileNetV2...
========================================
Model       : mobilenet_v2
Classes     : ['healthy', 'unhealthy']
Class map   : {'healthy': 0, 'unhealthy': 1}
Best epoch  : 9
Load time   : 340.54 ms

========================================
Loading Random Forest sensor model...
========================================
Model       : Random Forest
Features    : ['pH', 'TDS', 'water_level', 'DHT_temp', 'DHT_humidity', 'water_temp']
Classes     : [0 1]
Class map   : {'0': 'Unhealthy / Stress warning', '1': 'Healthy'}
Load time   : 3105.35 ms

========================================
CAPTURE
========================================
Capture ID : CAP_20260819_160003
Timestamp  : 2026-08-19 16:00:03
Plants     : 12

========================================
SENSOR VALUES
========================================
pH            : 6.61
TDS           : 777.0 ppm
Water level   : OK
Air temp      : 31.9 C
Humidity      : 71.5 %
Water temp    : 30.56 C

Sensor model  : Unhealthy / Stress warning
Sensor conf.  : 95.33%
Sensor risk   : 95.33%
Sensor time   : 181.173 ms

========================================
PLANT INFERENCE
========================================

P01
  Image     : unhealthy (90.98%)
  Image risk: 90.98%
  Sensor    : Unhealthy / Stress warning (95.33%)
  Sensor risk: 95.33%
  Fusion    : unhealthy (92.72%)
  Final     : STRESS WARNING
  Image time: 260.22 ms

P02
  Image     : healthy (78.27%)
  Image risk: 21.73%
  Sensor    : Unhealthy / Stress warning (95.33%)
  Sensor risk: 95.33%
  Fusion    : unhealthy (51.17%)
  Final     : STRESS WARNING
  Image time: 217.77 ms

P03
  Image     : healthy (77.95%)
  Image risk: 22.05%
  Sensor    : Unhealthy / Stress warning (95.33%)
  Sensor risk: 95.33%
  Fusion    : unhealthy (51.36%)
  Final     : STRESS WARNING
  Image time: 216.94 ms

P04
  Image     : healthy (63.21%)
  Image risk: 36.79%
  Sensor    : Unhealthy / Stress warning (95.33%)
  Sensor risk: 95.33%
  Fusion    : unhealthy (60.21%)
  Final     : STRESS WARNING
  Image time: 219.50 ms

P05
  Image     : healthy (98.47%)
  Image risk: 1.53%
  Sensor    : Unhealthy / Stress warning (95.33%)
  Sensor risk: 95.33%
  Fusion    : healthy (60.95%)
  Final     : HEALTHY
  Image time: 217.37 ms

P06
  Image     : unhealthy (99.82%)
  Image risk: 99.82%
  Sensor    : Unhealthy / Stress warning (95.33%)
  Sensor risk: 95.33%
  Fusion    : unhealthy (98.02%)
  Final     : STRESS WARNING
  Image time: 217.48 ms

P07
  Image     : healthy (55.92%)
  Image risk: 44.08%
  Sensor    : Unhealthy / Stress warning (95.33%)
  Sensor risk: 95.33%
  Fusion    : unhealthy (64.58%)
  Final     : STRESS WARNING
  Image time: 218.14 ms

P08
  Image     : healthy (62.01%)
  Image risk: 37.99%
  Sensor    : Unhealthy / Stress warning (95.33%)
  Sensor risk: 95.33%
  Fusion    : unhealthy (60.93%)
  Final     : STRESS WARNING
  Image time: 218.13 ms

P09
  Image     : healthy (98.88%)
  Image risk: 1.12%
  Sensor    : Unhealthy / Stress warning (95.33%)
  Sensor risk: 95.33%
  Fusion    : healthy (61.19%)
  Final     : HEALTHY
  Image time: 218.88 ms

P10
  Image     : unhealthy (86.05%)
  Image risk: 86.05%
  Sensor    : Unhealthy / Stress warning (95.33%)
  Sensor risk: 95.33%
  Fusion    : unhealthy (89.76%)
  Final     : STRESS WARNING
  Image time: 218.39 ms

P11
  Image     : healthy (83.92%)
  Image risk: 16.08%
  Sensor    : Unhealthy / Stress warning (95.33%)
  Sensor risk: 95.33%
  Fusion    : healthy (52.22%)
  Final     : HEALTHY
  Image time: 217.19 ms

P12
  Image     : healthy (98.54%)
  Image risk: 1.46%
  Sensor    : Unhealthy / Stress warning (95.33%)
  Sensor risk: 95.33%
  Fusion    : healthy (60.99%)
  Final     : HEALTHY
  Image time: 217.47 ms

========================================
Updating SQLite predictions...
========================================
12 plant records updated.

========================================
 INFERENCE COMPLETED
========================================
Capture ID           : CAP_20260819_160003
Plants processed     : 12
Average image latency: 221.46 ms
Min image latency    : 216.94 ms
Max image latency    : 260.22 ms
Sensor latency       : 181.173 ms
Total script time    : 6424.32 ms

Predictions saved to:
/hydroponic_project/database/hydroponic.db

Processing CAP_20260819_170004

========================================
 HYDROPONIC EDGE-AI INFERENCE
========================================
Device        : cpu
Image weight  : 0.60
Sensor weight : 0.40
Threshold     : 0.50

========================================
Loading MobileNetV2...
========================================
Model       : mobilenet_v2
Classes     : ['healthy', 'unhealthy']
Class map   : {'healthy': 0, 'unhealthy': 1}
Best epoch  : 9
Load time   : 339.27 ms

========================================
Loading Random Forest sensor model...
========================================
Model       : Random Forest
Features    : ['pH', 'TDS', 'water_level', 'DHT_temp', 'DHT_humidity', 'water_temp']
Classes     : [0 1]
Class map   : {'0': 'Unhealthy / Stress warning', '1': 'Healthy'}
Load time   : 3105.10 ms

========================================
CAPTURE
========================================
Capture ID : CAP_20260819_170004
Timestamp  : 2026-08-19 17:00:04
Plants     : 12

========================================
SENSOR VALUES
========================================
pH            : 6.64
TDS           : 775.9 ppm
Water level   : OK
Air temp      : 31.8 C
Humidity      : 71.2 %
Water temp    : 30.37 C

Sensor model  : Unhealthy / Stress warning
Sensor conf.  : 95.67%
Sensor risk   : 95.67%
Sensor time   : 170.582 ms

========================================
PLANT INFERENCE
========================================

P01
  Image     : unhealthy (88.84%)
  Image risk: 88.84%
  Sensor    : Unhealthy / Stress warning (95.67%)
  Sensor risk: 95.67%
  Fusion    : unhealthy (91.57%)
  Final     : STRESS WARNING
  Image time: 261.03 ms

P02
  Image     : healthy (86.15%)
  Image risk: 13.85%
  Sensor    : Unhealthy / Stress warning (95.67%)
  Sensor risk: 95.67%
  Fusion    : healthy (53.42%)
  Final     : HEALTHY
  Image time: 216.47 ms

P03
  Image     : healthy (84.27%)
  Image risk: 15.73%
  Sensor    : Unhealthy / Stress warning (95.67%)
  Sensor risk: 95.67%
  Fusion    : healthy (52.30%)
  Final     : HEALTHY
  Image time: 217.23 ms

P04
  Image     : healthy (72.92%)
  Image risk: 27.08%
  Sensor    : Unhealthy / Stress warning (95.67%)
  Sensor risk: 95.67%
  Fusion    : unhealthy (54.51%)
  Final     : STRESS WARNING
  Image time: 217.36 ms

P05
  Image     : healthy (97.76%)
  Image risk: 2.24%
  Sensor    : Unhealthy / Stress warning (95.67%)
  Sensor risk: 95.67%
  Fusion    : healthy (60.39%)
  Final     : HEALTHY
  Image time: 217.23 ms

P06
  Image     : unhealthy (99.48%)
  Image risk: 99.48%
  Sensor    : Unhealthy / Stress warning (95.67%)
  Sensor risk: 95.67%
  Fusion    : unhealthy (97.95%)
  Final     : STRESS WARNING
  Image time: 216.44 ms

P07
  Image     : healthy (86.86%)
  Image risk: 13.14%
  Sensor    : Unhealthy / Stress warning (95.67%)
  Sensor risk: 95.67%
  Fusion    : healthy (53.85%)
  Final     : HEALTHY
  Image time: 217.41 ms

P08
  Image     : healthy (81.02%)
  Image risk: 18.98%
  Sensor    : Unhealthy / Stress warning (95.67%)
  Sensor risk: 95.67%
  Fusion    : healthy (50.35%)
  Final     : HEALTHY
  Image time: 218.07 ms

P09
  Image     : healthy (99.26%)
  Image risk: 0.74%
  Sensor    : Unhealthy / Stress warning (95.67%)
  Sensor risk: 95.67%
  Fusion    : healthy (61.29%)
  Final     : HEALTHY
  Image time: 216.72 ms

P10
  Image     : unhealthy (95.48%)
  Image risk: 95.48%
  Sensor    : Unhealthy / Stress warning (95.67%)
  Sensor risk: 95.67%
  Fusion    : unhealthy (95.55%)
  Final     : STRESS WARNING
  Image time: 217.61 ms

P11
  Image     : healthy (95.96%)
  Image risk: 4.04%
  Sensor    : Unhealthy / Stress warning (95.67%)
  Sensor risk: 95.67%
  Fusion    : healthy (59.31%)
  Final     : HEALTHY
  Image time: 216.58 ms

P12
  Image     : healthy (98.40%)
  Image risk: 1.60%
  Sensor    : Unhealthy / Stress warning (95.67%)
  Sensor risk: 95.67%
  Fusion    : healthy (60.77%)
  Final     : HEALTHY
  Image time: 219.21 ms

========================================
Updating SQLite predictions...
========================================
12 plant records updated.

========================================
 INFERENCE COMPLETED
========================================
Capture ID           : CAP_20260819_170004
Plants processed     : 12
Average image latency: 220.94 ms
Min image latency    : 216.44 ms
Max image latency    : 261.03 ms
Sensor latency       : 170.582 ms
Total script time    : 6406.53 ms

Predictions saved to:
/hydroponic_project/database/hydroponic.db

Processing CAP_20260819_180003

========================================
 HYDROPONIC EDGE-AI INFERENCE
========================================
Device        : cpu
Image weight  : 0.60
Sensor weight : 0.40
Threshold     : 0.50

========================================
Loading MobileNetV2...
========================================
Model       : mobilenet_v2
Classes     : ['healthy', 'unhealthy']
Class map   : {'healthy': 0, 'unhealthy': 1}
Best epoch  : 9
Load time   : 342.10 ms

========================================
Loading Random Forest sensor model...
========================================
Model       : Random Forest
Features    : ['pH', 'TDS', 'water_level', 'DHT_temp', 'DHT_humidity', 'water_temp']
Classes     : [0 1]
Class map   : {'0': 'Unhealthy / Stress warning', '1': 'Healthy'}
Load time   : 3101.48 ms

========================================
CAPTURE
========================================
Capture ID : CAP_20260819_180003
Timestamp  : 2026-08-19 18:00:03
Plants     : 12

========================================
SENSOR VALUES
========================================
pH            : 6.95
TDS           : 775.7 ppm
Water level   : OK
Air temp      : 31.2 C
Humidity      : 71.8 %
Water temp    : 30.12 C

Sensor model  : Unhealthy / Stress warning
Sensor conf.  : 91.33%
Sensor risk   : 91.33%
Sensor time   : 177.018 ms

========================================
PLANT INFERENCE
========================================

P01
  Image     : unhealthy (92.37%)
  Image risk: 92.37%
  Sensor    : Unhealthy / Stress warning (91.33%)
  Sensor risk: 91.33%
  Fusion    : unhealthy (91.96%)
  Final     : STRESS WARNING
  Image time: 260.80 ms

P02
  Image     : healthy (89.42%)
  Image risk: 10.58%
  Sensor    : Unhealthy / Stress warning (91.33%)
  Sensor risk: 91.33%
  Fusion    : healthy (57.12%)
  Final     : HEALTHY
  Image time: 216.86 ms

P03
  Image     : unhealthy (79.43%)
  Image risk: 79.43%
  Sensor    : Unhealthy / Stress warning (91.33%)
  Sensor risk: 91.33%
  Fusion    : unhealthy (84.19%)
  Final     : STRESS WARNING
  Image time: 217.49 ms

P04
  Image     : healthy (70.88%)
  Image risk: 29.12%
  Sensor    : Unhealthy / Stress warning (91.33%)
  Sensor risk: 91.33%
  Fusion    : unhealthy (54.01%)
  Final     : STRESS WARNING
  Image time: 216.59 ms

P05
  Image     : healthy (90.48%)
  Image risk: 9.52%
  Sensor    : Unhealthy / Stress warning (91.33%)
  Sensor risk: 91.33%
  Fusion    : healthy (57.75%)
  Final     : HEALTHY
  Image time: 217.34 ms

P06
  Image     : unhealthy (99.95%)
  Image risk: 99.95%
  Sensor    : Unhealthy / Stress warning (91.33%)
  Sensor risk: 91.33%
  Fusion    : unhealthy (96.50%)
  Final     : STRESS WARNING
  Image time: 216.44 ms

P07
  Image     : unhealthy (72.04%)
  Image risk: 72.04%
  Sensor    : Unhealthy / Stress warning (91.33%)
  Sensor risk: 91.33%
  Fusion    : unhealthy (79.76%)
  Final     : STRESS WARNING
  Image time: 219.84 ms

P08
  Image     : healthy (83.55%)
  Image risk: 16.45%
  Sensor    : Unhealthy / Stress warning (91.33%)
  Sensor risk: 91.33%
  Fusion    : healthy (53.60%)
  Final     : HEALTHY
  Image time: 218.73 ms

P09
  Image     : healthy (97.64%)
  Image risk: 2.36%
  Sensor    : Unhealthy / Stress warning (91.33%)
  Sensor risk: 91.33%
  Fusion    : healthy (62.05%)
  Final     : HEALTHY
  Image time: 217.86 ms

P10
  Image     : unhealthy (91.78%)
  Image risk: 91.78%
  Sensor    : Unhealthy / Stress warning (91.33%)
  Sensor risk: 91.33%
  Fusion    : unhealthy (91.60%)
  Final     : STRESS WARNING
  Image time: 217.02 ms

P11
  Image     : unhealthy (58.40%)
  Image risk: 58.40%
  Sensor    : Unhealthy / Stress warning (91.33%)
  Sensor risk: 91.33%
  Fusion    : unhealthy (71.57%)
  Final     : STRESS WARNING
  Image time: 217.11 ms

P12
  Image     : healthy (95.96%)
  Image risk: 4.04%
  Sensor    : Unhealthy / Stress warning (91.33%)
  Sensor risk: 91.33%
  Fusion    : healthy (61.05%)
  Final     : HEALTHY
  Image time: 218.96 ms

========================================
Updating SQLite predictions...
========================================
12 plant records updated.

========================================
 INFERENCE COMPLETED
========================================
Capture ID           : CAP_20260819_180003
Plants processed     : 12
Average image latency: 221.25 ms
Min image latency    : 216.44 ms
Max image latency    : 260.80 ms
Sensor latency       : 177.018 ms
Total script time    : 6412.33 ms

Predictions saved to:
/hydroponic_project/database/hydroponic.db

Processing CAP_20260819_190004

========================================
 HYDROPONIC EDGE-AI INFERENCE
========================================
Device        : cpu
Image weight  : 0.60
Sensor weight : 0.40
Threshold     : 0.50

========================================
Loading MobileNetV2...
========================================
Model       : mobilenet_v2
Classes     : ['healthy', 'unhealthy']
Class map   : {'healthy': 0, 'unhealthy': 1}
Best epoch  : 9
Load time   : 339.63 ms

========================================
Loading Random Forest sensor model...
========================================
Model       : Random Forest
Features    : ['pH', 'TDS', 'water_level', 'DHT_temp', 'DHT_humidity', 'water_temp']
Classes     : [0 1]
Class map   : {'0': 'Unhealthy / Stress warning', '1': 'Healthy'}
Load time   : 3114.06 ms

========================================
CAPTURE
========================================
Capture ID : CAP_20260819_190004
Timestamp  : 2026-08-19 19:00:04
Plants     : 12

========================================
SENSOR VALUES
========================================
pH            : 6.74
TDS           : 777.1 ppm
Water level   : OK
Air temp      : 30.7 C
Humidity      : 74.9 %
Water temp    : 29.75 C

Sensor model  : Unhealthy / Stress warning
Sensor conf.  : 95.00%
Sensor risk   : 95.00%
Sensor time   : 177.935 ms

========================================
PLANT INFERENCE
========================================

P01
  Image     : unhealthy (99.75%)
  Image risk: 99.75%
  Sensor    : Unhealthy / Stress warning (95.00%)
  Sensor risk: 95.00%
  Fusion    : unhealthy (97.85%)
  Final     : STRESS WARNING
  Image time: 260.86 ms

P02
  Image     : unhealthy (99.98%)
  Image risk: 99.98%
  Sensor    : Unhealthy / Stress warning (95.00%)
  Sensor risk: 95.00%
  Fusion    : unhealthy (97.99%)
  Final     : STRESS WARNING
  Image time: 221.90 ms

P03
  Image     : unhealthy (99.50%)
  Image risk: 99.50%
  Sensor    : Unhealthy / Stress warning (95.00%)
  Sensor risk: 95.00%
  Fusion    : unhealthy (97.70%)
  Final     : STRESS WARNING
  Image time: 216.46 ms

P04
  Image     : healthy (59.02%)
  Image risk: 40.98%
  Sensor    : Unhealthy / Stress warning (95.00%)
  Sensor risk: 95.00%
  Fusion    : unhealthy (62.59%)
  Final     : STRESS WARNING
  Image time: 216.85 ms

P05
  Image     : unhealthy (99.85%)
  Image risk: 99.85%
  Sensor    : Unhealthy / Stress warning (95.00%)
  Sensor risk: 95.00%
  Fusion    : unhealthy (97.91%)
  Final     : STRESS WARNING
  Image time: 216.72 ms

P06
  Image     : unhealthy (99.58%)
  Image risk: 99.58%
  Sensor    : Unhealthy / Stress warning (95.00%)
  Sensor risk: 95.00%
  Fusion    : unhealthy (97.75%)
  Final     : STRESS WARNING
  Image time: 216.99 ms

P07
  Image     : unhealthy (99.76%)
  Image risk: 99.76%
  Sensor    : Unhealthy / Stress warning (95.00%)
  Sensor risk: 95.00%
  Fusion    : unhealthy (97.86%)
  Final     : STRESS WARNING
  Image time: 218.05 ms

P08
  Image     : unhealthy (84.54%)
  Image risk: 84.54%
  Sensor    : Unhealthy / Stress warning (95.00%)
  Sensor risk: 95.00%
  Fusion    : unhealthy (88.73%)
  Final     : STRESS WARNING
  Image time: 216.23 ms

P09
  Image     : unhealthy (99.64%)
  Image risk: 99.64%
  Sensor    : Unhealthy / Stress warning (95.00%)
  Sensor risk: 95.00%
  Fusion    : unhealthy (97.79%)
  Final     : STRESS WARNING
  Image time: 216.07 ms

P10
  Image     : unhealthy (99.97%)
  Image risk: 99.97%
  Sensor    : Unhealthy / Stress warning (95.00%)
  Sensor risk: 95.00%
  Fusion    : unhealthy (97.98%)
  Final     : STRESS WARNING
  Image time: 217.00 ms

P11
  Image     : unhealthy (96.35%)
  Image risk: 96.35%
  Sensor    : Unhealthy / Stress warning (95.00%)
  Sensor risk: 95.00%
  Fusion    : unhealthy (95.81%)
  Final     : STRESS WARNING
  Image time: 217.45 ms

P12
  Image     : unhealthy (100.00%)
  Image risk: 100.00%
  Sensor    : Unhealthy / Stress warning (95.00%)
  Sensor risk: 95.00%
  Fusion    : unhealthy (98.00%)
  Final     : STRESS WARNING
  Image time: 217.55 ms

========================================
Updating SQLite predictions...
========================================
12 plant records updated.

========================================
 INFERENCE COMPLETED
========================================
Capture ID           : CAP_20260819_190004
Plants processed     : 12
Average image latency: 221.01 ms
Min image latency    : 216.07 ms
Max image latency    : 260.86 ms
Sensor latency       : 177.935 ms
Total script time    : 6422.42 ms

Predictions saved to:
/hydroponic_project/database/hydroponic.db

Processing CAP_20260819_200003

========================================
 HYDROPONIC EDGE-AI INFERENCE
========================================
Device        : cpu
Image weight  : 0.60
Sensor weight : 0.40
Threshold     : 0.50

========================================
Loading MobileNetV2...
========================================
Model       : mobilenet_v2
Classes     : ['healthy', 'unhealthy']
Class map   : {'healthy': 0, 'unhealthy': 1}
Best epoch  : 9
Load time   : 343.09 ms

========================================
Loading Random Forest sensor model...
========================================
Model       : Random Forest
Features    : ['pH', 'TDS', 'water_level', 'DHT_temp', 'DHT_humidity', 'water_temp']
Classes     : [0 1]
Class map   : {'0': 'Unhealthy / Stress warning', '1': 'Healthy'}
Load time   : 3099.21 ms

========================================
CAPTURE
========================================
Capture ID : CAP_20260819_200003
Timestamp  : 2026-08-19 20:00:03
Plants     : 12

========================================
SENSOR VALUES
========================================
pH            : 7.04
TDS           : 776.1 ppm
Water level   : OK
Air temp      : 30.5 C
Humidity      : 76.2 %
Water temp    : 29.56 C

Sensor model  : Unhealthy / Stress warning
Sensor conf.  : 96.00%
Sensor risk   : 96.00%
Sensor time   : 177.991 ms

========================================
PLANT INFERENCE
========================================

P01
  Image     : unhealthy (73.98%)
  Image risk: 73.98%
  Sensor    : Unhealthy / Stress warning (96.00%)
  Sensor risk: 96.00%
  Fusion    : unhealthy (82.79%)
  Final     : STRESS WARNING
  Image time: 261.66 ms

P02
  Image     : unhealthy (65.91%)
  Image risk: 65.91%
  Sensor    : Unhealthy / Stress warning (96.00%)
  Sensor risk: 96.00%
  Fusion    : unhealthy (77.95%)
  Final     : STRESS WARNING
  Image time: 220.94 ms

P03
  Image     : unhealthy (96.50%)
  Image risk: 96.50%
  Sensor    : Unhealthy / Stress warning (96.00%)
  Sensor risk: 96.00%
  Fusion    : unhealthy (96.30%)
  Final     : STRESS WARNING
  Image time: 217.97 ms

P04
  Image     : healthy (65.81%)
  Image risk: 34.19%
  Sensor    : Unhealthy / Stress warning (96.00%)
  Sensor risk: 96.00%
  Fusion    : unhealthy (58.91%)
  Final     : STRESS WARNING
  Image time: 217.89 ms

P05
  Image     : healthy (56.35%)
  Image risk: 43.65%
  Sensor    : Unhealthy / Stress warning (96.00%)
  Sensor risk: 96.00%
  Fusion    : unhealthy (64.59%)
  Final     : STRESS WARNING
  Image time: 217.48 ms

P06
  Image     : unhealthy (97.99%)
  Image risk: 97.99%
  Sensor    : Unhealthy / Stress warning (96.00%)
  Sensor risk: 96.00%
  Fusion    : unhealthy (97.20%)
  Final     : STRESS WARNING
  Image time: 219.85 ms

P07
  Image     : unhealthy (94.32%)
  Image risk: 94.32%
  Sensor    : Unhealthy / Stress warning (96.00%)
  Sensor risk: 96.00%
  Fusion    : unhealthy (94.99%)
  Final     : STRESS WARNING
  Image time: 217.85 ms

P08
  Image     : unhealthy (90.52%)
  Image risk: 90.52%
  Sensor    : Unhealthy / Stress warning (96.00%)
  Sensor risk: 96.00%
  Fusion    : unhealthy (92.71%)
  Final     : STRESS WARNING
  Image time: 217.64 ms

P09
  Image     : healthy (70.54%)
  Image risk: 29.46%
  Sensor    : Unhealthy / Stress warning (96.00%)
  Sensor risk: 96.00%
  Fusion    : unhealthy (56.07%)
  Final     : STRESS WARNING
  Image time: 216.89 ms

P10
  Image     : unhealthy (86.71%)
  Image risk: 86.71%
  Sensor    : Unhealthy / Stress warning (96.00%)
  Sensor risk: 96.00%
  Fusion    : unhealthy (90.43%)
  Final     : STRESS WARNING
  Image time: 219.28 ms

P11
  Image     : unhealthy (55.95%)
  Image risk: 55.95%
  Sensor    : Unhealthy / Stress warning (96.00%)
  Sensor risk: 96.00%
  Fusion    : unhealthy (71.97%)
  Final     : STRESS WARNING
  Image time: 218.05 ms

P12
  Image     : unhealthy (89.31%)
  Image risk: 89.31%
  Sensor    : Unhealthy / Stress warning (96.00%)
  Sensor risk: 96.00%
  Fusion    : unhealthy (91.99%)
  Final     : STRESS WARNING
  Image time: 217.41 ms

========================================
Updating SQLite predictions...
========================================
12 plant records updated.

========================================
 INFERENCE COMPLETED
========================================
Capture ID           : CAP_20260819_200003
Plants processed     : 12
Average image latency: 221.91 ms
Min image latency    : 216.89 ms
Max image latency    : 261.66 ms
Sensor latency       : 177.991 ms
Total script time    : 6419.33 ms

Predictions saved to:
/hydroponic_project/database/hydroponic.db

Processing CAP_20260819_210003

========================================
 HYDROPONIC EDGE-AI INFERENCE
========================================
Device        : cpu
Image weight  : 0.60
Sensor weight : 0.40
Threshold     : 0.50

========================================
Loading MobileNetV2...
========================================
Model       : mobilenet_v2
Classes     : ['healthy', 'unhealthy']
Class map   : {'healthy': 0, 'unhealthy': 1}
Best epoch  : 9
Load time   : 338.88 ms

========================================
Loading Random Forest sensor model...
========================================
Model       : Random Forest
Features    : ['pH', 'TDS', 'water_level', 'DHT_temp', 'DHT_humidity', 'water_temp']
Classes     : [0 1]
Class map   : {'0': 'Unhealthy / Stress warning', '1': 'Healthy'}
Load time   : 3109.47 ms

========================================
CAPTURE
========================================
Capture ID : CAP_20260819_210003
Timestamp  : 2026-08-19 21:00:03
Plants     : 12

========================================
SENSOR VALUES
========================================
pH            : 6.99
TDS           : 773.5 ppm
Water level   : OK
Air temp      : 30.4 C
Humidity      : 77.6 %
Water temp    : 29.5 C

Sensor model  : Unhealthy / Stress warning
Sensor conf.  : 92.33%
Sensor risk   : 92.33%
Sensor time   : 179.770 ms

========================================
PLANT INFERENCE
========================================

P01
  Image     : unhealthy (95.51%)
  Image risk: 95.51%
  Sensor    : Unhealthy / Stress warning (92.33%)
  Sensor risk: 92.33%
  Fusion    : unhealthy (94.24%)
  Final     : STRESS WARNING
  Image time: 261.80 ms

P02
  Image     : unhealthy (68.61%)
  Image risk: 68.61%
  Sensor    : Unhealthy / Stress warning (92.33%)
  Sensor risk: 92.33%
  Fusion    : unhealthy (78.10%)
  Final     : STRESS WARNING
  Image time: 216.61 ms

P03
  Image     : unhealthy (90.27%)
  Image risk: 90.27%
  Sensor    : Unhealthy / Stress warning (92.33%)
  Sensor risk: 92.33%
  Fusion    : unhealthy (91.09%)
  Final     : STRESS WARNING
  Image time: 217.01 ms

P04
  Image     : unhealthy (63.07%)
  Image risk: 63.07%
  Sensor    : Unhealthy / Stress warning (92.33%)
  Sensor risk: 92.33%
  Fusion    : unhealthy (74.78%)
  Final     : STRESS WARNING
  Image time: 216.67 ms

P05
  Image     : healthy (81.83%)
  Image risk: 18.17%
  Sensor    : Unhealthy / Stress warning (92.33%)
  Sensor risk: 92.33%
  Fusion    : healthy (52.16%)
  Final     : HEALTHY
  Image time: 220.28 ms

P06
  Image     : unhealthy (96.04%)
  Image risk: 96.04%
  Sensor    : Unhealthy / Stress warning (92.33%)
  Sensor risk: 92.33%
  Fusion    : unhealthy (94.56%)
  Final     : STRESS WARNING
  Image time: 217.65 ms

P07
  Image     : unhealthy (91.61%)
  Image risk: 91.61%
  Sensor    : Unhealthy / Stress warning (92.33%)
  Sensor risk: 92.33%
  Fusion    : unhealthy (91.90%)
  Final     : STRESS WARNING
  Image time: 217.27 ms

P08
  Image     : healthy (76.27%)
  Image risk: 23.73%
  Sensor    : Unhealthy / Stress warning (92.33%)
  Sensor risk: 92.33%
  Fusion    : unhealthy (51.17%)
  Final     : STRESS WARNING
  Image time: 216.53 ms

P09
  Image     : healthy (60.01%)
  Image risk: 39.99%
  Sensor    : Unhealthy / Stress warning (92.33%)
  Sensor risk: 92.33%
  Fusion    : unhealthy (60.93%)
  Final     : STRESS WARNING
  Image time: 217.21 ms

P10
  Image     : unhealthy (70.21%)
  Image risk: 70.21%
  Sensor    : Unhealthy / Stress warning (92.33%)
  Sensor risk: 92.33%
  Fusion    : unhealthy (79.06%)
  Final     : STRESS WARNING
  Image time: 218.23 ms

P11
  Image     : healthy (54.84%)
  Image risk: 45.16%
  Sensor    : Unhealthy / Stress warning (92.33%)
  Sensor risk: 92.33%
  Fusion    : unhealthy (64.03%)
  Final     : STRESS WARNING
  Image time: 217.32 ms

P12
  Image     : unhealthy (82.24%)
  Image risk: 82.24%
  Sensor    : Unhealthy / Stress warning (92.33%)
  Sensor risk: 92.33%
  Fusion    : unhealthy (86.28%)
  Final     : STRESS WARNING
  Image time: 216.56 ms

========================================
Updating SQLite predictions...
========================================
12 plant records updated.

========================================
 INFERENCE COMPLETED
========================================
Capture ID           : CAP_20260819_210003
Plants processed     : 12
Average image latency: 221.09 ms
Min image latency    : 216.53 ms
Max image latency    : 261.80 ms
Sensor latency       : 179.770 ms
Total script time    : 6416.62 ms

Predictions saved to:
/hydroponic_project/database/hydroponic.db

Processing CAP_20260819_220003

========================================
 HYDROPONIC EDGE-AI INFERENCE
========================================
Device        : cpu
Image weight  : 0.60
Sensor weight : 0.40
Threshold     : 0.50

========================================
Loading MobileNetV2...
========================================
Model       : mobilenet_v2
Classes     : ['healthy', 'unhealthy']
Class map   : {'healthy': 0, 'unhealthy': 1}
Best epoch  : 9
Load time   : 340.92 ms

========================================
Loading Random Forest sensor model...
========================================
Model       : Random Forest
Features    : ['pH', 'TDS', 'water_level', 'DHT_temp', 'DHT_humidity', 'water_temp']
Classes     : [0 1]
Class map   : {'0': 'Unhealthy / Stress warning', '1': 'Healthy'}
Load time   : 3102.17 ms

========================================
CAPTURE
========================================
Capture ID : CAP_20260819_220003
Timestamp  : 2026-08-19 22:00:03
Plants     : 12

========================================
SENSOR VALUES
========================================
pH            : 7.01
TDS           : 771.9 ppm
Water level   : OK
Air temp      : 30.1 C
Humidity      : 79.2 %
Water temp    : 29.37 C

Sensor model  : Unhealthy / Stress warning
Sensor conf.  : 96.00%
Sensor risk   : 96.00%
Sensor time   : 170.371 ms

========================================
PLANT INFERENCE
========================================

P01
  Image     : unhealthy (98.49%)
  Image risk: 98.49%
  Sensor    : Unhealthy / Stress warning (96.00%)
  Sensor risk: 96.00%
  Fusion    : unhealthy (97.49%)
  Final     : STRESS WARNING
  Image time: 261.65 ms

P02
  Image     : unhealthy (62.22%)
  Image risk: 62.22%
  Sensor    : Unhealthy / Stress warning (96.00%)
  Sensor risk: 96.00%
  Fusion    : unhealthy (75.73%)
  Final     : STRESS WARNING
  Image time: 218.61 ms

P03
  Image     : unhealthy (60.44%)
  Image risk: 60.44%
  Sensor    : Unhealthy / Stress warning (96.00%)
  Sensor risk: 96.00%
  Fusion    : unhealthy (74.66%)
  Final     : STRESS WARNING
  Image time: 217.84 ms

P04
  Image     : healthy (79.73%)
  Image risk: 20.27%
  Sensor    : Unhealthy / Stress warning (96.00%)
  Sensor risk: 96.00%
  Fusion    : unhealthy (50.56%)
  Final     : STRESS WARNING
  Image time: 217.82 ms

P05
  Image     : healthy (85.04%)
  Image risk: 14.96%
  Sensor    : Unhealthy / Stress warning (96.00%)
  Sensor risk: 96.00%
  Fusion    : healthy (52.63%)
  Final     : HEALTHY
  Image time: 222.53 ms

P06
  Image     : unhealthy (97.17%)
  Image risk: 97.17%
  Sensor    : Unhealthy / Stress warning (96.00%)
  Sensor risk: 96.00%
  Fusion    : unhealthy (96.70%)
  Final     : STRESS WARNING
  Image time: 217.69 ms

P07
  Image     : unhealthy (62.80%)
  Image risk: 62.80%
  Sensor    : Unhealthy / Stress warning (96.00%)
  Sensor risk: 96.00%
  Fusion    : unhealthy (76.08%)
  Final     : STRESS WARNING
  Image time: 217.25 ms

P08
  Image     : healthy (72.25%)
  Image risk: 27.75%
  Sensor    : Unhealthy / Stress warning (96.00%)
  Sensor risk: 96.00%
  Fusion    : unhealthy (55.05%)
  Final     : STRESS WARNING
  Image time: 217.50 ms

P09
  Image     : unhealthy (90.21%)
  Image risk: 90.21%
  Sensor    : Unhealthy / Stress warning (96.00%)
  Sensor risk: 96.00%
  Fusion    : unhealthy (92.52%)
  Final     : STRESS WARNING
  Image time: 219.07 ms

P10
  Image     : unhealthy (81.46%)
  Image risk: 81.46%
  Sensor    : Unhealthy / Stress warning (96.00%)
  Sensor risk: 96.00%
  Fusion    : unhealthy (87.28%)
  Final     : STRESS WARNING
  Image time: 218.01 ms

P11
  Image     : unhealthy (51.30%)
  Image risk: 51.30%
  Sensor    : Unhealthy / Stress warning (96.00%)
  Sensor risk: 96.00%
  Fusion    : unhealthy (69.18%)
  Final     : STRESS WARNING
  Image time: 217.49 ms

P12
  Image     : unhealthy (95.44%)
  Image risk: 95.44%
  Sensor    : Unhealthy / Stress warning (96.00%)
  Sensor risk: 96.00%
  Fusion    : unhealthy (95.67%)
  Final     : STRESS WARNING
  Image time: 218.21 ms

========================================
Updating SQLite predictions...
========================================
12 plant records updated.

========================================
 INFERENCE COMPLETED
========================================
Capture ID           : CAP_20260819_220003
Plants processed     : 12
Average image latency: 221.97 ms
Min image latency    : 217.25 ms
Max image latency    : 261.65 ms
Sensor latency       : 170.371 ms
Total script time    : 6416.32 ms

Predictions saved to:
/hydroponic_project/database/hydroponic.db

Processing CAP_20260828_115320

========================================
 HYDROPONIC EDGE-AI INFERENCE
========================================
Device        : cpu
Image weight  : 0.60
Sensor weight : 0.40
Threshold     : 0.50

========================================
Loading MobileNetV2...
========================================
Model       : mobilenet_v2
Classes     : ['healthy', 'unhealthy']
Class map   : {'healthy': 0, 'unhealthy': 1}
Best epoch  : 9
Load time   : 341.17 ms

========================================
Loading Random Forest sensor model...
========================================
Model       : Random Forest
Features    : ['pH', 'TDS', 'water_level', 'DHT_temp', 'DHT_humidity', 'water_temp']
Classes     : [0 1]
Class map   : {'0': 'Unhealthy / Stress warning', '1': 'Healthy'}
Load time   : 3103.60 ms

========================================
CAPTURE
========================================
Capture ID : CAP_20260828_115320
Timestamp  : 2026-08-28 11:53:20
Plants     : 12

========================================
SENSOR VALUES
========================================
pH            : 5.72
TDS           : 773.0 ppm
Water level   : OK
Air temp      : 30.7 C
Humidity      : 76.6 %
Water temp    : 28.69 C

Sensor model  : Unhealthy / Stress warning
Sensor conf.  : 91.00%
Sensor risk   : 91.00%
Sensor time   : 178.704 ms

========================================
PLANT INFERENCE
========================================

P01
  Image     : unhealthy (99.21%)
  Image risk: 99.21%
  Sensor    : Unhealthy / Stress warning (91.00%)
  Sensor risk: 91.00%
  Fusion    : unhealthy (95.92%)
  Final     : STRESS WARNING
  Image time: 261.15 ms

P02
  Image     : unhealthy (99.99%)
  Image risk: 99.99%
  Sensor    : Unhealthy / Stress warning (91.00%)
  Sensor risk: 91.00%
  Fusion    : unhealthy (96.39%)
  Final     : STRESS WARNING
  Image time: 218.08 ms

P03
  Image     : unhealthy (99.84%)
  Image risk: 99.84%
  Sensor    : Unhealthy / Stress warning (91.00%)
  Sensor risk: 91.00%
  Fusion    : unhealthy (96.30%)
  Final     : STRESS WARNING
  Image time: 218.68 ms

P04
  Image     : unhealthy (99.90%)
  Image risk: 99.90%
  Sensor    : Unhealthy / Stress warning (91.00%)
  Sensor risk: 91.00%
  Fusion    : unhealthy (96.34%)
  Final     : STRESS WARNING
  Image time: 219.19 ms

P05
  Image     : unhealthy (98.44%)
  Image risk: 98.44%
  Sensor    : Unhealthy / Stress warning (91.00%)
  Sensor risk: 91.00%
  Fusion    : unhealthy (95.46%)
  Final     : STRESS WARNING
  Image time: 218.34 ms

P06
  Image     : unhealthy (100.00%)
  Image risk: 100.00%
  Sensor    : Unhealthy / Stress warning (91.00%)
  Sensor risk: 91.00%
  Fusion    : unhealthy (96.40%)
  Final     : STRESS WARNING
  Image time: 217.56 ms

P07
  Image     : unhealthy (100.00%)
  Image risk: 100.00%
  Sensor    : Unhealthy / Stress warning (91.00%)
  Sensor risk: 91.00%
  Fusion    : unhealthy (96.40%)
  Final     : STRESS WARNING
  Image time: 217.84 ms

P08
  Image     : unhealthy (99.98%)
  Image risk: 99.98%
  Sensor    : Unhealthy / Stress warning (91.00%)
  Sensor risk: 91.00%
  Fusion    : unhealthy (96.39%)
  Final     : STRESS WARNING
  Image time: 218.22 ms

P09
  Image     : unhealthy (100.00%)
  Image risk: 100.00%
  Sensor    : Unhealthy / Stress warning (91.00%)
  Sensor risk: 91.00%
  Fusion    : unhealthy (96.40%)
  Final     : STRESS WARNING
  Image time: 220.63 ms

P10
  Image     : unhealthy (100.00%)
  Image risk: 100.00%
  Sensor    : Unhealthy / Stress warning (91.00%)
  Sensor risk: 91.00%
  Fusion    : unhealthy (96.40%)
  Final     : STRESS WARNING
  Image time: 217.57 ms

P11
  Image     : unhealthy (100.00%)
  Image risk: 100.00%
  Sensor    : Unhealthy / Stress warning (91.00%)
  Sensor risk: 91.00%
  Fusion    : unhealthy (96.40%)
  Final     : STRESS WARNING
  Image time: 216.79 ms

P12
  Image     : unhealthy (99.99%)
  Image risk: 99.99%
  Sensor    : Unhealthy / Stress warning (91.00%)
  Sensor risk: 91.00%
  Fusion    : unhealthy (96.39%)
  Final     : STRESS WARNING
  Image time: 217.63 ms

========================================
Updating SQLite predictions...
========================================
12 plant records updated.

========================================
 INFERENCE COMPLETED
========================================
Capture ID           : CAP_20260828_115320
Plants processed     : 12
Average image latency: 221.81 ms
Min image latency    : 216.79 ms
Max image latency    : 261.15 ms
Sensor latency       : 178.704 ms
Total script time    : 6415.96 ms

Predictions saved to:
/hydroponic_project/database/hydroponic.db

Processing CAP_20260828_120553

========================================
 HYDROPONIC EDGE-AI INFERENCE
========================================
Device        : cpu
Image weight  : 0.60
Sensor weight : 0.40
Threshold     : 0.50

========================================
Loading MobileNetV2...
========================================
Model       : mobilenet_v2
Classes     : ['healthy', 'unhealthy']
Class map   : {'healthy': 0, 'unhealthy': 1}
Best epoch  : 9
Load time   : 338.89 ms

========================================
Loading Random Forest sensor model...
========================================
Model       : Random Forest
Features    : ['pH', 'TDS', 'water_level', 'DHT_temp', 'DHT_humidity', 'water_temp']
Classes     : [0 1]
Class map   : {'0': 'Unhealthy / Stress warning', '1': 'Healthy'}
Load time   : 3106.45 ms

========================================
CAPTURE
========================================
Capture ID : CAP_20260828_120553
Timestamp  : 2026-08-28 12:05:53
Plants     : 12

========================================
SENSOR VALUES
========================================
pH            : 6.02
TDS           : 765.5 ppm
Water level   : OK
Air temp      : 31.6 C
Humidity      : 74.4 %
Water temp    : 28.87 C

Sensor model  : Unhealthy / Stress warning
Sensor conf.  : 92.33%
Sensor risk   : 92.33%
Sensor time   : 177.936 ms

========================================
PLANT INFERENCE
========================================

P01
  Image     : unhealthy (99.87%)
  Image risk: 99.87%
  Sensor    : Unhealthy / Stress warning (92.33%)
  Sensor risk: 92.33%
  Fusion    : unhealthy (96.86%)
  Final     : STRESS WARNING
  Image time: 259.76 ms

P02
  Image     : unhealthy (99.99%)
  Image risk: 99.99%
  Sensor    : Unhealthy / Stress warning (92.33%)
  Sensor risk: 92.33%
  Fusion    : unhealthy (96.93%)
  Final     : STRESS WARNING
  Image time: 215.74 ms

P03
  Image     : unhealthy (99.76%)
  Image risk: 99.76%
  Sensor    : Unhealthy / Stress warning (92.33%)
  Sensor risk: 92.33%
  Fusion    : unhealthy (96.79%)
  Final     : STRESS WARNING
  Image time: 216.14 ms

P04
  Image     : unhealthy (98.05%)
  Image risk: 98.05%
  Sensor    : Unhealthy / Stress warning (92.33%)
  Sensor risk: 92.33%
  Fusion    : unhealthy (95.77%)
  Final     : STRESS WARNING
  Image time: 216.61 ms

P05
  Image     : unhealthy (99.16%)
  Image risk: 99.16%
  Sensor    : Unhealthy / Stress warning (92.33%)
  Sensor risk: 92.33%
  Fusion    : unhealthy (96.43%)
  Final     : STRESS WARNING
  Image time: 216.70 ms

P06
  Image     : unhealthy (100.00%)
  Image risk: 100.00%
  Sensor    : Unhealthy / Stress warning (92.33%)
  Sensor risk: 92.33%
  Fusion    : unhealthy (96.93%)
  Final     : STRESS WARNING
  Image time: 216.62 ms

P07
  Image     : unhealthy (100.00%)
  Image risk: 100.00%
  Sensor    : Unhealthy / Stress warning (92.33%)
  Sensor risk: 92.33%
  Fusion    : unhealthy (96.93%)
  Final     : STRESS WARNING
  Image time: 216.09 ms

P08
  Image     : unhealthy (99.85%)
  Image risk: 99.85%
  Sensor    : Unhealthy / Stress warning (92.33%)
  Sensor risk: 92.33%
  Fusion    : unhealthy (96.85%)
  Final     : STRESS WARNING
  Image time: 219.60 ms

P09
  Image     : unhealthy (100.00%)
  Image risk: 100.00%
  Sensor    : Unhealthy / Stress warning (92.33%)
  Sensor risk: 92.33%
  Fusion    : unhealthy (96.93%)
  Final     : STRESS WARNING
  Image time: 217.51 ms

P10
  Image     : unhealthy (100.00%)
  Image risk: 100.00%
  Sensor    : Unhealthy / Stress warning (92.33%)
  Sensor risk: 92.33%
  Fusion    : unhealthy (96.93%)
  Final     : STRESS WARNING
  Image time: 215.89 ms

P11
  Image     : unhealthy (100.00%)
  Image risk: 100.00%
  Sensor    : Unhealthy / Stress warning (92.33%)
  Sensor risk: 92.33%
  Fusion    : unhealthy (96.93%)
  Final     : STRESS WARNING
  Image time: 215.92 ms

P12
  Image     : unhealthy (99.99%)
  Image risk: 99.99%
  Sensor    : Unhealthy / Stress warning (92.33%)
  Sensor risk: 92.33%
  Fusion    : unhealthy (96.93%)
  Final     : STRESS WARNING
  Image time: 218.71 ms

========================================
Updating SQLite predictions...
========================================
12 plant records updated.

========================================
 INFERENCE COMPLETED
========================================
Capture ID           : CAP_20260828_120553
Plants processed     : 12
Average image latency: 220.44 ms
Min image latency    : 215.74 ms
Max image latency    : 259.76 ms
Sensor latency       : 177.936 ms
Total script time    : 6401.62 ms

Predictions saved to:
/hydroponic_project/database/hydroponic.db

Processing CAP_20260828_120831

========================================
 HYDROPONIC EDGE-AI INFERENCE
========================================
Device        : cpu
Image weight  : 0.60
Sensor weight : 0.40
Threshold     : 0.50

========================================
Loading MobileNetV2...
========================================
Model       : mobilenet_v2
Classes     : ['healthy', 'unhealthy']
Class map   : {'healthy': 0, 'unhealthy': 1}
Best epoch  : 9
Load time   : 341.39 ms

========================================
Loading Random Forest sensor model...
========================================
Model       : Random Forest
Features    : ['pH', 'TDS', 'water_level', 'DHT_temp', 'DHT_humidity', 'water_temp']
Classes     : [0 1]
Class map   : {'0': 'Unhealthy / Stress warning', '1': 'Healthy'}
Load time   : 3110.21 ms

========================================
CAPTURE
========================================
Capture ID : CAP_20260828_120831
Timestamp  : 2026-08-28 12:08:31
Plants     : 12

========================================
SENSOR VALUES
========================================
pH            : 6.11
TDS           : 765.1 ppm
Water level   : OK
Air temp      : 31.8 C
Humidity      : 73.8 %
Water temp    : 28.87 C

Sensor model  : Unhealthy / Stress warning
Sensor conf.  : 91.33%
Sensor risk   : 91.33%
Sensor time   : 179.777 ms

========================================
PLANT INFERENCE
========================================

P01
  Image     : unhealthy (98.53%)
  Image risk: 98.53%
  Sensor    : Unhealthy / Stress warning (91.33%)
  Sensor risk: 91.33%
  Fusion    : unhealthy (95.65%)
  Final     : STRESS WARNING
  Image time: 260.45 ms

P02
  Image     : unhealthy (99.96%)
  Image risk: 99.96%
  Sensor    : Unhealthy / Stress warning (91.33%)
  Sensor risk: 91.33%
  Fusion    : unhealthy (96.51%)
  Final     : STRESS WARNING
  Image time: 219.96 ms

P03
  Image     : unhealthy (99.77%)
  Image risk: 99.77%
  Sensor    : Unhealthy / Stress warning (91.33%)
  Sensor risk: 91.33%
  Fusion    : unhealthy (96.40%)
  Final     : STRESS WARNING
  Image time: 221.83 ms

P04
  Image     : unhealthy (96.44%)
  Image risk: 96.44%
  Sensor    : Unhealthy / Stress warning (91.33%)
  Sensor risk: 91.33%
  Fusion    : unhealthy (94.39%)
  Final     : STRESS WARNING
  Image time: 218.94 ms

P05
  Image     : unhealthy (98.57%)
  Image risk: 98.57%
  Sensor    : Unhealthy / Stress warning (91.33%)
  Sensor risk: 91.33%
  Fusion    : unhealthy (95.68%)
  Final     : STRESS WARNING
  Image time: 213.32 ms

P06
  Image     : unhealthy (100.00%)
  Image risk: 100.00%
  Sensor    : Unhealthy / Stress warning (91.33%)
  Sensor risk: 91.33%
  Fusion    : unhealthy (96.53%)
  Final     : STRESS WARNING
  Image time: 215.20 ms

P07
  Image     : unhealthy (100.00%)
  Image risk: 100.00%
  Sensor    : Unhealthy / Stress warning (91.33%)
  Sensor risk: 91.33%
  Fusion    : unhealthy (96.53%)
  Final     : STRESS WARNING
  Image time: 220.19 ms

P08
  Image     : unhealthy (99.85%)
  Image risk: 99.85%
  Sensor    : Unhealthy / Stress warning (91.33%)
  Sensor risk: 91.33%
  Fusion    : unhealthy (96.44%)
  Final     : STRESS WARNING
  Image time: 217.97 ms

P09
  Image     : unhealthy (99.99%)
  Image risk: 99.99%
  Sensor    : Unhealthy / Stress warning (91.33%)
  Sensor risk: 91.33%
  Fusion    : unhealthy (96.52%)
  Final     : STRESS WARNING
  Image time: 217.71 ms

P10
  Image     : unhealthy (100.00%)
  Image risk: 100.00%
  Sensor    : Unhealthy / Stress warning (91.33%)
  Sensor risk: 91.33%
  Fusion    : unhealthy (96.53%)
  Final     : STRESS WARNING
  Image time: 215.07 ms

P11
  Image     : unhealthy (100.00%)
  Image risk: 100.00%
  Sensor    : Unhealthy / Stress warning (91.33%)
  Sensor risk: 91.33%
  Fusion    : unhealthy (96.53%)
  Final     : STRESS WARNING
  Image time: 217.75 ms

P12
  Image     : unhealthy (99.96%)
  Image risk: 99.96%
  Sensor    : Unhealthy / Stress warning (91.33%)
  Sensor risk: 91.33%
  Fusion    : unhealthy (96.51%)
  Final     : STRESS WARNING
  Image time: 219.33 ms

========================================
Updating SQLite predictions...
========================================
12 plant records updated.

========================================
 INFERENCE COMPLETED
========================================
Capture ID           : CAP_20260828_120831
Plants processed     : 12
Average image latency: 221.48 ms
Min image latency    : 213.32 ms
Max image latency    : 260.45 ms
Sensor latency       : 179.777 ms
Total script time    : 6429.26 ms

Predictions saved to:
/hydroponic_project/database/hydroponic.db

Processing CAP_20260828_121111

========================================
 HYDROPONIC EDGE-AI INFERENCE
========================================
Device        : cpu
Image weight  : 0.60
Sensor weight : 0.40
Threshold     : 0.50

========================================
Loading MobileNetV2...
========================================
Model       : mobilenet_v2
Classes     : ['healthy', 'unhealthy']
Class map   : {'healthy': 0, 'unhealthy': 1}
Best epoch  : 9
Load time   : 341.18 ms

========================================
Loading Random Forest sensor model...
========================================
Model       : Random Forest
Features    : ['pH', 'TDS', 'water_level', 'DHT_temp', 'DHT_humidity', 'water_temp']
Classes     : [0 1]
Class map   : {'0': 'Unhealthy / Stress warning', '1': 'Healthy'}
Load time   : 3099.44 ms

========================================
CAPTURE
========================================
Capture ID : CAP_20260828_121111
Timestamp  : 2026-08-28 12:11:11
Plants     : 12

========================================
SENSOR VALUES
========================================
pH            : 6.02
TDS           : 763.3 ppm
Water level   : OK
Air temp      : 32.0 C
Humidity      : 72.5 %
Water temp    : 28.94 C

Sensor model  : Unhealthy / Stress warning
Sensor conf.  : 91.33%
Sensor risk   : 91.33%
Sensor time   : 180.923 ms

========================================
PLANT INFERENCE
========================================

P01
  Image     : unhealthy (98.66%)
  Image risk: 98.66%
  Sensor    : Unhealthy / Stress warning (91.33%)
  Sensor risk: 91.33%
  Fusion    : unhealthy (95.73%)
  Final     : STRESS WARNING
  Image time: 260.68 ms

P02
  Image     : unhealthy (99.99%)
  Image risk: 99.99%
  Sensor    : Unhealthy / Stress warning (91.33%)
  Sensor risk: 91.33%
  Fusion    : unhealthy (96.53%)
  Final     : STRESS WARNING
  Image time: 224.91 ms

P03
  Image     : unhealthy (99.83%)
  Image risk: 99.83%
  Sensor    : Unhealthy / Stress warning (91.33%)
  Sensor risk: 91.33%
  Fusion    : unhealthy (96.43%)
  Final     : STRESS WARNING
  Image time: 217.30 ms

P04
  Image     : unhealthy (99.55%)
  Image risk: 99.55%
  Sensor    : Unhealthy / Stress warning (91.33%)
  Sensor risk: 91.33%
  Fusion    : unhealthy (96.26%)
  Final     : STRESS WARNING
  Image time: 216.96 ms

P05
  Image     : unhealthy (99.21%)
  Image risk: 99.21%
  Sensor    : Unhealthy / Stress warning (91.33%)
  Sensor risk: 91.33%
  Fusion    : unhealthy (96.06%)
  Final     : STRESS WARNING
  Image time: 217.21 ms

P06
  Image     : unhealthy (100.00%)
  Image risk: 100.00%
  Sensor    : Unhealthy / Stress warning (91.33%)
  Sensor risk: 91.33%
  Fusion    : unhealthy (96.53%)
  Final     : STRESS WARNING
  Image time: 216.87 ms

P07
  Image     : unhealthy (100.00%)
  Image risk: 100.00%
  Sensor    : Unhealthy / Stress warning (91.33%)
  Sensor risk: 91.33%
  Fusion    : unhealthy (96.53%)
  Final     : STRESS WARNING
  Image time: 217.74 ms

P08
  Image     : unhealthy (99.86%)
  Image risk: 99.86%
  Sensor    : Unhealthy / Stress warning (91.33%)
  Sensor risk: 91.33%
  Fusion    : unhealthy (96.45%)
  Final     : STRESS WARNING
  Image time: 217.40 ms

P09
  Image     : unhealthy (100.00%)
  Image risk: 100.00%
  Sensor    : Unhealthy / Stress warning (91.33%)
  Sensor risk: 91.33%
  Fusion    : unhealthy (96.53%)
  Final     : STRESS WARNING
  Image time: 217.07 ms

P10
  Image     : unhealthy (100.00%)
  Image risk: 100.00%
  Sensor    : Unhealthy / Stress warning (91.33%)
  Sensor risk: 91.33%
  Fusion    : unhealthy (96.53%)
  Final     : STRESS WARNING
  Image time: 217.53 ms

P11
  Image     : unhealthy (100.00%)
  Image risk: 100.00%
  Sensor    : Unhealthy / Stress warning (91.33%)
  Sensor risk: 91.33%
  Fusion    : unhealthy (96.53%)
  Final     : STRESS WARNING
  Image time: 223.72 ms

P12
  Image     : unhealthy (100.00%)
  Image risk: 100.00%
  Sensor    : Unhealthy / Stress warning (91.33%)
  Sensor risk: 91.33%
  Fusion    : unhealthy (96.53%)
  Final     : STRESS WARNING
  Image time: 218.19 ms

========================================
Updating SQLite predictions...
========================================
12 plant records updated.

========================================
 INFERENCE COMPLETED
========================================
Capture ID           : CAP_20260828_121111
Plants processed     : 12
Average image latency: 222.13 ms
Min image latency    : 216.87 ms
Max image latency    : 260.68 ms
Sensor latency       : 180.923 ms
Total script time    : 6421.02 ms

Predictions saved to:
/hydroponic_project/database/hydroponic.db

Processing CAP_20260828_121727

========================================
 HYDROPONIC EDGE-AI INFERENCE
========================================
Device        : cpu
Image weight  : 0.60
Sensor weight : 0.40
Threshold     : 0.50

========================================
Loading MobileNetV2...
========================================
Model       : mobilenet_v2
Classes     : ['healthy', 'unhealthy']
Class map   : {'healthy': 0, 'unhealthy': 1}
Best epoch  : 9
Load time   : 341.94 ms

========================================
Loading Random Forest sensor model...
========================================
Model       : Random Forest
Features    : ['pH', 'TDS', 'water_level', 'DHT_temp', 'DHT_humidity', 'water_temp']
Classes     : [0 1]
Class map   : {'0': 'Unhealthy / Stress warning', '1': 'Healthy'}
Load time   : 3107.12 ms

========================================
CAPTURE
========================================
Capture ID : CAP_20260828_121727
Timestamp  : 2026-08-28 12:17:27
Plants     : 12

========================================
SENSOR VALUES
========================================
pH            : 6.13
TDS           : 759.6 ppm
Water level   : OK
Air temp      : 32.2 C
Humidity      : 72.6 %
Water temp    : 29.06 C

Sensor model  : Unhealthy / Stress warning
Sensor conf.  : 91.00%
Sensor risk   : 91.00%
Sensor time   : 173.956 ms

========================================
PLANT INFERENCE
========================================

P01
  Image     : unhealthy (98.89%)
  Image risk: 98.89%
  Sensor    : Unhealthy / Stress warning (91.00%)
  Sensor risk: 91.00%
  Fusion    : unhealthy (95.74%)
  Final     : STRESS WARNING
  Image time: 259.76 ms

P02
  Image     : unhealthy (99.98%)
  Image risk: 99.98%
  Sensor    : Unhealthy / Stress warning (91.00%)
  Sensor risk: 91.00%
  Fusion    : unhealthy (96.39%)
  Final     : STRESS WARNING
  Image time: 221.09 ms

P03
  Image     : unhealthy (99.07%)
  Image risk: 99.07%
  Sensor    : Unhealthy / Stress warning (91.00%)
  Sensor risk: 91.00%
  Fusion    : unhealthy (95.84%)
  Final     : STRESS WARNING
  Image time: 217.52 ms

P04
  Image     : unhealthy (99.48%)
  Image risk: 99.48%
  Sensor    : Unhealthy / Stress warning (91.00%)
  Sensor risk: 91.00%
  Fusion    : unhealthy (96.09%)
  Final     : STRESS WARNING
  Image time: 218.48 ms

P05
  Image     : unhealthy (99.74%)
  Image risk: 99.74%
  Sensor    : Unhealthy / Stress warning (91.00%)
  Sensor risk: 91.00%
  Fusion    : unhealthy (96.24%)
  Final     : STRESS WARNING
  Image time: 218.98 ms

P06
  Image     : unhealthy (100.00%)
  Image risk: 100.00%
  Sensor    : Unhealthy / Stress warning (91.00%)
  Sensor risk: 91.00%
  Fusion    : unhealthy (96.40%)
  Final     : STRESS WARNING
  Image time: 219.87 ms

P07
  Image     : unhealthy (100.00%)
  Image risk: 100.00%
  Sensor    : Unhealthy / Stress warning (91.00%)
  Sensor risk: 91.00%
  Fusion    : unhealthy (96.40%)
  Final     : STRESS WARNING
  Image time: 218.53 ms

P08
  Image     : unhealthy (99.94%)
  Image risk: 99.94%
  Sensor    : Unhealthy / Stress warning (91.00%)
  Sensor risk: 91.00%
  Fusion    : unhealthy (96.36%)
  Final     : STRESS WARNING
  Image time: 219.06 ms

P09
  Image     : unhealthy (100.00%)
  Image risk: 100.00%
  Sensor    : Unhealthy / Stress warning (91.00%)
  Sensor risk: 91.00%
  Fusion    : unhealthy (96.40%)
  Final     : STRESS WARNING
  Image time: 218.28 ms

P10
  Image     : unhealthy (100.00%)
  Image risk: 100.00%
  Sensor    : Unhealthy / Stress warning (91.00%)
  Sensor risk: 91.00%
  Fusion    : unhealthy (96.40%)
  Final     : STRESS WARNING
  Image time: 221.51 ms

P11
  Image     : unhealthy (100.00%)
  Image risk: 100.00%
  Sensor    : Unhealthy / Stress warning (91.00%)
  Sensor risk: 91.00%
  Fusion    : unhealthy (96.40%)
  Final     : STRESS WARNING
  Image time: 217.43 ms

P12
  Image     : unhealthy (100.00%)
  Image risk: 100.00%
  Sensor    : Unhealthy / Stress warning (91.00%)
  Sensor risk: 91.00%
  Fusion    : unhealthy (96.40%)
  Final     : STRESS WARNING
  Image time: 215.40 ms

========================================
Updating SQLite predictions...
========================================
12 plant records updated.

========================================
 INFERENCE COMPLETED
========================================
Capture ID           : CAP_20260828_121727
Plants processed     : 12
Average image latency: 222.16 ms
Min image latency    : 215.40 ms
Max image latency    : 259.76 ms
Sensor latency       : 173.956 ms
Total script time    : 6422.51 ms

Predictions saved to:
/hydroponic_project/database/hydroponic.db

Processing CAP_20260828_122713

========================================
 HYDROPONIC EDGE-AI INFERENCE
========================================
Device        : cpu
Image weight  : 0.60
Sensor weight : 0.40
Threshold     : 0.50

========================================
Loading MobileNetV2...
========================================
Model       : mobilenet_v2
Classes     : ['healthy', 'unhealthy']
Class map   : {'healthy': 0, 'unhealthy': 1}
Best epoch  : 9
Load time   : 339.27 ms

========================================
Loading Random Forest sensor model...
========================================
Model       : Random Forest
Features    : ['pH', 'TDS', 'water_level', 'DHT_temp', 'DHT_humidity', 'water_temp']
Classes     : [0 1]
Class map   : {'0': 'Unhealthy / Stress warning', '1': 'Healthy'}
Load time   : 3097.87 ms

========================================
CAPTURE
========================================
Capture ID : CAP_20260828_122713
Timestamp  : 2026-08-28 12:27:13
Plants     : 12

========================================
SENSOR VALUES
========================================
pH            : 6.1
TDS           : 756.0 ppm
Water level   : OK
Air temp      : 32.3 C
Humidity      : 71.2 %
Water temp    : 29.19 C

Sensor model  : Unhealthy / Stress warning
Sensor conf.  : 94.00%
Sensor risk   : 94.00%
Sensor time   : 180.211 ms

========================================
PLANT INFERENCE
========================================

P01
  Image     : unhealthy (98.34%)
  Image risk: 98.34%
  Sensor    : Unhealthy / Stress warning (94.00%)
  Sensor risk: 94.00%
  Fusion    : unhealthy (96.60%)
  Final     : STRESS WARNING
  Image time: 272.04 ms

P02
  Image     : unhealthy (99.94%)
  Image risk: 99.94%
  Sensor    : Unhealthy / Stress warning (94.00%)
  Sensor risk: 94.00%
  Fusion    : unhealthy (97.57%)
  Final     : STRESS WARNING
  Image time: 216.79 ms

P03
  Image     : unhealthy (99.77%)
  Image risk: 99.77%
  Sensor    : Unhealthy / Stress warning (94.00%)
  Sensor risk: 94.00%
  Fusion    : unhealthy (97.46%)
  Final     : STRESS WARNING
  Image time: 215.68 ms

P04
  Image     : unhealthy (93.81%)
  Image risk: 93.81%
  Sensor    : Unhealthy / Stress warning (94.00%)
  Sensor risk: 94.00%
  Fusion    : unhealthy (93.88%)
  Final     : STRESS WARNING
  Image time: 216.31 ms

P05
  Image     : unhealthy (99.25%)
  Image risk: 99.25%
  Sensor    : Unhealthy / Stress warning (94.00%)
  Sensor risk: 94.00%
  Fusion    : unhealthy (97.15%)
  Final     : STRESS WARNING
  Image time: 222.32 ms

P06
  Image     : unhealthy (100.00%)
  Image risk: 100.00%
  Sensor    : Unhealthy / Stress warning (94.00%)
  Sensor risk: 94.00%
  Fusion    : unhealthy (97.60%)
  Final     : STRESS WARNING
  Image time: 217.75 ms

P07
  Image     : unhealthy (100.00%)
  Image risk: 100.00%
  Sensor    : Unhealthy / Stress warning (94.00%)
  Sensor risk: 94.00%
  Fusion    : unhealthy (97.60%)
  Final     : STRESS WARNING
  Image time: 216.58 ms

P08
  Image     : unhealthy (99.79%)
  Image risk: 99.79%
  Sensor    : Unhealthy / Stress warning (94.00%)
  Sensor risk: 94.00%
  Fusion    : unhealthy (97.47%)
  Final     : STRESS WARNING
  Image time: 216.61 ms

P09
  Image     : unhealthy (99.97%)
  Image risk: 99.97%
  Sensor    : Unhealthy / Stress warning (94.00%)
  Sensor risk: 94.00%
  Fusion    : unhealthy (97.58%)
  Final     : STRESS WARNING
  Image time: 216.67 ms

P10
  Image     : unhealthy (100.00%)
  Image risk: 100.00%
  Sensor    : Unhealthy / Stress warning (94.00%)
  Sensor risk: 94.00%
  Fusion    : unhealthy (97.60%)
  Final     : STRESS WARNING
  Image time: 219.15 ms

P11
  Image     : unhealthy (100.00%)
  Image risk: 100.00%
  Sensor    : Unhealthy / Stress warning (94.00%)
  Sensor risk: 94.00%
  Fusion    : unhealthy (97.60%)
  Final     : STRESS WARNING
  Image time: 216.98 ms

P12
  Image     : unhealthy (99.96%)
  Image risk: 99.96%
  Sensor    : Unhealthy / Stress warning (94.00%)
  Sensor risk: 94.00%
  Fusion    : unhealthy (97.58%)
  Final     : STRESS WARNING
  Image time: 216.42 ms

========================================
Updating SQLite predictions...
========================================
12 plant records updated.

========================================
 INFERENCE COMPLETED
========================================
Capture ID           : CAP_20260828_122713
Plants processed     : 12
Average image latency: 221.94 ms
Min image latency    : 215.68 ms
Max image latency    : 272.04 ms
Sensor latency       : 180.211 ms
Total script time    : 6447.16 ms

Predictions saved to:
/hydroponic_project/database/hydroponic.db

Processing CAP_20260828_124143

========================================
 HYDROPONIC EDGE-AI INFERENCE
========================================
Device        : cpu
Image weight  : 0.60
Sensor weight : 0.40
Threshold     : 0.50

========================================
Loading MobileNetV2...
========================================
Model       : mobilenet_v2
Classes     : ['healthy', 'unhealthy']
Class map   : {'healthy': 0, 'unhealthy': 1}
Best epoch  : 9
Load time   : 342.70 ms

========================================
Loading Random Forest sensor model...
========================================
Model       : Random Forest
Features    : ['pH', 'TDS', 'water_level', 'DHT_temp', 'DHT_humidity', 'water_temp']
Classes     : [0 1]
Class map   : {'0': 'Unhealthy / Stress warning', '1': 'Healthy'}
Load time   : 3108.26 ms

========================================
CAPTURE
========================================
Capture ID : CAP_20260828_124143
Timestamp  : 2026-08-28 12:41:43
Plants     : 12

========================================
SENSOR VALUES
========================================
pH            : 6.18
TDS           : 752.5 ppm
Water level   : OK
Air temp      : 32.3 C
Humidity      : 71.7 %
Water temp    : 29.44 C

Sensor model  : Unhealthy / Stress warning
Sensor conf.  : 92.67%
Sensor risk   : 92.67%
Sensor time   : 173.121 ms

========================================
PLANT INFERENCE
========================================

P01
  Image     : unhealthy (99.85%)
  Image risk: 99.85%
  Sensor    : Unhealthy / Stress warning (92.67%)
  Sensor risk: 92.67%
  Fusion    : unhealthy (96.98%)
  Final     : STRESS WARNING
  Image time: 261.34 ms

P02
  Image     : unhealthy (99.99%)
  Image risk: 99.99%
  Sensor    : Unhealthy / Stress warning (92.67%)
  Sensor risk: 92.67%
  Fusion    : unhealthy (97.06%)
  Final     : STRESS WARNING
  Image time: 217.58 ms

P03
  Image     : unhealthy (99.49%)
  Image risk: 99.49%
  Sensor    : Unhealthy / Stress warning (92.67%)
  Sensor risk: 92.67%
  Fusion    : unhealthy (96.76%)
  Final     : STRESS WARNING
  Image time: 216.58 ms

P04
  Image     : unhealthy (93.79%)
  Image risk: 93.79%
  Sensor    : Unhealthy / Stress warning (92.67%)
  Sensor risk: 92.67%
  Fusion    : unhealthy (93.34%)
  Final     : STRESS WARNING
  Image time: 217.51 ms

P05
  Image     : unhealthy (92.61%)
  Image risk: 92.61%
  Sensor    : Unhealthy / Stress warning (92.67%)
  Sensor risk: 92.67%
  Fusion    : unhealthy (92.63%)
  Final     : STRESS WARNING
  Image time: 218.38 ms

P06
  Image     : unhealthy (100.00%)
  Image risk: 100.00%
  Sensor    : Unhealthy / Stress warning (92.67%)
  Sensor risk: 92.67%
  Fusion    : unhealthy (97.07%)
  Final     : STRESS WARNING
  Image time: 217.88 ms

P07
  Image     : unhealthy (100.00%)
  Image risk: 100.00%
  Sensor    : Unhealthy / Stress warning (92.67%)
  Sensor risk: 92.67%
  Fusion    : unhealthy (97.07%)
  Final     : STRESS WARNING
  Image time: 217.78 ms

P08
  Image     : unhealthy (99.94%)
  Image risk: 99.94%
  Sensor    : Unhealthy / Stress warning (92.67%)
  Sensor risk: 92.67%
  Fusion    : unhealthy (97.03%)
  Final     : STRESS WARNING
  Image time: 217.31 ms

P09
  Image     : unhealthy (100.00%)
  Image risk: 100.00%
  Sensor    : Unhealthy / Stress warning (92.67%)
  Sensor risk: 92.67%
  Fusion    : unhealthy (97.07%)
  Final     : STRESS WARNING
  Image time: 220.11 ms

P10
  Image     : unhealthy (100.00%)
  Image risk: 100.00%
  Sensor    : Unhealthy / Stress warning (92.67%)
  Sensor risk: 92.67%
  Fusion    : unhealthy (97.07%)
  Final     : STRESS WARNING
  Image time: 216.79 ms

P11
  Image     : unhealthy (100.00%)
  Image risk: 100.00%
  Sensor    : Unhealthy / Stress warning (92.67%)
  Sensor risk: 92.67%
  Fusion    : unhealthy (97.07%)
  Final     : STRESS WARNING
  Image time: 217.36 ms

P12
  Image     : unhealthy (100.00%)
  Image risk: 100.00%
  Sensor    : Unhealthy / Stress warning (92.67%)
  Sensor risk: 92.67%
  Fusion    : unhealthy (97.06%)
  Final     : STRESS WARNING
  Image time: 218.20 ms

========================================
Updating SQLite predictions...
========================================
12 plant records updated.

========================================
 INFERENCE COMPLETED
========================================
Capture ID           : CAP_20260828_124143
Plants processed     : 12
Average image latency: 221.40 ms
Min image latency    : 216.58 ms
Max image latency    : 261.34 ms
Sensor latency       : 173.121 ms
Total script time    : 6431.56 ms

Predictions saved to:
/hydroponic_project/database/hydroponic.db

Processing CAP_20260828_172940

========================================
 HYDROPONIC EDGE-AI INFERENCE
========================================
Device        : cpu
Image weight  : 0.60
Sensor weight : 0.40
Threshold     : 0.50

========================================
Loading MobileNetV2...
========================================
Model       : mobilenet_v2
Classes     : ['healthy', 'unhealthy']
Class map   : {'healthy': 0, 'unhealthy': 1}
Best epoch  : 9
Load time   : 339.50 ms

========================================
Loading Random Forest sensor model...
========================================
Model       : Random Forest
Features    : ['pH', 'TDS', 'water_level', 'DHT_temp', 'DHT_humidity', 'water_temp']
Classes     : [0 1]
Class map   : {'0': 'Unhealthy / Stress warning', '1': 'Healthy'}
Load time   : 3106.45 ms

========================================
CAPTURE
========================================
Capture ID : CAP_20260828_172940
Timestamp  : 2026-08-28 17:29:40
Plants     : 12

========================================
SENSOR VALUES
========================================
pH            : 6.18
TDS           : 752.6 ppm
Water level   : OK
Air temp      : 30.2 C
Humidity      : 77.3 %
Water temp    : 30.37 C

Sensor model  : Unhealthy / Stress warning
Sensor conf.  : 92.67%
Sensor risk   : 92.67%
Sensor time   : 183.144 ms

========================================
PLANT INFERENCE
========================================

P01
  Image     : unhealthy (93.62%)
  Image risk: 93.62%
  Sensor    : Unhealthy / Stress warning (92.67%)
  Sensor risk: 92.67%
  Fusion    : unhealthy (93.24%)
  Final     : STRESS WARNING
  Image time: 260.78 ms

P02
  Image     : unhealthy (87.12%)
  Image risk: 87.12%
  Sensor    : Unhealthy / Stress warning (92.67%)
  Sensor risk: 92.67%
  Fusion    : unhealthy (89.34%)
  Final     : STRESS WARNING
  Image time: 218.02 ms

P03
  Image     : unhealthy (97.37%)
  Image risk: 97.37%
  Sensor    : Unhealthy / Stress warning (92.67%)
  Sensor risk: 92.67%
  Fusion    : unhealthy (95.49%)
  Final     : STRESS WARNING
  Image time: 218.05 ms

P04
  Image     : healthy (93.70%)
  Image risk: 6.30%
  Sensor    : Unhealthy / Stress warning (92.67%)
  Sensor risk: 92.67%
  Fusion    : healthy (59.16%)
  Final     : HEALTHY
  Image time: 218.99 ms

P05
  Image     : unhealthy (93.85%)
  Image risk: 93.85%
  Sensor    : Unhealthy / Stress warning (92.67%)
  Sensor risk: 92.67%
  Fusion    : unhealthy (93.38%)
  Final     : STRESS WARNING
  Image time: 212.67 ms

P06
  Image     : healthy (98.67%)
  Image risk: 1.33%
  Sensor    : Unhealthy / Stress warning (92.67%)
  Sensor risk: 92.67%
  Fusion    : healthy (62.14%)
  Final     : HEALTHY
  Image time: 213.84 ms

P07
  Image     : healthy (99.12%)
  Image risk: 0.88%
  Sensor    : Unhealthy / Stress warning (92.67%)
  Sensor risk: 92.67%
  Fusion    : healthy (62.40%)
  Final     : HEALTHY
  Image time: 218.90 ms

P08
  Image     : healthy (66.26%)
  Image risk: 33.74%
  Sensor    : Unhealthy / Stress warning (92.67%)
  Sensor risk: 92.67%
  Fusion    : unhealthy (57.31%)
  Final     : STRESS WARNING
  Image time: 222.74 ms

P09
  Image     : healthy (99.19%)
  Image risk: 0.81%
  Sensor    : Unhealthy / Stress warning (92.67%)
  Sensor risk: 92.67%
  Fusion    : healthy (62.45%)
  Final     : HEALTHY
  Image time: 217.62 ms

P10
  Image     : healthy (60.67%)
  Image risk: 39.33%
  Sensor    : Unhealthy / Stress warning (92.67%)
  Sensor risk: 92.67%
  Fusion    : unhealthy (60.67%)
  Final     : STRESS WARNING
  Image time: 215.54 ms

P11
  Image     : healthy (96.25%)
  Image risk: 3.75%
  Sensor    : Unhealthy / Stress warning (92.67%)
  Sensor risk: 92.67%
  Fusion    : healthy (60.68%)
  Final     : HEALTHY
  Image time: 217.67 ms

P12
  Image     : healthy (67.90%)
  Image risk: 32.10%
  Sensor    : Unhealthy / Stress warning (92.67%)
  Sensor risk: 92.67%
  Fusion    : unhealthy (56.33%)
  Final     : STRESS WARNING
  Image time: 218.23 ms

========================================
Updating SQLite predictions...
========================================
12 plant records updated.

========================================
 INFERENCE COMPLETED
========================================
Capture ID           : CAP_20260828_172940
Plants processed     : 12
Average image latency: 221.09 ms
Min image latency    : 212.67 ms
Max image latency    : 260.78 ms
Sensor latency       : 183.144 ms
Total script time    : 6445.06 ms

Predictions saved to:
/hydroponic_project/database/hydroponic.db

Processing CAP_20260828_173347

========================================
 HYDROPONIC EDGE-AI INFERENCE
========================================
Device        : cpu
Image weight  : 0.60
Sensor weight : 0.40
Threshold     : 0.50

========================================
Loading MobileNetV2...
========================================
Model       : mobilenet_v2
Classes     : ['healthy', 'unhealthy']
Class map   : {'healthy': 0, 'unhealthy': 1}
Best epoch  : 9
Load time   : 339.26 ms

========================================
Loading Random Forest sensor model...
========================================
Model       : Random Forest
Features    : ['pH', 'TDS', 'water_level', 'DHT_temp', 'DHT_humidity', 'water_temp']
Classes     : [0 1]
Class map   : {'0': 'Unhealthy / Stress warning', '1': 'Healthy'}
Load time   : 3101.68 ms

========================================
CAPTURE
========================================
Capture ID : CAP_20260828_173347
Timestamp  : 2026-08-28 17:33:47
Plants     : 12

========================================
SENSOR VALUES
========================================
pH            : 5.97
TDS           : 765.5 ppm
Water level   : OK
Air temp      : 30.9 C
Humidity      : 74.8 %
Water temp    : 30.37 C

Sensor model  : Unhealthy / Stress warning
Sensor conf.  : 92.33%
Sensor risk   : 92.33%
Sensor time   : 170.144 ms

========================================
PLANT INFERENCE
========================================

P01
  Image     : unhealthy (60.15%)
  Image risk: 60.15%
  Sensor    : Unhealthy / Stress warning (92.33%)
  Sensor risk: 92.33%
  Fusion    : unhealthy (73.02%)
  Final     : STRESS WARNING
  Image time: 262.71 ms

P02
  Image     : healthy (99.44%)
  Image risk: 0.56%
  Sensor    : Unhealthy / Stress warning (92.33%)
  Sensor risk: 92.33%
  Fusion    : healthy (62.73%)
  Final     : HEALTHY
  Image time: 218.54 ms

P03
  Image     : unhealthy (58.55%)
  Image risk: 58.55%
  Sensor    : Unhealthy / Stress warning (92.33%)
  Sensor risk: 92.33%
  Fusion    : unhealthy (72.06%)
  Final     : STRESS WARNING
  Image time: 219.96 ms

P04
  Image     : healthy (95.35%)
  Image risk: 4.65%
  Sensor    : Unhealthy / Stress warning (92.33%)
  Sensor risk: 92.33%
  Fusion    : healthy (60.28%)
  Final     : HEALTHY
  Image time: 218.40 ms

P05
  Image     : healthy (92.33%)
  Image risk: 7.67%
  Sensor    : Unhealthy / Stress warning (92.33%)
  Sensor risk: 92.33%
  Fusion    : healthy (58.47%)
  Final     : HEALTHY
  Image time: 218.28 ms

P06
  Image     : healthy (94.11%)
  Image risk: 5.89%
  Sensor    : Unhealthy / Stress warning (92.33%)
  Sensor risk: 92.33%
  Fusion    : healthy (59.54%)
  Final     : HEALTHY
  Image time: 218.00 ms

P07
  Image     : healthy (97.42%)
  Image risk: 2.58%
  Sensor    : Unhealthy / Stress warning (92.33%)
  Sensor risk: 92.33%
  Fusion    : healthy (61.52%)
  Final     : HEALTHY
  Image time: 218.39 ms

P08
  Image     : healthy (52.95%)
  Image risk: 47.05%
  Sensor    : Unhealthy / Stress warning (92.33%)
  Sensor risk: 92.33%
  Fusion    : unhealthy (65.16%)
  Final     : STRESS WARNING
  Image time: 219.76 ms

P09
  Image     : healthy (98.25%)
  Image risk: 1.75%
  Sensor    : Unhealthy / Stress warning (92.33%)
  Sensor risk: 92.33%
  Fusion    : healthy (62.01%)
  Final     : HEALTHY
  Image time: 218.42 ms

P10
  Image     : healthy (96.94%)
  Image risk: 3.06%
  Sensor    : Unhealthy / Stress warning (92.33%)
  Sensor risk: 92.33%
  Fusion    : healthy (61.23%)
  Final     : HEALTHY
  Image time: 217.74 ms

P11
  Image     : healthy (83.07%)
  Image risk: 16.93%
  Sensor    : Unhealthy / Stress warning (92.33%)
  Sensor risk: 92.33%
  Fusion    : healthy (52.91%)
  Final     : HEALTHY
  Image time: 218.58 ms

P12
  Image     : healthy (94.52%)
  Image risk: 5.48%
  Sensor    : Unhealthy / Stress warning (92.33%)
  Sensor risk: 92.33%
  Fusion    : healthy (59.78%)
  Final     : HEALTHY
  Image time: 221.50 ms

========================================
Updating SQLite predictions...
========================================
12 plant records updated.

========================================
 INFERENCE COMPLETED
========================================
Capture ID           : CAP_20260828_173347
Plants processed     : 12
Average image latency: 222.52 ms
Min image latency    : 217.74 ms
Max image latency    : 262.71 ms
Sensor latency       : 170.144 ms
Total script time    : 6440.48 ms

Predictions saved to:
/hydroponic_project/database/hydroponic.db

Processing CAP_20260828_173624

========================================
 HYDROPONIC EDGE-AI INFERENCE
========================================
Device        : cpu
Image weight  : 0.60
Sensor weight : 0.40
Threshold     : 0.50

========================================
Loading MobileNetV2...
========================================
Model       : mobilenet_v2
Classes     : ['healthy', 'unhealthy']
Class map   : {'healthy': 0, 'unhealthy': 1}
Best epoch  : 9
Load time   : 341.78 ms

========================================
Loading Random Forest sensor model...
========================================
Model       : Random Forest
Features    : ['pH', 'TDS', 'water_level', 'DHT_temp', 'DHT_humidity', 'water_temp']
Classes     : [0 1]
Class map   : {'0': 'Unhealthy / Stress warning', '1': 'Healthy'}
Load time   : 3099.16 ms

========================================
CAPTURE
========================================
Capture ID : CAP_20260828_173624
Timestamp  : 2026-08-28 17:36:24
Plants     : 12

========================================
SENSOR VALUES
========================================
pH            : 5.96
TDS           : 770.1 ppm
Water level   : OK
Air temp      : 31.1 C
Humidity      : 74.6 %
Water temp    : 30.37 C

Sensor model  : Unhealthy / Stress warning
Sensor conf.  : 92.33%
Sensor risk   : 92.33%
Sensor time   : 172.663 ms

========================================
PLANT INFERENCE
========================================

P01
  Image     : unhealthy (50.94%)
  Image risk: 50.94%
  Sensor    : Unhealthy / Stress warning (92.33%)
  Sensor risk: 92.33%
  Fusion    : unhealthy (67.50%)
  Final     : STRESS WARNING
  Image time: 261.54 ms

P02
  Image     : healthy (96.05%)
  Image risk: 3.95%
  Sensor    : Unhealthy / Stress warning (92.33%)
  Sensor risk: 92.33%
  Fusion    : healthy (60.70%)
  Final     : HEALTHY
  Image time: 218.25 ms

P03
  Image     : unhealthy (97.81%)
  Image risk: 97.81%
  Sensor    : Unhealthy / Stress warning (92.33%)
  Sensor risk: 92.33%
  Fusion    : unhealthy (95.62%)
  Final     : STRESS WARNING
  Image time: 219.86 ms

P04
  Image     : healthy (95.67%)
  Image risk: 4.33%
  Sensor    : Unhealthy / Stress warning (92.33%)
  Sensor risk: 92.33%
  Fusion    : healthy (60.47%)
  Final     : HEALTHY
  Image time: 218.74 ms

P05
  Image     : healthy (97.73%)
  Image risk: 2.27%
  Sensor    : Unhealthy / Stress warning (92.33%)
  Sensor risk: 92.33%
  Fusion    : healthy (61.71%)
  Final     : HEALTHY
  Image time: 213.23 ms

P06
  Image     : healthy (95.95%)
  Image risk: 4.05%
  Sensor    : Unhealthy / Stress warning (92.33%)
  Sensor risk: 92.33%
  Fusion    : healthy (60.63%)
  Final     : HEALTHY
  Image time: 215.65 ms

P07
  Image     : healthy (93.20%)
  Image risk: 6.80%
  Sensor    : Unhealthy / Stress warning (92.33%)
  Sensor risk: 92.33%
  Fusion    : healthy (58.99%)
  Final     : HEALTHY
  Image time: 222.77 ms

P08
  Image     : healthy (79.65%)
  Image risk: 20.35%
  Sensor    : Unhealthy / Stress warning (92.33%)
  Sensor risk: 92.33%
  Fusion    : healthy (50.86%)
  Final     : HEALTHY
  Image time: 218.50 ms

P09
  Image     : healthy (97.57%)
  Image risk: 2.43%
  Sensor    : Unhealthy / Stress warning (92.33%)
  Sensor risk: 92.33%
  Fusion    : healthy (61.61%)
  Final     : HEALTHY
  Image time: 218.76 ms

P10
  Image     : healthy (84.76%)
  Image risk: 15.24%
  Sensor    : Unhealthy / Stress warning (92.33%)
  Sensor risk: 92.33%
  Fusion    : healthy (53.92%)
  Final     : HEALTHY
  Image time: 216.62 ms

P11
  Image     : healthy (84.22%)
  Image risk: 15.78%
  Sensor    : Unhealthy / Stress warning (92.33%)
  Sensor risk: 92.33%
  Fusion    : healthy (53.60%)
  Final     : HEALTHY
  Image time: 220.19 ms

P12
  Image     : healthy (61.65%)
  Image risk: 38.35%
  Sensor    : Unhealthy / Stress warning (92.33%)
  Sensor risk: 92.33%
  Fusion    : unhealthy (59.95%)
  Final     : STRESS WARNING
  Image time: 218.73 ms

========================================
Updating SQLite predictions...
========================================
12 plant records updated.

========================================
 INFERENCE COMPLETED
========================================
Capture ID           : CAP_20260828_173624
Plants processed     : 12
Average image latency: 221.90 ms
Min image latency    : 213.23 ms
Max image latency    : 261.54 ms
Sensor latency       : 172.663 ms
Total script time    : 6415.21 ms

Predictions saved to:
/hydroponic_project/database/hydroponic.db

Processing CAP_20260828_175056

========================================
 HYDROPONIC EDGE-AI INFERENCE
========================================
Device        : cpu
Image weight  : 0.60
Sensor weight : 0.40
Threshold     : 0.50

========================================
Loading MobileNetV2...
========================================
Model       : mobilenet_v2
Classes     : ['healthy', 'unhealthy']
Class map   : {'healthy': 0, 'unhealthy': 1}
Best epoch  : 9
Load time   : 345.12 ms

========================================
Loading Random Forest sensor model...
========================================
Model       : Random Forest
Features    : ['pH', 'TDS', 'water_level', 'DHT_temp', 'DHT_humidity', 'water_temp']
Classes     : [0 1]
Class map   : {'0': 'Unhealthy / Stress warning', '1': 'Healthy'}
Load time   : 3109.23 ms

========================================
CAPTURE
========================================
Capture ID : CAP_20260828_175056
Timestamp  : 2026-08-28 17:50:56
Plants     : 12

========================================
SENSOR VALUES
========================================
pH            : 6.13
TDS           : 766.5 ppm
Water level   : OK
Air temp      : 31.9 C
Humidity      : 73.1 %
Water temp    : 30.31 C

Sensor model  : Unhealthy / Stress warning
Sensor conf.  : 91.33%
Sensor risk   : 91.33%
Sensor time   : 172.256 ms

========================================
PLANT INFERENCE
========================================

P01
  Image     : healthy (83.38%)
  Image risk: 16.62%
  Sensor    : Unhealthy / Stress warning (91.33%)
  Sensor risk: 91.33%
  Fusion    : healthy (53.49%)
  Final     : HEALTHY
  Image time: 261.54 ms

P02
  Image     : healthy (84.38%)
  Image risk: 15.62%
  Sensor    : Unhealthy / Stress warning (91.33%)
  Sensor risk: 91.33%
  Fusion    : healthy (54.10%)
  Final     : HEALTHY
  Image time: 221.36 ms

P03
  Image     : unhealthy (87.07%)
  Image risk: 87.07%
  Sensor    : Unhealthy / Stress warning (91.33%)
  Sensor risk: 91.33%
  Fusion    : unhealthy (88.78%)
  Final     : STRESS WARNING
  Image time: 216.92 ms

P04
  Image     : healthy (56.07%)
  Image risk: 43.93%
  Sensor    : Unhealthy / Stress warning (91.33%)
  Sensor risk: 91.33%
  Fusion    : unhealthy (62.89%)
  Final     : STRESS WARNING
  Image time: 218.57 ms

P05
  Image     : healthy (73.58%)
  Image risk: 26.42%
  Sensor    : Unhealthy / Stress warning (91.33%)
  Sensor risk: 91.33%
  Fusion    : unhealthy (52.39%)
  Final     : STRESS WARNING
  Image time: 217.84 ms

P06
  Image     : healthy (97.25%)
  Image risk: 2.75%
  Sensor    : Unhealthy / Stress warning (91.33%)
  Sensor risk: 91.33%
  Fusion    : healthy (61.82%)
  Final     : HEALTHY
  Image time: 224.06 ms

P07
  Image     : healthy (82.19%)
  Image risk: 17.81%
  Sensor    : Unhealthy / Stress warning (91.33%)
  Sensor risk: 91.33%
  Fusion    : healthy (52.78%)
  Final     : HEALTHY
  Image time: 219.46 ms

P08
  Image     : unhealthy (59.89%)
  Image risk: 59.89%
  Sensor    : Unhealthy / Stress warning (91.33%)
  Sensor risk: 91.33%
  Fusion    : unhealthy (72.46%)
  Final     : STRESS WARNING
  Image time: 218.09 ms

P09
  Image     : healthy (79.45%)
  Image risk: 20.55%
  Sensor    : Unhealthy / Stress warning (91.33%)
  Sensor risk: 91.33%
  Fusion    : healthy (51.14%)
  Final     : HEALTHY
  Image time: 219.21 ms

P10
  Image     : healthy (82.08%)
  Image risk: 17.92%
  Sensor    : Unhealthy / Stress warning (91.33%)
  Sensor risk: 91.33%
  Fusion    : healthy (52.71%)
  Final     : HEALTHY
  Image time: 218.44 ms

P11
  Image     : healthy (73.54%)
  Image risk: 26.46%
  Sensor    : Unhealthy / Stress warning (91.33%)
  Sensor risk: 91.33%
  Fusion    : unhealthy (52.41%)
  Final     : STRESS WARNING
  Image time: 221.84 ms

P12
  Image     : unhealthy (68.51%)
  Image risk: 68.51%
  Sensor    : Unhealthy / Stress warning (91.33%)
  Sensor risk: 91.33%
  Fusion    : unhealthy (77.64%)
  Final     : STRESS WARNING
  Image time: 218.15 ms

========================================
Updating SQLite predictions...
========================================
12 plant records updated.

========================================
 INFERENCE COMPLETED
========================================
Capture ID           : CAP_20260828_175056
Plants processed     : 12
Average image latency: 222.96 ms
Min image latency    : 216.92 ms
Max image latency    : 261.54 ms
Sensor latency       : 172.256 ms
Total script time    : 6470.82 ms

Predictions saved to:
/hydroponic_project/database/hydroponic.db

Processing CAP_20260828_175442

========================================
 HYDROPONIC EDGE-AI INFERENCE
========================================
Device        : cpu
Image weight  : 0.60
Sensor weight : 0.40
Threshold     : 0.50

========================================
Loading MobileNetV2...
========================================
Model       : mobilenet_v2
Classes     : ['healthy', 'unhealthy']
Class map   : {'healthy': 0, 'unhealthy': 1}
Best epoch  : 9
Load time   : 339.76 ms

========================================
Loading Random Forest sensor model...
========================================
Model       : Random Forest
Features    : ['pH', 'TDS', 'water_level', 'DHT_temp', 'DHT_humidity', 'water_temp']
Classes     : [0 1]
Class map   : {'0': 'Unhealthy / Stress warning', '1': 'Healthy'}
Load time   : 3107.25 ms

========================================
CAPTURE
========================================
Capture ID : CAP_20260828_175442
Timestamp  : 2026-08-28 17:54:42
Plants     : 12

========================================
SENSOR VALUES
========================================
pH            : 6.63
TDS           : 763.8 ppm
Water level   : OK
Air temp      : 32.0 C
Humidity      : 71.0 %
Water temp    : 30.25 C

Sensor model  : Unhealthy / Stress warning
Sensor conf.  : 96.33%
Sensor risk   : 96.33%
Sensor time   : 172.716 ms

========================================
PLANT INFERENCE
========================================

P01
  Image     : healthy (71.64%)
  Image risk: 28.36%
  Sensor    : Unhealthy / Stress warning (96.33%)
  Sensor risk: 96.33%
  Fusion    : unhealthy (55.55%)
  Final     : STRESS WARNING
  Image time: 265.74 ms

P02
  Image     : healthy (85.63%)
  Image risk: 14.37%
  Sensor    : Unhealthy / Stress warning (96.33%)
  Sensor risk: 96.33%
  Fusion    : healthy (52.84%)
  Final     : HEALTHY
  Image time: 217.62 ms

P03
  Image     : unhealthy (94.47%)
  Image risk: 94.47%
  Sensor    : Unhealthy / Stress warning (96.33%)
  Sensor risk: 96.33%
  Fusion    : unhealthy (95.22%)
  Final     : STRESS WARNING
  Image time: 217.95 ms

P04
  Image     : unhealthy (53.31%)
  Image risk: 53.31%
  Sensor    : Unhealthy / Stress warning (96.33%)
  Sensor risk: 96.33%
  Fusion    : unhealthy (70.52%)
  Final     : STRESS WARNING
  Image time: 217.90 ms

P05
  Image     : unhealthy (73.31%)
  Image risk: 73.31%
  Sensor    : Unhealthy / Stress warning (96.33%)
  Sensor risk: 96.33%
  Fusion    : unhealthy (82.52%)
  Final     : STRESS WARNING
  Image time: 217.82 ms

P06
  Image     : healthy (86.11%)
  Image risk: 13.89%
  Sensor    : Unhealthy / Stress warning (96.33%)
  Sensor risk: 96.33%
  Fusion    : healthy (53.14%)
  Final     : HEALTHY
  Image time: 216.60 ms

P07
  Image     : healthy (54.45%)
  Image risk: 45.55%
  Sensor    : Unhealthy / Stress warning (96.33%)
  Sensor risk: 96.33%
  Fusion    : unhealthy (65.86%)
  Final     : STRESS WARNING
  Image time: 218.22 ms

P08
  Image     : unhealthy (69.50%)
  Image risk: 69.50%
  Sensor    : Unhealthy / Stress warning (96.33%)
  Sensor risk: 96.33%
  Fusion    : unhealthy (80.23%)
  Final     : STRESS WARNING
  Image time: 216.98 ms

P09
  Image     : unhealthy (72.10%)
  Image risk: 72.10%
  Sensor    : Unhealthy / Stress warning (96.33%)
  Sensor risk: 96.33%
  Fusion    : unhealthy (81.79%)
  Final     : STRESS WARNING
  Image time: 217.53 ms

P10
  Image     : healthy (65.89%)
  Image risk: 34.11%
  Sensor    : Unhealthy / Stress warning (96.33%)
  Sensor risk: 96.33%
  Fusion    : unhealthy (59.00%)
  Final     : STRESS WARNING
  Image time: 218.91 ms

P11
  Image     : healthy (69.88%)
  Image risk: 30.12%
  Sensor    : Unhealthy / Stress warning (96.33%)
  Sensor risk: 96.33%
  Fusion    : unhealthy (56.61%)
  Final     : STRESS WARNING
  Image time: 218.06 ms

P12
  Image     : unhealthy (93.70%)
  Image risk: 93.70%
  Sensor    : Unhealthy / Stress warning (96.33%)
  Sensor risk: 96.33%
  Fusion    : unhealthy (94.75%)
  Final     : STRESS WARNING
  Image time: 217.05 ms

========================================
Updating SQLite predictions...
========================================
12 plant records updated.

========================================
 INFERENCE COMPLETED
========================================
Capture ID           : CAP_20260828_175442
Plants processed     : 12
Average image latency: 221.70 ms
Min image latency    : 216.60 ms
Max image latency    : 265.74 ms
Sensor latency       : 172.716 ms
Total script time    : 6416.45 ms

Predictions saved to:
/hydroponic_project/database/hydroponic.db

Processing CAP_20260828_175839

========================================
 HYDROPONIC EDGE-AI INFERENCE
========================================
Device        : cpu
Image weight  : 0.60
Sensor weight : 0.40
Threshold     : 0.50

========================================
Loading MobileNetV2...
========================================
Model       : mobilenet_v2
Classes     : ['healthy', 'unhealthy']
Class map   : {'healthy': 0, 'unhealthy': 1}
Best epoch  : 9
Load time   : 339.22 ms

========================================
Loading Random Forest sensor model...
========================================
Model       : Random Forest
Features    : ['pH', 'TDS', 'water_level', 'DHT_temp', 'DHT_humidity', 'water_temp']
Classes     : [0 1]
Class map   : {'0': 'Unhealthy / Stress warning', '1': 'Healthy'}
Load time   : 3110.09 ms

========================================
CAPTURE
========================================
Capture ID : CAP_20260828_175839
Timestamp  : 2026-08-28 17:58:39
Plants     : 12

========================================
SENSOR VALUES
========================================
pH            : 6.28
TDS           : 763.6 ppm
Water level   : OK
Air temp      : 31.8 C
Humidity      : 71.7 %
Water temp    : 30.25 C

Sensor model  : Unhealthy / Stress warning
Sensor conf.  : 94.00%
Sensor risk   : 94.00%
Sensor time   : 172.760 ms

========================================
PLANT INFERENCE
========================================

P01
  Image     : healthy (94.72%)
  Image risk: 5.28%
  Sensor    : Unhealthy / Stress warning (94.00%)
  Sensor risk: 94.00%
  Fusion    : healthy (59.23%)
  Final     : HEALTHY
  Image time: 263.00 ms

P02
  Image     : healthy (99.57%)
  Image risk: 0.43%
  Sensor    : Unhealthy / Stress warning (94.00%)
  Sensor risk: 94.00%
  Fusion    : healthy (62.14%)
  Final     : HEALTHY
  Image time: 217.43 ms

P03
  Image     : healthy (89.76%)
  Image risk: 10.24%
  Sensor    : Unhealthy / Stress warning (94.00%)
  Sensor risk: 94.00%
  Fusion    : healthy (56.25%)
  Final     : HEALTHY
  Image time: 216.40 ms

P04
  Image     : healthy (95.89%)
  Image risk: 4.11%
  Sensor    : Unhealthy / Stress warning (94.00%)
  Sensor risk: 94.00%
  Fusion    : healthy (59.93%)
  Final     : HEALTHY
  Image time: 218.06 ms

P05
  Image     : healthy (75.96%)
  Image risk: 24.04%
  Sensor    : Unhealthy / Stress warning (94.00%)
  Sensor risk: 94.00%
  Fusion    : unhealthy (52.03%)
  Final     : STRESS WARNING
  Image time: 218.47 ms

P06
  Image     : healthy (99.88%)
  Image risk: 0.12%
  Sensor    : Unhealthy / Stress warning (94.00%)
  Sensor risk: 94.00%
  Fusion    : healthy (62.33%)
  Final     : HEALTHY
  Image time: 218.14 ms

P07
  Image     : healthy (99.87%)
  Image risk: 0.13%
  Sensor    : Unhealthy / Stress warning (94.00%)
  Sensor risk: 94.00%
  Fusion    : healthy (62.32%)
  Final     : HEALTHY
  Image time: 216.97 ms

P08
  Image     : healthy (89.88%)
  Image risk: 10.12%
  Sensor    : Unhealthy / Stress warning (94.00%)
  Sensor risk: 94.00%
  Fusion    : healthy (56.33%)
  Final     : HEALTHY
  Image time: 216.98 ms

P09
  Image     : healthy (87.56%)
  Image risk: 12.44%
  Sensor    : Unhealthy / Stress warning (94.00%)
  Sensor risk: 94.00%
  Fusion    : healthy (54.94%)
  Final     : HEALTHY
  Image time: 218.81 ms

P10
  Image     : healthy (94.65%)
  Image risk: 5.35%
  Sensor    : Unhealthy / Stress warning (94.00%)
  Sensor risk: 94.00%
  Fusion    : healthy (59.19%)
  Final     : HEALTHY
  Image time: 218.56 ms

P11
  Image     : healthy (99.87%)
  Image risk: 0.13%
  Sensor    : Unhealthy / Stress warning (94.00%)
  Sensor risk: 94.00%
  Fusion    : healthy (62.32%)
  Final     : HEALTHY
  Image time: 217.85 ms

P12
  Image     : healthy (97.94%)
  Image risk: 2.06%
  Sensor    : Unhealthy / Stress warning (94.00%)
  Sensor risk: 94.00%
  Fusion    : healthy (61.17%)
  Final     : HEALTHY
  Image time: 217.72 ms

========================================
Updating SQLite predictions...
========================================
12 plant records updated.

========================================
 INFERENCE COMPLETED
========================================
Capture ID           : CAP_20260828_175839
Plants processed     : 12
Average image latency: 221.53 ms
Min image latency    : 216.40 ms
Max image latency    : 263.00 ms
Sensor latency       : 172.760 ms
Total script time    : 6421.74 ms

Predictions saved to:
/hydroponic_project/database/hydroponic.db

Processing CAP_20260828_180014

========================================
 HYDROPONIC EDGE-AI INFERENCE
========================================
Device        : cpu
Image weight  : 0.60
Sensor weight : 0.40
Threshold     : 0.50

========================================
Loading MobileNetV2...
========================================
Model       : mobilenet_v2
Classes     : ['healthy', 'unhealthy']
Class map   : {'healthy': 0, 'unhealthy': 1}
Best epoch  : 9
Load time   : 344.28 ms

========================================
Loading Random Forest sensor model...
========================================
Model       : Random Forest
Features    : ['pH', 'TDS', 'water_level', 'DHT_temp', 'DHT_humidity', 'water_temp']
Classes     : [0 1]
Class map   : {'0': 'Unhealthy / Stress warning', '1': 'Healthy'}
Load time   : 3099.82 ms

========================================
CAPTURE
========================================
Capture ID : CAP_20260828_180014
Timestamp  : 2026-08-28 18:00:14
Plants     : 12

========================================
SENSOR VALUES
========================================
pH            : 6.44
TDS           : 762.6 ppm
Water level   : OK
Air temp      : 31.6 C
Humidity      : 72.3 %
Water temp    : 30.25 C

Sensor model  : Unhealthy / Stress warning
Sensor conf.  : 93.00%
Sensor risk   : 93.00%
Sensor time   : 182.935 ms

========================================
PLANT INFERENCE
========================================

P01
  Image     : healthy (98.84%)
  Image risk: 1.16%
  Sensor    : Unhealthy / Stress warning (93.00%)
  Sensor risk: 93.00%
  Fusion    : healthy (62.10%)
  Final     : HEALTHY
  Image time: 261.41 ms

P02
  Image     : healthy (100.00%)
  Image risk: 0.00%
  Sensor    : Unhealthy / Stress warning (93.00%)
  Sensor risk: 93.00%
  Fusion    : healthy (62.80%)
  Final     : HEALTHY
  Image time: 218.26 ms

P03
  Image     : healthy (84.39%)
  Image risk: 15.61%
  Sensor    : Unhealthy / Stress warning (93.00%)
  Sensor risk: 93.00%
  Fusion    : healthy (53.43%)
  Final     : HEALTHY
  Image time: 216.80 ms

P04
  Image     : healthy (99.64%)
  Image risk: 0.36%
  Sensor    : Unhealthy / Stress warning (93.00%)
  Sensor risk: 93.00%
  Fusion    : healthy (62.59%)
  Final     : HEALTHY
  Image time: 219.37 ms

P05
  Image     : healthy (99.67%)
  Image risk: 0.33%
  Sensor    : Unhealthy / Stress warning (93.00%)
  Sensor risk: 93.00%
  Fusion    : healthy (62.60%)
  Final     : HEALTHY
  Image time: 216.79 ms

P06
  Image     : healthy (100.00%)
  Image risk: 0.00%
  Sensor    : Unhealthy / Stress warning (93.00%)
  Sensor risk: 93.00%
  Fusion    : healthy (62.80%)
  Final     : HEALTHY
  Image time: 217.02 ms

P07
  Image     : healthy (100.00%)
  Image risk: 0.00%
  Sensor    : Unhealthy / Stress warning (93.00%)
  Sensor risk: 93.00%
  Fusion    : healthy (62.80%)
  Final     : HEALTHY
  Image time: 218.25 ms

P08
  Image     : healthy (99.42%)
  Image risk: 0.58%
  Sensor    : Unhealthy / Stress warning (93.00%)
  Sensor risk: 93.00%
  Fusion    : healthy (62.45%)
  Final     : HEALTHY
  Image time: 218.76 ms

P09
  Image     : healthy (99.74%)
  Image risk: 0.26%
  Sensor    : Unhealthy / Stress warning (93.00%)
  Sensor risk: 93.00%
  Fusion    : healthy (62.64%)
  Final     : HEALTHY
  Image time: 219.84 ms

P10
  Image     : healthy (99.94%)
  Image risk: 0.06%
  Sensor    : Unhealthy / Stress warning (93.00%)
  Sensor risk: 93.00%
  Fusion    : healthy (62.77%)
  Final     : HEALTHY
  Image time: 218.63 ms

P11
  Image     : healthy (100.00%)
  Image risk: 0.00%
  Sensor    : Unhealthy / Stress warning (93.00%)
  Sensor risk: 93.00%
  Fusion    : healthy (62.80%)
  Final     : HEALTHY
  Image time: 218.11 ms

P12
  Image     : healthy (86.44%)
  Image risk: 13.56%
  Sensor    : Unhealthy / Stress warning (93.00%)
  Sensor risk: 93.00%
  Fusion    : healthy (54.67%)
  Final     : HEALTHY
  Image time: 217.81 ms

========================================
Updating SQLite predictions...
========================================
12 plant records updated.

========================================
 INFERENCE COMPLETED
========================================
Capture ID           : CAP_20260828_180014
Plants processed     : 12
Average image latency: 221.75 ms
Min image latency    : 216.79 ms
Max image latency    : 261.41 ms
Sensor latency       : 182.935 ms
Total script time    : 6426.76 ms

Predictions saved to:
/hydroponic_project/database/hydroponic.db

Processing CAP_20260829_111323

========================================
 HYDROPONIC EDGE-AI INFERENCE
========================================
Device        : cpu
Image weight  : 0.60
Sensor weight : 0.40
Threshold     : 0.50

========================================
Loading MobileNetV2...
========================================
Model       : mobilenet_v2
Classes     : ['healthy', 'unhealthy']
Class map   : {'healthy': 0, 'unhealthy': 1}
Best epoch  : 9
Load time   : 344.15 ms

========================================
Loading Random Forest sensor model...
========================================
Model       : Random Forest
Features    : ['pH', 'TDS', 'water_level', 'DHT_temp', 'DHT_humidity', 'water_temp']
Classes     : [0 1]
Class map   : {'0': 'Unhealthy / Stress warning', '1': 'Healthy'}
Load time   : 3097.38 ms

========================================
CAPTURE
========================================
Capture ID : CAP_20260829_111323
Timestamp  : 2026-08-29 11:13:23
Plants     : 12

========================================
SENSOR VALUES
========================================
pH            : 6.22
TDS           : 723.8 ppm
Water level   : OK
Air temp      : 32.0 C
Humidity      : 72.8 %
Water temp    : 29.75 C

Sensor model  : Unhealthy / Stress warning
Sensor conf.  : 91.33%
Sensor risk   : 91.33%
Sensor time   : 179.202 ms

========================================
PLANT INFERENCE
========================================

P01
  Image     : healthy (99.93%)
  Image risk: 0.07%
  Sensor    : Unhealthy / Stress warning (91.33%)
  Sensor risk: 91.33%
  Fusion    : healthy (63.43%)
  Final     : HEALTHY
  Image time: 260.74 ms

P02
  Image     : healthy (100.00%)
  Image risk: 0.00%
  Sensor    : Unhealthy / Stress warning (91.33%)
  Sensor risk: 91.33%
  Fusion    : healthy (63.46%)
  Final     : HEALTHY
  Image time: 216.43 ms

P03
  Image     : healthy (100.00%)
  Image risk: 0.00%
  Sensor    : Unhealthy / Stress warning (91.33%)
  Sensor risk: 91.33%
  Fusion    : healthy (63.47%)
  Final     : HEALTHY
  Image time: 216.23 ms

P04
  Image     : healthy (99.99%)
  Image risk: 0.01%
  Sensor    : Unhealthy / Stress warning (91.33%)
  Sensor risk: 91.33%
  Fusion    : healthy (63.46%)
  Final     : HEALTHY
  Image time: 217.89 ms

P05
  Image     : healthy (99.92%)
  Image risk: 0.08%
  Sensor    : Unhealthy / Stress warning (91.33%)
  Sensor risk: 91.33%
  Fusion    : healthy (63.42%)
  Final     : HEALTHY
  Image time: 216.81 ms

P06
  Image     : healthy (100.00%)
  Image risk: 0.00%
  Sensor    : Unhealthy / Stress warning (91.33%)
  Sensor risk: 91.33%
  Fusion    : healthy (63.47%)
  Final     : HEALTHY
  Image time: 216.59 ms

P07
  Image     : healthy (100.00%)
  Image risk: 0.00%
  Sensor    : Unhealthy / Stress warning (91.33%)
  Sensor risk: 91.33%
  Fusion    : healthy (63.47%)
  Final     : HEALTHY
  Image time: 218.66 ms

P08
  Image     : healthy (99.89%)
  Image risk: 0.11%
  Sensor    : Unhealthy / Stress warning (91.33%)
  Sensor risk: 91.33%
  Fusion    : healthy (63.40%)
  Final     : HEALTHY
  Image time: 219.47 ms

P09
  Image     : healthy (99.93%)
  Image risk: 0.07%
  Sensor    : Unhealthy / Stress warning (91.33%)
  Sensor risk: 91.33%
  Fusion    : healthy (63.42%)
  Final     : HEALTHY
  Image time: 217.24 ms

P10
  Image     : healthy (100.00%)
  Image risk: 0.00%
  Sensor    : Unhealthy / Stress warning (91.33%)
  Sensor risk: 91.33%
  Fusion    : healthy (63.47%)
  Final     : HEALTHY
  Image time: 219.01 ms

P11
  Image     : healthy (99.94%)
  Image risk: 0.06%
  Sensor    : Unhealthy / Stress warning (91.33%)
  Sensor risk: 91.33%
  Fusion    : healthy (63.43%)
  Final     : HEALTHY
  Image time: 217.68 ms

P12
  Image     : healthy (98.40%)
  Image risk: 1.60%
  Sensor    : Unhealthy / Stress warning (91.33%)
  Sensor risk: 91.33%
  Fusion    : healthy (62.51%)
  Final     : HEALTHY
  Image time: 217.10 ms

========================================
Updating SQLite predictions...
========================================
12 plant records updated.

========================================
 INFERENCE COMPLETED
========================================
Capture ID           : CAP_20260829_111323
Plants processed     : 12
Average image latency: 221.15 ms
Min image latency    : 216.23 ms
Max image latency    : 260.74 ms
Sensor latency       : 179.202 ms
Total script time    : 6410.97 ms

Predictions saved to:
/hydroponic_project/database/hydroponic.db

Processing CAP_20260829_111504

========================================
 HYDROPONIC EDGE-AI INFERENCE
========================================
Device        : cpu
Image weight  : 0.60
Sensor weight : 0.40
Threshold     : 0.50

========================================
Loading MobileNetV2...
========================================
Model       : mobilenet_v2
Classes     : ['healthy', 'unhealthy']
Class map   : {'healthy': 0, 'unhealthy': 1}
Best epoch  : 9
Load time   : 341.72 ms

========================================
Loading Random Forest sensor model...
========================================
Model       : Random Forest
Features    : ['pH', 'TDS', 'water_level', 'DHT_temp', 'DHT_humidity', 'water_temp']
Classes     : [0 1]
Class map   : {'0': 'Unhealthy / Stress warning', '1': 'Healthy'}
Load time   : 3114.22 ms

========================================
CAPTURE
========================================
Capture ID : CAP_20260829_111504
Timestamp  : 2026-08-29 11:15:04
Plants     : 12

========================================
SENSOR VALUES
========================================
pH            : 6.23
TDS           : 723.6 ppm
Water level   : OK
Air temp      : 32.0 C
Humidity      : 72.7 %
Water temp    : 29.75 C

Sensor model  : Unhealthy / Stress warning
Sensor conf.  : 92.00%
Sensor risk   : 92.00%
Sensor time   : 179.778 ms

========================================
PLANT INFERENCE
========================================

P01
  Image     : healthy (99.86%)
  Image risk: 0.14%
  Sensor    : Unhealthy / Stress warning (92.00%)
  Sensor risk: 92.00%
  Fusion    : healthy (63.11%)
  Final     : HEALTHY
  Image time: 261.13 ms

P02
  Image     : healthy (99.99%)
  Image risk: 0.01%
  Sensor    : Unhealthy / Stress warning (92.00%)
  Sensor risk: 92.00%
  Fusion    : healthy (63.20%)
  Final     : HEALTHY
  Image time: 216.49 ms

P03
  Image     : healthy (100.00%)
  Image risk: 0.00%
  Sensor    : Unhealthy / Stress warning (92.00%)
  Sensor risk: 92.00%
  Fusion    : healthy (63.20%)
  Final     : HEALTHY
  Image time: 220.70 ms

P04
  Image     : healthy (99.98%)
  Image risk: 0.02%
  Sensor    : Unhealthy / Stress warning (92.00%)
  Sensor risk: 92.00%
  Fusion    : healthy (63.19%)
  Final     : HEALTHY
  Image time: 215.17 ms

P05
  Image     : healthy (99.91%)
  Image risk: 0.09%
  Sensor    : Unhealthy / Stress warning (92.00%)
  Sensor risk: 92.00%
  Fusion    : healthy (63.15%)
  Final     : HEALTHY
  Image time: 216.72 ms

P06
  Image     : healthy (100.00%)
  Image risk: 0.00%
  Sensor    : Unhealthy / Stress warning (92.00%)
  Sensor risk: 92.00%
  Fusion    : healthy (63.20%)
  Final     : HEALTHY
  Image time: 217.31 ms

P07
  Image     : healthy (100.00%)
  Image risk: 0.00%
  Sensor    : Unhealthy / Stress warning (92.00%)
  Sensor risk: 92.00%
  Fusion    : healthy (63.20%)
  Final     : HEALTHY
  Image time: 219.12 ms

P08
  Image     : healthy (99.56%)
  Image risk: 0.44%
  Sensor    : Unhealthy / Stress warning (92.00%)
  Sensor risk: 92.00%
  Fusion    : healthy (62.94%)
  Final     : HEALTHY
  Image time: 217.57 ms

P09
  Image     : healthy (99.81%)
  Image risk: 0.19%
  Sensor    : Unhealthy / Stress warning (92.00%)
  Sensor risk: 92.00%
  Fusion    : healthy (63.08%)
  Final     : HEALTHY
  Image time: 217.19 ms

P10
  Image     : healthy (100.00%)
  Image risk: 0.00%
  Sensor    : Unhealthy / Stress warning (92.00%)
  Sensor risk: 92.00%
  Fusion    : healthy (63.20%)
  Final     : HEALTHY
  Image time: 217.89 ms

P11
  Image     : healthy (99.94%)
  Image risk: 0.06%
  Sensor    : Unhealthy / Stress warning (92.00%)
  Sensor risk: 92.00%
  Fusion    : healthy (63.16%)
  Final     : HEALTHY
  Image time: 218.84 ms

P12
  Image     : healthy (97.21%)
  Image risk: 2.79%
  Sensor    : Unhealthy / Stress warning (92.00%)
  Sensor risk: 92.00%
  Fusion    : healthy (61.53%)
  Final     : HEALTHY
  Image time: 219.60 ms

========================================
Updating SQLite predictions...
========================================
12 plant records updated.

========================================
 INFERENCE COMPLETED
========================================
Capture ID           : CAP_20260829_111504
Plants processed     : 12
Average image latency: 221.48 ms
Min image latency    : 215.17 ms
Max image latency    : 261.13 ms
Sensor latency       : 179.778 ms
Total script time    : 6433.31 ms

Predictions saved to:
/hydroponic_project/database/hydroponic.db

Processing CAP_20260829_113003

========================================
 HYDROPONIC EDGE-AI INFERENCE
========================================
Device        : cpu
Image weight  : 0.60
Sensor weight : 0.40
Threshold     : 0.50

========================================
Loading MobileNetV2...
========================================
Model       : mobilenet_v2
Classes     : ['healthy', 'unhealthy']
Class map   : {'healthy': 0, 'unhealthy': 1}
Best epoch  : 9
Load time   : 340.74 ms

========================================
Loading Random Forest sensor model...
========================================
Model       : Random Forest
Features    : ['pH', 'TDS', 'water_level', 'DHT_temp', 'DHT_humidity', 'water_temp']
Classes     : [0 1]
Class map   : {'0': 'Unhealthy / Stress warning', '1': 'Healthy'}
Load time   : 3113.22 ms

========================================
CAPTURE
========================================
Capture ID : CAP_20260829_113003
Timestamp  : 2026-08-29 11:30:03
Plants     : 12

========================================
SENSOR VALUES
========================================
pH            : 6.17
TDS           : 715.5 ppm
Water level   : OK
Air temp      : 32.5 C
Humidity      : 70.7 %
Water temp    : 29.87 C

Sensor model  : Unhealthy / Stress warning
Sensor conf.  : 96.67%
Sensor risk   : 96.67%
Sensor time   : 176.625 ms

========================================
PLANT INFERENCE
========================================

P01
  Image     : healthy (99.87%)
  Image risk: 0.13%
  Sensor    : Unhealthy / Stress warning (96.67%)
  Sensor risk: 96.67%
  Fusion    : healthy (61.25%)
  Final     : HEALTHY
  Image time: 261.43 ms

P02
  Image     : healthy (100.00%)
  Image risk: 0.00%
  Sensor    : Unhealthy / Stress warning (96.67%)
  Sensor risk: 96.67%
  Fusion    : healthy (61.33%)
  Final     : HEALTHY
  Image time: 219.49 ms

P03
  Image     : healthy (100.00%)
  Image risk: 0.00%
  Sensor    : Unhealthy / Stress warning (96.67%)
  Sensor risk: 96.67%
  Fusion    : healthy (61.33%)
  Final     : HEALTHY
  Image time: 219.72 ms

P04
  Image     : healthy (99.98%)
  Image risk: 0.02%
  Sensor    : Unhealthy / Stress warning (96.67%)
  Sensor risk: 96.67%
  Fusion    : healthy (61.32%)
  Final     : HEALTHY
  Image time: 217.66 ms

P05
  Image     : healthy (99.90%)
  Image risk: 0.10%
  Sensor    : Unhealthy / Stress warning (96.67%)
  Sensor risk: 96.67%
  Fusion    : healthy (61.28%)
  Final     : HEALTHY
  Image time: 217.51 ms

P06
  Image     : healthy (100.00%)
  Image risk: 0.00%
  Sensor    : Unhealthy / Stress warning (96.67%)
  Sensor risk: 96.67%
  Fusion    : healthy (61.33%)
  Final     : HEALTHY
  Image time: 217.91 ms

P07
  Image     : healthy (100.00%)
  Image risk: 0.00%
  Sensor    : Unhealthy / Stress warning (96.67%)
  Sensor risk: 96.67%
  Fusion    : healthy (61.33%)
  Final     : HEALTHY
  Image time: 224.25 ms

P08
  Image     : healthy (99.72%)
  Image risk: 0.28%
  Sensor    : Unhealthy / Stress warning (96.67%)
  Sensor risk: 96.67%
  Fusion    : healthy (61.16%)
  Final     : HEALTHY
  Image time: 218.31 ms

P09
  Image     : healthy (99.76%)
  Image risk: 0.24%
  Sensor    : Unhealthy / Stress warning (96.67%)
  Sensor risk: 96.67%
  Fusion    : healthy (61.19%)
  Final     : HEALTHY
  Image time: 216.01 ms

P10
  Image     : healthy (100.00%)
  Image risk: 0.00%
  Sensor    : Unhealthy / Stress warning (96.67%)
  Sensor risk: 96.67%
  Fusion    : healthy (61.33%)
  Final     : HEALTHY
  Image time: 217.57 ms

P11
  Image     : healthy (99.96%)
  Image risk: 0.04%
  Sensor    : Unhealthy / Stress warning (96.67%)
  Sensor risk: 96.67%
  Fusion    : healthy (61.31%)
  Final     : HEALTHY
  Image time: 218.93 ms

P12
  Image     : healthy (98.60%)
  Image risk: 1.40%
  Sensor    : Unhealthy / Stress warning (96.67%)
  Sensor risk: 96.67%
  Fusion    : healthy (60.49%)
  Final     : HEALTHY
  Image time: 217.42 ms

========================================
Updating SQLite predictions...
========================================
12 plant records updated.

========================================
 INFERENCE COMPLETED
========================================
Capture ID           : CAP_20260829_113003
Plants processed     : 12
Average image latency: 222.18 ms
Min image latency    : 216.01 ms
Max image latency    : 261.43 ms
Sensor latency       : 176.625 ms
Total script time    : 6434.98 ms

Predictions saved to:
/hydroponic_project/database/hydroponic.db

Processing CAP_20260829_114503

========================================
 HYDROPONIC EDGE-AI INFERENCE
========================================
Device        : cpu
Image weight  : 0.60
Sensor weight : 0.40
Threshold     : 0.50

========================================
Loading MobileNetV2...
========================================
Model       : mobilenet_v2
Classes     : ['healthy', 'unhealthy']
Class map   : {'healthy': 0, 'unhealthy': 1}
Best epoch  : 9
Load time   : 341.33 ms

========================================
Loading Random Forest sensor model...
========================================
Model       : Random Forest
Features    : ['pH', 'TDS', 'water_level', 'DHT_temp', 'DHT_humidity', 'water_temp']
Classes     : [0 1]
Class map   : {'0': 'Unhealthy / Stress warning', '1': 'Healthy'}
Load time   : 3101.07 ms

========================================
CAPTURE
========================================
Capture ID : CAP_20260829_114503
Timestamp  : 2026-08-29 11:45:03
Plants     : 12

========================================
SENSOR VALUES
========================================
pH            : 6.2
TDS           : 712.1 ppm
Water level   : OK
Air temp      : 32.3 C
Humidity      : 71.3 %
Water temp    : 29.94 C

Sensor model  : Unhealthy / Stress warning
Sensor conf.  : 94.00%
Sensor risk   : 94.00%
Sensor time   : 181.299 ms

========================================
PLANT INFERENCE
========================================

P01
  Image     : healthy (99.80%)
  Image risk: 0.20%
  Sensor    : Unhealthy / Stress warning (94.00%)
  Sensor risk: 94.00%
  Fusion    : healthy (62.28%)
  Final     : HEALTHY
  Image time: 261.08 ms

P02
  Image     : healthy (100.00%)
  Image risk: 0.00%
  Sensor    : Unhealthy / Stress warning (94.00%)
  Sensor risk: 94.00%
  Fusion    : healthy (62.40%)
  Final     : HEALTHY
  Image time: 219.14 ms

P03
  Image     : healthy (99.99%)
  Image risk: 0.01%
  Sensor    : Unhealthy / Stress warning (94.00%)
  Sensor risk: 94.00%
  Fusion    : healthy (62.40%)
  Final     : HEALTHY
  Image time: 217.38 ms

P04
  Image     : healthy (99.99%)
  Image risk: 0.01%
  Sensor    : Unhealthy / Stress warning (94.00%)
  Sensor risk: 94.00%
  Fusion    : healthy (62.39%)
  Final     : HEALTHY
  Image time: 216.76 ms

P05
  Image     : healthy (99.92%)
  Image risk: 0.08%
  Sensor    : Unhealthy / Stress warning (94.00%)
  Sensor risk: 94.00%
  Fusion    : healthy (62.35%)
  Final     : HEALTHY
  Image time: 217.80 ms

P06
  Image     : healthy (100.00%)
  Image risk: 0.00%
  Sensor    : Unhealthy / Stress warning (94.00%)
  Sensor risk: 94.00%
  Fusion    : healthy (62.40%)
  Final     : HEALTHY
  Image time: 220.61 ms

P07
  Image     : healthy (100.00%)
  Image risk: 0.00%
  Sensor    : Unhealthy / Stress warning (94.00%)
  Sensor risk: 94.00%
  Fusion    : healthy (62.40%)
  Final     : HEALTHY
  Image time: 216.82 ms

P08
  Image     : healthy (99.80%)
  Image risk: 0.20%
  Sensor    : Unhealthy / Stress warning (94.00%)
  Sensor risk: 94.00%
  Fusion    : healthy (62.28%)
  Final     : HEALTHY
  Image time: 217.02 ms

P09
  Image     : healthy (99.84%)
  Image risk: 0.16%
  Sensor    : Unhealthy / Stress warning (94.00%)
  Sensor risk: 94.00%
  Fusion    : healthy (62.31%)
  Final     : HEALTHY
  Image time: 217.79 ms

P10
  Image     : healthy (100.00%)
  Image risk: 0.00%
  Sensor    : Unhealthy / Stress warning (94.00%)
  Sensor risk: 94.00%
  Fusion    : healthy (62.40%)
  Final     : HEALTHY
  Image time: 217.67 ms

P11
  Image     : healthy (99.95%)
  Image risk: 0.05%
  Sensor    : Unhealthy / Stress warning (94.00%)
  Sensor risk: 94.00%
  Fusion    : healthy (62.37%)
  Final     : HEALTHY
  Image time: 218.76 ms

P12
  Image     : healthy (98.66%)
  Image risk: 1.34%
  Sensor    : Unhealthy / Stress warning (94.00%)
  Sensor risk: 94.00%
  Fusion    : healthy (61.60%)
  Final     : HEALTHY
  Image time: 217.34 ms

========================================
Updating SQLite predictions...
========================================
12 plant records updated.

========================================
 INFERENCE COMPLETED
========================================
Capture ID           : CAP_20260829_114503
Plants processed     : 12
Average image latency: 221.51 ms
Min image latency    : 216.76 ms
Max image latency    : 261.08 ms
Sensor latency       : 181.299 ms
Total script time    : 6418.70 ms

Predictions saved to:
/hydroponic_project/database/hydroponic.db

Processing CAP_20260829_120003

========================================
 HYDROPONIC EDGE-AI INFERENCE
========================================
Device        : cpu
Image weight  : 0.60
Sensor weight : 0.40
Threshold     : 0.50

========================================
Loading MobileNetV2...
========================================
Model       : mobilenet_v2
Classes     : ['healthy', 'unhealthy']
Class map   : {'healthy': 0, 'unhealthy': 1}
Best epoch  : 9
Load time   : 341.68 ms

========================================
Loading Random Forest sensor model...
========================================
Model       : Random Forest
Features    : ['pH', 'TDS', 'water_level', 'DHT_temp', 'DHT_humidity', 'water_temp']
Classes     : [0 1]
Class map   : {'0': 'Unhealthy / Stress warning', '1': 'Healthy'}
Load time   : 3099.43 ms

========================================
CAPTURE
========================================
Capture ID : CAP_20260829_120003
Timestamp  : 2026-08-29 12:00:03
Plants     : 12

========================================
SENSOR VALUES
========================================
pH            : 6.35
TDS           : 710.8 ppm
Water level   : OK
Air temp      : 32.6 C
Humidity      : 69.1 %
Water temp    : 29.87 C

Sensor model  : Unhealthy / Stress warning
Sensor conf.  : 97.67%
Sensor risk   : 97.67%
Sensor time   : 172.961 ms

========================================
PLANT INFERENCE
========================================

P01
  Image     : healthy (99.65%)
  Image risk: 0.35%
  Sensor    : Unhealthy / Stress warning (97.67%)
  Sensor risk: 97.67%
  Fusion    : healthy (60.72%)
  Final     : HEALTHY
  Image time: 265.41 ms

P02
  Image     : healthy (100.00%)
  Image risk: 0.00%
  Sensor    : Unhealthy / Stress warning (97.67%)
  Sensor risk: 97.67%
  Fusion    : healthy (60.93%)
  Final     : HEALTHY
  Image time: 219.54 ms

P03
  Image     : healthy (99.99%)
  Image risk: 0.01%
  Sensor    : Unhealthy / Stress warning (97.67%)
  Sensor risk: 97.67%
  Fusion    : healthy (60.93%)
  Final     : HEALTHY
  Image time: 217.62 ms

P04
  Image     : healthy (99.99%)
  Image risk: 0.01%
  Sensor    : Unhealthy / Stress warning (97.67%)
  Sensor risk: 97.67%
  Fusion    : healthy (60.92%)
  Final     : HEALTHY
  Image time: 217.63 ms

P05
  Image     : healthy (99.99%)
  Image risk: 0.01%
  Sensor    : Unhealthy / Stress warning (97.67%)
  Sensor risk: 97.67%
  Fusion    : healthy (60.93%)
  Final     : HEALTHY
  Image time: 218.01 ms

P06
  Image     : healthy (100.00%)
  Image risk: 0.00%
  Sensor    : Unhealthy / Stress warning (97.67%)
  Sensor risk: 97.67%
  Fusion    : healthy (60.93%)
  Final     : HEALTHY
  Image time: 225.42 ms

P07
  Image     : healthy (100.00%)
  Image risk: 0.00%
  Sensor    : Unhealthy / Stress warning (97.67%)
  Sensor risk: 97.67%
  Fusion    : healthy (60.93%)
  Final     : HEALTHY
  Image time: 215.61 ms

P08
  Image     : healthy (99.76%)
  Image risk: 0.24%
  Sensor    : Unhealthy / Stress warning (97.67%)
  Sensor risk: 97.67%
  Fusion    : healthy (60.79%)
  Final     : HEALTHY
  Image time: 217.31 ms

P09
  Image     : healthy (99.94%)
  Image risk: 0.06%
  Sensor    : Unhealthy / Stress warning (97.67%)
  Sensor risk: 97.67%
  Fusion    : healthy (60.90%)
  Final     : HEALTHY
  Image time: 217.28 ms

P10
  Image     : healthy (100.00%)
  Image risk: 0.00%
  Sensor    : Unhealthy / Stress warning (97.67%)
  Sensor risk: 97.67%
  Fusion    : healthy (60.93%)
  Final     : HEALTHY
  Image time: 219.10 ms

P11
  Image     : healthy (99.95%)
  Image risk: 0.05%
  Sensor    : Unhealthy / Stress warning (97.67%)
  Sensor risk: 97.67%
  Fusion    : healthy (60.91%)
  Final     : HEALTHY
  Image time: 217.44 ms

P12
  Image     : healthy (99.27%)
  Image risk: 0.73%
  Sensor    : Unhealthy / Stress warning (97.67%)
  Sensor risk: 97.67%
  Fusion    : healthy (60.50%)
  Final     : HEALTHY
  Image time: 217.05 ms

========================================
Updating SQLite predictions...
========================================
12 plant records updated.

========================================
 INFERENCE COMPLETED
========================================
Capture ID           : CAP_20260829_120003
Plants processed     : 12
Average image latency: 222.29 ms
Min image latency    : 215.61 ms
Max image latency    : 265.41 ms
Sensor latency       : 172.961 ms
Total script time    : 6424.40 ms

Predictions saved to:
/hydroponic_project/database/hydroponic.db

Processing CAP_20260829_121504

========================================
 HYDROPONIC EDGE-AI INFERENCE
========================================
Device        : cpu
Image weight  : 0.60
Sensor weight : 0.40
Threshold     : 0.50

========================================
Loading MobileNetV2...
========================================
Model       : mobilenet_v2
Classes     : ['healthy', 'unhealthy']
Class map   : {'healthy': 0, 'unhealthy': 1}
Best epoch  : 9
Load time   : 339.26 ms

========================================
Loading Random Forest sensor model...
========================================
Model       : Random Forest
Features    : ['pH', 'TDS', 'water_level', 'DHT_temp', 'DHT_humidity', 'water_temp']
Classes     : [0 1]
Class map   : {'0': 'Unhealthy / Stress warning', '1': 'Healthy'}
Load time   : 3112.11 ms

========================================
CAPTURE
========================================
Capture ID : CAP_20260829_121504
Timestamp  : 2026-08-29 12:15:04
Plants     : 12

========================================
SENSOR VALUES
========================================
pH            : 6.26
TDS           : 708.8 ppm
Water level   : OK
Air temp      : 32.8 C
Humidity      : 70.8 %
Water temp    : 29.87 C

Sensor model  : Unhealthy / Stress warning
Sensor conf.  : 97.33%
Sensor risk   : 97.33%
Sensor time   : 184.065 ms

========================================
PLANT INFERENCE
========================================

P01
  Image     : healthy (99.86%)
  Image risk: 0.14%
  Sensor    : Unhealthy / Stress warning (97.33%)
  Sensor risk: 97.33%
  Fusion    : healthy (60.98%)
  Final     : HEALTHY
  Image time: 263.76 ms

P02
  Image     : healthy (100.00%)
  Image risk: 0.00%
  Sensor    : Unhealthy / Stress warning (97.33%)
  Sensor risk: 97.33%
  Fusion    : healthy (61.07%)
  Final     : HEALTHY
  Image time: 215.92 ms

P03
  Image     : healthy (99.99%)
  Image risk: 0.01%
  Sensor    : Unhealthy / Stress warning (97.33%)
  Sensor risk: 97.33%
  Fusion    : healthy (61.06%)
  Final     : HEALTHY
  Image time: 215.01 ms

P04
  Image     : healthy (99.99%)
  Image risk: 0.01%
  Sensor    : Unhealthy / Stress warning (97.33%)
  Sensor risk: 97.33%
  Fusion    : healthy (61.06%)
  Final     : HEALTHY
  Image time: 216.84 ms

P05
  Image     : healthy (99.98%)
  Image risk: 0.02%
  Sensor    : Unhealthy / Stress warning (97.33%)
  Sensor risk: 97.33%
  Fusion    : healthy (61.06%)
  Final     : HEALTHY
  Image time: 217.92 ms

P06
  Image     : healthy (100.00%)
  Image risk: 0.00%
  Sensor    : Unhealthy / Stress warning (97.33%)
  Sensor risk: 97.33%
  Fusion    : healthy (61.07%)
  Final     : HEALTHY
  Image time: 217.61 ms

P07
  Image     : healthy (100.00%)
  Image risk: 0.00%
  Sensor    : Unhealthy / Stress warning (97.33%)
  Sensor risk: 97.33%
  Fusion    : healthy (61.07%)
  Final     : HEALTHY
  Image time: 216.34 ms

P08
  Image     : healthy (99.83%)
  Image risk: 0.17%
  Sensor    : Unhealthy / Stress warning (97.33%)
  Sensor risk: 97.33%
  Fusion    : healthy (60.96%)
  Final     : HEALTHY
  Image time: 216.10 ms

P09
  Image     : healthy (99.95%)
  Image risk: 0.05%
  Sensor    : Unhealthy / Stress warning (97.33%)
  Sensor risk: 97.33%
  Fusion    : healthy (61.04%)
  Final     : HEALTHY
  Image time: 219.78 ms

P10
  Image     : healthy (100.00%)
  Image risk: 0.00%
  Sensor    : Unhealthy / Stress warning (97.33%)
  Sensor risk: 97.33%
  Fusion    : healthy (61.07%)
  Final     : HEALTHY
  Image time: 215.78 ms

P11
  Image     : healthy (99.92%)
  Image risk: 0.08%
  Sensor    : Unhealthy / Stress warning (97.33%)
  Sensor risk: 97.33%
  Fusion    : healthy (61.02%)
  Final     : HEALTHY
  Image time: 216.44 ms

P12
  Image     : healthy (98.77%)
  Image risk: 1.23%
  Sensor    : Unhealthy / Stress warning (97.33%)
  Sensor risk: 97.33%
  Fusion    : healthy (60.33%)
  Final     : HEALTHY
  Image time: 215.79 ms

========================================
Updating SQLite predictions...
========================================
12 plant records updated.

========================================
 INFERENCE COMPLETED
========================================
Capture ID           : CAP_20260829_121504
Plants processed     : 12
Average image latency: 220.61 ms
Min image latency    : 215.01 ms
Max image latency    : 263.76 ms
Sensor latency       : 184.065 ms
Total script time    : 6419.44 ms

Predictions saved to:
/hydroponic_project/database/hydroponic.db

Processing CAP_20260829_123003

========================================
 HYDROPONIC EDGE-AI INFERENCE
========================================
Device        : cpu
Image weight  : 0.60
Sensor weight : 0.40
Threshold     : 0.50

========================================
Loading MobileNetV2...
========================================
Model       : mobilenet_v2
Classes     : ['healthy', 'unhealthy']
Class map   : {'healthy': 0, 'unhealthy': 1}
Best epoch  : 9
Load time   : 339.48 ms

========================================
Loading Random Forest sensor model...
========================================
Model       : Random Forest
Features    : ['pH', 'TDS', 'water_level', 'DHT_temp', 'DHT_humidity', 'water_temp']
Classes     : [0 1]
Class map   : {'0': 'Unhealthy / Stress warning', '1': 'Healthy'}
Load time   : 3104.76 ms

========================================
CAPTURE
========================================
Capture ID : CAP_20260829_123003
Timestamp  : 2026-08-29 12:30:03
Plants     : 12

========================================
SENSOR VALUES
========================================
pH            : 6.18
TDS           : 706.2 ppm
Water level   : OK
Air temp      : 32.7 C
Humidity      : 68.8 %
Water temp    : 29.94 C

Sensor model  : Unhealthy / Stress warning
Sensor conf.  : 97.67%
Sensor risk   : 97.67%
Sensor time   : 174.008 ms

========================================
PLANT INFERENCE
========================================

P01
  Image     : healthy (99.96%)
  Image risk: 0.04%
  Sensor    : Unhealthy / Stress warning (97.67%)
  Sensor risk: 97.67%
  Fusion    : healthy (60.91%)
  Final     : HEALTHY
  Image time: 261.54 ms

P02
  Image     : healthy (100.00%)
  Image risk: 0.00%
  Sensor    : Unhealthy / Stress warning (97.67%)
  Sensor risk: 97.67%
  Fusion    : healthy (60.93%)
  Final     : HEALTHY
  Image time: 217.89 ms

P03
  Image     : healthy (99.99%)
  Image risk: 0.01%
  Sensor    : Unhealthy / Stress warning (97.67%)
  Sensor risk: 97.67%
  Fusion    : healthy (60.92%)
  Final     : HEALTHY
  Image time: 218.24 ms

P04
  Image     : healthy (100.00%)
  Image risk: 0.00%
  Sensor    : Unhealthy / Stress warning (97.67%)
  Sensor risk: 97.67%
  Fusion    : healthy (60.93%)
  Final     : HEALTHY
  Image time: 220.89 ms

P05
  Image     : healthy (99.97%)
  Image risk: 0.03%
  Sensor    : Unhealthy / Stress warning (97.67%)
  Sensor risk: 97.67%
  Fusion    : healthy (60.92%)
  Final     : HEALTHY
  Image time: 220.41 ms

P06
  Image     : healthy (100.00%)
  Image risk: 0.00%
  Sensor    : Unhealthy / Stress warning (97.67%)
  Sensor risk: 97.67%
  Fusion    : healthy (60.93%)
  Final     : HEALTHY
  Image time: 216.41 ms

P07
  Image     : healthy (100.00%)
  Image risk: 0.00%
  Sensor    : Unhealthy / Stress warning (97.67%)
  Sensor risk: 97.67%
  Fusion    : healthy (60.93%)
  Final     : HEALTHY
  Image time: 217.80 ms

P08
  Image     : healthy (99.60%)
  Image risk: 0.40%
  Sensor    : Unhealthy / Stress warning (97.67%)
  Sensor risk: 97.67%
  Fusion    : healthy (60.69%)
  Final     : HEALTHY
  Image time: 218.26 ms

P09
  Image     : healthy (99.97%)
  Image risk: 0.03%
  Sensor    : Unhealthy / Stress warning (97.67%)
  Sensor risk: 97.67%
  Fusion    : healthy (60.92%)
  Final     : HEALTHY
  Image time: 217.65 ms

P10
  Image     : healthy (100.00%)
  Image risk: 0.00%
  Sensor    : Unhealthy / Stress warning (97.67%)
  Sensor risk: 97.67%
  Fusion    : healthy (60.93%)
  Final     : HEALTHY
  Image time: 218.43 ms

P11
  Image     : healthy (99.99%)
  Image risk: 0.01%
  Sensor    : Unhealthy / Stress warning (97.67%)
  Sensor risk: 97.67%
  Fusion    : healthy (60.93%)
  Final     : HEALTHY
  Image time: 217.06 ms

P12
  Image     : healthy (98.99%)
  Image risk: 1.01%
  Sensor    : Unhealthy / Stress warning (97.67%)
  Sensor risk: 97.67%
  Fusion    : healthy (60.33%)
  Final     : HEALTHY
  Image time: 217.91 ms

========================================
Updating SQLite predictions...
========================================
12 plant records updated.

========================================
 INFERENCE COMPLETED
========================================
Capture ID           : CAP_20260829_123003
Plants processed     : 12
Average image latency: 221.87 ms
Min image latency    : 216.41 ms
Max image latency    : 261.54 ms
Sensor latency       : 174.008 ms
Total script time    : 6417.52 ms

Predictions saved to:
/hydroponic_project/database/hydroponic.db

Processing CAP_20260829_124503

========================================
 HYDROPONIC EDGE-AI INFERENCE
========================================
Device        : cpu
Image weight  : 0.60
Sensor weight : 0.40
Threshold     : 0.50

========================================
Loading MobileNetV2...
========================================
Model       : mobilenet_v2
Classes     : ['healthy', 'unhealthy']
Class map   : {'healthy': 0, 'unhealthy': 1}
Best epoch  : 9
Load time   : 340.55 ms

========================================
Loading Random Forest sensor model...
========================================
Model       : Random Forest
Features    : ['pH', 'TDS', 'water_level', 'DHT_temp', 'DHT_humidity', 'water_temp']
Classes     : [0 1]
Class map   : {'0': 'Unhealthy / Stress warning', '1': 'Healthy'}
Load time   : 3104.93 ms

========================================
CAPTURE
========================================
Capture ID : CAP_20260829_124503
Timestamp  : 2026-08-29 12:45:03
Plants     : 12

========================================
SENSOR VALUES
========================================
pH            : 6.25
TDS           : 704.0 ppm
Water level   : OK
Air temp      : 32.5 C
Humidity      : 69.9 %
Water temp    : 30.0 C

Sensor model  : Unhealthy / Stress warning
Sensor conf.  : 97.67%
Sensor risk   : 97.67%
Sensor time   : 180.281 ms

========================================
PLANT INFERENCE
========================================

P01
  Image     : healthy (99.86%)
  Image risk: 0.14%
  Sensor    : Unhealthy / Stress warning (97.67%)
  Sensor risk: 97.67%
  Fusion    : healthy (60.85%)
  Final     : HEALTHY
  Image time: 260.32 ms

P02
  Image     : healthy (100.00%)
  Image risk: 0.00%
  Sensor    : Unhealthy / Stress warning (97.67%)
  Sensor risk: 97.67%
  Fusion    : healthy (60.93%)
  Final     : HEALTHY
  Image time: 217.84 ms

P03
  Image     : healthy (99.99%)
  Image risk: 0.01%
  Sensor    : Unhealthy / Stress warning (97.67%)
  Sensor risk: 97.67%
  Fusion    : healthy (60.93%)
  Final     : HEALTHY
  Image time: 215.52 ms

P04
  Image     : healthy (99.99%)
  Image risk: 0.01%
  Sensor    : Unhealthy / Stress warning (97.67%)
  Sensor risk: 97.67%
  Fusion    : healthy (60.93%)
  Final     : HEALTHY
  Image time: 216.35 ms

P05
  Image     : healthy (99.97%)
  Image risk: 0.03%
  Sensor    : Unhealthy / Stress warning (97.67%)
  Sensor risk: 97.67%
  Fusion    : healthy (60.91%)
  Final     : HEALTHY
  Image time: 216.08 ms

P06
  Image     : healthy (100.00%)
  Image risk: 0.00%
  Sensor    : Unhealthy / Stress warning (97.67%)
  Sensor risk: 97.67%
  Fusion    : healthy (60.93%)
  Final     : HEALTHY
  Image time: 215.73 ms

P07
  Image     : healthy (100.00%)
  Image risk: 0.00%
  Sensor    : Unhealthy / Stress warning (97.67%)
  Sensor risk: 97.67%
  Fusion    : healthy (60.93%)
  Final     : HEALTHY
  Image time: 216.39 ms

P08
  Image     : healthy (99.90%)
  Image risk: 0.10%
  Sensor    : Unhealthy / Stress warning (97.67%)
  Sensor risk: 97.67%
  Fusion    : healthy (60.87%)
  Final     : HEALTHY
  Image time: 218.33 ms

P09
  Image     : healthy (99.94%)
  Image risk: 0.06%
  Sensor    : Unhealthy / Stress warning (97.67%)
  Sensor risk: 97.67%
  Fusion    : healthy (60.90%)
  Final     : HEALTHY
  Image time: 215.76 ms

P10
  Image     : healthy (100.00%)
  Image risk: 0.00%
  Sensor    : Unhealthy / Stress warning (97.67%)
  Sensor risk: 97.67%
  Fusion    : healthy (60.93%)
  Final     : HEALTHY
  Image time: 215.64 ms

P11
  Image     : healthy (99.99%)
  Image risk: 0.01%
  Sensor    : Unhealthy / Stress warning (97.67%)
  Sensor risk: 97.67%
  Fusion    : healthy (60.93%)
  Final     : HEALTHY
  Image time: 216.31 ms

P12
  Image     : healthy (98.14%)
  Image risk: 1.86%
  Sensor    : Unhealthy / Stress warning (97.67%)
  Sensor risk: 97.67%
  Fusion    : healthy (59.82%)
  Final     : HEALTHY
  Image time: 217.20 ms

========================================
Updating SQLite predictions...
========================================
12 plant records updated.

========================================
 INFERENCE COMPLETED
========================================
Capture ID           : CAP_20260829_124503
Plants processed     : 12
Average image latency: 220.12 ms
Min image latency    : 215.52 ms
Max image latency    : 260.32 ms
Sensor latency       : 180.281 ms
Total script time    : 6408.67 ms

Predictions saved to:
/hydroponic_project/database/hydroponic.db

Processing CAP_20260829_130004

========================================
 HYDROPONIC EDGE-AI INFERENCE
========================================
Device        : cpu
Image weight  : 0.60
Sensor weight : 0.40
Threshold     : 0.50

========================================
Loading MobileNetV2...
========================================
Model       : mobilenet_v2
Classes     : ['healthy', 'unhealthy']
Class map   : {'healthy': 0, 'unhealthy': 1}
Best epoch  : 9
Load time   : 340.32 ms

========================================
Loading Random Forest sensor model...
========================================
Model       : Random Forest
Features    : ['pH', 'TDS', 'water_level', 'DHT_temp', 'DHT_humidity', 'water_temp']
Classes     : [0 1]
Class map   : {'0': 'Unhealthy / Stress warning', '1': 'Healthy'}
Load time   : 3109.37 ms

========================================
CAPTURE
========================================
Capture ID : CAP_20260829_130004
Timestamp  : 2026-08-29 13:00:04
Plants     : 12

========================================
SENSOR VALUES
========================================
pH            : 6.2
TDS           : 701.1 ppm
Water level   : OK
Air temp      : 32.3 C
Humidity      : 70.5 %
Water temp    : 30.06 C

Sensor model  : Unhealthy / Stress warning
Sensor conf.  : 97.67%
Sensor risk   : 97.67%
Sensor time   : 177.096 ms

========================================
PLANT INFERENCE
========================================

P01
  Image     : healthy (99.68%)
  Image risk: 0.32%
  Sensor    : Unhealthy / Stress warning (97.67%)
  Sensor risk: 97.67%
  Fusion    : healthy (60.74%)
  Final     : HEALTHY
  Image time: 260.14 ms

P02
  Image     : healthy (100.00%)
  Image risk: 0.00%
  Sensor    : Unhealthy / Stress warning (97.67%)
  Sensor risk: 97.67%
  Fusion    : healthy (60.93%)
  Final     : HEALTHY
  Image time: 217.09 ms

P03
  Image     : healthy (100.00%)
  Image risk: 0.00%
  Sensor    : Unhealthy / Stress warning (97.67%)
  Sensor risk: 97.67%
  Fusion    : healthy (60.93%)
  Final     : HEALTHY
  Image time: 219.63 ms

P04
  Image     : healthy (100.00%)
  Image risk: 0.00%
  Sensor    : Unhealthy / Stress warning (97.67%)
  Sensor risk: 97.67%
  Fusion    : healthy (60.93%)
  Final     : HEALTHY
  Image time: 216.33 ms

P05
  Image     : healthy (99.97%)
  Image risk: 0.03%
  Sensor    : Unhealthy / Stress warning (97.67%)
  Sensor risk: 97.67%
  Fusion    : healthy (60.91%)
  Final     : HEALTHY
  Image time: 216.42 ms

P06
  Image     : healthy (100.00%)
  Image risk: 0.00%
  Sensor    : Unhealthy / Stress warning (97.67%)
  Sensor risk: 97.67%
  Fusion    : healthy (60.93%)
  Final     : HEALTHY
  Image time: 216.51 ms

P07
  Image     : healthy (100.00%)
  Image risk: 0.00%
  Sensor    : Unhealthy / Stress warning (97.67%)
  Sensor risk: 97.67%
  Fusion    : healthy (60.93%)
  Final     : HEALTHY
  Image time: 220.09 ms

P08
  Image     : healthy (99.74%)
  Image risk: 0.26%
  Sensor    : Unhealthy / Stress warning (97.67%)
  Sensor risk: 97.67%
  Fusion    : healthy (60.78%)
  Final     : HEALTHY
  Image time: 217.11 ms

P09
  Image     : healthy (99.75%)
  Image risk: 0.25%
  Sensor    : Unhealthy / Stress warning (97.67%)
  Sensor risk: 97.67%
  Fusion    : healthy (60.78%)
  Final     : HEALTHY
  Image time: 217.77 ms

P10
  Image     : healthy (99.99%)
  Image risk: 0.01%
  Sensor    : Unhealthy / Stress warning (97.67%)
  Sensor risk: 97.67%
  Fusion    : healthy (60.93%)
  Final     : HEALTHY
  Image time: 217.88 ms

P11
  Image     : healthy (99.93%)
  Image risk: 0.07%
  Sensor    : Unhealthy / Stress warning (97.67%)
  Sensor risk: 97.67%
  Fusion    : healthy (60.89%)
  Final     : HEALTHY
  Image time: 217.60 ms

P12
  Image     : healthy (98.86%)
  Image risk: 1.14%
  Sensor    : Unhealthy / Stress warning (97.67%)
  Sensor risk: 97.67%
  Fusion    : healthy (60.25%)
  Final     : HEALTHY
  Image time: 223.17 ms

========================================
Updating SQLite predictions...
========================================
12 plant records updated.

========================================
 INFERENCE COMPLETED
========================================
Capture ID           : CAP_20260829_130004
Plants processed     : 12
Average image latency: 221.65 ms
Min image latency    : 216.33 ms
Max image latency    : 260.14 ms
Sensor latency       : 177.096 ms
Total script time    : 6427.86 ms

Predictions saved to:
/hydroponic_project/database/hydroponic.db

Processing CAP_20260829_131504

========================================
 HYDROPONIC EDGE-AI INFERENCE
========================================
Device        : cpu
Image weight  : 0.60
Sensor weight : 0.40
Threshold     : 0.50

========================================
Loading MobileNetV2...
========================================
Model       : mobilenet_v2
Classes     : ['healthy', 'unhealthy']
Class map   : {'healthy': 0, 'unhealthy': 1}
Best epoch  : 9
Load time   : 342.55 ms

========================================
Loading Random Forest sensor model...
========================================
Model       : Random Forest
Features    : ['pH', 'TDS', 'water_level', 'DHT_temp', 'DHT_humidity', 'water_temp']
Classes     : [0 1]
Class map   : {'0': 'Unhealthy / Stress warning', '1': 'Healthy'}
Load time   : 3116.49 ms

========================================
CAPTURE
========================================
Capture ID : CAP_20260829_131504
Timestamp  : 2026-08-29 13:15:04
Plants     : 12

========================================
SENSOR VALUES
========================================
pH            : 6.25
TDS           : 704.2 ppm
Water level   : OK
Air temp      : 32.4 C
Humidity      : 69.2 %
Water temp    : 30.06 C

Sensor model  : Unhealthy / Stress warning
Sensor conf.  : 97.67%
Sensor risk   : 97.67%
Sensor time   : 172.436 ms

========================================
PLANT INFERENCE
========================================

P01
  Image     : healthy (99.92%)
  Image risk: 0.08%
  Sensor    : Unhealthy / Stress warning (97.67%)
  Sensor risk: 97.67%
  Fusion    : healthy (60.89%)
  Final     : HEALTHY
  Image time: 260.71 ms

P02
  Image     : healthy (100.00%)
  Image risk: 0.00%
  Sensor    : Unhealthy / Stress warning (97.67%)
  Sensor risk: 97.67%
  Fusion    : healthy (60.93%)
  Final     : HEALTHY
  Image time: 222.06 ms

P03
  Image     : healthy (100.00%)
  Image risk: 0.00%
  Sensor    : Unhealthy / Stress warning (97.67%)
  Sensor risk: 97.67%
  Fusion    : healthy (60.93%)
  Final     : HEALTHY
  Image time: 216.41 ms

P04
  Image     : healthy (99.73%)
  Image risk: 0.27%
  Sensor    : Unhealthy / Stress warning (97.67%)
  Sensor risk: 97.67%
  Fusion    : healthy (60.77%)
  Final     : HEALTHY
  Image time: 216.36 ms

P05
  Image     : healthy (99.94%)
  Image risk: 0.06%
  Sensor    : Unhealthy / Stress warning (97.67%)
  Sensor risk: 97.67%
  Fusion    : healthy (60.89%)
  Final     : HEALTHY
  Image time: 216.57 ms

P06
  Image     : healthy (100.00%)
  Image risk: 0.00%
  Sensor    : Unhealthy / Stress warning (97.67%)
  Sensor risk: 97.67%
  Fusion    : healthy (60.93%)
  Final     : HEALTHY
  Image time: 217.45 ms

P07
  Image     : healthy (100.00%)
  Image risk: 0.00%
  Sensor    : Unhealthy / Stress warning (97.67%)
  Sensor risk: 97.67%
  Fusion    : healthy (60.93%)
  Final     : HEALTHY
  Image time: 218.40 ms

P08
  Image     : healthy (99.54%)
  Image risk: 0.46%
  Sensor    : Unhealthy / Stress warning (97.67%)
  Sensor risk: 97.67%
  Fusion    : healthy (60.66%)
  Final     : HEALTHY
  Image time: 218.37 ms

P09
  Image     : healthy (99.66%)
  Image risk: 0.34%
  Sensor    : Unhealthy / Stress warning (97.67%)
  Sensor risk: 97.67%
  Fusion    : healthy (60.73%)
  Final     : HEALTHY
  Image time: 218.18 ms

P10
  Image     : healthy (99.97%)
  Image risk: 0.03%
  Sensor    : Unhealthy / Stress warning (97.67%)
  Sensor risk: 97.67%
  Fusion    : healthy (60.92%)
  Final     : HEALTHY
  Image time: 217.69 ms

P11
  Image     : healthy (99.86%)
  Image risk: 0.14%
  Sensor    : Unhealthy / Stress warning (97.67%)
  Sensor risk: 97.67%
  Fusion    : healthy (60.85%)
  Final     : HEALTHY
  Image time: 222.31 ms

P12
  Image     : healthy (98.80%)
  Image risk: 1.20%
  Sensor    : Unhealthy / Stress warning (97.67%)
  Sensor risk: 97.67%
  Fusion    : healthy (60.21%)
  Final     : HEALTHY
  Image time: 218.16 ms

========================================
Updating SQLite predictions...
========================================
12 plant records updated.

========================================
 INFERENCE COMPLETED
========================================
Capture ID           : CAP_20260829_131504
Plants processed     : 12
Average image latency: 221.89 ms
Min image latency    : 216.36 ms
Max image latency    : 260.71 ms
Sensor latency       : 172.436 ms
Total script time    : 6433.60 ms

Predictions saved to:
/hydroponic_project/database/hydroponic.db

Processing CAP_20260829_133003

========================================
 HYDROPONIC EDGE-AI INFERENCE
========================================
Device        : cpu
Image weight  : 0.60
Sensor weight : 0.40
Threshold     : 0.50

========================================
Loading MobileNetV2...
========================================
Model       : mobilenet_v2
Classes     : ['healthy', 'unhealthy']
Class map   : {'healthy': 0, 'unhealthy': 1}
Best epoch  : 9
Load time   : 342.01 ms

========================================
Loading Random Forest sensor model...
========================================
Model       : Random Forest
Features    : ['pH', 'TDS', 'water_level', 'DHT_temp', 'DHT_humidity', 'water_temp']
Classes     : [0 1]
Class map   : {'0': 'Unhealthy / Stress warning', '1': 'Healthy'}
Load time   : 3112.99 ms

========================================
CAPTURE
========================================
Capture ID : CAP_20260829_133003
Timestamp  : 2026-08-29 13:30:03
Plants     : 12

========================================
SENSOR VALUES
========================================
pH            : 5.89
TDS           : 810.6 ppm
Water level   : OK
Air temp      : 32.9 C
Humidity      : 69.8 %
Water temp    : 30.12 C

Sensor model  : Healthy
Sensor conf.  : 73.33%
Sensor risk   : 26.67%
Sensor time   : 180.695 ms

========================================
PLANT INFERENCE
========================================

P01
  Image     : healthy (99.96%)
  Image risk: 0.04%
  Sensor    : Healthy (73.33%)
  Sensor risk: 26.67%
  Fusion    : healthy (89.31%)
  Final     : HEALTHY
  Image time: 260.99 ms

P02
  Image     : healthy (100.00%)
  Image risk: 0.00%
  Sensor    : Healthy (73.33%)
  Sensor risk: 26.67%
  Fusion    : healthy (89.33%)
  Final     : HEALTHY
  Image time: 219.64 ms

P03
  Image     : healthy (100.00%)
  Image risk: 0.00%
  Sensor    : Healthy (73.33%)
  Sensor risk: 26.67%
  Fusion    : healthy (89.33%)
  Final     : HEALTHY
  Image time: 216.64 ms

P04
  Image     : healthy (99.86%)
  Image risk: 0.14%
  Sensor    : Healthy (73.33%)
  Sensor risk: 26.67%
  Fusion    : healthy (89.25%)
  Final     : HEALTHY
  Image time: 218.05 ms

P05
  Image     : healthy (99.98%)
  Image risk: 0.02%
  Sensor    : Healthy (73.33%)
  Sensor risk: 26.67%
  Fusion    : healthy (89.32%)
  Final     : HEALTHY
  Image time: 216.74 ms

P06
  Image     : healthy (100.00%)
  Image risk: 0.00%
  Sensor    : Healthy (73.33%)
  Sensor risk: 26.67%
  Fusion    : healthy (89.33%)
  Final     : HEALTHY
  Image time: 218.65 ms

P07
  Image     : healthy (100.00%)
  Image risk: 0.00%
  Sensor    : Healthy (73.33%)
  Sensor risk: 26.67%
  Fusion    : healthy (89.33%)
  Final     : HEALTHY
  Image time: 217.91 ms

P08
  Image     : healthy (99.65%)
  Image risk: 0.35%
  Sensor    : Healthy (73.33%)
  Sensor risk: 26.67%
  Fusion    : healthy (89.12%)
  Final     : HEALTHY
  Image time: 218.52 ms

P09
  Image     : healthy (99.46%)
  Image risk: 0.54%
  Sensor    : Healthy (73.33%)
  Sensor risk: 26.67%
  Fusion    : healthy (89.01%)
  Final     : HEALTHY
  Image time: 217.69 ms

P10
  Image     : healthy (99.95%)
  Image risk: 0.05%
  Sensor    : Healthy (73.33%)
  Sensor risk: 26.67%
  Fusion    : healthy (89.30%)
  Final     : HEALTHY
  Image time: 217.98 ms

P11
  Image     : healthy (99.89%)
  Image risk: 0.11%
  Sensor    : Healthy (73.33%)
  Sensor risk: 26.67%
  Fusion    : healthy (89.27%)
  Final     : HEALTHY
  Image time: 217.26 ms

P12
  Image     : healthy (94.94%)
  Image risk: 5.06%
  Sensor    : Healthy (73.33%)
  Sensor risk: 26.67%
  Fusion    : healthy (86.30%)
  Final     : HEALTHY
  Image time: 217.14 ms

========================================
Updating SQLite predictions...
========================================
12 plant records updated.

========================================
 INFERENCE COMPLETED
========================================
Capture ID           : CAP_20260829_133003
Plants processed     : 12
Average image latency: 221.44 ms
Min image latency    : 216.64 ms
Max image latency    : 260.99 ms
Sensor latency       : 180.695 ms
Total script time    : 6428.40 ms

Predictions saved to:
/hydroponic_project/database/hydroponic.db

Processing CAP_20260829_134503

========================================
 HYDROPONIC EDGE-AI INFERENCE
========================================
Device        : cpu
Image weight  : 0.60
Sensor weight : 0.40
Threshold     : 0.50

========================================
Loading MobileNetV2...
========================================
Model       : mobilenet_v2
Classes     : ['healthy', 'unhealthy']
Class map   : {'healthy': 0, 'unhealthy': 1}
Best epoch  : 9
Load time   : 338.55 ms

========================================
Loading Random Forest sensor model...
========================================
Model       : Random Forest
Features    : ['pH', 'TDS', 'water_level', 'DHT_temp', 'DHT_humidity', 'water_temp']
Classes     : [0 1]
Class map   : {'0': 'Unhealthy / Stress warning', '1': 'Healthy'}
Load time   : 3111.00 ms

========================================
CAPTURE
========================================
Capture ID : CAP_20260829_134503
Timestamp  : 2026-08-29 13:45:03
Plants     : 12

========================================
SENSOR VALUES
========================================
pH            : 5.89
TDS           : 816.0 ppm
Water level   : OK
Air temp      : 33.0 C
Humidity      : 67.9 %
Water temp    : 30.12 C

Sensor model  : Healthy
Sensor conf.  : 72.00%
Sensor risk   : 28.00%
Sensor time   : 178.595 ms

========================================
PLANT INFERENCE
========================================

P01
  Image     : healthy (99.95%)
  Image risk: 0.05%
  Sensor    : Healthy (72.00%)
  Sensor risk: 28.00%
  Fusion    : healthy (88.77%)
  Final     : HEALTHY
  Image time: 260.67 ms

P02
  Image     : healthy (100.00%)
  Image risk: 0.00%
  Sensor    : Healthy (72.00%)
  Sensor risk: 28.00%
  Fusion    : healthy (88.80%)
  Final     : HEALTHY
  Image time: 215.06 ms

P03
  Image     : healthy (100.00%)
  Image risk: 0.00%
  Sensor    : Healthy (72.00%)
  Sensor risk: 28.00%
  Fusion    : healthy (88.80%)
  Final     : HEALTHY
  Image time: 214.63 ms

P04
  Image     : healthy (99.61%)
  Image risk: 0.39%
  Sensor    : Healthy (72.00%)
  Sensor risk: 28.00%
  Fusion    : healthy (88.56%)
  Final     : HEALTHY
  Image time: 215.92 ms

P05
  Image     : healthy (99.98%)
  Image risk: 0.02%
  Sensor    : Healthy (72.00%)
  Sensor risk: 28.00%
  Fusion    : healthy (88.79%)
  Final     : HEALTHY
  Image time: 216.37 ms

P06
  Image     : healthy (100.00%)
  Image risk: 0.00%
  Sensor    : Healthy (72.00%)
  Sensor risk: 28.00%
  Fusion    : healthy (88.80%)
  Final     : HEALTHY
  Image time: 219.17 ms

P07
  Image     : healthy (100.00%)
  Image risk: 0.00%
  Sensor    : Healthy (72.00%)
  Sensor risk: 28.00%
  Fusion    : healthy (88.80%)
  Final     : HEALTHY
  Image time: 217.36 ms

P08
  Image     : healthy (99.63%)
  Image risk: 0.37%
  Sensor    : Healthy (72.00%)
  Sensor risk: 28.00%
  Fusion    : healthy (88.58%)
  Final     : HEALTHY
  Image time: 217.16 ms

P09
  Image     : healthy (99.95%)
  Image risk: 0.05%
  Sensor    : Healthy (72.00%)
  Sensor risk: 28.00%
  Fusion    : healthy (88.77%)
  Final     : HEALTHY
  Image time: 216.57 ms

P10
  Image     : healthy (99.98%)
  Image risk: 0.02%
  Sensor    : Healthy (72.00%)
  Sensor risk: 28.00%
  Fusion    : healthy (88.79%)
  Final     : HEALTHY
  Image time: 222.97 ms

P11
  Image     : healthy (99.90%)
  Image risk: 0.10%
  Sensor    : Healthy (72.00%)
  Sensor risk: 28.00%
  Fusion    : healthy (88.74%)
  Final     : HEALTHY
  Image time: 217.02 ms

P12
  Image     : healthy (99.71%)
  Image risk: 0.29%
  Sensor    : Healthy (72.00%)
  Sensor risk: 28.00%
  Fusion    : healthy (88.63%)
  Final     : HEALTHY
  Image time: 217.33 ms

========================================
Updating SQLite predictions...
========================================
12 plant records updated.

========================================
 INFERENCE COMPLETED
========================================
Capture ID           : CAP_20260829_134503
Plants processed     : 12
Average image latency: 220.85 ms
Min image latency    : 214.63 ms
Max image latency    : 260.67 ms
Sensor latency       : 178.595 ms
Total script time    : 6417.82 ms

Predictions saved to:
/hydroponic_project/database/hydroponic.db

Processing CAP_20260829_140004

========================================
 HYDROPONIC EDGE-AI INFERENCE
========================================
Device        : cpu
Image weight  : 0.60
Sensor weight : 0.40
Threshold     : 0.50

========================================
Loading MobileNetV2...
========================================
Model       : mobilenet_v2
Classes     : ['healthy', 'unhealthy']
Class map   : {'healthy': 0, 'unhealthy': 1}
Best epoch  : 9
Load time   : 341.67 ms

========================================
Loading Random Forest sensor model...
========================================
Model       : Random Forest
Features    : ['pH', 'TDS', 'water_level', 'DHT_temp', 'DHT_humidity', 'water_temp']
Classes     : [0 1]
Class map   : {'0': 'Unhealthy / Stress warning', '1': 'Healthy'}
Load time   : 3107.75 ms

========================================
CAPTURE
========================================
Capture ID : CAP_20260829_140004
Timestamp  : 2026-08-29 14:00:04
Plants     : 12

========================================
SENSOR VALUES
========================================
pH            : 5.98
TDS           : 814.7 ppm
Water level   : OK
Air temp      : 32.8 C
Humidity      : 68.2 %
Water temp    : 30.25 C

Sensor model  : Healthy
Sensor conf.  : 72.00%
Sensor risk   : 28.00%
Sensor time   : 178.220 ms

========================================
PLANT INFERENCE
========================================

P01
  Image     : healthy (99.90%)
  Image risk: 0.10%
  Sensor    : Healthy (72.00%)
  Sensor risk: 28.00%
  Fusion    : healthy (88.74%)
  Final     : HEALTHY
  Image time: 265.24 ms

P02
  Image     : healthy (100.00%)
  Image risk: 0.00%
  Sensor    : Healthy (72.00%)
  Sensor risk: 28.00%
  Fusion    : healthy (88.80%)
  Final     : HEALTHY
  Image time: 216.93 ms

P03
  Image     : healthy (100.00%)
  Image risk: 0.00%
  Sensor    : Healthy (72.00%)
  Sensor risk: 28.00%
  Fusion    : healthy (88.80%)
  Final     : HEALTHY
  Image time: 215.18 ms

P04
  Image     : healthy (99.75%)
  Image risk: 0.25%
  Sensor    : Healthy (72.00%)
  Sensor risk: 28.00%
  Fusion    : healthy (88.65%)
  Final     : HEALTHY
  Image time: 216.07 ms

P05
  Image     : healthy (99.97%)
  Image risk: 0.03%
  Sensor    : Healthy (72.00%)
  Sensor risk: 28.00%
  Fusion    : healthy (88.78%)
  Final     : HEALTHY
  Image time: 226.00 ms

P06
  Image     : healthy (100.00%)
  Image risk: 0.00%
  Sensor    : Healthy (72.00%)
  Sensor risk: 28.00%
  Fusion    : healthy (88.80%)
  Final     : HEALTHY
  Image time: 217.59 ms

P07
  Image     : healthy (100.00%)
  Image risk: 0.00%
  Sensor    : Healthy (72.00%)
  Sensor risk: 28.00%
  Fusion    : healthy (88.80%)
  Final     : HEALTHY
  Image time: 217.02 ms

P08
  Image     : healthy (99.85%)
  Image risk: 0.15%
  Sensor    : Healthy (72.00%)
  Sensor risk: 28.00%
  Fusion    : healthy (88.71%)
  Final     : HEALTHY
  Image time: 216.58 ms

P09
  Image     : healthy (99.92%)
  Image risk: 0.08%
  Sensor    : Healthy (72.00%)
  Sensor risk: 28.00%
  Fusion    : healthy (88.75%)
  Final     : HEALTHY
  Image time: 220.34 ms

P10
  Image     : healthy (99.98%)
  Image risk: 0.02%
  Sensor    : Healthy (72.00%)
  Sensor risk: 28.00%
  Fusion    : healthy (88.79%)
  Final     : HEALTHY
  Image time: 217.16 ms

P11
  Image     : healthy (99.91%)
  Image risk: 0.09%
  Sensor    : Healthy (72.00%)
  Sensor risk: 28.00%
  Fusion    : healthy (88.75%)
  Final     : HEALTHY
  Image time: 216.55 ms

P12
  Image     : healthy (97.81%)
  Image risk: 2.19%
  Sensor    : Healthy (72.00%)
  Sensor risk: 28.00%
  Fusion    : healthy (87.48%)
  Final     : HEALTHY
  Image time: 217.26 ms

========================================
Updating SQLite predictions...
========================================
12 plant records updated.

========================================
 INFERENCE COMPLETED
========================================
Capture ID           : CAP_20260829_140004
Plants processed     : 12
Average image latency: 221.83 ms
Min image latency    : 215.18 ms
Max image latency    : 265.24 ms
Sensor latency       : 178.220 ms
Total script time    : 6424.30 ms

Predictions saved to:
/hydroponic_project/database/hydroponic.db

Processing CAP_20260829_141503

========================================
 HYDROPONIC EDGE-AI INFERENCE
========================================
Device        : cpu
Image weight  : 0.60
Sensor weight : 0.40
Threshold     : 0.50

========================================
Loading MobileNetV2...
========================================
Model       : mobilenet_v2
Classes     : ['healthy', 'unhealthy']
Class map   : {'healthy': 0, 'unhealthy': 1}
Best epoch  : 9
Load time   : 342.53 ms

========================================
Loading Random Forest sensor model...
========================================
Model       : Random Forest
Features    : ['pH', 'TDS', 'water_level', 'DHT_temp', 'DHT_humidity', 'water_temp']
Classes     : [0 1]
Class map   : {'0': 'Unhealthy / Stress warning', '1': 'Healthy'}
Load time   : 3112.41 ms

========================================
CAPTURE
========================================
Capture ID : CAP_20260829_141503
Timestamp  : 2026-08-29 14:15:03
Plants     : 12

========================================
SENSOR VALUES
========================================
pH            : 6.08
TDS           : 814.3 ppm
Water level   : OK
Air temp      : 32.8 C
Humidity      : 69.6 %
Water temp    : 30.31 C

Sensor model  : Healthy
Sensor conf.  : 73.33%
Sensor risk   : 26.67%
Sensor time   : 179.396 ms

========================================
PLANT INFERENCE
========================================

P01
  Image     : healthy (99.85%)
  Image risk: 0.15%
  Sensor    : Healthy (73.33%)
  Sensor risk: 26.67%
  Fusion    : healthy (89.24%)
  Final     : HEALTHY
  Image time: 267.29 ms

P02
  Image     : healthy (100.00%)
  Image risk: 0.00%
  Sensor    : Healthy (73.33%)
  Sensor risk: 26.67%
  Fusion    : healthy (89.33%)
  Final     : HEALTHY
  Image time: 218.14 ms

P03
  Image     : healthy (100.00%)
  Image risk: 0.00%
  Sensor    : Healthy (73.33%)
  Sensor risk: 26.67%
  Fusion    : healthy (89.33%)
  Final     : HEALTHY
  Image time: 217.86 ms

P04
  Image     : healthy (98.59%)
  Image risk: 1.41%
  Sensor    : Healthy (73.33%)
  Sensor risk: 26.67%
  Fusion    : healthy (88.49%)
  Final     : HEALTHY
  Image time: 220.29 ms

P05
  Image     : healthy (99.96%)
  Image risk: 0.04%
  Sensor    : Healthy (73.33%)
  Sensor risk: 26.67%
  Fusion    : healthy (89.31%)
  Final     : HEALTHY
  Image time: 218.34 ms

P06
  Image     : healthy (100.00%)
  Image risk: 0.00%
  Sensor    : Healthy (73.33%)
  Sensor risk: 26.67%
  Fusion    : healthy (89.33%)
  Final     : HEALTHY
  Image time: 216.74 ms

P07
  Image     : healthy (100.00%)
  Image risk: 0.00%
  Sensor    : Healthy (73.33%)
  Sensor risk: 26.67%
  Fusion    : healthy (89.33%)
  Final     : HEALTHY
  Image time: 217.21 ms

P08
  Image     : healthy (99.66%)
  Image risk: 0.34%
  Sensor    : Healthy (73.33%)
  Sensor risk: 26.67%
  Fusion    : healthy (89.13%)
  Final     : HEALTHY
  Image time: 218.61 ms

P09
  Image     : healthy (99.84%)
  Image risk: 0.16%
  Sensor    : Healthy (73.33%)
  Sensor risk: 26.67%
  Fusion    : healthy (89.24%)
  Final     : HEALTHY
  Image time: 220.00 ms

P10
  Image     : healthy (99.97%)
  Image risk: 0.03%
  Sensor    : Healthy (73.33%)
  Sensor risk: 26.67%
  Fusion    : healthy (89.31%)
  Final     : HEALTHY
  Image time: 217.92 ms

P11
  Image     : healthy (99.53%)
  Image risk: 0.47%
  Sensor    : Healthy (73.33%)
  Sensor risk: 26.67%
  Fusion    : healthy (89.05%)
  Final     : HEALTHY
  Image time: 217.89 ms

P12
  Image     : healthy (80.17%)
  Image risk: 19.83%
  Sensor    : Healthy (73.33%)
  Sensor risk: 26.67%
  Fusion    : healthy (77.44%)
  Final     : HEALTHY
  Image time: 217.94 ms

========================================
Updating SQLite predictions...
========================================
12 plant records updated.

========================================
 INFERENCE COMPLETED
========================================
Capture ID           : CAP_20260829_141503
Plants processed     : 12
Average image latency: 222.35 ms
Min image latency    : 216.74 ms
Max image latency    : 267.29 ms
Sensor latency       : 179.396 ms
Total script time    : 6439.07 ms

Predictions saved to:
/hydroponic_project/database/hydroponic.db

Processing CAP_20260829_143003

========================================
 HYDROPONIC EDGE-AI INFERENCE
========================================
Device        : cpu
Image weight  : 0.60
Sensor weight : 0.40
Threshold     : 0.50

========================================
Loading MobileNetV2...
========================================
Model       : mobilenet_v2
Classes     : ['healthy', 'unhealthy']
Class map   : {'healthy': 0, 'unhealthy': 1}
Best epoch  : 9
Load time   : 338.21 ms

========================================
Loading Random Forest sensor model...
========================================
Model       : Random Forest
Features    : ['pH', 'TDS', 'water_level', 'DHT_temp', 'DHT_humidity', 'water_temp']
Classes     : [0 1]
Class map   : {'0': 'Unhealthy / Stress warning', '1': 'Healthy'}
Load time   : 3099.44 ms

========================================
CAPTURE
========================================
Capture ID : CAP_20260829_143003
Timestamp  : 2026-08-29 14:30:03
Plants     : 12

========================================
SENSOR VALUES
========================================
pH            : 6.11
TDS           : 813.5 ppm
Water level   : OK
Air temp      : 32.9 C
Humidity      : 68.5 %
Water temp    : 30.37 C

Sensor model  : Healthy
Sensor conf.  : 72.00%
Sensor risk   : 28.00%
Sensor time   : 178.565 ms

========================================
PLANT INFERENCE
========================================

P01
  Image     : healthy (99.91%)
  Image risk: 0.09%
  Sensor    : Healthy (72.00%)
  Sensor risk: 28.00%
  Fusion    : healthy (88.75%)
  Final     : HEALTHY
  Image time: 259.86 ms

P02
  Image     : healthy (100.00%)
  Image risk: 0.00%
  Sensor    : Healthy (72.00%)
  Sensor risk: 28.00%
  Fusion    : healthy (88.80%)
  Final     : HEALTHY
  Image time: 216.60 ms

P03
  Image     : healthy (100.00%)
  Image risk: 0.00%
  Sensor    : Healthy (72.00%)
  Sensor risk: 28.00%
  Fusion    : healthy (88.80%)
  Final     : HEALTHY
  Image time: 215.44 ms

P04
  Image     : healthy (98.98%)
  Image risk: 1.02%
  Sensor    : Healthy (72.00%)
  Sensor risk: 28.00%
  Fusion    : healthy (88.19%)
  Final     : HEALTHY
  Image time: 219.64 ms

P05
  Image     : healthy (99.82%)
  Image risk: 0.18%
  Sensor    : Healthy (72.00%)
  Sensor risk: 28.00%
  Fusion    : healthy (88.69%)
  Final     : HEALTHY
  Image time: 216.07 ms

P06
  Image     : healthy (100.00%)
  Image risk: 0.00%
  Sensor    : Healthy (72.00%)
  Sensor risk: 28.00%
  Fusion    : healthy (88.80%)
  Final     : HEALTHY
  Image time: 217.20 ms

P07
  Image     : healthy (100.00%)
  Image risk: 0.00%
  Sensor    : Healthy (72.00%)
  Sensor risk: 28.00%
  Fusion    : healthy (88.80%)
  Final     : HEALTHY
  Image time: 216.94 ms

P08
  Image     : healthy (99.85%)
  Image risk: 0.15%
  Sensor    : Healthy (72.00%)
  Sensor risk: 28.00%
  Fusion    : healthy (88.71%)
  Final     : HEALTHY
  Image time: 218.77 ms

P09
  Image     : healthy (99.82%)
  Image risk: 0.18%
  Sensor    : Healthy (72.00%)
  Sensor risk: 28.00%
  Fusion    : healthy (88.69%)
  Final     : HEALTHY
  Image time: 216.62 ms

P10
  Image     : healthy (99.98%)
  Image risk: 0.02%
  Sensor    : Healthy (72.00%)
  Sensor risk: 28.00%
  Fusion    : healthy (88.79%)
  Final     : HEALTHY
  Image time: 216.63 ms

P11
  Image     : healthy (99.87%)
  Image risk: 0.13%
  Sensor    : Healthy (72.00%)
  Sensor risk: 28.00%
  Fusion    : healthy (88.72%)
  Final     : HEALTHY
  Image time: 217.18 ms

P12
  Image     : healthy (93.92%)
  Image risk: 6.08%
  Sensor    : Healthy (72.00%)
  Sensor risk: 28.00%
  Fusion    : healthy (85.15%)
  Final     : HEALTHY
  Image time: 216.02 ms

========================================
Updating SQLite predictions...
========================================
12 plant records updated.

========================================
 INFERENCE COMPLETED
========================================
Capture ID           : CAP_20260829_143003
Plants processed     : 12
Average image latency: 220.58 ms
Min image latency    : 215.44 ms
Max image latency    : 259.86 ms
Sensor latency       : 178.565 ms
Total script time    : 6402.15 ms

Predictions saved to:
/hydroponic_project/database/hydroponic.db

Processing CAP_20260829_144504

========================================
 HYDROPONIC EDGE-AI INFERENCE
========================================
Device        : cpu
Image weight  : 0.60
Sensor weight : 0.40
Threshold     : 0.50

========================================
Loading MobileNetV2...
========================================
Model       : mobilenet_v2
Classes     : ['healthy', 'unhealthy']
Class map   : {'healthy': 0, 'unhealthy': 1}
Best epoch  : 9
Load time   : 339.38 ms

========================================
Loading Random Forest sensor model...
========================================
Model       : Random Forest
Features    : ['pH', 'TDS', 'water_level', 'DHT_temp', 'DHT_humidity', 'water_temp']
Classes     : [0 1]
Class map   : {'0': 'Unhealthy / Stress warning', '1': 'Healthy'}
Load time   : 3110.30 ms

========================================
CAPTURE
========================================
Capture ID : CAP_20260829_144504
Timestamp  : 2026-08-29 14:45:04
Plants     : 12

========================================
SENSOR VALUES
========================================
pH            : 6.12
TDS           : 812.9 ppm
Water level   : OK
Air temp      : 32.9 C
Humidity      : 67.6 %
Water temp    : 30.44 C

Sensor model  : Healthy
Sensor conf.  : 71.67%
Sensor risk   : 28.33%
Sensor time   : 181.675 ms

========================================
PLANT INFERENCE
========================================

P01
  Image     : healthy (99.94%)
  Image risk: 0.06%
  Sensor    : Healthy (71.67%)
  Sensor risk: 28.33%
  Fusion    : healthy (88.63%)
  Final     : HEALTHY
  Image time: 261.20 ms

P02
  Image     : healthy (100.00%)
  Image risk: 0.00%
  Sensor    : Healthy (71.67%)
  Sensor risk: 28.33%
  Fusion    : healthy (88.66%)
  Final     : HEALTHY
  Image time: 219.17 ms

P03
  Image     : healthy (99.99%)
  Image risk: 0.01%
  Sensor    : Healthy (71.67%)
  Sensor risk: 28.33%
  Fusion    : healthy (88.66%)
  Final     : HEALTHY
  Image time: 223.68 ms

P04
  Image     : healthy (99.08%)
  Image risk: 0.92%
  Sensor    : Healthy (71.67%)
  Sensor risk: 28.33%
  Fusion    : healthy (88.12%)
  Final     : HEALTHY
  Image time: 216.76 ms

P05
  Image     : healthy (99.95%)
  Image risk: 0.05%
  Sensor    : Healthy (71.67%)
  Sensor risk: 28.33%
  Fusion    : healthy (88.64%)
  Final     : HEALTHY
  Image time: 217.71 ms

P06
  Image     : healthy (100.00%)
  Image risk: 0.00%
  Sensor    : Healthy (71.67%)
  Sensor risk: 28.33%
  Fusion    : healthy (88.67%)
  Final     : HEALTHY
  Image time: 218.35 ms

P07
  Image     : healthy (100.00%)
  Image risk: 0.00%
  Sensor    : Healthy (71.67%)
  Sensor risk: 28.33%
  Fusion    : healthy (88.67%)
  Final     : HEALTHY
  Image time: 219.22 ms

P08
  Image     : healthy (98.17%)
  Image risk: 1.83%
  Sensor    : Healthy (71.67%)
  Sensor risk: 28.33%
  Fusion    : healthy (87.57%)
  Final     : HEALTHY
  Image time: 217.07 ms

P09
  Image     : healthy (99.89%)
  Image risk: 0.11%
  Sensor    : Healthy (71.67%)
  Sensor risk: 28.33%
  Fusion    : healthy (88.60%)
  Final     : HEALTHY
  Image time: 217.69 ms

P10
  Image     : healthy (99.98%)
  Image risk: 0.02%
  Sensor    : Healthy (71.67%)
  Sensor risk: 28.33%
  Fusion    : healthy (88.65%)
  Final     : HEALTHY
  Image time: 218.16 ms

P11
  Image     : healthy (99.76%)
  Image risk: 0.24%
  Sensor    : Healthy (71.67%)
  Sensor risk: 28.33%
  Fusion    : healthy (88.52%)
  Final     : HEALTHY
  Image time: 219.00 ms

P12
  Image     : healthy (99.10%)
  Image risk: 0.90%
  Sensor    : Healthy (71.67%)
  Sensor risk: 28.33%
  Fusion    : healthy (88.13%)
  Final     : HEALTHY
  Image time: 221.12 ms

========================================
Updating SQLite predictions...
========================================
12 plant records updated.

========================================
 INFERENCE COMPLETED
========================================
Capture ID           : CAP_20260829_144504
Plants processed     : 12
Average image latency: 222.43 ms
Min image latency    : 216.76 ms
Max image latency    : 261.20 ms
Sensor latency       : 181.675 ms
Total script time    : 6435.34 ms

Predictions saved to:
/hydroponic_project/database/hydroponic.db

Processing CAP_20260829_150004

========================================
 HYDROPONIC EDGE-AI INFERENCE
========================================
Device        : cpu
Image weight  : 0.60
Sensor weight : 0.40
Threshold     : 0.50

========================================
Loading MobileNetV2...
========================================
Model       : mobilenet_v2
Classes     : ['healthy', 'unhealthy']
Class map   : {'healthy': 0, 'unhealthy': 1}
Best epoch  : 9
Load time   : 342.07 ms

========================================
Loading Random Forest sensor model...
========================================
Model       : Random Forest
Features    : ['pH', 'TDS', 'water_level', 'DHT_temp', 'DHT_humidity', 'water_temp']
Classes     : [0 1]
Class map   : {'0': 'Unhealthy / Stress warning', '1': 'Healthy'}
Load time   : 3117.84 ms

========================================
CAPTURE
========================================
Capture ID : CAP_20260829_150004
Timestamp  : 2026-08-29 15:00:04
Plants     : 12

========================================
SENSOR VALUES
========================================
pH            : 6.15
TDS           : 811.1 ppm
Water level   : OK
Air temp      : 32.7 C
Humidity      : 69.3 %
Water temp    : 30.5 C

Sensor model  : Healthy
Sensor conf.  : 72.00%
Sensor risk   : 28.00%
Sensor time   : 180.170 ms

========================================
PLANT INFERENCE
========================================

P01
  Image     : healthy (99.88%)
  Image risk: 0.12%
  Sensor    : Healthy (72.00%)
  Sensor risk: 28.00%
  Fusion    : healthy (88.73%)
  Final     : HEALTHY
  Image time: 261.70 ms

P02
  Image     : healthy (100.00%)
  Image risk: 0.00%
  Sensor    : Healthy (72.00%)
  Sensor risk: 28.00%
  Fusion    : healthy (88.80%)
  Final     : HEALTHY
  Image time: 234.72 ms

P03
  Image     : healthy (99.98%)
  Image risk: 0.02%
  Sensor    : Healthy (72.00%)
  Sensor risk: 28.00%
  Fusion    : healthy (88.79%)
  Final     : HEALTHY
  Image time: 217.05 ms

P04
  Image     : healthy (98.40%)
  Image risk: 1.60%
  Sensor    : Healthy (72.00%)
  Sensor risk: 28.00%
  Fusion    : healthy (87.84%)
  Final     : HEALTHY
  Image time: 217.03 ms

P05
  Image     : healthy (99.89%)
  Image risk: 0.11%
  Sensor    : Healthy (72.00%)
  Sensor risk: 28.00%
  Fusion    : healthy (88.73%)
  Final     : HEALTHY
  Image time: 218.03 ms

P06
  Image     : healthy (100.00%)
  Image risk: 0.00%
  Sensor    : Healthy (72.00%)
  Sensor risk: 28.00%
  Fusion    : healthy (88.80%)
  Final     : HEALTHY
  Image time: 217.65 ms

P07
  Image     : healthy (99.99%)
  Image risk: 0.01%
  Sensor    : Healthy (72.00%)
  Sensor risk: 28.00%
  Fusion    : healthy (88.80%)
  Final     : HEALTHY
  Image time: 219.42 ms

P08
  Image     : healthy (99.08%)
  Image risk: 0.92%
  Sensor    : Healthy (72.00%)
  Sensor risk: 28.00%
  Fusion    : healthy (88.25%)
  Final     : HEALTHY
  Image time: 218.16 ms

P09
  Image     : healthy (99.89%)
  Image risk: 0.11%
  Sensor    : Healthy (72.00%)
  Sensor risk: 28.00%
  Fusion    : healthy (88.73%)
  Final     : HEALTHY
  Image time: 217.37 ms

P10
  Image     : healthy (99.81%)
  Image risk: 0.19%
  Sensor    : Healthy (72.00%)
  Sensor risk: 28.00%
  Fusion    : healthy (88.68%)
  Final     : HEALTHY
  Image time: 218.23 ms

P11
  Image     : healthy (99.85%)
  Image risk: 0.15%
  Sensor    : Healthy (72.00%)
  Sensor risk: 28.00%
  Fusion    : healthy (88.71%)
  Final     : HEALTHY
  Image time: 219.65 ms

P12
  Image     : healthy (93.17%)
  Image risk: 6.83%
  Sensor    : Healthy (72.00%)
  Sensor risk: 28.00%
  Fusion    : healthy (84.70%)
  Final     : HEALTHY
  Image time: 217.94 ms

========================================
Updating SQLite predictions...
========================================
12 plant records updated.

========================================
 INFERENCE COMPLETED
========================================
Capture ID           : CAP_20260829_150004
Plants processed     : 12
Average image latency: 223.08 ms
Min image latency    : 217.03 ms
Max image latency    : 261.70 ms
Sensor latency       : 180.170 ms
Total script time    : 6454.76 ms

Predictions saved to:
/hydroponic_project/database/hydroponic.db

Processing CAP_20260829_151503

========================================
 HYDROPONIC EDGE-AI INFERENCE
========================================
Device        : cpu
Image weight  : 0.60
Sensor weight : 0.40
Threshold     : 0.50

========================================
Loading MobileNetV2...
========================================
Model       : mobilenet_v2
Classes     : ['healthy', 'unhealthy']
Class map   : {'healthy': 0, 'unhealthy': 1}
Best epoch  : 9
Load time   : 340.62 ms

========================================
Loading Random Forest sensor model...
========================================
Model       : Random Forest
Features    : ['pH', 'TDS', 'water_level', 'DHT_temp', 'DHT_humidity', 'water_temp']
Classes     : [0 1]
Class map   : {'0': 'Unhealthy / Stress warning', '1': 'Healthy'}
Load time   : 3101.12 ms

========================================
CAPTURE
========================================
Capture ID : CAP_20260829_151503
Timestamp  : 2026-08-29 15:15:03
Plants     : 12

========================================
SENSOR VALUES
========================================
pH            : 6.09
TDS           : 809.9 ppm
Water level   : OK
Air temp      : 32.7 C
Humidity      : 68.1 %
Water temp    : 30.56 C

Sensor model  : Healthy
Sensor conf.  : 72.00%
Sensor risk   : 28.00%
Sensor time   : 181.864 ms

========================================
PLANT INFERENCE
========================================

P01
  Image     : healthy (99.83%)
  Image risk: 0.17%
  Sensor    : Healthy (72.00%)
  Sensor risk: 28.00%
  Fusion    : healthy (88.70%)
  Final     : HEALTHY
  Image time: 260.28 ms

P02
  Image     : healthy (100.00%)
  Image risk: 0.00%
  Sensor    : Healthy (72.00%)
  Sensor risk: 28.00%
  Fusion    : healthy (88.80%)
  Final     : HEALTHY
  Image time: 219.47 ms

P03
  Image     : healthy (99.99%)
  Image risk: 0.01%
  Sensor    : Healthy (72.00%)
  Sensor risk: 28.00%
  Fusion    : healthy (88.80%)
  Final     : HEALTHY
  Image time: 222.60 ms

P04
  Image     : healthy (99.63%)
  Image risk: 0.37%
  Sensor    : Healthy (72.00%)
  Sensor risk: 28.00%
  Fusion    : healthy (88.58%)
  Final     : HEALTHY
  Image time: 217.55 ms

P05
  Image     : healthy (99.79%)
  Image risk: 0.21%
  Sensor    : Healthy (72.00%)
  Sensor risk: 28.00%
  Fusion    : healthy (88.67%)
  Final     : HEALTHY
  Image time: 217.66 ms

P06
  Image     : healthy (100.00%)
  Image risk: 0.00%
  Sensor    : Healthy (72.00%)
  Sensor risk: 28.00%
  Fusion    : healthy (88.80%)
  Final     : HEALTHY
  Image time: 220.70 ms

P07
  Image     : healthy (100.00%)
  Image risk: 0.00%
  Sensor    : Healthy (72.00%)
  Sensor risk: 28.00%
  Fusion    : healthy (88.80%)
  Final     : HEALTHY
  Image time: 218.13 ms

P08
  Image     : healthy (98.21%)
  Image risk: 1.79%
  Sensor    : Healthy (72.00%)
  Sensor risk: 28.00%
  Fusion    : healthy (87.72%)
  Final     : HEALTHY
  Image time: 217.78 ms

P09
  Image     : healthy (99.75%)
  Image risk: 0.25%
  Sensor    : Healthy (72.00%)
  Sensor risk: 28.00%
  Fusion    : healthy (88.65%)
  Final     : HEALTHY
  Image time: 218.93 ms

P10
  Image     : healthy (99.98%)
  Image risk: 0.02%
  Sensor    : Healthy (72.00%)
  Sensor risk: 28.00%
  Fusion    : healthy (88.79%)
  Final     : HEALTHY
  Image time: 219.41 ms

P11
  Image     : healthy (99.69%)
  Image risk: 0.31%
  Sensor    : Healthy (72.00%)
  Sensor risk: 28.00%
  Fusion    : healthy (88.61%)
  Final     : HEALTHY
  Image time: 219.30 ms

P12
  Image     : healthy (97.76%)
  Image risk: 2.24%
  Sensor    : Healthy (72.00%)
  Sensor risk: 28.00%
  Fusion    : healthy (87.45%)
  Final     : HEALTHY
  Image time: 218.34 ms

========================================
Updating SQLite predictions...
========================================
12 plant records updated.

========================================
 INFERENCE COMPLETED
========================================
Capture ID           : CAP_20260829_151503
Plants processed     : 12
Average image latency: 222.51 ms
Min image latency    : 217.55 ms
Max image latency    : 260.28 ms
Sensor latency       : 181.864 ms
Total script time    : 6429.87 ms

Predictions saved to:
/hydroponic_project/database/hydroponic.db

Processing CAP_20260829_153003

========================================
 HYDROPONIC EDGE-AI INFERENCE
========================================
Device        : cpu
Image weight  : 0.60
Sensor weight : 0.40
Threshold     : 0.50

========================================
Loading MobileNetV2...
========================================
Model       : mobilenet_v2
Classes     : ['healthy', 'unhealthy']
Class map   : {'healthy': 0, 'unhealthy': 1}
Best epoch  : 9
Load time   : 340.23 ms

========================================
Loading Random Forest sensor model...
========================================
Model       : Random Forest
Features    : ['pH', 'TDS', 'water_level', 'DHT_temp', 'DHT_humidity', 'water_temp']
Classes     : [0 1]
Class map   : {'0': 'Unhealthy / Stress warning', '1': 'Healthy'}
Load time   : 3104.04 ms

========================================
CAPTURE
========================================
Capture ID : CAP_20260829_153003
Timestamp  : 2026-08-29 15:30:03
Plants     : 12

========================================
SENSOR VALUES
========================================
pH            : 6.14
TDS           : 810.9 ppm
Water level   : OK
Air temp      : 32.5 C
Humidity      : 69.6 %
Water temp    : 30.5 C

Sensor model  : Healthy
Sensor conf.  : 73.33%
Sensor risk   : 26.67%
Sensor time   : 172.614 ms

========================================
PLANT INFERENCE
========================================

P01
  Image     : healthy (99.75%)
  Image risk: 0.25%
  Sensor    : Healthy (73.33%)
  Sensor risk: 26.67%
  Fusion    : healthy (89.18%)
  Final     : HEALTHY
  Image time: 262.17 ms

P02
  Image     : healthy (100.00%)
  Image risk: 0.00%
  Sensor    : Healthy (73.33%)
  Sensor risk: 26.67%
  Fusion    : healthy (89.33%)
  Final     : HEALTHY
  Image time: 217.47 ms

P03
  Image     : healthy (100.00%)
  Image risk: 0.00%
  Sensor    : Healthy (73.33%)
  Sensor risk: 26.67%
  Fusion    : healthy (89.33%)
  Final     : HEALTHY
  Image time: 219.68 ms

P04
  Image     : healthy (99.10%)
  Image risk: 0.90%
  Sensor    : Healthy (73.33%)
  Sensor risk: 26.67%
  Fusion    : healthy (88.80%)
  Final     : HEALTHY
  Image time: 217.44 ms

P05
  Image     : healthy (99.95%)
  Image risk: 0.05%
  Sensor    : Healthy (73.33%)
  Sensor risk: 26.67%
  Fusion    : healthy (89.30%)
  Final     : HEALTHY
  Image time: 214.16 ms

P06
  Image     : healthy (100.00%)
  Image risk: 0.00%
  Sensor    : Healthy (73.33%)
  Sensor risk: 26.67%
  Fusion    : healthy (89.33%)
  Final     : HEALTHY
  Image time: 215.81 ms

P07
  Image     : healthy (100.00%)
  Image risk: 0.00%
  Sensor    : Healthy (73.33%)
  Sensor risk: 26.67%
  Fusion    : healthy (89.33%)
  Final     : HEALTHY
  Image time: 218.15 ms

P08
  Image     : healthy (98.84%)
  Image risk: 1.16%
  Sensor    : Healthy (73.33%)
  Sensor risk: 26.67%
  Fusion    : healthy (88.64%)
  Final     : HEALTHY
  Image time: 218.11 ms

P09
  Image     : healthy (99.82%)
  Image risk: 0.18%
  Sensor    : Healthy (73.33%)
  Sensor risk: 26.67%
  Fusion    : healthy (89.23%)
  Final     : HEALTHY
  Image time: 217.87 ms

P10
  Image     : healthy (99.96%)
  Image risk: 0.04%
  Sensor    : Healthy (73.33%)
  Sensor risk: 26.67%
  Fusion    : healthy (89.31%)
  Final     : HEALTHY
  Image time: 217.22 ms

P11
  Image     : healthy (99.37%)
  Image risk: 0.63%
  Sensor    : Healthy (73.33%)
  Sensor risk: 26.67%
  Fusion    : healthy (88.96%)
  Final     : HEALTHY
  Image time: 218.47 ms

P12
  Image     : healthy (93.25%)
  Image risk: 6.75%
  Sensor    : Healthy (73.33%)
  Sensor risk: 26.67%
  Fusion    : healthy (85.28%)
  Final     : HEALTHY
  Image time: 218.48 ms

========================================
Updating SQLite predictions...
========================================
12 plant records updated.

========================================
 INFERENCE COMPLETED
========================================
Capture ID           : CAP_20260829_153003
Plants processed     : 12
Average image latency: 221.25 ms
Min image latency    : 214.16 ms
Max image latency    : 262.17 ms
Sensor latency       : 172.614 ms
Total script time    : 6406.77 ms

Predictions saved to:
/hydroponic_project/database/hydroponic.db

Processing CAP_20260829_154504

========================================
 HYDROPONIC EDGE-AI INFERENCE
========================================
Device        : cpu
Image weight  : 0.60
Sensor weight : 0.40
Threshold     : 0.50

========================================
Loading MobileNetV2...
========================================
Model       : mobilenet_v2
Classes     : ['healthy', 'unhealthy']
Class map   : {'healthy': 0, 'unhealthy': 1}
Best epoch  : 9
Load time   : 339.68 ms

========================================
Loading Random Forest sensor model...
========================================
Model       : Random Forest
Features    : ['pH', 'TDS', 'water_level', 'DHT_temp', 'DHT_humidity', 'water_temp']
Classes     : [0 1]
Class map   : {'0': 'Unhealthy / Stress warning', '1': 'Healthy'}
Load time   : 3104.94 ms

========================================
CAPTURE
========================================
Capture ID : CAP_20260829_154504
Timestamp  : 2026-08-29 15:45:04
Plants     : 12

========================================
SENSOR VALUES
========================================
pH            : 6.18
TDS           : 809.0 ppm
Water level   : OK
Air temp      : 32.6 C
Humidity      : 69.6 %
Water temp    : 30.56 C

Sensor model  : Healthy
Sensor conf.  : 73.33%
Sensor risk   : 26.67%
Sensor time   : 179.836 ms

========================================
PLANT INFERENCE
========================================

P01
  Image     : healthy (99.84%)
  Image risk: 0.16%
  Sensor    : Healthy (73.33%)
  Sensor risk: 26.67%
  Fusion    : healthy (89.24%)
  Final     : HEALTHY
  Image time: 262.51 ms

P02
  Image     : healthy (100.00%)
  Image risk: 0.00%
  Sensor    : Healthy (73.33%)
  Sensor risk: 26.67%
  Fusion    : healthy (89.33%)
  Final     : HEALTHY
  Image time: 221.05 ms

P03
  Image     : healthy (100.00%)
  Image risk: 0.00%
  Sensor    : Healthy (73.33%)
  Sensor risk: 26.67%
  Fusion    : healthy (89.33%)
  Final     : HEALTHY
  Image time: 216.61 ms

P04
  Image     : healthy (99.63%)
  Image risk: 0.37%
  Sensor    : Healthy (73.33%)
  Sensor risk: 26.67%
  Fusion    : healthy (89.11%)
  Final     : HEALTHY
  Image time: 217.75 ms

P05
  Image     : healthy (99.85%)
  Image risk: 0.15%
  Sensor    : Healthy (73.33%)
  Sensor risk: 26.67%
  Fusion    : healthy (89.24%)
  Final     : HEALTHY
  Image time: 219.12 ms

P06
  Image     : healthy (100.00%)
  Image risk: 0.00%
  Sensor    : Healthy (73.33%)
  Sensor risk: 26.67%
  Fusion    : healthy (89.33%)
  Final     : HEALTHY
  Image time: 217.50 ms

P07
  Image     : healthy (100.00%)
  Image risk: 0.00%
  Sensor    : Healthy (73.33%)
  Sensor risk: 26.67%
  Fusion    : healthy (89.33%)
  Final     : HEALTHY
  Image time: 217.74 ms

P08
  Image     : healthy (97.80%)
  Image risk: 2.20%
  Sensor    : Healthy (73.33%)
  Sensor risk: 26.67%
  Fusion    : healthy (88.01%)
  Final     : HEALTHY
  Image time: 217.59 ms

P09
  Image     : healthy (99.77%)
  Image risk: 0.23%
  Sensor    : Healthy (73.33%)
  Sensor risk: 26.67%
  Fusion    : healthy (89.19%)
  Final     : HEALTHY
  Image time: 219.52 ms

P10
  Image     : healthy (99.96%)
  Image risk: 0.04%
  Sensor    : Healthy (73.33%)
  Sensor risk: 26.67%
  Fusion    : healthy (89.31%)
  Final     : HEALTHY
  Image time: 217.53 ms

P11
  Image     : healthy (99.81%)
  Image risk: 0.19%
  Sensor    : Healthy (73.33%)
  Sensor risk: 26.67%
  Fusion    : healthy (89.22%)
  Final     : HEALTHY
  Image time: 217.20 ms

P12
  Image     : healthy (96.36%)
  Image risk: 3.64%
  Sensor    : Healthy (73.33%)
  Sensor risk: 26.67%
  Fusion    : healthy (87.15%)
  Final     : HEALTHY
  Image time: 217.24 ms

========================================
Updating SQLite predictions...
========================================
12 plant records updated.

========================================
 INFERENCE COMPLETED
========================================
Capture ID           : CAP_20260829_154504
Plants processed     : 12
Average image latency: 221.78 ms
Min image latency    : 216.61 ms
Max image latency    : 262.51 ms
Sensor latency       : 179.836 ms
Total script time    : 6421.71 ms

Predictions saved to:
/hydroponic_project/database/hydroponic.db

Processing CAP_20260829_160004

========================================
 HYDROPONIC EDGE-AI INFERENCE
========================================
Device        : cpu
Image weight  : 0.60
Sensor weight : 0.40
Threshold     : 0.50

========================================
Loading MobileNetV2...
========================================
Model       : mobilenet_v2
Classes     : ['healthy', 'unhealthy']
Class map   : {'healthy': 0, 'unhealthy': 1}
Best epoch  : 9
Load time   : 342.47 ms

========================================
Loading Random Forest sensor model...
========================================
Model       : Random Forest
Features    : ['pH', 'TDS', 'water_level', 'DHT_temp', 'DHT_humidity', 'water_temp']
Classes     : [0 1]
Class map   : {'0': 'Unhealthy / Stress warning', '1': 'Healthy'}
Load time   : 3101.67 ms

========================================
CAPTURE
========================================
Capture ID : CAP_20260829_160004
Timestamp  : 2026-08-29 16:00:04
Plants     : 12

========================================
SENSOR VALUES
========================================
pH            : 6.12
TDS           : 808.6 ppm
Water level   : OK
Air temp      : 32.5 C
Humidity      : 69.4 %
Water temp    : 30.56 C

Sensor model  : Healthy
Sensor conf.  : 73.33%
Sensor risk   : 26.67%
Sensor time   : 179.182 ms

========================================
PLANT INFERENCE
========================================

P01
  Image     : healthy (99.73%)
  Image risk: 0.27%
  Sensor    : Healthy (73.33%)
  Sensor risk: 26.67%
  Fusion    : healthy (89.17%)
  Final     : HEALTHY
  Image time: 259.80 ms

P02
  Image     : healthy (100.00%)
  Image risk: 0.00%
  Sensor    : Healthy (73.33%)
  Sensor risk: 26.67%
  Fusion    : healthy (89.33%)
  Final     : HEALTHY
  Image time: 217.46 ms

P03
  Image     : healthy (100.00%)
  Image risk: 0.00%
  Sensor    : Healthy (73.33%)
  Sensor risk: 26.67%
  Fusion    : healthy (89.33%)
  Final     : HEALTHY
  Image time: 217.62 ms

P04
  Image     : healthy (99.49%)
  Image risk: 0.51%
  Sensor    : Healthy (73.33%)
  Sensor risk: 26.67%
  Fusion    : healthy (89.03%)
  Final     : HEALTHY
  Image time: 219.09 ms

P05
  Image     : healthy (99.90%)
  Image risk: 0.10%
  Sensor    : Healthy (73.33%)
  Sensor risk: 26.67%
  Fusion    : healthy (89.27%)
  Final     : HEALTHY
  Image time: 212.28 ms

P06
  Image     : healthy (100.00%)
  Image risk: 0.00%
  Sensor    : Healthy (73.33%)
  Sensor risk: 26.67%
  Fusion    : healthy (89.33%)
  Final     : HEALTHY
  Image time: 213.92 ms

P07
  Image     : healthy (100.00%)
  Image risk: 0.00%
  Sensor    : Healthy (73.33%)
  Sensor risk: 26.67%
  Fusion    : healthy (89.33%)
  Final     : HEALTHY
  Image time: 218.82 ms

P08
  Image     : healthy (99.26%)
  Image risk: 0.74%
  Sensor    : Healthy (73.33%)
  Sensor risk: 26.67%
  Fusion    : healthy (88.89%)
  Final     : HEALTHY
  Image time: 219.36 ms

P09
  Image     : healthy (99.89%)
  Image risk: 0.11%
  Sensor    : Healthy (73.33%)
  Sensor risk: 26.67%
  Fusion    : healthy (89.27%)
  Final     : HEALTHY
  Image time: 220.42 ms

P10
  Image     : healthy (99.98%)
  Image risk: 0.02%
  Sensor    : Healthy (73.33%)
  Sensor risk: 26.67%
  Fusion    : healthy (89.32%)
  Final     : HEALTHY
  Image time: 214.82 ms

P11
  Image     : healthy (99.89%)
  Image risk: 0.11%
  Sensor    : Healthy (73.33%)
  Sensor risk: 26.67%
  Fusion    : healthy (89.27%)
  Final     : HEALTHY
  Image time: 217.93 ms

P12
  Image     : healthy (97.62%)
  Image risk: 2.38%
  Sensor    : Healthy (73.33%)
  Sensor risk: 26.67%
  Fusion    : healthy (87.90%)
  Final     : HEALTHY
  Image time: 218.56 ms

========================================
Updating SQLite predictions...
========================================
12 plant records updated.

========================================
 INFERENCE COMPLETED
========================================
Capture ID           : CAP_20260829_160004
Plants processed     : 12
Average image latency: 220.84 ms
Min image latency    : 212.28 ms
Max image latency    : 259.80 ms
Sensor latency       : 179.182 ms
Total script time    : 6414.33 ms

Predictions saved to:
/hydroponic_project/database/hydroponic.db

Processing CAP_20260829_161503

========================================
 HYDROPONIC EDGE-AI INFERENCE
========================================
Device        : cpu
Image weight  : 0.60
Sensor weight : 0.40
Threshold     : 0.50

========================================
Loading MobileNetV2...
========================================
Model       : mobilenet_v2
Classes     : ['healthy', 'unhealthy']
Class map   : {'healthy': 0, 'unhealthy': 1}
Best epoch  : 9
Load time   : 340.86 ms

========================================
Loading Random Forest sensor model...
========================================
Model       : Random Forest
Features    : ['pH', 'TDS', 'water_level', 'DHT_temp', 'DHT_humidity', 'water_temp']
Classes     : [0 1]
Class map   : {'0': 'Unhealthy / Stress warning', '1': 'Healthy'}
Load time   : 3112.11 ms

========================================
CAPTURE
========================================
Capture ID : CAP_20260829_161503
Timestamp  : 2026-08-29 16:15:03
Plants     : 12

========================================
SENSOR VALUES
========================================
pH            : 6.12
TDS           : 809.3 ppm
Water level   : OK
Air temp      : 32.1 C
Humidity      : 69.2 %
Water temp    : 30.5 C

Sensor model  : Healthy
Sensor conf.  : 72.00%
Sensor risk   : 28.00%
Sensor time   : 173.639 ms

========================================
PLANT INFERENCE
========================================

P01
  Image     : healthy (99.88%)
  Image risk: 0.12%
  Sensor    : Healthy (72.00%)
  Sensor risk: 28.00%
  Fusion    : healthy (88.73%)
  Final     : HEALTHY
  Image time: 260.13 ms

P02
  Image     : healthy (100.00%)
  Image risk: 0.00%
  Sensor    : Healthy (72.00%)
  Sensor risk: 28.00%
  Fusion    : healthy (88.80%)
  Final     : HEALTHY
  Image time: 216.12 ms

P03
  Image     : healthy (99.99%)
  Image risk: 0.01%
  Sensor    : Healthy (72.00%)
  Sensor risk: 28.00%
  Fusion    : healthy (88.80%)
  Final     : HEALTHY
  Image time: 216.47 ms

P04
  Image     : healthy (99.37%)
  Image risk: 0.63%
  Sensor    : Healthy (72.00%)
  Sensor risk: 28.00%
  Fusion    : healthy (88.42%)
  Final     : HEALTHY
  Image time: 216.43 ms

P05
  Image     : healthy (99.76%)
  Image risk: 0.24%
  Sensor    : Healthy (72.00%)
  Sensor risk: 28.00%
  Fusion    : healthy (88.66%)
  Final     : HEALTHY
  Image time: 216.11 ms

P06
  Image     : healthy (100.00%)
  Image risk: 0.00%
  Sensor    : Healthy (72.00%)
  Sensor risk: 28.00%
  Fusion    : healthy (88.80%)
  Final     : HEALTHY
  Image time: 216.41 ms

P07
  Image     : healthy (100.00%)
  Image risk: 0.00%
  Sensor    : Healthy (72.00%)
  Sensor risk: 28.00%
  Fusion    : healthy (88.80%)
  Final     : HEALTHY
  Image time: 216.54 ms

P08
  Image     : healthy (98.02%)
  Image risk: 1.98%
  Sensor    : Healthy (72.00%)
  Sensor risk: 28.00%
  Fusion    : healthy (87.61%)
  Final     : HEALTHY
  Image time: 217.39 ms

P09
  Image     : healthy (99.87%)
  Image risk: 0.13%
  Sensor    : Healthy (72.00%)
  Sensor risk: 28.00%
  Fusion    : healthy (88.72%)
  Final     : HEALTHY
  Image time: 217.13 ms

P10
  Image     : healthy (99.97%)
  Image risk: 0.03%
  Sensor    : Healthy (72.00%)
  Sensor risk: 28.00%
  Fusion    : healthy (88.78%)
  Final     : HEALTHY
  Image time: 215.62 ms

P11
  Image     : healthy (99.79%)
  Image risk: 0.21%
  Sensor    : Healthy (72.00%)
  Sensor risk: 28.00%
  Fusion    : healthy (88.67%)
  Final     : HEALTHY
  Image time: 216.14 ms

P12
  Image     : healthy (97.23%)
  Image risk: 2.77%
  Sensor    : Healthy (72.00%)
  Sensor risk: 28.00%
  Fusion    : healthy (87.14%)
  Final     : HEALTHY
  Image time: 217.10 ms

========================================
Updating SQLite predictions...
========================================
12 plant records updated.

========================================
 INFERENCE COMPLETED
========================================
Capture ID           : CAP_20260829_161503
Plants processed     : 12
Average image latency: 220.13 ms
Min image latency    : 215.62 ms
Max image latency    : 260.13 ms
Sensor latency       : 173.639 ms
Total script time    : 6410.97 ms

Predictions saved to:
/hydroponic_project/database/hydroponic.db

Processing CAP_20260829_163004

========================================
 HYDROPONIC EDGE-AI INFERENCE
========================================
Device        : cpu
Image weight  : 0.60
Sensor weight : 0.40
Threshold     : 0.50

========================================
Loading MobileNetV2...
========================================
Model       : mobilenet_v2
Classes     : ['healthy', 'unhealthy']
Class map   : {'healthy': 0, 'unhealthy': 1}
Best epoch  : 9
Load time   : 341.81 ms

========================================
Loading Random Forest sensor model...
========================================
Model       : Random Forest
Features    : ['pH', 'TDS', 'water_level', 'DHT_temp', 'DHT_humidity', 'water_temp']
Classes     : [0 1]
Class map   : {'0': 'Unhealthy / Stress warning', '1': 'Healthy'}
Load time   : 3112.18 ms

========================================
CAPTURE
========================================
Capture ID : CAP_20260829_163004
Timestamp  : 2026-08-29 16:30:04
Plants     : 12

========================================
SENSOR VALUES
========================================
pH            : 6.17
TDS           : 809.8 ppm
Water level   : OK
Air temp      : 31.8 C
Humidity      : 70.8 %
Water temp    : 30.44 C

Sensor model  : Healthy
Sensor conf.  : 73.67%
Sensor risk   : 26.33%
Sensor time   : 174.204 ms

========================================
PLANT INFERENCE
========================================

P01
  Image     : healthy (99.53%)
  Image risk: 0.47%
  Sensor    : Healthy (73.67%)
  Sensor risk: 26.33%
  Fusion    : healthy (89.19%)
  Final     : HEALTHY
  Image time: 262.10 ms

P02
  Image     : healthy (100.00%)
  Image risk: 0.00%
  Sensor    : Healthy (73.67%)
  Sensor risk: 26.33%
  Fusion    : healthy (89.47%)
  Final     : HEALTHY
  Image time: 217.36 ms

P03
  Image     : healthy (100.00%)
  Image risk: 0.00%
  Sensor    : Healthy (73.67%)
  Sensor risk: 26.33%
  Fusion    : healthy (89.46%)
  Final     : HEALTHY
  Image time: 220.39 ms

P04
  Image     : healthy (99.47%)
  Image risk: 0.53%
  Sensor    : Healthy (73.67%)
  Sensor risk: 26.33%
  Fusion    : healthy (89.15%)
  Final     : HEALTHY
  Image time: 217.49 ms

P05
  Image     : healthy (99.94%)
  Image risk: 0.06%
  Sensor    : Healthy (73.67%)
  Sensor risk: 26.33%
  Fusion    : healthy (89.43%)
  Final     : HEALTHY
  Image time: 215.70 ms

P06
  Image     : healthy (100.00%)
  Image risk: 0.00%
  Sensor    : Healthy (73.67%)
  Sensor risk: 26.33%
  Fusion    : healthy (89.47%)
  Final     : HEALTHY
  Image time: 216.75 ms

P07
  Image     : healthy (100.00%)
  Image risk: 0.00%
  Sensor    : Healthy (73.67%)
  Sensor risk: 26.33%
  Fusion    : healthy (89.47%)
  Final     : HEALTHY
  Image time: 217.95 ms

P08
  Image     : healthy (97.55%)
  Image risk: 2.45%
  Sensor    : Healthy (73.67%)
  Sensor risk: 26.33%
  Fusion    : healthy (88.00%)
  Final     : HEALTHY
  Image time: 218.63 ms

P09
  Image     : healthy (99.59%)
  Image risk: 0.41%
  Sensor    : Healthy (73.67%)
  Sensor risk: 26.33%
  Fusion    : healthy (89.22%)
  Final     : HEALTHY
  Image time: 216.76 ms

P10
  Image     : healthy (99.97%)
  Image risk: 0.03%
  Sensor    : Healthy (73.67%)
  Sensor risk: 26.33%
  Fusion    : healthy (89.45%)
  Final     : HEALTHY
  Image time: 217.36 ms

P11
  Image     : healthy (99.54%)
  Image risk: 0.46%
  Sensor    : Healthy (73.67%)
  Sensor risk: 26.33%
  Fusion    : healthy (89.19%)
  Final     : HEALTHY
  Image time: 218.68 ms

P12
  Image     : healthy (96.68%)
  Image risk: 3.32%
  Sensor    : Healthy (73.67%)
  Sensor risk: 26.33%
  Fusion    : healthy (87.47%)
  Final     : HEALTHY
  Image time: 218.92 ms

========================================
Updating SQLite predictions...
========================================
12 plant records updated.

========================================
 INFERENCE COMPLETED
========================================
Capture ID           : CAP_20260829_163004
Plants processed     : 12
Average image latency: 221.51 ms
Min image latency    : 215.70 ms
Max image latency    : 262.10 ms
Sensor latency       : 174.204 ms
Total script time    : 6420.46 ms

Predictions saved to:
/hydroponic_project/database/hydroponic.db

Processing CAP_20260829_164504

========================================
 HYDROPONIC EDGE-AI INFERENCE
========================================
Device        : cpu
Image weight  : 0.60
Sensor weight : 0.40
Threshold     : 0.50

========================================
Loading MobileNetV2...
========================================
Model       : mobilenet_v2
Classes     : ['healthy', 'unhealthy']
Class map   : {'healthy': 0, 'unhealthy': 1}
Best epoch  : 9
Load time   : 343.46 ms

========================================
Loading Random Forest sensor model...
========================================
Model       : Random Forest
Features    : ['pH', 'TDS', 'water_level', 'DHT_temp', 'DHT_humidity', 'water_temp']
Classes     : [0 1]
Class map   : {'0': 'Unhealthy / Stress warning', '1': 'Healthy'}
Load time   : 3109.14 ms

========================================
CAPTURE
========================================
Capture ID : CAP_20260829_164504
Timestamp  : 2026-08-29 16:45:04
Plants     : 12

========================================
SENSOR VALUES
========================================
pH            : 6.07
TDS           : 811.7 ppm
Water level   : OK
Air temp      : 31.7 C
Humidity      : 69.8 %
Water temp    : 30.31 C

Sensor model  : Healthy
Sensor conf.  : 73.33%
Sensor risk   : 26.67%
Sensor time   : 172.639 ms

========================================
PLANT INFERENCE
========================================

P01
  Image     : healthy (99.66%)
  Image risk: 0.34%
  Sensor    : Healthy (73.33%)
  Sensor risk: 26.67%
  Fusion    : healthy (89.13%)
  Final     : HEALTHY
  Image time: 261.32 ms

P02
  Image     : healthy (100.00%)
  Image risk: 0.00%
  Sensor    : Healthy (73.33%)
  Sensor risk: 26.67%
  Fusion    : healthy (89.33%)
  Final     : HEALTHY
  Image time: 218.01 ms

P03
  Image     : healthy (99.99%)
  Image risk: 0.01%
  Sensor    : Healthy (73.33%)
  Sensor risk: 26.67%
  Fusion    : healthy (89.33%)
  Final     : HEALTHY
  Image time: 219.42 ms

P04
  Image     : healthy (98.91%)
  Image risk: 1.09%
  Sensor    : Healthy (73.33%)
  Sensor risk: 26.67%
  Fusion    : healthy (88.68%)
  Final     : HEALTHY
  Image time: 218.83 ms

P05
  Image     : healthy (99.80%)
  Image risk: 0.20%
  Sensor    : Healthy (73.33%)
  Sensor risk: 26.67%
  Fusion    : healthy (89.22%)
  Final     : HEALTHY
  Image time: 217.69 ms

P06
  Image     : healthy (100.00%)
  Image risk: 0.00%
  Sensor    : Healthy (73.33%)
  Sensor risk: 26.67%
  Fusion    : healthy (89.33%)
  Final     : HEALTHY
  Image time: 218.19 ms

P07
  Image     : healthy (100.00%)
  Image risk: 0.00%
  Sensor    : Healthy (73.33%)
  Sensor risk: 26.67%
  Fusion    : healthy (89.33%)
  Final     : HEALTHY
  Image time: 221.59 ms

P08
  Image     : healthy (92.79%)
  Image risk: 7.21%
  Sensor    : Healthy (73.33%)
  Sensor risk: 26.67%
  Fusion    : healthy (85.01%)
  Final     : HEALTHY
  Image time: 216.93 ms

P09
  Image     : healthy (99.39%)
  Image risk: 0.61%
  Sensor    : Healthy (73.33%)
  Sensor risk: 26.67%
  Fusion    : healthy (88.97%)
  Final     : HEALTHY
  Image time: 216.80 ms

P10
  Image     : healthy (99.98%)
  Image risk: 0.02%
  Sensor    : Healthy (73.33%)
  Sensor risk: 26.67%
  Fusion    : healthy (89.32%)
  Final     : HEALTHY
  Image time: 217.21 ms

P11
  Image     : healthy (99.87%)
  Image risk: 0.13%
  Sensor    : Healthy (73.33%)
  Sensor risk: 26.67%
  Fusion    : healthy (89.25%)
  Final     : HEALTHY
  Image time: 219.62 ms

P12
  Image     : healthy (98.99%)
  Image risk: 1.01%
  Sensor    : Healthy (73.33%)
  Sensor risk: 26.67%
  Fusion    : healthy (88.73%)
  Final     : HEALTHY
  Image time: 217.89 ms

========================================
Updating SQLite predictions...
========================================
12 plant records updated.

========================================
 INFERENCE COMPLETED
========================================
Capture ID           : CAP_20260829_164504
Plants processed     : 12
Average image latency: 221.96 ms
Min image latency    : 216.80 ms
Max image latency    : 261.32 ms
Sensor latency       : 172.639 ms
Total script time    : 6424.74 ms

Predictions saved to:
/hydroponic_project/database/hydroponic.db

Processing CAP_20260829_170004

========================================
 HYDROPONIC EDGE-AI INFERENCE
========================================
Device        : cpu
Image weight  : 0.60
Sensor weight : 0.40
Threshold     : 0.50

========================================
Loading MobileNetV2...
========================================
Model       : mobilenet_v2
Classes     : ['healthy', 'unhealthy']
Class map   : {'healthy': 0, 'unhealthy': 1}
Best epoch  : 9
Load time   : 344.68 ms

========================================
Loading Random Forest sensor model...
========================================
Model       : Random Forest
Features    : ['pH', 'TDS', 'water_level', 'DHT_temp', 'DHT_humidity', 'water_temp']
Classes     : [0 1]
Class map   : {'0': 'Unhealthy / Stress warning', '1': 'Healthy'}
Load time   : 3106.93 ms

========================================
CAPTURE
========================================
Capture ID : CAP_20260829_170004
Timestamp  : 2026-08-29 17:00:04
Plants     : 12

========================================
SENSOR VALUES
========================================
pH            : 6.18
TDS           : 813.3 ppm
Water level   : OK
Air temp      : 31.7 C
Humidity      : 70.5 %
Water temp    : 30.19 C

Sensor model  : Healthy
Sensor conf.  : 73.33%
Sensor risk   : 26.67%
Sensor time   : 182.854 ms

========================================
PLANT INFERENCE
========================================

P01
  Image     : healthy (99.81%)
  Image risk: 0.19%
  Sensor    : Healthy (73.33%)
  Sensor risk: 26.67%
  Fusion    : healthy (89.22%)
  Final     : HEALTHY
  Image time: 261.41 ms

P02
  Image     : healthy (99.98%)
  Image risk: 0.02%
  Sensor    : Healthy (73.33%)
  Sensor risk: 26.67%
  Fusion    : healthy (89.32%)
  Final     : HEALTHY
  Image time: 220.27 ms

P03
  Image     : healthy (99.98%)
  Image risk: 0.02%
  Sensor    : Healthy (73.33%)
  Sensor risk: 26.67%
  Fusion    : healthy (89.32%)
  Final     : HEALTHY
  Image time: 219.22 ms

P04
  Image     : healthy (95.83%)
  Image risk: 4.17%
  Sensor    : Healthy (73.33%)
  Sensor risk: 26.67%
  Fusion    : healthy (86.83%)
  Final     : HEALTHY
  Image time: 219.43 ms

P05
  Image     : healthy (99.87%)
  Image risk: 0.13%
  Sensor    : Healthy (73.33%)
  Sensor risk: 26.67%
  Fusion    : healthy (89.26%)
  Final     : HEALTHY
  Image time: 214.15 ms

P06
  Image     : healthy (100.00%)
  Image risk: 0.00%
  Sensor    : Healthy (73.33%)
  Sensor risk: 26.67%
  Fusion    : healthy (89.33%)
  Final     : HEALTHY
  Image time: 216.92 ms

P07
  Image     : healthy (100.00%)
  Image risk: 0.00%
  Sensor    : Healthy (73.33%)
  Sensor risk: 26.67%
  Fusion    : healthy (89.33%)
  Final     : HEALTHY
  Image time: 219.07 ms

P08
  Image     : healthy (97.93%)
  Image risk: 2.07%
  Sensor    : Healthy (73.33%)
  Sensor risk: 26.67%
  Fusion    : healthy (88.09%)
  Final     : HEALTHY
  Image time: 219.09 ms

P09
  Image     : healthy (99.07%)
  Image risk: 0.93%
  Sensor    : Healthy (73.33%)
  Sensor risk: 26.67%
  Fusion    : healthy (88.78%)
  Final     : HEALTHY
  Image time: 218.48 ms

P10
  Image     : healthy (99.97%)
  Image risk: 0.03%
  Sensor    : Healthy (73.33%)
  Sensor risk: 26.67%
  Fusion    : healthy (89.32%)
  Final     : HEALTHY
  Image time: 215.82 ms

P11
  Image     : healthy (99.17%)
  Image risk: 0.83%
  Sensor    : Healthy (73.33%)
  Sensor risk: 26.67%
  Fusion    : healthy (88.84%)
  Final     : HEALTHY
  Image time: 221.76 ms

P12
  Image     : healthy (96.58%)
  Image risk: 3.42%
  Sensor    : Healthy (73.33%)
  Sensor risk: 26.67%
  Fusion    : healthy (87.28%)
  Final     : HEALTHY
  Image time: 219.70 ms

========================================
Updating SQLite predictions...
========================================
12 plant records updated.

========================================
 INFERENCE COMPLETED
========================================
Capture ID           : CAP_20260829_170004
Plants processed     : 12
Average image latency: 222.11 ms
Min image latency    : 214.15 ms
Max image latency    : 261.41 ms
Sensor latency       : 182.854 ms
Total script time    : 6436.12 ms

Predictions saved to:
/hydroponic_project/database/hydroponic.db

Processing CAP_20260829_171507

========================================
 HYDROPONIC EDGE-AI INFERENCE
========================================
Device        : cpu
Image weight  : 0.60
Sensor weight : 0.40
Threshold     : 0.50

========================================
Loading MobileNetV2...
========================================
Model       : mobilenet_v2
Classes     : ['healthy', 'unhealthy']
Class map   : {'healthy': 0, 'unhealthy': 1}
Best epoch  : 9
Load time   : 339.92 ms

========================================
Loading Random Forest sensor model...
========================================
Model       : Random Forest
Features    : ['pH', 'TDS', 'water_level', 'DHT_temp', 'DHT_humidity', 'water_temp']
Classes     : [0 1]
Class map   : {'0': 'Unhealthy / Stress warning', '1': 'Healthy'}
Load time   : 3113.40 ms

========================================
CAPTURE
========================================
Capture ID : CAP_20260829_171507
Timestamp  : 2026-08-29 17:15:07
Plants     : 12

========================================
SENSOR VALUES
========================================
pH            : 6.06
TDS           : 814.2 ppm
Water level   : OK
Air temp      : 31.3 C
Humidity      : 72.6 %
Water temp    : 30.12 C

Sensor model  : Healthy
Sensor conf.  : 73.33%
Sensor risk   : 26.67%
Sensor time   : 173.514 ms

========================================
PLANT INFERENCE
========================================

P01
  Image     : healthy (99.11%)
  Image risk: 0.89%
  Sensor    : Healthy (73.33%)
  Sensor risk: 26.67%
  Fusion    : healthy (88.80%)
  Final     : HEALTHY
  Image time: 264.21 ms

P02
  Image     : healthy (99.99%)
  Image risk: 0.01%
  Sensor    : Healthy (73.33%)
  Sensor risk: 26.67%
  Fusion    : healthy (89.33%)
  Final     : HEALTHY
  Image time: 218.38 ms

P03
  Image     : healthy (99.96%)
  Image risk: 0.04%
  Sensor    : Healthy (73.33%)
  Sensor risk: 26.67%
  Fusion    : healthy (89.31%)
  Final     : HEALTHY
  Image time: 217.36 ms

P04
  Image     : healthy (94.06%)
  Image risk: 5.94%
  Sensor    : Healthy (73.33%)
  Sensor risk: 26.67%
  Fusion    : healthy (85.77%)
  Final     : HEALTHY
  Image time: 218.53 ms

P05
  Image     : healthy (99.81%)
  Image risk: 0.19%
  Sensor    : Healthy (73.33%)
  Sensor risk: 26.67%
  Fusion    : healthy (89.22%)
  Final     : HEALTHY
  Image time: 217.17 ms

P06
  Image     : healthy (100.00%)
  Image risk: 0.00%
  Sensor    : Healthy (73.33%)
  Sensor risk: 26.67%
  Fusion    : healthy (89.33%)
  Final     : HEALTHY
  Image time: 220.03 ms

P07
  Image     : healthy (100.00%)
  Image risk: 0.00%
  Sensor    : Healthy (73.33%)
  Sensor risk: 26.67%
  Fusion    : healthy (89.33%)
  Final     : HEALTHY
  Image time: 216.54 ms

P08
  Image     : healthy (99.22%)
  Image risk: 0.78%
  Sensor    : Healthy (73.33%)
  Sensor risk: 26.67%
  Fusion    : healthy (88.86%)
  Final     : HEALTHY
  Image time: 219.34 ms

P09
  Image     : healthy (97.18%)
  Image risk: 2.82%
  Sensor    : Healthy (73.33%)
  Sensor risk: 26.67%
  Fusion    : healthy (87.64%)
  Final     : HEALTHY
  Image time: 217.12 ms

P10
  Image     : healthy (99.68%)
  Image risk: 0.32%
  Sensor    : Healthy (73.33%)
  Sensor risk: 26.67%
  Fusion    : healthy (89.14%)
  Final     : HEALTHY
  Image time: 219.67 ms

P11
  Image     : healthy (99.69%)
  Image risk: 0.31%
  Sensor    : Healthy (73.33%)
  Sensor risk: 26.67%
  Fusion    : healthy (89.15%)
  Final     : HEALTHY
  Image time: 217.53 ms

P12
  Image     : healthy (86.52%)
  Image risk: 13.48%
  Sensor    : Healthy (73.33%)
  Sensor risk: 26.67%
  Fusion    : healthy (81.25%)
  Final     : HEALTHY
  Image time: 217.38 ms

========================================
Updating SQLite predictions...
========================================
12 plant records updated.

========================================
 INFERENCE COMPLETED
========================================
Capture ID           : CAP_20260829_171507
Plants processed     : 12
Average image latency: 221.94 ms
Min image latency    : 216.54 ms
Max image latency    : 264.21 ms
Sensor latency       : 173.514 ms
Total script time    : 6431.59 ms

Predictions saved to:
/hydroponic_project/database/hydroponic.db

Processing CAP_20260829_173003

========================================
 HYDROPONIC EDGE-AI INFERENCE
========================================
Device        : cpu
Image weight  : 0.60
Sensor weight : 0.40
Threshold     : 0.50

========================================
Loading MobileNetV2...
========================================
Model       : mobilenet_v2
Classes     : ['healthy', 'unhealthy']
Class map   : {'healthy': 0, 'unhealthy': 1}
Best epoch  : 9
Load time   : 342.13 ms

========================================
Loading Random Forest sensor model...
========================================
Model       : Random Forest
Features    : ['pH', 'TDS', 'water_level', 'DHT_temp', 'DHT_humidity', 'water_temp']
Classes     : [0 1]
Class map   : {'0': 'Unhealthy / Stress warning', '1': 'Healthy'}
Load time   : 3107.58 ms

========================================
CAPTURE
========================================
Capture ID : CAP_20260829_173003
Timestamp  : 2026-08-29 17:30:03
Plants     : 12

========================================
SENSOR VALUES
========================================
pH            : 6.23
TDS           : 814.5 ppm
Water level   : OK
Air temp      : 31.3 C
Humidity      : 72.2 %
Water temp    : 30.06 C

Sensor model  : Healthy
Sensor conf.  : 72.67%
Sensor risk   : 27.33%
Sensor time   : 173.154 ms

========================================
PLANT INFERENCE
========================================

P01
  Image     : healthy (99.77%)
  Image risk: 0.23%
  Sensor    : Healthy (72.67%)
  Sensor risk: 27.33%
  Fusion    : healthy (88.93%)
  Final     : HEALTHY
  Image time: 261.98 ms

P02
  Image     : healthy (100.00%)
  Image risk: 0.00%
  Sensor    : Healthy (72.67%)
  Sensor risk: 27.33%
  Fusion    : healthy (89.07%)
  Final     : HEALTHY
  Image time: 218.13 ms

P03
  Image     : healthy (99.91%)
  Image risk: 0.09%
  Sensor    : Healthy (72.67%)
  Sensor risk: 27.33%
  Fusion    : healthy (89.01%)
  Final     : HEALTHY
  Image time: 217.53 ms

P04
  Image     : healthy (94.85%)
  Image risk: 5.15%
  Sensor    : Healthy (72.67%)
  Sensor risk: 27.33%
  Fusion    : healthy (85.97%)
  Final     : HEALTHY
  Image time: 217.12 ms

P05
  Image     : healthy (99.47%)
  Image risk: 0.53%
  Sensor    : Healthy (72.67%)
  Sensor risk: 27.33%
  Fusion    : healthy (88.75%)
  Final     : HEALTHY
  Image time: 219.26 ms

P06
  Image     : healthy (100.00%)
  Image risk: 0.00%
  Sensor    : Healthy (72.67%)
  Sensor risk: 27.33%
  Fusion    : healthy (89.07%)
  Final     : HEALTHY
  Image time: 218.03 ms

P07
  Image     : healthy (100.00%)
  Image risk: 0.00%
  Sensor    : Healthy (72.67%)
  Sensor risk: 27.33%
  Fusion    : healthy (89.07%)
  Final     : HEALTHY
  Image time: 217.61 ms

P08
  Image     : healthy (98.70%)
  Image risk: 1.30%
  Sensor    : Healthy (72.67%)
  Sensor risk: 27.33%
  Fusion    : healthy (88.29%)
  Final     : HEALTHY
  Image time: 218.24 ms

P09
  Image     : healthy (98.77%)
  Image risk: 1.23%
  Sensor    : Healthy (72.67%)
  Sensor risk: 27.33%
  Fusion    : healthy (88.33%)
  Final     : HEALTHY
  Image time: 219.49 ms

P10
  Image     : healthy (99.86%)
  Image risk: 0.14%
  Sensor    : Healthy (72.67%)
  Sensor risk: 27.33%
  Fusion    : healthy (88.98%)
  Final     : HEALTHY
  Image time: 219.51 ms

P11
  Image     : healthy (99.58%)
  Image risk: 0.42%
  Sensor    : Healthy (72.67%)
  Sensor risk: 27.33%
  Fusion    : healthy (88.82%)
  Final     : HEALTHY
  Image time: 218.14 ms

P12
  Image     : healthy (90.29%)
  Image risk: 9.71%
  Sensor    : Healthy (72.67%)
  Sensor risk: 27.33%
  Fusion    : healthy (83.24%)
  Final     : HEALTHY
  Image time: 218.05 ms

========================================
Updating SQLite predictions...
========================================
12 plant records updated.

========================================
 INFERENCE COMPLETED
========================================
Capture ID           : CAP_20260829_173003
Plants processed     : 12
Average image latency: 221.92 ms
Min image latency    : 217.12 ms
Max image latency    : 261.98 ms
Sensor latency       : 173.154 ms
Total script time    : 6425.80 ms

Predictions saved to:
/hydroponic_project/database/hydroponic.db

Processing CAP_20260829_174504

========================================
 HYDROPONIC EDGE-AI INFERENCE
========================================
Device        : cpu
Image weight  : 0.60
Sensor weight : 0.40
Threshold     : 0.50

========================================
Loading MobileNetV2...
========================================
Model       : mobilenet_v2
Classes     : ['healthy', 'unhealthy']
Class map   : {'healthy': 0, 'unhealthy': 1}
Best epoch  : 9
Load time   : 343.93 ms

========================================
Loading Random Forest sensor model...
========================================
Model       : Random Forest
Features    : ['pH', 'TDS', 'water_level', 'DHT_temp', 'DHT_humidity', 'water_temp']
Classes     : [0 1]
Class map   : {'0': 'Unhealthy / Stress warning', '1': 'Healthy'}
Load time   : 3107.77 ms

========================================
CAPTURE
========================================
Capture ID : CAP_20260829_174504
Timestamp  : 2026-08-29 17:45:04
Plants     : 12

========================================
SENSOR VALUES
========================================
pH            : 6.19
TDS           : 814.9 ppm
Water level   : OK
Air temp      : 31.2 C
Humidity      : 72.1 %
Water temp    : 30.0 C

Sensor model  : Healthy
Sensor conf.  : 73.33%
Sensor risk   : 26.67%
Sensor time   : 180.539 ms

========================================
PLANT INFERENCE
========================================

P01
  Image     : healthy (84.92%)
  Image risk: 15.08%
  Sensor    : Healthy (73.33%)
  Sensor risk: 26.67%
  Fusion    : healthy (80.29%)
  Final     : HEALTHY
  Image time: 262.20 ms

P02
  Image     : healthy (98.97%)
  Image risk: 1.03%
  Sensor    : Healthy (73.33%)
  Sensor risk: 26.67%
  Fusion    : healthy (88.72%)
  Final     : HEALTHY
  Image time: 218.52 ms

P03
  Image     : healthy (58.16%)
  Image risk: 41.84%
  Sensor    : Healthy (73.33%)
  Sensor risk: 26.67%
  Fusion    : healthy (64.23%)
  Final     : HEALTHY
  Image time: 218.58 ms

P04
  Image     : unhealthy (58.50%)
  Image risk: 58.50%
  Sensor    : Healthy (73.33%)
  Sensor risk: 26.67%
  Fusion    : healthy (54.24%)
  Final     : HEALTHY
  Image time: 221.33 ms

P05
  Image     : healthy (89.42%)
  Image risk: 10.58%
  Sensor    : Healthy (73.33%)
  Sensor risk: 26.67%
  Fusion    : healthy (82.99%)
  Final     : HEALTHY
  Image time: 220.24 ms

P06
  Image     : healthy (99.78%)
  Image risk: 0.22%
  Sensor    : Healthy (73.33%)
  Sensor risk: 26.67%
  Fusion    : healthy (89.20%)
  Final     : HEALTHY
  Image time: 218.88 ms

P07
  Image     : healthy (99.12%)
  Image risk: 0.88%
  Sensor    : Healthy (73.33%)
  Sensor risk: 26.67%
  Fusion    : healthy (88.80%)
  Final     : HEALTHY
  Image time: 219.05 ms

P08
  Image     : healthy (94.18%)
  Image risk: 5.82%
  Sensor    : Healthy (73.33%)
  Sensor risk: 26.67%
  Fusion    : healthy (85.84%)
  Final     : HEALTHY
  Image time: 217.46 ms

P09
  Image     : healthy (88.43%)
  Image risk: 11.57%
  Sensor    : Healthy (73.33%)
  Sensor risk: 26.67%
  Fusion    : healthy (82.39%)
  Final     : HEALTHY
  Image time: 220.07 ms

P10
  Image     : healthy (82.24%)
  Image risk: 17.76%
  Sensor    : Healthy (73.33%)
  Sensor risk: 26.67%
  Fusion    : healthy (78.68%)
  Final     : HEALTHY
  Image time: 217.98 ms

P11
  Image     : healthy (96.87%)
  Image risk: 3.13%
  Sensor    : Healthy (73.33%)
  Sensor risk: 26.67%
  Fusion    : healthy (87.45%)
  Final     : HEALTHY
  Image time: 219.58 ms

P12
  Image     : healthy (62.73%)
  Image risk: 37.27%
  Sensor    : Healthy (73.33%)
  Sensor risk: 26.67%
  Fusion    : healthy (66.97%)
  Final     : HEALTHY
  Image time: 218.87 ms

========================================
Updating SQLite predictions...
========================================
12 plant records updated.

========================================
 INFERENCE COMPLETED
========================================
Capture ID           : CAP_20260829_174504
Plants processed     : 12
Average image latency: 222.73 ms
Min image latency    : 217.46 ms
Max image latency    : 262.20 ms
Sensor latency       : 180.539 ms
Total script time    : 6440.21 ms

Predictions saved to:
/hydroponic_project/database/hydroponic.db

Processing CAP_20260829_180004

========================================
 HYDROPONIC EDGE-AI INFERENCE
========================================
Device        : cpu
Image weight  : 0.60
Sensor weight : 0.40
Threshold     : 0.50

========================================
Loading MobileNetV2...
========================================
Model       : mobilenet_v2
Classes     : ['healthy', 'unhealthy']
Class map   : {'healthy': 0, 'unhealthy': 1}
Best epoch  : 9
Load time   : 341.99 ms

========================================
Loading Random Forest sensor model...
========================================
Model       : Random Forest
Features    : ['pH', 'TDS', 'water_level', 'DHT_temp', 'DHT_humidity', 'water_temp']
Classes     : [0 1]
Class map   : {'0': 'Unhealthy / Stress warning', '1': 'Healthy'}
Load time   : 3111.64 ms

========================================
CAPTURE
========================================
Capture ID : CAP_20260829_180004
Timestamp  : 2026-08-29 18:00:04
Plants     : 12

WARNING: Very low camera light.
Camera Lux: 3.7031960487365723
Image prediction may be less reliable.

========================================
SENSOR VALUES
========================================
pH            : 6.2
TDS           : 815.2 ppm
Water level   : OK
Air temp      : 31.0 C
Humidity      : 72.9 %
Water temp    : 29.94 C

Sensor model  : Healthy
Sensor conf.  : 73.33%
Sensor risk   : 26.67%
Sensor time   : 179.810 ms

========================================
PLANT INFERENCE
========================================

P01
  Image     : healthy (65.80%)
  Image risk: 34.20%
  Sensor    : Healthy (73.33%)
  Sensor risk: 26.67%
  Fusion    : healthy (68.82%)
  Final     : HEALTHY
  Image time: 261.60 ms

P02
  Image     : unhealthy (79.69%)
  Image risk: 79.69%
  Sensor    : Healthy (73.33%)
  Sensor risk: 26.67%
  Fusion    : unhealthy (58.48%)
  Final     : STRESS WARNING
  Image time: 219.23 ms

P03
  Image     : unhealthy (99.96%)
  Image risk: 99.96%
  Sensor    : Healthy (73.33%)
  Sensor risk: 26.67%
  Fusion    : unhealthy (70.64%)
  Final     : STRESS WARNING
  Image time: 217.77 ms

P04
  Image     : unhealthy (97.85%)
  Image risk: 97.85%
  Sensor    : Healthy (73.33%)
  Sensor risk: 26.67%
  Fusion    : unhealthy (69.37%)
  Final     : STRESS WARNING
  Image time: 219.07 ms

P05
  Image     : unhealthy (70.35%)
  Image risk: 70.35%
  Sensor    : Healthy (73.33%)
  Sensor risk: 26.67%
  Fusion    : unhealthy (52.87%)
  Final     : STRESS WARNING
  Image time: 219.62 ms

P06
  Image     : unhealthy (74.65%)
  Image risk: 74.65%
  Sensor    : Healthy (73.33%)
  Sensor risk: 26.67%
  Fusion    : unhealthy (55.46%)
  Final     : STRESS WARNING
  Image time: 218.86 ms

P07
  Image     : unhealthy (98.70%)
  Image risk: 98.70%
  Sensor    : Healthy (73.33%)
  Sensor risk: 26.67%
  Fusion    : unhealthy (69.88%)
  Final     : STRESS WARNING
  Image time: 217.88 ms

P08
  Image     : unhealthy (97.92%)
  Image risk: 97.92%
  Sensor    : Healthy (73.33%)
  Sensor risk: 26.67%
  Fusion    : unhealthy (69.42%)
  Final     : STRESS WARNING
  Image time: 228.83 ms

P09
  Image     : unhealthy (75.76%)
  Image risk: 75.76%
  Sensor    : Healthy (73.33%)
  Sensor risk: 26.67%
  Fusion    : unhealthy (56.12%)
  Final     : STRESS WARNING
  Image time: 216.11 ms

P10
  Image     : unhealthy (99.98%)
  Image risk: 99.98%
  Sensor    : Healthy (73.33%)
  Sensor risk: 26.67%
  Fusion    : unhealthy (70.66%)
  Final     : STRESS WARNING
  Image time: 216.17 ms

P11
  Image     : unhealthy (93.93%)
  Image risk: 93.93%
  Sensor    : Healthy (73.33%)
  Sensor risk: 26.67%
  Fusion    : unhealthy (67.02%)
  Final     : STRESS WARNING
  Image time: 217.12 ms

P12
  Image     : unhealthy (98.66%)
  Image risk: 98.66%
  Sensor    : Healthy (73.33%)
  Sensor risk: 26.67%
  Fusion    : unhealthy (69.86%)
  Final     : STRESS WARNING
  Image time: 218.29 ms

========================================
Updating SQLite predictions...
========================================
12 plant records updated.

========================================
 INFERENCE COMPLETED
========================================
Capture ID           : CAP_20260829_180004
Plants processed     : 12
Average image latency: 222.55 ms
Min image latency    : 216.11 ms
Max image latency    : 261.60 ms
Sensor latency       : 179.810 ms
Total script time    : 6444.18 ms

Predictions saved to:
/hydroponic_project/database/hydroponic.db

Processing CAP_20260829_181504

========================================
 HYDROPONIC EDGE-AI INFERENCE
========================================
Device        : cpu
Image weight  : 0.60
Sensor weight : 0.40
Threshold     : 0.50

========================================
Loading MobileNetV2...
========================================
Model       : mobilenet_v2
Classes     : ['healthy', 'unhealthy']
Class map   : {'healthy': 0, 'unhealthy': 1}
Best epoch  : 9
Load time   : 338.43 ms

========================================
Loading Random Forest sensor model...
========================================
Model       : Random Forest
Features    : ['pH', 'TDS', 'water_level', 'DHT_temp', 'DHT_humidity', 'water_temp']
Classes     : [0 1]
Class map   : {'0': 'Unhealthy / Stress warning', '1': 'Healthy'}
Load time   : 3112.31 ms

========================================
CAPTURE
========================================
Capture ID : CAP_20260829_181504
Timestamp  : 2026-08-29 18:15:04
Plants     : 12

WARNING: Very low camera light.
Camera Lux: 1.0580586194992065
Image prediction may be less reliable.

========================================
SENSOR VALUES
========================================
pH            : 6.08
TDS           : 815.8 ppm
Water level   : OK
Air temp      : 31.0 C
Humidity      : 73.7 %
Water temp    : 29.87 C

Sensor model  : Healthy
Sensor conf.  : 73.00%
Sensor risk   : 27.00%
Sensor time   : 175.140 ms

========================================
PLANT INFERENCE
========================================

P01
  Image     : unhealthy (99.56%)
  Image risk: 99.56%
  Sensor    : Healthy (73.00%)
  Sensor risk: 27.00%
  Fusion    : unhealthy (70.54%)
  Final     : STRESS WARNING
  Image time: 262.10 ms

P02
  Image     : unhealthy (99.74%)
  Image risk: 99.74%
  Sensor    : Healthy (73.00%)
  Sensor risk: 27.00%
  Fusion    : unhealthy (70.64%)
  Final     : STRESS WARNING
  Image time: 218.42 ms

P03
  Image     : unhealthy (99.61%)
  Image risk: 99.61%
  Sensor    : Healthy (73.00%)
  Sensor risk: 27.00%
  Fusion    : unhealthy (70.56%)
  Final     : STRESS WARNING
  Image time: 222.45 ms

P04
  Image     : unhealthy (99.75%)
  Image risk: 99.75%
  Sensor    : Healthy (73.00%)
  Sensor risk: 27.00%
  Fusion    : unhealthy (70.65%)
  Final     : STRESS WARNING
  Image time: 218.15 ms

P05
  Image     : unhealthy (99.54%)
  Image risk: 99.54%
  Sensor    : Healthy (73.00%)
  Sensor risk: 27.00%
  Fusion    : unhealthy (70.53%)
  Final     : STRESS WARNING
  Image time: 217.08 ms

P06
  Image     : unhealthy (98.53%)
  Image risk: 98.53%
  Sensor    : Healthy (73.00%)
  Sensor risk: 27.00%
  Fusion    : unhealthy (69.92%)
  Final     : STRESS WARNING
  Image time: 216.52 ms

P07
  Image     : unhealthy (99.14%)
  Image risk: 99.14%
  Sensor    : Healthy (73.00%)
  Sensor risk: 27.00%
  Fusion    : unhealthy (70.29%)
  Final     : STRESS WARNING
  Image time: 217.16 ms

P08
  Image     : unhealthy (99.94%)
  Image risk: 99.94%
  Sensor    : Healthy (73.00%)
  Sensor risk: 27.00%
  Fusion    : unhealthy (70.76%)
  Final     : STRESS WARNING
  Image time: 220.43 ms

P09
  Image     : unhealthy (99.73%)
  Image risk: 99.73%
  Sensor    : Healthy (73.00%)
  Sensor risk: 27.00%
  Fusion    : unhealthy (70.64%)
  Final     : STRESS WARNING
  Image time: 217.74 ms

P10
  Image     : unhealthy (99.88%)
  Image risk: 99.88%
  Sensor    : Healthy (73.00%)
  Sensor risk: 27.00%
  Fusion    : unhealthy (70.73%)
  Final     : STRESS WARNING
  Image time: 218.33 ms

P11
  Image     : unhealthy (99.65%)
  Image risk: 99.65%
  Sensor    : Healthy (73.00%)
  Sensor risk: 27.00%
  Fusion    : unhealthy (70.59%)
  Final     : STRESS WARNING
  Image time: 216.97 ms

P12
  Image     : unhealthy (99.74%)
  Image risk: 99.74%
  Sensor    : Healthy (73.00%)
  Sensor risk: 27.00%
  Fusion    : unhealthy (70.64%)
  Final     : STRESS WARNING
  Image time: 219.41 ms

========================================
Updating SQLite predictions...
========================================
12 plant records updated.

========================================
 INFERENCE COMPLETED
========================================
Capture ID           : CAP_20260829_181504
Plants processed     : 12
Average image latency: 222.06 ms
Min image latency    : 216.52 ms
Max image latency    : 262.10 ms
Sensor latency       : 175.140 ms
Total script time    : 6416.33 ms

Predictions saved to:
/hydroponic_project/database/hydroponic.db

Processing CAP_20260829_183004

========================================
 HYDROPONIC EDGE-AI INFERENCE
========================================
Device        : cpu
Image weight  : 0.60
Sensor weight : 0.40
Threshold     : 0.50

========================================
Loading MobileNetV2...
========================================
Model       : mobilenet_v2
Classes     : ['healthy', 'unhealthy']
Class map   : {'healthy': 0, 'unhealthy': 1}
Best epoch  : 9
Load time   : 340.55 ms

========================================
Loading Random Forest sensor model...
========================================
Model       : Random Forest
Features    : ['pH', 'TDS', 'water_level', 'DHT_temp', 'DHT_humidity', 'water_temp']
Classes     : [0 1]
Class map   : {'0': 'Unhealthy / Stress warning', '1': 'Healthy'}
Load time   : 3103.44 ms

========================================
CAPTURE
========================================
Capture ID : CAP_20260829_183004
Timestamp  : 2026-08-29 18:30:04
Plants     : 12

WARNING: Very low camera light.
Camera Lux: 0.4819588363170624
Image prediction may be less reliable.

========================================
SENSOR VALUES
========================================
pH            : 6.19
TDS           : 814.6 ppm
Water level   : OK
Air temp      : 31.0 C
Humidity      : 74.2 %
Water temp    : 29.87 C

Sensor model  : Healthy
Sensor conf.  : 72.67%
Sensor risk   : 27.33%
Sensor time   : 178.145 ms

========================================
PLANT INFERENCE
========================================

P01
  Image     : unhealthy (99.40%)
  Image risk: 99.40%
  Sensor    : Healthy (72.67%)
  Sensor risk: 27.33%
  Fusion    : unhealthy (70.57%)
  Final     : STRESS WARNING
  Image time: 260.35 ms

P02
  Image     : unhealthy (99.40%)
  Image risk: 99.40%
  Sensor    : Healthy (72.67%)
  Sensor risk: 27.33%
  Fusion    : unhealthy (70.58%)
  Final     : STRESS WARNING
  Image time: 216.47 ms

P03
  Image     : unhealthy (99.83%)
  Image risk: 99.83%
  Sensor    : Healthy (72.67%)
  Sensor risk: 27.33%
  Fusion    : unhealthy (70.83%)
  Final     : STRESS WARNING
  Image time: 219.08 ms

P04
  Image     : unhealthy (99.84%)
  Image risk: 99.84%
  Sensor    : Healthy (72.67%)
  Sensor risk: 27.33%
  Fusion    : unhealthy (70.84%)
  Final     : STRESS WARNING
  Image time: 216.44 ms

P05
  Image     : unhealthy (99.60%)
  Image risk: 99.60%
  Sensor    : Healthy (72.67%)
  Sensor risk: 27.33%
  Fusion    : unhealthy (70.69%)
  Final     : STRESS WARNING
  Image time: 215.80 ms

P06
  Image     : unhealthy (99.64%)
  Image risk: 99.64%
  Sensor    : Healthy (72.67%)
  Sensor risk: 27.33%
  Fusion    : unhealthy (70.72%)
  Final     : STRESS WARNING
  Image time: 217.05 ms

P07
  Image     : unhealthy (99.88%)
  Image risk: 99.88%
  Sensor    : Healthy (72.67%)
  Sensor risk: 27.33%
  Fusion    : unhealthy (70.86%)
  Final     : STRESS WARNING
  Image time: 219.83 ms

P08
  Image     : unhealthy (99.61%)
  Image risk: 99.61%
  Sensor    : Healthy (72.67%)
  Sensor risk: 27.33%
  Fusion    : unhealthy (70.70%)
  Final     : STRESS WARNING
  Image time: 217.13 ms

P09
  Image     : unhealthy (99.84%)
  Image risk: 99.84%
  Sensor    : Healthy (72.67%)
  Sensor risk: 27.33%
  Fusion    : unhealthy (70.84%)
  Final     : STRESS WARNING
  Image time: 216.70 ms

P10
  Image     : unhealthy (99.80%)
  Image risk: 99.80%
  Sensor    : Healthy (72.67%)
  Sensor risk: 27.33%
  Fusion    : unhealthy (70.81%)
  Final     : STRESS WARNING
  Image time: 216.10 ms

P11
  Image     : unhealthy (99.75%)
  Image risk: 99.75%
  Sensor    : Healthy (72.67%)
  Sensor risk: 27.33%
  Fusion    : unhealthy (70.79%)
  Final     : STRESS WARNING
  Image time: 216.45 ms

P12
  Image     : unhealthy (99.94%)
  Image risk: 99.94%
  Sensor    : Healthy (72.67%)
  Sensor risk: 27.33%
  Fusion    : unhealthy (70.90%)
  Final     : STRESS WARNING
  Image time: 219.85 ms

========================================
Updating SQLite predictions...
========================================
12 plant records updated.

========================================
 INFERENCE COMPLETED
========================================
Capture ID           : CAP_20260829_183004
Plants processed     : 12
Average image latency: 220.94 ms
Min image latency    : 215.80 ms
Max image latency    : 260.35 ms
Sensor latency       : 178.145 ms
Total script time    : 6398.86 ms

Predictions saved to:
/hydroponic_project/database/hydroponic.db

Processing CAP_20260829_184504

========================================
 HYDROPONIC EDGE-AI INFERENCE
========================================
Device        : cpu
Image weight  : 0.60
Sensor weight : 0.40
Threshold     : 0.50

========================================
Loading MobileNetV2...
========================================
Model       : mobilenet_v2
Classes     : ['healthy', 'unhealthy']
Class map   : {'healthy': 0, 'unhealthy': 1}
Best epoch  : 9
Load time   : 342.13 ms

========================================
Loading Random Forest sensor model...
========================================
Model       : Random Forest
Features    : ['pH', 'TDS', 'water_level', 'DHT_temp', 'DHT_humidity', 'water_temp']
Classes     : [0 1]
Class map   : {'0': 'Unhealthy / Stress warning', '1': 'Healthy'}
Load time   : 3106.95 ms

========================================
CAPTURE
========================================
Capture ID : CAP_20260829_184504
Timestamp  : 2026-08-29 18:45:04
Plants     : 12

WARNING: Very low camera light.
Camera Lux: 0.5555849671363831
Image prediction may be less reliable.

========================================
SENSOR VALUES
========================================
pH            : 6.16
TDS           : 815.3 ppm
Water level   : OK
Air temp      : 31.0 C
Humidity      : 74.7 %
Water temp    : 29.81 C

Sensor model  : Healthy
Sensor conf.  : 72.67%
Sensor risk   : 27.33%
Sensor time   : 181.348 ms

========================================
PLANT INFERENCE
========================================

P01
  Image     : unhealthy (99.51%)
  Image risk: 99.51%
  Sensor    : Healthy (72.67%)
  Sensor risk: 27.33%
  Fusion    : unhealthy (70.64%)
  Final     : STRESS WARNING
  Image time: 261.86 ms

P02
  Image     : unhealthy (99.83%)
  Image risk: 99.83%
  Sensor    : Healthy (72.67%)
  Sensor risk: 27.33%
  Fusion    : unhealthy (70.83%)
  Final     : STRESS WARNING
  Image time: 223.11 ms

P03
  Image     : unhealthy (99.68%)
  Image risk: 99.68%
  Sensor    : Healthy (72.67%)
  Sensor risk: 27.33%
  Fusion    : unhealthy (70.74%)
  Final     : STRESS WARNING
  Image time: 218.71 ms

P04
  Image     : unhealthy (99.75%)
  Image risk: 99.75%
  Sensor    : Healthy (72.67%)
  Sensor risk: 27.33%
  Fusion    : unhealthy (70.78%)
  Final     : STRESS WARNING
  Image time: 218.69 ms

P05
  Image     : unhealthy (99.78%)
  Image risk: 99.78%
  Sensor    : Healthy (72.67%)
  Sensor risk: 27.33%
  Fusion    : unhealthy (70.80%)
  Final     : STRESS WARNING
  Image time: 218.60 ms

P06
  Image     : unhealthy (99.80%)
  Image risk: 99.80%
  Sensor    : Healthy (72.67%)
  Sensor risk: 27.33%
  Fusion    : unhealthy (70.81%)
  Final     : STRESS WARNING
  Image time: 219.56 ms

P07
  Image     : unhealthy (99.68%)
  Image risk: 99.68%
  Sensor    : Healthy (72.67%)
  Sensor risk: 27.33%
  Fusion    : unhealthy (70.74%)
  Final     : STRESS WARNING
  Image time: 218.05 ms

P08
  Image     : unhealthy (99.80%)
  Image risk: 99.80%
  Sensor    : Healthy (72.67%)
  Sensor risk: 27.33%
  Fusion    : unhealthy (70.81%)
  Final     : STRESS WARNING
  Image time: 218.18 ms

P09
  Image     : unhealthy (99.03%)
  Image risk: 99.03%
  Sensor    : Healthy (72.67%)
  Sensor risk: 27.33%
  Fusion    : unhealthy (70.35%)
  Final     : STRESS WARNING
  Image time: 217.22 ms

P10
  Image     : unhealthy (99.78%)
  Image risk: 99.78%
  Sensor    : Healthy (72.67%)
  Sensor risk: 27.33%
  Fusion    : unhealthy (70.80%)
  Final     : STRESS WARNING
  Image time: 217.10 ms

P11
  Image     : unhealthy (99.90%)
  Image risk: 99.90%
  Sensor    : Healthy (72.67%)
  Sensor risk: 27.33%
  Fusion    : unhealthy (70.87%)
  Final     : STRESS WARNING
  Image time: 219.65 ms

P12
  Image     : unhealthy (99.81%)
  Image risk: 99.81%
  Sensor    : Healthy (72.67%)
  Sensor risk: 27.33%
  Fusion    : unhealthy (70.82%)
  Final     : STRESS WARNING
  Image time: 216.95 ms

========================================
Updating SQLite predictions...
========================================
12 plant records updated.

========================================
 INFERENCE COMPLETED
========================================
Capture ID           : CAP_20260829_184504
Plants processed     : 12
Average image latency: 222.31 ms
Min image latency    : 216.95 ms
Max image latency    : 261.86 ms
Sensor latency       : 181.348 ms
Total script time    : 6423.21 ms

Predictions saved to:
/hydroponic_project/database/hydroponic.db

Processing CAP_20260829_190004

========================================
 HYDROPONIC EDGE-AI INFERENCE
========================================
Device        : cpu
Image weight  : 0.60
Sensor weight : 0.40
Threshold     : 0.50

========================================
Loading MobileNetV2...
========================================
Model       : mobilenet_v2
Classes     : ['healthy', 'unhealthy']
Class map   : {'healthy': 0, 'unhealthy': 1}
Best epoch  : 9
Load time   : 342.44 ms

========================================
Loading Random Forest sensor model...
========================================
Model       : Random Forest
Features    : ['pH', 'TDS', 'water_level', 'DHT_temp', 'DHT_humidity', 'water_temp']
Classes     : [0 1]
Class map   : {'0': 'Unhealthy / Stress warning', '1': 'Healthy'}
Load time   : 3110.91 ms

========================================
CAPTURE
========================================
Capture ID : CAP_20260829_190004
Timestamp  : 2026-08-29 19:00:04
Plants     : 12

WARNING: Very low camera light.
Camera Lux: 0.5493463277816772
Image prediction may be less reliable.

========================================
SENSOR VALUES
========================================
pH            : 6.09
TDS           : 814.9 ppm
Water level   : OK
Air temp      : 30.9 C
Humidity      : 75.2 %
Water temp    : 29.81 C

Sensor model  : Healthy
Sensor conf.  : 71.33%
Sensor risk   : 28.67%
Sensor time   : 175.370 ms

========================================
PLANT INFERENCE
========================================

P01
  Image     : unhealthy (98.83%)
  Image risk: 98.83%
  Sensor    : Healthy (71.33%)
  Sensor risk: 28.67%
  Fusion    : unhealthy (70.77%)
  Final     : STRESS WARNING
  Image time: 262.15 ms

P02
  Image     : unhealthy (99.65%)
  Image risk: 99.65%
  Sensor    : Healthy (71.33%)
  Sensor risk: 28.67%
  Fusion    : unhealthy (71.26%)
  Final     : STRESS WARNING
  Image time: 218.74 ms

P03
  Image     : unhealthy (99.66%)
  Image risk: 99.66%
  Sensor    : Healthy (71.33%)
  Sensor risk: 28.67%
  Fusion    : unhealthy (71.26%)
  Final     : STRESS WARNING
  Image time: 216.94 ms

P04
  Image     : unhealthy (99.45%)
  Image risk: 99.45%
  Sensor    : Healthy (71.33%)
  Sensor risk: 28.67%
  Fusion    : unhealthy (71.14%)
  Final     : STRESS WARNING
  Image time: 216.93 ms

P05
  Image     : unhealthy (99.73%)
  Image risk: 99.73%
  Sensor    : Healthy (71.33%)
  Sensor risk: 28.67%
  Fusion    : unhealthy (71.31%)
  Final     : STRESS WARNING
  Image time: 217.84 ms

P06
  Image     : unhealthy (99.92%)
  Image risk: 99.92%
  Sensor    : Healthy (71.33%)
  Sensor risk: 28.67%
  Fusion    : unhealthy (71.42%)
  Final     : STRESS WARNING
  Image time: 218.83 ms

P07
  Image     : unhealthy (99.70%)
  Image risk: 99.70%
  Sensor    : Healthy (71.33%)
  Sensor risk: 28.67%
  Fusion    : unhealthy (71.28%)
  Final     : STRESS WARNING
  Image time: 218.04 ms

P08
  Image     : unhealthy (99.63%)
  Image risk: 99.63%
  Sensor    : Healthy (71.33%)
  Sensor risk: 28.67%
  Fusion    : unhealthy (71.24%)
  Final     : STRESS WARNING
  Image time: 217.24 ms

P09
  Image     : unhealthy (99.63%)
  Image risk: 99.63%
  Sensor    : Healthy (71.33%)
  Sensor risk: 28.67%
  Fusion    : unhealthy (71.24%)
  Final     : STRESS WARNING
  Image time: 218.10 ms

P10
  Image     : unhealthy (99.62%)
  Image risk: 99.62%
  Sensor    : Healthy (71.33%)
  Sensor risk: 28.67%
  Fusion    : unhealthy (71.24%)
  Final     : STRESS WARNING
  Image time: 226.14 ms

P11
  Image     : unhealthy (99.92%)
  Image risk: 99.92%
  Sensor    : Healthy (71.33%)
  Sensor risk: 28.67%
  Fusion    : unhealthy (71.42%)
  Final     : STRESS WARNING
  Image time: 218.17 ms

P12
  Image     : unhealthy (99.86%)
  Image risk: 99.86%
  Sensor    : Healthy (71.33%)
  Sensor risk: 28.67%
  Fusion    : unhealthy (71.38%)
  Final     : STRESS WARNING
  Image time: 216.86 ms

========================================
Updating SQLite predictions...
========================================
12 plant records updated.

========================================
 INFERENCE COMPLETED
========================================
Capture ID           : CAP_20260829_190004
Plants processed     : 12
Average image latency: 222.17 ms
Min image latency    : 216.86 ms
Max image latency    : 262.15 ms
Sensor latency       : 175.370 ms
Total script time    : 6415.50 ms

Predictions saved to:
/hydroponic_project/database/hydroponic.db

Processing CAP_20260829_191503

========================================
 HYDROPONIC EDGE-AI INFERENCE
========================================
Device        : cpu
Image weight  : 0.60
Sensor weight : 0.40
Threshold     : 0.50

========================================
Loading MobileNetV2...
========================================
Model       : mobilenet_v2
Classes     : ['healthy', 'unhealthy']
Class map   : {'healthy': 0, 'unhealthy': 1}
Best epoch  : 9
Load time   : 341.47 ms

========================================
Loading Random Forest sensor model...
========================================
Model       : Random Forest
Features    : ['pH', 'TDS', 'water_level', 'DHT_temp', 'DHT_humidity', 'water_temp']
Classes     : [0 1]
Class map   : {'0': 'Unhealthy / Stress warning', '1': 'Healthy'}
Load time   : 3098.84 ms

========================================
CAPTURE
========================================
Capture ID : CAP_20260829_191503
Timestamp  : 2026-08-29 19:15:03
Plants     : 12

WARNING: Very low camera light.
Camera Lux: 0.5553345680236816
Image prediction may be less reliable.

========================================
SENSOR VALUES
========================================
pH            : 6.09
TDS           : 813.4 ppm
Water level   : OK
Air temp      : 30.9 C
Humidity      : 74.6 %
Water temp    : 29.81 C

Sensor model  : Healthy
Sensor conf.  : 72.67%
Sensor risk   : 27.33%
Sensor time   : 173.259 ms

========================================
PLANT INFERENCE
========================================

P01
  Image     : unhealthy (99.63%)
  Image risk: 99.63%
  Sensor    : Healthy (72.67%)
  Sensor risk: 27.33%
  Fusion    : unhealthy (70.71%)
  Final     : STRESS WARNING
  Image time: 266.85 ms

P02
  Image     : unhealthy (99.75%)
  Image risk: 99.75%
  Sensor    : Healthy (72.67%)
  Sensor risk: 27.33%
  Fusion    : unhealthy (70.78%)
  Final     : STRESS WARNING
  Image time: 217.88 ms

P03
  Image     : unhealthy (99.13%)
  Image risk: 99.13%
  Sensor    : Healthy (72.67%)
  Sensor risk: 27.33%
  Fusion    : unhealthy (70.41%)
  Final     : STRESS WARNING
  Image time: 215.80 ms

P04
  Image     : unhealthy (99.82%)
  Image risk: 99.82%
  Sensor    : Healthy (72.67%)
  Sensor risk: 27.33%
  Fusion    : unhealthy (70.83%)
  Final     : STRESS WARNING
  Image time: 216.05 ms

P05
  Image     : unhealthy (99.78%)
  Image risk: 99.78%
  Sensor    : Healthy (72.67%)
  Sensor risk: 27.33%
  Fusion    : unhealthy (70.80%)
  Final     : STRESS WARNING
  Image time: 220.06 ms

P06
  Image     : unhealthy (99.92%)
  Image risk: 99.92%
  Sensor    : Healthy (72.67%)
  Sensor risk: 27.33%
  Fusion    : unhealthy (70.89%)
  Final     : STRESS WARNING
  Image time: 216.83 ms

P07
  Image     : unhealthy (99.42%)
  Image risk: 99.42%
  Sensor    : Healthy (72.67%)
  Sensor risk: 27.33%
  Fusion    : unhealthy (70.59%)
  Final     : STRESS WARNING
  Image time: 216.61 ms

P08
  Image     : unhealthy (99.57%)
  Image risk: 99.57%
  Sensor    : Healthy (72.67%)
  Sensor risk: 27.33%
  Fusion    : unhealthy (70.68%)
  Final     : STRESS WARNING
  Image time: 218.79 ms

P09
  Image     : unhealthy (99.43%)
  Image risk: 99.43%
  Sensor    : Healthy (72.67%)
  Sensor risk: 27.33%
  Fusion    : unhealthy (70.59%)
  Final     : STRESS WARNING
  Image time: 217.13 ms

P10
  Image     : unhealthy (99.85%)
  Image risk: 99.85%
  Sensor    : Healthy (72.67%)
  Sensor risk: 27.33%
  Fusion    : unhealthy (70.84%)
  Final     : STRESS WARNING
  Image time: 218.18 ms

P11
  Image     : unhealthy (99.90%)
  Image risk: 99.90%
  Sensor    : Healthy (72.67%)
  Sensor risk: 27.33%
  Fusion    : unhealthy (70.87%)
  Final     : STRESS WARNING
  Image time: 216.81 ms

P12
  Image     : unhealthy (99.85%)
  Image risk: 99.85%
  Sensor    : Healthy (72.67%)
  Sensor risk: 27.33%
  Fusion    : unhealthy (70.84%)
  Final     : STRESS WARNING
  Image time: 218.21 ms

========================================
Updating SQLite predictions...
========================================
12 plant records updated.

========================================
 INFERENCE COMPLETED
========================================
Capture ID           : CAP_20260829_191503
Plants processed     : 12
Average image latency: 221.60 ms
Min image latency    : 215.80 ms
Max image latency    : 266.85 ms
Sensor latency       : 173.259 ms
Total script time    : 6397.95 ms

Predictions saved to:
/hydroponic_project/database/hydroponic.db

Processing CAP_20260829_193004

========================================
 HYDROPONIC EDGE-AI INFERENCE
========================================
Device        : cpu
Image weight  : 0.60
Sensor weight : 0.40
Threshold     : 0.50

========================================
Loading MobileNetV2...
========================================
Model       : mobilenet_v2
Classes     : ['healthy', 'unhealthy']
Class map   : {'healthy': 0, 'unhealthy': 1}
Best epoch  : 9
Load time   : 338.08 ms

========================================
Loading Random Forest sensor model...
========================================
Model       : Random Forest
Features    : ['pH', 'TDS', 'water_level', 'DHT_temp', 'DHT_humidity', 'water_temp']
Classes     : [0 1]
Class map   : {'0': 'Unhealthy / Stress warning', '1': 'Healthy'}
Load time   : 3093.10 ms

========================================
CAPTURE
========================================
Capture ID : CAP_20260829_193004
Timestamp  : 2026-08-29 19:30:04
Plants     : 12

WARNING: Very low camera light.
Camera Lux: 0.5538617968559265
Image prediction may be less reliable.

========================================
SENSOR VALUES
========================================
pH            : 5.86
TDS           : 814.5 ppm
Water level   : OK
Air temp      : 30.8 C
Humidity      : 74.4 %
Water temp    : 29.75 C

Sensor model  : Healthy
Sensor conf.  : 72.00%
Sensor risk   : 28.00%
Sensor time   : 178.989 ms

========================================
PLANT INFERENCE
========================================

P01
  Image     : unhealthy (99.21%)
  Image risk: 99.21%
  Sensor    : Healthy (72.00%)
  Sensor risk: 28.00%
  Fusion    : unhealthy (70.72%)
  Final     : STRESS WARNING
  Image time: 263.52 ms

P02
  Image     : unhealthy (99.29%)
  Image risk: 99.29%
  Sensor    : Healthy (72.00%)
  Sensor risk: 28.00%
  Fusion    : unhealthy (70.77%)
  Final     : STRESS WARNING
  Image time: 220.45 ms

P03
  Image     : unhealthy (99.73%)
  Image risk: 99.73%
  Sensor    : Healthy (72.00%)
  Sensor risk: 28.00%
  Fusion    : unhealthy (71.04%)
  Final     : STRESS WARNING
  Image time: 217.35 ms

P04
  Image     : unhealthy (99.70%)
  Image risk: 99.70%
  Sensor    : Healthy (72.00%)
  Sensor risk: 28.00%
  Fusion    : unhealthy (71.02%)
  Final     : STRESS WARNING
  Image time: 218.32 ms

P05
  Image     : unhealthy (99.65%)
  Image risk: 99.65%
  Sensor    : Healthy (72.00%)
  Sensor risk: 28.00%
  Fusion    : unhealthy (70.99%)
  Final     : STRESS WARNING
  Image time: 218.52 ms

P06
  Image     : unhealthy (99.84%)
  Image risk: 99.84%
  Sensor    : Healthy (72.00%)
  Sensor risk: 28.00%
  Fusion    : unhealthy (71.11%)
  Final     : STRESS WARNING
  Image time: 216.40 ms

P07
  Image     : unhealthy (99.86%)
  Image risk: 99.86%
  Sensor    : Healthy (72.00%)
  Sensor risk: 28.00%
  Fusion    : unhealthy (71.12%)
  Final     : STRESS WARNING
  Image time: 217.08 ms

P08
  Image     : unhealthy (99.80%)
  Image risk: 99.80%
  Sensor    : Healthy (72.00%)
  Sensor risk: 28.00%
  Fusion    : unhealthy (71.08%)
  Final     : STRESS WARNING
  Image time: 217.25 ms

P09
  Image     : unhealthy (99.03%)
  Image risk: 99.03%
  Sensor    : Healthy (72.00%)
  Sensor risk: 28.00%
  Fusion    : unhealthy (70.62%)
  Final     : STRESS WARNING
  Image time: 220.01 ms

P10
  Image     : unhealthy (99.63%)
  Image risk: 99.63%
  Sensor    : Healthy (72.00%)
  Sensor risk: 28.00%
  Fusion    : unhealthy (70.98%)
  Final     : STRESS WARNING
  Image time: 218.02 ms

P11
  Image     : unhealthy (99.93%)
  Image risk: 99.93%
  Sensor    : Healthy (72.00%)
  Sensor risk: 28.00%
  Fusion    : unhealthy (71.16%)
  Final     : STRESS WARNING
  Image time: 218.26 ms

P12
  Image     : unhealthy (99.95%)
  Image risk: 99.95%
  Sensor    : Healthy (72.00%)
  Sensor risk: 28.00%
  Fusion    : unhealthy (71.17%)
  Final     : STRESS WARNING
  Image time: 216.39 ms

========================================
Updating SQLite predictions...
========================================
12 plant records updated.

========================================
 INFERENCE COMPLETED
========================================
Capture ID           : CAP_20260829_193004
Plants processed     : 12
Average image latency: 221.80 ms
Min image latency    : 216.39 ms
Max image latency    : 263.52 ms
Sensor latency       : 178.989 ms
Total script time    : 6392.37 ms

Predictions saved to:
/hydroponic_project/database/hydroponic.db

Processing CAP_20260829_194503

========================================
 HYDROPONIC EDGE-AI INFERENCE
========================================
Device        : cpu
Image weight  : 0.60
Sensor weight : 0.40
Threshold     : 0.50

========================================
Loading MobileNetV2...
========================================
Model       : mobilenet_v2
Classes     : ['healthy', 'unhealthy']
Class map   : {'healthy': 0, 'unhealthy': 1}
Best epoch  : 9
Load time   : 339.42 ms

========================================
Loading Random Forest sensor model...
========================================
Model       : Random Forest
Features    : ['pH', 'TDS', 'water_level', 'DHT_temp', 'DHT_humidity', 'water_temp']
Classes     : [0 1]
Class map   : {'0': 'Unhealthy / Stress warning', '1': 'Healthy'}
Load time   : 3097.73 ms

========================================
CAPTURE
========================================
Capture ID : CAP_20260829_194503
Timestamp  : 2026-08-29 19:45:03
Plants     : 12

WARNING: Very low camera light.
Camera Lux: 0.5411065816879272
Image prediction may be less reliable.

========================================
SENSOR VALUES
========================================
pH            : 6.08
TDS           : 813.2 ppm
Water level   : OK
Air temp      : 30.7 C
Humidity      : 74.0 %
Water temp    : 29.75 C

Sensor model  : Healthy
Sensor conf.  : 72.67%
Sensor risk   : 27.33%
Sensor time   : 182.641 ms

========================================
PLANT INFERENCE
========================================

P01
  Image     : unhealthy (99.46%)
  Image risk: 99.46%
  Sensor    : Healthy (72.67%)
  Sensor risk: 27.33%
  Fusion    : unhealthy (70.61%)
  Final     : STRESS WARNING
  Image time: 261.60 ms

P02
  Image     : unhealthy (99.71%)
  Image risk: 99.71%
  Sensor    : Healthy (72.67%)
  Sensor risk: 27.33%
  Fusion    : unhealthy (70.76%)
  Final     : STRESS WARNING
  Image time: 218.40 ms

P03
  Image     : unhealthy (99.58%)
  Image risk: 99.58%
  Sensor    : Healthy (72.67%)
  Sensor risk: 27.33%
  Fusion    : unhealthy (70.68%)
  Final     : STRESS WARNING
  Image time: 218.69 ms

P04
  Image     : unhealthy (99.37%)
  Image risk: 99.37%
  Sensor    : Healthy (72.67%)
  Sensor risk: 27.33%
  Fusion    : unhealthy (70.55%)
  Final     : STRESS WARNING
  Image time: 227.53 ms

P05
  Image     : unhealthy (99.77%)
  Image risk: 99.77%
  Sensor    : Healthy (72.67%)
  Sensor risk: 27.33%
  Fusion    : unhealthy (70.80%)
  Final     : STRESS WARNING
  Image time: 217.97 ms

P06
  Image     : unhealthy (99.85%)
  Image risk: 99.85%
  Sensor    : Healthy (72.67%)
  Sensor risk: 27.33%
  Fusion    : unhealthy (70.84%)
  Final     : STRESS WARNING
  Image time: 217.32 ms

P07
  Image     : unhealthy (99.74%)
  Image risk: 99.74%
  Sensor    : Healthy (72.67%)
  Sensor risk: 27.33%
  Fusion    : unhealthy (70.78%)
  Final     : STRESS WARNING
  Image time: 217.87 ms

P08
  Image     : unhealthy (98.94%)
  Image risk: 98.94%
  Sensor    : Healthy (72.67%)
  Sensor risk: 27.33%
  Fusion    : unhealthy (70.30%)
  Final     : STRESS WARNING
  Image time: 218.70 ms

P09
  Image     : unhealthy (99.44%)
  Image risk: 99.44%
  Sensor    : Healthy (72.67%)
  Sensor risk: 27.33%
  Fusion    : unhealthy (70.60%)
  Final     : STRESS WARNING
  Image time: 219.01 ms

P10
  Image     : unhealthy (99.73%)
  Image risk: 99.73%
  Sensor    : Healthy (72.67%)
  Sensor risk: 27.33%
  Fusion    : unhealthy (70.77%)
  Final     : STRESS WARNING
  Image time: 218.14 ms

P11
  Image     : unhealthy (99.90%)
  Image risk: 99.90%
  Sensor    : Healthy (72.67%)
  Sensor risk: 27.33%
  Fusion    : unhealthy (70.87%)
  Final     : STRESS WARNING
  Image time: 218.30 ms

P12
  Image     : unhealthy (99.86%)
  Image risk: 99.86%
  Sensor    : Healthy (72.67%)
  Sensor risk: 27.33%
  Fusion    : unhealthy (70.85%)
  Final     : STRESS WARNING
  Image time: 217.63 ms

========================================
Updating SQLite predictions...
========================================
12 plant records updated.

========================================
 INFERENCE COMPLETED
========================================
Capture ID           : CAP_20260829_194503
Plants processed     : 12
Average image latency: 222.60 ms
Min image latency    : 217.32 ms
Max image latency    : 261.60 ms
Sensor latency       : 182.641 ms
Total script time    : 6410.61 ms

Predictions saved to:
/hydroponic_project/database/hydroponic.db

Processing CAP_20260830_063007

========================================
 HYDROPONIC EDGE-AI INFERENCE
========================================
Device        : cpu
Image weight  : 0.60
Sensor weight : 0.40
Threshold     : 0.50

========================================
Loading MobileNetV2...
========================================
Model       : mobilenet_v2
Classes     : ['healthy', 'unhealthy']
Class map   : {'healthy': 0, 'unhealthy': 1}
Best epoch  : 9
Load time   : 338.62 ms

========================================
Loading Random Forest sensor model...
========================================
Model       : Random Forest
Features    : ['pH', 'TDS', 'water_level', 'DHT_temp', 'DHT_humidity', 'water_temp']
Classes     : [0 1]
Class map   : {'0': 'Unhealthy / Stress warning', '1': 'Healthy'}
Load time   : 3102.16 ms

========================================
CAPTURE
========================================
Capture ID : CAP_20260830_063007
Timestamp  : 2026-08-30 06:30:07
Plants     : 12

========================================
SENSOR VALUES
========================================
pH            : 6.32
TDS           : 811.3 ppm
Water level   : OK
Air temp      : 27.6 C
Humidity      : 85.8 %
Water temp    : 28.87 C

Sensor model  : Healthy
Sensor conf.  : 77.00%
Sensor risk   : 23.00%
Sensor time   : 175.996 ms

========================================
PLANT INFERENCE
========================================

P01
  Image     : healthy (99.67%)
  Image risk: 0.33%
  Sensor    : Healthy (77.00%)
  Sensor risk: 23.00%
  Fusion    : healthy (90.60%)
  Final     : HEALTHY
  Image time: 264.43 ms

P02
  Image     : healthy (99.99%)
  Image risk: 0.01%
  Sensor    : Healthy (77.00%)
  Sensor risk: 23.00%
  Fusion    : healthy (90.79%)
  Final     : HEALTHY
  Image time: 218.01 ms

P03
  Image     : healthy (99.52%)
  Image risk: 0.48%
  Sensor    : Healthy (77.00%)
  Sensor risk: 23.00%
  Fusion    : healthy (90.51%)
  Final     : HEALTHY
  Image time: 217.23 ms

P04
  Image     : healthy (64.59%)
  Image risk: 35.41%
  Sensor    : Healthy (77.00%)
  Sensor risk: 23.00%
  Fusion    : healthy (69.55%)
  Final     : HEALTHY
  Image time: 219.10 ms

P05
  Image     : healthy (99.59%)
  Image risk: 0.41%
  Sensor    : Healthy (77.00%)
  Sensor risk: 23.00%
  Fusion    : healthy (90.55%)
  Final     : HEALTHY
  Image time: 217.35 ms

P06
  Image     : healthy (99.99%)
  Image risk: 0.01%
  Sensor    : Healthy (77.00%)
  Sensor risk: 23.00%
  Fusion    : healthy (90.79%)
  Final     : HEALTHY
  Image time: 218.05 ms

P07
  Image     : healthy (99.92%)
  Image risk: 0.08%
  Sensor    : Healthy (77.00%)
  Sensor risk: 23.00%
  Fusion    : healthy (90.75%)
  Final     : HEALTHY
  Image time: 216.58 ms

P08
  Image     : healthy (94.56%)
  Image risk: 5.44%
  Sensor    : Healthy (77.00%)
  Sensor risk: 23.00%
  Fusion    : healthy (87.54%)
  Final     : HEALTHY
  Image time: 221.30 ms

P09
  Image     : healthy (98.86%)
  Image risk: 1.14%
  Sensor    : Healthy (77.00%)
  Sensor risk: 23.00%
  Fusion    : healthy (90.12%)
  Final     : HEALTHY
  Image time: 216.93 ms

P10
  Image     : healthy (98.04%)
  Image risk: 1.96%
  Sensor    : Healthy (77.00%)
  Sensor risk: 23.00%
  Fusion    : healthy (89.63%)
  Final     : HEALTHY
  Image time: 215.93 ms

P11
  Image     : healthy (99.80%)
  Image risk: 0.20%
  Sensor    : Healthy (77.00%)
  Sensor risk: 23.00%
  Fusion    : healthy (90.68%)
  Final     : HEALTHY
  Image time: 216.19 ms

P12
  Image     : healthy (66.72%)
  Image risk: 33.28%
  Sensor    : Healthy (77.00%)
  Sensor risk: 23.00%
  Fusion    : healthy (70.83%)
  Final     : HEALTHY
  Image time: 216.21 ms

========================================
Updating SQLite predictions...
========================================
12 plant records updated.

========================================
 INFERENCE COMPLETED
========================================
Capture ID           : CAP_20260830_063007
Plants processed     : 12
Average image latency: 221.44 ms
Min image latency    : 215.93 ms
Max image latency    : 264.43 ms
Sensor latency       : 175.996 ms
Total script time    : 6414.68 ms

Predictions saved to:
/hydroponic_project/database/hydroponic.db

Processing CAP_20260830_064504

========================================
 HYDROPONIC EDGE-AI INFERENCE
========================================
Device        : cpu
Image weight  : 0.60
Sensor weight : 0.40
Threshold     : 0.50

========================================
Loading MobileNetV2...
========================================
Model       : mobilenet_v2
Classes     : ['healthy', 'unhealthy']
Class map   : {'healthy': 0, 'unhealthy': 1}
Best epoch  : 9
Load time   : 341.75 ms

========================================
Loading Random Forest sensor model...
========================================
Model       : Random Forest
Features    : ['pH', 'TDS', 'water_level', 'DHT_temp', 'DHT_humidity', 'water_temp']
Classes     : [0 1]
Class map   : {'0': 'Unhealthy / Stress warning', '1': 'Healthy'}
Load time   : 3113.58 ms

========================================
CAPTURE
========================================
Capture ID : CAP_20260830_064504
Timestamp  : 2026-08-30 06:45:04
Plants     : 12

========================================
SENSOR VALUES
========================================
pH            : 6.21
TDS           : 776.2 ppm
Water level   : OK
Air temp      : 29.1 C
Humidity      : 80.0 %
Water temp    : 28.87 C

Sensor model  : Unhealthy / Stress warning
Sensor conf.  : 92.67%
Sensor risk   : 92.67%
Sensor time   : 176.590 ms

========================================
PLANT INFERENCE
========================================

P01
  Image     : healthy (99.87%)
  Image risk: 0.13%
  Sensor    : Unhealthy / Stress warning (92.67%)
  Sensor risk: 92.67%
  Fusion    : healthy (62.86%)
  Final     : HEALTHY
  Image time: 261.66 ms

P02
  Image     : healthy (100.00%)
  Image risk: 0.00%
  Sensor    : Unhealthy / Stress warning (92.67%)
  Sensor risk: 92.67%
  Fusion    : healthy (62.93%)
  Final     : HEALTHY
  Image time: 218.95 ms

P03
  Image     : healthy (100.00%)
  Image risk: 0.00%
  Sensor    : Unhealthy / Stress warning (92.67%)
  Sensor risk: 92.67%
  Fusion    : healthy (62.93%)
  Final     : HEALTHY
  Image time: 224.37 ms

P04
  Image     : healthy (88.23%)
  Image risk: 11.77%
  Sensor    : Unhealthy / Stress warning (92.67%)
  Sensor risk: 92.67%
  Fusion    : healthy (55.87%)
  Final     : HEALTHY
  Image time: 217.35 ms

P05
  Image     : healthy (99.90%)
  Image risk: 0.10%
  Sensor    : Unhealthy / Stress warning (92.67%)
  Sensor risk: 92.67%
  Fusion    : healthy (62.88%)
  Final     : HEALTHY
  Image time: 215.64 ms

P06
  Image     : healthy (100.00%)
  Image risk: 0.00%
  Sensor    : Unhealthy / Stress warning (92.67%)
  Sensor risk: 92.67%
  Fusion    : healthy (62.93%)
  Final     : HEALTHY
  Image time: 215.87 ms

P07
  Image     : healthy (99.99%)
  Image risk: 0.01%
  Sensor    : Unhealthy / Stress warning (92.67%)
  Sensor risk: 92.67%
  Fusion    : healthy (62.93%)
  Final     : HEALTHY
  Image time: 216.25 ms

P08
  Image     : healthy (99.64%)
  Image risk: 0.36%
  Sensor    : Unhealthy / Stress warning (92.67%)
  Sensor risk: 92.67%
  Fusion    : healthy (62.72%)
  Final     : HEALTHY
  Image time: 217.46 ms

P09
  Image     : healthy (99.70%)
  Image risk: 0.30%
  Sensor    : Unhealthy / Stress warning (92.67%)
  Sensor risk: 92.67%
  Fusion    : healthy (62.75%)
  Final     : HEALTHY
  Image time: 217.71 ms

P10
  Image     : healthy (99.22%)
  Image risk: 0.78%
  Sensor    : Unhealthy / Stress warning (92.67%)
  Sensor risk: 92.67%
  Fusion    : healthy (62.47%)
  Final     : HEALTHY
  Image time: 216.78 ms

P11
  Image     : healthy (99.81%)
  Image risk: 0.19%
  Sensor    : Unhealthy / Stress warning (92.67%)
  Sensor risk: 92.67%
  Fusion    : healthy (62.82%)
  Final     : HEALTHY
  Image time: 217.57 ms

P12
  Image     : healthy (96.87%)
  Image risk: 3.13%
  Sensor    : Unhealthy / Stress warning (92.67%)
  Sensor risk: 92.67%
  Fusion    : healthy (61.05%)
  Final     : HEALTHY
  Image time: 218.72 ms

========================================
Updating SQLite predictions...
========================================
12 plant records updated.

========================================
 INFERENCE COMPLETED
========================================
Capture ID           : CAP_20260830_064504
Plants processed     : 12
Average image latency: 221.53 ms
Min image latency    : 215.64 ms
Max image latency    : 261.66 ms
Sensor latency       : 176.590 ms
Total script time    : 6431.82 ms

Predictions saved to:
/hydroponic_project/database/hydroponic.db

Processing CAP_20260830_070004

========================================
 HYDROPONIC EDGE-AI INFERENCE
========================================
Device        : cpu
Image weight  : 0.60
Sensor weight : 0.40
Threshold     : 0.50

========================================
Loading MobileNetV2...
========================================
Model       : mobilenet_v2
Classes     : ['healthy', 'unhealthy']
Class map   : {'healthy': 0, 'unhealthy': 1}
Best epoch  : 9
Load time   : 340.52 ms

========================================
Loading Random Forest sensor model...
========================================
Model       : Random Forest
Features    : ['pH', 'TDS', 'water_level', 'DHT_temp', 'DHT_humidity', 'water_temp']
Classes     : [0 1]
Class map   : {'0': 'Unhealthy / Stress warning', '1': 'Healthy'}
Load time   : 3108.01 ms

========================================
CAPTURE
========================================
Capture ID : CAP_20260830_070004
Timestamp  : 2026-08-30 07:00:04
Plants     : 12

========================================
SENSOR VALUES
========================================
pH            : 6.21
TDS           : 772.9 ppm
Water level   : OK
Air temp      : 29.6 C
Humidity      : 77.1 %
Water temp    : 28.87 C

Sensor model  : Unhealthy / Stress warning
Sensor conf.  : 92.67%
Sensor risk   : 92.67%
Sensor time   : 177.166 ms

========================================
PLANT INFERENCE
========================================

P01
  Image     : healthy (99.90%)
  Image risk: 0.10%
  Sensor    : Unhealthy / Stress warning (92.67%)
  Sensor risk: 92.67%
  Fusion    : healthy (62.87%)
  Final     : HEALTHY
  Image time: 261.63 ms

P02
  Image     : healthy (100.00%)
  Image risk: 0.00%
  Sensor    : Unhealthy / Stress warning (92.67%)
  Sensor risk: 92.67%
  Fusion    : healthy (62.93%)
  Final     : HEALTHY
  Image time: 220.30 ms

P03
  Image     : healthy (100.00%)
  Image risk: 0.00%
  Sensor    : Unhealthy / Stress warning (92.67%)
  Sensor risk: 92.67%
  Fusion    : healthy (62.93%)
  Final     : HEALTHY
  Image time: 218.67 ms

P04
  Image     : healthy (94.37%)
  Image risk: 5.63%
  Sensor    : Unhealthy / Stress warning (92.67%)
  Sensor risk: 92.67%
  Fusion    : healthy (59.56%)
  Final     : HEALTHY
  Image time: 217.08 ms

P05
  Image     : healthy (99.98%)
  Image risk: 0.02%
  Sensor    : Unhealthy / Stress warning (92.67%)
  Sensor risk: 92.67%
  Fusion    : healthy (62.92%)
  Final     : HEALTHY
  Image time: 217.17 ms

P06
  Image     : healthy (100.00%)
  Image risk: 0.00%
  Sensor    : Unhealthy / Stress warning (92.67%)
  Sensor risk: 92.67%
  Fusion    : healthy (62.93%)
  Final     : HEALTHY
  Image time: 217.33 ms

P07
  Image     : healthy (100.00%)
  Image risk: 0.00%
  Sensor    : Unhealthy / Stress warning (92.67%)
  Sensor risk: 92.67%
  Fusion    : healthy (62.93%)
  Final     : HEALTHY
  Image time: 217.88 ms

P08
  Image     : healthy (99.88%)
  Image risk: 0.12%
  Sensor    : Unhealthy / Stress warning (92.67%)
  Sensor risk: 92.67%
  Fusion    : healthy (62.86%)
  Final     : HEALTHY
  Image time: 218.80 ms

P09
  Image     : healthy (99.67%)
  Image risk: 0.33%
  Sensor    : Unhealthy / Stress warning (92.67%)
  Sensor risk: 92.67%
  Fusion    : healthy (62.74%)
  Final     : HEALTHY
  Image time: 218.03 ms

P10
  Image     : healthy (98.21%)
  Image risk: 1.79%
  Sensor    : Unhealthy / Stress warning (92.67%)
  Sensor risk: 92.67%
  Fusion    : healthy (61.86%)
  Final     : HEALTHY
  Image time: 217.31 ms

P11
  Image     : healthy (99.92%)
  Image risk: 0.08%
  Sensor    : Unhealthy / Stress warning (92.67%)
  Sensor risk: 92.67%
  Fusion    : healthy (62.88%)
  Final     : HEALTHY
  Image time: 219.29 ms

P12
  Image     : healthy (96.23%)
  Image risk: 3.77%
  Sensor    : Unhealthy / Stress warning (92.67%)
  Sensor risk: 92.67%
  Fusion    : healthy (60.67%)
  Final     : HEALTHY
  Image time: 219.00 ms

========================================
Updating SQLite predictions...
========================================
12 plant records updated.

========================================
 INFERENCE COMPLETED
========================================
Capture ID           : CAP_20260830_070004
Plants processed     : 12
Average image latency: 221.87 ms
Min image latency    : 217.08 ms
Max image latency    : 261.63 ms
Sensor latency       : 177.166 ms
Total script time    : 6427.17 ms

Predictions saved to:
/hydroponic_project/database/hydroponic.db

Processing CAP_20260830_071503

========================================
 HYDROPONIC EDGE-AI INFERENCE
========================================
Device        : cpu
Image weight  : 0.60
Sensor weight : 0.40
Threshold     : 0.50

========================================
Loading MobileNetV2...
========================================
Model       : mobilenet_v2
Classes     : ['healthy', 'unhealthy']
Class map   : {'healthy': 0, 'unhealthy': 1}
Best epoch  : 9
Load time   : 339.55 ms

========================================
Loading Random Forest sensor model...
========================================
Model       : Random Forest
Features    : ['pH', 'TDS', 'water_level', 'DHT_temp', 'DHT_humidity', 'water_temp']
Classes     : [0 1]
Class map   : {'0': 'Unhealthy / Stress warning', '1': 'Healthy'}
Load time   : 3107.75 ms

========================================
CAPTURE
========================================
Capture ID : CAP_20260830_071503
Timestamp  : 2026-08-30 07:15:03
Plants     : 12

========================================
SENSOR VALUES
========================================
pH            : 6.35
TDS           : 788.2 ppm
Water level   : OK
Air temp      : 30.0 C
Humidity      : 77.0 %
Water temp    : 28.94 C

Sensor model  : Unhealthy / Stress warning
Sensor conf.  : 93.67%
Sensor risk   : 93.67%
Sensor time   : 172.114 ms

========================================
PLANT INFERENCE
========================================

P01
  Image     : healthy (99.95%)
  Image risk: 0.05%
  Sensor    : Unhealthy / Stress warning (93.67%)
  Sensor risk: 93.67%
  Fusion    : healthy (62.50%)
  Final     : HEALTHY
  Image time: 261.15 ms

P02
  Image     : healthy (100.00%)
  Image risk: 0.00%
  Sensor    : Unhealthy / Stress warning (93.67%)
  Sensor risk: 93.67%
  Fusion    : healthy (62.53%)
  Final     : HEALTHY
  Image time: 220.35 ms

P03
  Image     : healthy (99.99%)
  Image risk: 0.01%
  Sensor    : Unhealthy / Stress warning (93.67%)
  Sensor risk: 93.67%
  Fusion    : healthy (62.53%)
  Final     : HEALTHY
  Image time: 219.72 ms

P04
  Image     : healthy (96.08%)
  Image risk: 3.92%
  Sensor    : Unhealthy / Stress warning (93.67%)
  Sensor risk: 93.67%
  Fusion    : healthy (60.18%)
  Final     : HEALTHY
  Image time: 218.62 ms

P05
  Image     : healthy (99.98%)
  Image risk: 0.02%
  Sensor    : Unhealthy / Stress warning (93.67%)
  Sensor risk: 93.67%
  Fusion    : healthy (62.52%)
  Final     : HEALTHY
  Image time: 212.89 ms

P06
  Image     : healthy (100.00%)
  Image risk: 0.00%
  Sensor    : Unhealthy / Stress warning (93.67%)
  Sensor risk: 93.67%
  Fusion    : healthy (62.53%)
  Final     : HEALTHY
  Image time: 218.15 ms

P07
  Image     : healthy (100.00%)
  Image risk: 0.00%
  Sensor    : Unhealthy / Stress warning (93.67%)
  Sensor risk: 93.67%
  Fusion    : healthy (62.53%)
  Final     : HEALTHY
  Image time: 219.44 ms

P08
  Image     : healthy (99.86%)
  Image risk: 0.14%
  Sensor    : Unhealthy / Stress warning (93.67%)
  Sensor risk: 93.67%
  Fusion    : healthy (62.45%)
  Final     : HEALTHY
  Image time: 218.39 ms

P09
  Image     : healthy (99.71%)
  Image risk: 0.29%
  Sensor    : Unhealthy / Stress warning (93.67%)
  Sensor risk: 93.67%
  Fusion    : healthy (62.36%)
  Final     : HEALTHY
  Image time: 219.24 ms

P10
  Image     : healthy (98.79%)
  Image risk: 1.21%
  Sensor    : Unhealthy / Stress warning (93.67%)
  Sensor risk: 93.67%
  Fusion    : healthy (61.81%)
  Final     : HEALTHY
  Image time: 216.22 ms

P11
  Image     : healthy (99.96%)
  Image risk: 0.04%
  Sensor    : Unhealthy / Stress warning (93.67%)
  Sensor risk: 93.67%
  Fusion    : healthy (62.51%)
  Final     : HEALTHY
  Image time: 221.53 ms

P12
  Image     : healthy (98.03%)
  Image risk: 1.97%
  Sensor    : Unhealthy / Stress warning (93.67%)
  Sensor risk: 93.67%
  Fusion    : healthy (61.35%)
  Final     : HEALTHY
  Image time: 219.02 ms

========================================
Updating SQLite predictions...
========================================
12 plant records updated.

========================================
 INFERENCE COMPLETED
========================================
Capture ID           : CAP_20260830_071503
Plants processed     : 12
Average image latency: 222.06 ms
Min image latency    : 212.89 ms
Max image latency    : 261.15 ms
Sensor latency       : 172.114 ms
Total script time    : 6486.40 ms

Predictions saved to:
/hydroponic_project/database/hydroponic.db

Processing CAP_20260830_073004

========================================
 HYDROPONIC EDGE-AI INFERENCE
========================================
Device        : cpu
Image weight  : 0.60
Sensor weight : 0.40
Threshold     : 0.50

========================================
Loading MobileNetV2...
========================================
Model       : mobilenet_v2
Classes     : ['healthy', 'unhealthy']
Class map   : {'healthy': 0, 'unhealthy': 1}
Best epoch  : 9
Load time   : 344.28 ms

========================================
Loading Random Forest sensor model...
========================================
Model       : Random Forest
Features    : ['pH', 'TDS', 'water_level', 'DHT_temp', 'DHT_humidity', 'water_temp']
Classes     : [0 1]
Class map   : {'0': 'Unhealthy / Stress warning', '1': 'Healthy'}
Load time   : 3104.55 ms

========================================
CAPTURE
========================================
Capture ID : CAP_20260830_073004
Timestamp  : 2026-08-30 07:30:04
Plants     : 12

========================================
SENSOR VALUES
========================================
pH            : 6.26
TDS           : 811.7 ppm
Water level   : OK
Air temp      : 30.4 C
Humidity      : 77.3 %
Water temp    : 29.0 C

Sensor model  : Healthy
Sensor conf.  : 66.67%
Sensor risk   : 33.33%
Sensor time   : 178.340 ms

========================================
PLANT INFERENCE
========================================

P01
  Image     : unhealthy (98.12%)
  Image risk: 98.12%
  Sensor    : Healthy (66.67%)
  Sensor risk: 33.33%
  Fusion    : unhealthy (72.21%)
  Final     : STRESS WARNING
  Image time: 270.35 ms

P02
  Image     : healthy (100.00%)
  Image risk: 0.00%
  Sensor    : Healthy (66.67%)
  Sensor risk: 33.33%
  Fusion    : healthy (86.67%)
  Final     : HEALTHY
  Image time: 218.74 ms

P03
  Image     : healthy (99.98%)
  Image risk: 0.02%
  Sensor    : Healthy (66.67%)
  Sensor risk: 33.33%
  Fusion    : healthy (86.65%)
  Final     : HEALTHY
  Image time: 218.19 ms

P04
  Image     : healthy (96.46%)
  Image risk: 3.54%
  Sensor    : Healthy (66.67%)
  Sensor risk: 33.33%
  Fusion    : healthy (84.54%)
  Final     : HEALTHY
  Image time: 218.70 ms

P05
  Image     : unhealthy (89.39%)
  Image risk: 89.39%
  Sensor    : Healthy (66.67%)
  Sensor risk: 33.33%
  Fusion    : unhealthy (66.97%)
  Final     : STRESS WARNING
  Image time: 222.97 ms

P06
  Image     : healthy (100.00%)
  Image risk: 0.00%
  Sensor    : Healthy (66.67%)
  Sensor risk: 33.33%
  Fusion    : healthy (86.67%)
  Final     : HEALTHY
  Image time: 218.84 ms

P07
  Image     : healthy (100.00%)
  Image risk: 0.00%
  Sensor    : Healthy (66.67%)
  Sensor risk: 33.33%
  Fusion    : healthy (86.67%)
  Final     : HEALTHY
  Image time: 217.45 ms

P08
  Image     : healthy (99.52%)
  Image risk: 0.48%
  Sensor    : Healthy (66.67%)
  Sensor risk: 33.33%
  Fusion    : healthy (86.38%)
  Final     : HEALTHY
  Image time: 218.02 ms

P09
  Image     : unhealthy (84.61%)
  Image risk: 84.61%
  Sensor    : Healthy (66.67%)
  Sensor risk: 33.33%
  Fusion    : unhealthy (64.10%)
  Final     : STRESS WARNING
  Image time: 218.42 ms

P10
  Image     : healthy (91.49%)
  Image risk: 8.51%
  Sensor    : Healthy (66.67%)
  Sensor risk: 33.33%
  Fusion    : healthy (81.56%)
  Final     : HEALTHY
  Image time: 220.88 ms

P11
  Image     : healthy (99.59%)
  Image risk: 0.41%
  Sensor    : Healthy (66.67%)
  Sensor risk: 33.33%
  Fusion    : healthy (86.42%)
  Final     : HEALTHY
  Image time: 218.60 ms

P12
  Image     : healthy (92.26%)
  Image risk: 7.74%
  Sensor    : Healthy (66.67%)
  Sensor risk: 33.33%
  Fusion    : healthy (82.02%)
  Final     : HEALTHY
  Image time: 218.77 ms

========================================
Updating SQLite predictions...
========================================
12 plant records updated.

========================================
 INFERENCE COMPLETED
========================================
Capture ID           : CAP_20260830_073004
Plants processed     : 12
Average image latency: 223.33 ms
Min image latency    : 217.45 ms
Max image latency    : 270.35 ms
Sensor latency       : 178.340 ms
Total script time    : 6453.64 ms

Predictions saved to:
/hydroponic_project/database/hydroponic.db

Processing CAP_20260830_074504

========================================
 HYDROPONIC EDGE-AI INFERENCE
========================================
Device        : cpu
Image weight  : 0.60
Sensor weight : 0.40
Threshold     : 0.50

========================================
Loading MobileNetV2...
========================================
Model       : mobilenet_v2
Classes     : ['healthy', 'unhealthy']
Class map   : {'healthy': 0, 'unhealthy': 1}
Best epoch  : 9
Load time   : 343.36 ms

========================================
Loading Random Forest sensor model...
========================================
Model       : Random Forest
Features    : ['pH', 'TDS', 'water_level', 'DHT_temp', 'DHT_humidity', 'water_temp']
Classes     : [0 1]
Class map   : {'0': 'Unhealthy / Stress warning', '1': 'Healthy'}
Load time   : 3104.83 ms

========================================
CAPTURE
========================================
Capture ID : CAP_20260830_074504
Timestamp  : 2026-08-30 07:45:04
Plants     : 12

========================================
SENSOR VALUES
========================================
pH            : 6.3
TDS           : 811.1 ppm
Water level   : OK
Air temp      : 30.6 C
Humidity      : 75.5 %
Water temp    : 28.94 C

Sensor model  : Healthy
Sensor conf.  : 68.67%
Sensor risk   : 31.33%
Sensor time   : 174.428 ms

========================================
PLANT INFERENCE
========================================

P01
  Image     : healthy (99.98%)
  Image risk: 0.02%
  Sensor    : Healthy (68.67%)
  Sensor risk: 31.33%
  Fusion    : healthy (87.46%)
  Final     : HEALTHY
  Image time: 261.48 ms

P02
  Image     : healthy (100.00%)
  Image risk: 0.00%
  Sensor    : Healthy (68.67%)
  Sensor risk: 31.33%
  Fusion    : healthy (87.47%)
  Final     : HEALTHY
  Image time: 217.82 ms

P03
  Image     : healthy (99.98%)
  Image risk: 0.02%
  Sensor    : Healthy (68.67%)
  Sensor risk: 31.33%
  Fusion    : healthy (87.46%)
  Final     : HEALTHY
  Image time: 217.82 ms

P04
  Image     : healthy (98.58%)
  Image risk: 1.42%
  Sensor    : Healthy (68.67%)
  Sensor risk: 31.33%
  Fusion    : healthy (86.61%)
  Final     : HEALTHY
  Image time: 217.57 ms

P05
  Image     : healthy (99.84%)
  Image risk: 0.16%
  Sensor    : Healthy (68.67%)
  Sensor risk: 31.33%
  Fusion    : healthy (87.37%)
  Final     : HEALTHY
  Image time: 218.43 ms

P06
  Image     : healthy (100.00%)
  Image risk: 0.00%
  Sensor    : Healthy (68.67%)
  Sensor risk: 31.33%
  Fusion    : healthy (87.47%)
  Final     : HEALTHY
  Image time: 219.38 ms

P07
  Image     : healthy (99.99%)
  Image risk: 0.01%
  Sensor    : Healthy (68.67%)
  Sensor risk: 31.33%
  Fusion    : healthy (87.46%)
  Final     : HEALTHY
  Image time: 217.78 ms

P08
  Image     : healthy (99.71%)
  Image risk: 0.29%
  Sensor    : Healthy (68.67%)
  Sensor risk: 31.33%
  Fusion    : healthy (87.29%)
  Final     : HEALTHY
  Image time: 218.24 ms

P09
  Image     : healthy (99.47%)
  Image risk: 0.53%
  Sensor    : Healthy (68.67%)
  Sensor risk: 31.33%
  Fusion    : healthy (87.15%)
  Final     : HEALTHY
  Image time: 222.89 ms

P10
  Image     : healthy (99.29%)
  Image risk: 0.71%
  Sensor    : Healthy (68.67%)
  Sensor risk: 31.33%
  Fusion    : healthy (87.04%)
  Final     : HEALTHY
  Image time: 218.80 ms

P11
  Image     : healthy (99.92%)
  Image risk: 0.08%
  Sensor    : Healthy (68.67%)
  Sensor risk: 31.33%
  Fusion    : healthy (87.42%)
  Final     : HEALTHY
  Image time: 217.03 ms

P12
  Image     : healthy (93.53%)
  Image risk: 6.47%
  Sensor    : Healthy (68.67%)
  Sensor risk: 31.33%
  Fusion    : healthy (83.59%)
  Final     : HEALTHY
  Image time: 218.38 ms

========================================
Updating SQLite predictions...
========================================
12 plant records updated.

========================================
 INFERENCE COMPLETED
========================================
Capture ID           : CAP_20260830_074504
Plants processed     : 12
Average image latency: 222.13 ms
Min image latency    : 217.03 ms
Max image latency    : 261.48 ms
Sensor latency       : 174.428 ms
Total script time    : 6445.25 ms

Predictions saved to:
/hydroponic_project/database/hydroponic.db

Processing CAP_20260830_080003

========================================
 HYDROPONIC EDGE-AI INFERENCE
========================================
Device        : cpu
Image weight  : 0.60
Sensor weight : 0.40
Threshold     : 0.50

========================================
Loading MobileNetV2...
========================================
Model       : mobilenet_v2
Classes     : ['healthy', 'unhealthy']
Class map   : {'healthy': 0, 'unhealthy': 1}
Best epoch  : 9
Load time   : 342.00 ms

========================================
Loading Random Forest sensor model...
========================================
Model       : Random Forest
Features    : ['pH', 'TDS', 'water_level', 'DHT_temp', 'DHT_humidity', 'water_temp']
Classes     : [0 1]
Class map   : {'0': 'Unhealthy / Stress warning', '1': 'Healthy'}
Load time   : 3109.05 ms

========================================
CAPTURE
========================================
Capture ID : CAP_20260830_080003
Timestamp  : 2026-08-30 08:00:03
Plants     : 12

========================================
SENSOR VALUES
========================================
pH            : 6.22
TDS           : 809.1 ppm
Water level   : OK
Air temp      : 30.4 C
Humidity      : 76.5 %
Water temp    : 28.94 C

Sensor model  : Healthy
Sensor conf.  : 69.00%
Sensor risk   : 31.00%
Sensor time   : 177.992 ms

========================================
PLANT INFERENCE
========================================

P01
  Image     : healthy (99.93%)
  Image risk: 0.07%
  Sensor    : Healthy (69.00%)
  Sensor risk: 31.00%
  Fusion    : healthy (87.56%)
  Final     : HEALTHY
  Image time: 262.24 ms

P02
  Image     : healthy (100.00%)
  Image risk: 0.00%
  Sensor    : Healthy (69.00%)
  Sensor risk: 31.00%
  Fusion    : healthy (87.60%)
  Final     : HEALTHY
  Image time: 218.83 ms

P03
  Image     : healthy (99.99%)
  Image risk: 0.01%
  Sensor    : Healthy (69.00%)
  Sensor risk: 31.00%
  Fusion    : healthy (87.60%)
  Final     : HEALTHY
  Image time: 219.47 ms

P04
  Image     : healthy (94.09%)
  Image risk: 5.91%
  Sensor    : Healthy (69.00%)
  Sensor risk: 31.00%
  Fusion    : healthy (84.06%)
  Final     : HEALTHY
  Image time: 218.43 ms

P05
  Image     : healthy (99.92%)
  Image risk: 0.08%
  Sensor    : Healthy (69.00%)
  Sensor risk: 31.00%
  Fusion    : healthy (87.55%)
  Final     : HEALTHY
  Image time: 220.00 ms

P06
  Image     : healthy (100.00%)
  Image risk: 0.00%
  Sensor    : Healthy (69.00%)
  Sensor risk: 31.00%
  Fusion    : healthy (87.60%)
  Final     : HEALTHY
  Image time: 218.32 ms

P07
  Image     : healthy (100.00%)
  Image risk: 0.00%
  Sensor    : Healthy (69.00%)
  Sensor risk: 31.00%
  Fusion    : healthy (87.60%)
  Final     : HEALTHY
  Image time: 218.05 ms

P08
  Image     : healthy (99.07%)
  Image risk: 0.93%
  Sensor    : Healthy (69.00%)
  Sensor risk: 31.00%
  Fusion    : healthy (87.04%)
  Final     : HEALTHY
  Image time: 224.56 ms

P09
  Image     : healthy (98.76%)
  Image risk: 1.24%
  Sensor    : Healthy (69.00%)
  Sensor risk: 31.00%
  Fusion    : healthy (86.85%)
  Final     : HEALTHY
  Image time: 219.24 ms

P10
  Image     : healthy (99.71%)
  Image risk: 0.29%
  Sensor    : Healthy (69.00%)
  Sensor risk: 31.00%
  Fusion    : healthy (87.43%)
  Final     : HEALTHY
  Image time: 216.97 ms

P11
  Image     : healthy (99.97%)
  Image risk: 0.03%
  Sensor    : Healthy (69.00%)
  Sensor risk: 31.00%
  Fusion    : healthy (87.58%)
  Final     : HEALTHY
  Image time: 217.36 ms

P12
  Image     : healthy (98.08%)
  Image risk: 1.92%
  Sensor    : Healthy (69.00%)
  Sensor risk: 31.00%
  Fusion    : healthy (86.45%)
  Final     : HEALTHY
  Image time: 217.73 ms

========================================
Updating SQLite predictions...
========================================
12 plant records updated.

========================================
 INFERENCE COMPLETED
========================================
Capture ID           : CAP_20260830_080003
Plants processed     : 12
Average image latency: 222.60 ms
Min image latency    : 216.97 ms
Max image latency    : 262.24 ms
Sensor latency       : 177.992 ms
Total script time    : 6494.75 ms

Predictions saved to:
/hydroponic_project/database/hydroponic.db

Processing CAP_20260830_081503

========================================
 HYDROPONIC EDGE-AI INFERENCE
========================================
Device        : cpu
Image weight  : 0.60
Sensor weight : 0.40
Threshold     : 0.50

========================================
Loading MobileNetV2...
========================================
Model       : mobilenet_v2
Classes     : ['healthy', 'unhealthy']
Class map   : {'healthy': 0, 'unhealthy': 1}
Best epoch  : 9
Load time   : 341.03 ms

========================================
Loading Random Forest sensor model...
========================================
Model       : Random Forest
Features    : ['pH', 'TDS', 'water_level', 'DHT_temp', 'DHT_humidity', 'water_temp']
Classes     : [0 1]
Class map   : {'0': 'Unhealthy / Stress warning', '1': 'Healthy'}
Load time   : 3106.21 ms

========================================
CAPTURE
========================================
Capture ID : CAP_20260830_081503
Timestamp  : 2026-08-30 08:15:03
Plants     : 12

========================================
SENSOR VALUES
========================================
pH            : 6.3
TDS           : 805.8 ppm
Water level   : OK
Air temp      : 30.5 C
Humidity      : 75.2 %
Water temp    : 29.0 C

Sensor model  : Healthy
Sensor conf.  : 69.33%
Sensor risk   : 30.67%
Sensor time   : 180.739 ms

========================================
PLANT INFERENCE
========================================

P01
  Image     : healthy (99.88%)
  Image risk: 0.12%
  Sensor    : Healthy (69.33%)
  Sensor risk: 30.67%
  Fusion    : healthy (87.66%)
  Final     : HEALTHY
  Image time: 262.74 ms

P02
  Image     : healthy (100.00%)
  Image risk: 0.00%
  Sensor    : Healthy (69.33%)
  Sensor risk: 30.67%
  Fusion    : healthy (87.73%)
  Final     : HEALTHY
  Image time: 218.07 ms

P03
  Image     : healthy (100.00%)
  Image risk: 0.00%
  Sensor    : Healthy (69.33%)
  Sensor risk: 30.67%
  Fusion    : healthy (87.73%)
  Final     : HEALTHY
  Image time: 227.06 ms

P04
  Image     : healthy (97.46%)
  Image risk: 2.54%
  Sensor    : Healthy (69.33%)
  Sensor risk: 30.67%
  Fusion    : healthy (86.21%)
  Final     : HEALTHY
  Image time: 218.21 ms

P05
  Image     : healthy (99.80%)
  Image risk: 0.20%
  Sensor    : Healthy (69.33%)
  Sensor risk: 30.67%
  Fusion    : healthy (87.62%)
  Final     : HEALTHY
  Image time: 217.68 ms

P06
  Image     : healthy (100.00%)
  Image risk: 0.00%
  Sensor    : Healthy (69.33%)
  Sensor risk: 30.67%
  Fusion    : healthy (87.73%)
  Final     : HEALTHY
  Image time: 218.28 ms

P07
  Image     : healthy (100.00%)
  Image risk: 0.00%
  Sensor    : Healthy (69.33%)
  Sensor risk: 30.67%
  Fusion    : healthy (87.73%)
  Final     : HEALTHY
  Image time: 219.88 ms

P08
  Image     : healthy (99.37%)
  Image risk: 0.63%
  Sensor    : Healthy (69.33%)
  Sensor risk: 30.67%
  Fusion    : healthy (87.35%)
  Final     : HEALTHY
  Image time: 217.23 ms

P09
  Image     : healthy (99.71%)
  Image risk: 0.29%
  Sensor    : Healthy (69.33%)
  Sensor risk: 30.67%
  Fusion    : healthy (87.56%)
  Final     : HEALTHY
  Image time: 216.67 ms

P10
  Image     : healthy (99.88%)
  Image risk: 0.12%
  Sensor    : Healthy (69.33%)
  Sensor risk: 30.67%
  Fusion    : healthy (87.66%)
  Final     : HEALTHY
  Image time: 217.85 ms

P11
  Image     : healthy (99.99%)
  Image risk: 0.01%
  Sensor    : Healthy (69.33%)
  Sensor risk: 30.67%
  Fusion    : healthy (87.73%)
  Final     : HEALTHY
  Image time: 217.54 ms

P12
  Image     : healthy (94.13%)
  Image risk: 5.87%
  Sensor    : Healthy (69.33%)
  Sensor risk: 30.67%
  Fusion    : healthy (84.21%)
  Final     : HEALTHY
  Image time: 218.29 ms

========================================
Updating SQLite predictions...
========================================
12 plant records updated.

========================================
 INFERENCE COMPLETED
========================================
Capture ID           : CAP_20260830_081503
Plants processed     : 12
Average image latency: 222.46 ms
Min image latency    : 216.67 ms
Max image latency    : 262.74 ms
Sensor latency       : 180.739 ms
Total script time    : 6449.16 ms

Predictions saved to:
/hydroponic_project/database/hydroponic.db

Processing CAP_20260830_083004

========================================
 HYDROPONIC EDGE-AI INFERENCE
========================================
Device        : cpu
Image weight  : 0.60
Sensor weight : 0.40
Threshold     : 0.50

========================================
Loading MobileNetV2...
========================================
Model       : mobilenet_v2
Classes     : ['healthy', 'unhealthy']
Class map   : {'healthy': 0, 'unhealthy': 1}
Best epoch  : 9
Load time   : 343.08 ms

========================================
Loading Random Forest sensor model...
========================================
Model       : Random Forest
Features    : ['pH', 'TDS', 'water_level', 'DHT_temp', 'DHT_humidity', 'water_temp']
Classes     : [0 1]
Class map   : {'0': 'Unhealthy / Stress warning', '1': 'Healthy'}
Load time   : 3110.90 ms

========================================
CAPTURE
========================================
Capture ID : CAP_20260830_083004
Timestamp  : 2026-08-30 08:30:04
Plants     : 12

========================================
SENSOR VALUES
========================================
pH            : 6.24
TDS           : 805.7 ppm
Water level   : OK
Air temp      : 30.7 C
Humidity      : 74.6 %
Water temp    : 28.94 C

Sensor model  : Healthy
Sensor conf.  : 70.33%
Sensor risk   : 29.67%
Sensor time   : 175.082 ms

========================================
PLANT INFERENCE
========================================

P01
  Image     : healthy (99.90%)
  Image risk: 0.10%
  Sensor    : Healthy (70.33%)
  Sensor risk: 29.67%
  Fusion    : healthy (88.07%)
  Final     : HEALTHY
  Image time: 261.30 ms

P02
  Image     : healthy (100.00%)
  Image risk: 0.00%
  Sensor    : Healthy (70.33%)
  Sensor risk: 29.67%
  Fusion    : healthy (88.13%)
  Final     : HEALTHY
  Image time: 219.91 ms

P03
  Image     : healthy (100.00%)
  Image risk: 0.00%
  Sensor    : Healthy (70.33%)
  Sensor risk: 29.67%
  Fusion    : healthy (88.13%)
  Final     : HEALTHY
  Image time: 217.18 ms

P04
  Image     : healthy (93.82%)
  Image risk: 6.18%
  Sensor    : Healthy (70.33%)
  Sensor risk: 29.67%
  Fusion    : healthy (84.42%)
  Final     : HEALTHY
  Image time: 218.30 ms

P05
  Image     : healthy (99.81%)
  Image risk: 0.19%
  Sensor    : Healthy (70.33%)
  Sensor risk: 29.67%
  Fusion    : healthy (88.02%)
  Final     : HEALTHY
  Image time: 217.57 ms

P06
  Image     : healthy (100.00%)
  Image risk: 0.00%
  Sensor    : Healthy (70.33%)
  Sensor risk: 29.67%
  Fusion    : healthy (88.13%)
  Final     : HEALTHY
  Image time: 217.33 ms

P07
  Image     : healthy (100.00%)
  Image risk: 0.00%
  Sensor    : Healthy (70.33%)
  Sensor risk: 29.67%
  Fusion    : healthy (88.13%)
  Final     : HEALTHY
  Image time: 220.32 ms

P08
  Image     : healthy (99.36%)
  Image risk: 0.64%
  Sensor    : Healthy (70.33%)
  Sensor risk: 29.67%
  Fusion    : healthy (87.75%)
  Final     : HEALTHY
  Image time: 217.42 ms

P09
  Image     : healthy (99.14%)
  Image risk: 0.86%
  Sensor    : Healthy (70.33%)
  Sensor risk: 29.67%
  Fusion    : healthy (87.62%)
  Final     : HEALTHY
  Image time: 217.48 ms

P10
  Image     : healthy (99.89%)
  Image risk: 0.11%
  Sensor    : Healthy (70.33%)
  Sensor risk: 29.67%
  Fusion    : healthy (88.07%)
  Final     : HEALTHY
  Image time: 218.38 ms

P11
  Image     : healthy (99.96%)
  Image risk: 0.04%
  Sensor    : Healthy (70.33%)
  Sensor risk: 29.67%
  Fusion    : healthy (88.11%)
  Final     : HEALTHY
  Image time: 219.22 ms

P12
  Image     : healthy (94.40%)
  Image risk: 5.60%
  Sensor    : Healthy (70.33%)
  Sensor risk: 29.67%
  Fusion    : healthy (84.77%)
  Final     : HEALTHY
  Image time: 217.83 ms

========================================
Updating SQLite predictions...
========================================
12 plant records updated.

========================================
 INFERENCE COMPLETED
========================================
Capture ID           : CAP_20260830_083004
Plants processed     : 12
Average image latency: 221.85 ms
Min image latency    : 217.18 ms
Max image latency    : 261.30 ms
Sensor latency       : 175.082 ms
Total script time    : 6444.64 ms

Predictions saved to:
/hydroponic_project/database/hydroponic.db

Processing CAP_20260830_084504

========================================
 HYDROPONIC EDGE-AI INFERENCE
========================================
Device        : cpu
Image weight  : 0.60
Sensor weight : 0.40
Threshold     : 0.50

========================================
Loading MobileNetV2...
========================================
Model       : mobilenet_v2
Classes     : ['healthy', 'unhealthy']
Class map   : {'healthy': 0, 'unhealthy': 1}
Best epoch  : 9
Load time   : 342.21 ms

========================================
Loading Random Forest sensor model...
========================================
Model       : Random Forest
Features    : ['pH', 'TDS', 'water_level', 'DHT_temp', 'DHT_humidity', 'water_temp']
Classes     : [0 1]
Class map   : {'0': 'Unhealthy / Stress warning', '1': 'Healthy'}
Load time   : 3100.17 ms

========================================
CAPTURE
========================================
Capture ID : CAP_20260830_084504
Timestamp  : 2026-08-30 08:45:04
Plants     : 12

========================================
SENSOR VALUES
========================================
pH            : 6.25
TDS           : 803.2 ppm
Water level   : OK
Air temp      : 31.0 C
Humidity      : 74.0 %
Water temp    : 29.0 C

Sensor model  : Healthy
Sensor conf.  : 69.67%
Sensor risk   : 30.33%
Sensor time   : 174.329 ms

========================================
PLANT INFERENCE
========================================

P01
  Image     : healthy (99.66%)
  Image risk: 0.34%
  Sensor    : Healthy (69.67%)
  Sensor risk: 30.33%
  Fusion    : healthy (87.67%)
  Final     : HEALTHY
  Image time: 260.52 ms

P02
  Image     : healthy (100.00%)
  Image risk: 0.00%
  Sensor    : Healthy (69.67%)
  Sensor risk: 30.33%
  Fusion    : healthy (87.87%)
  Final     : HEALTHY
  Image time: 220.51 ms

P03
  Image     : healthy (100.00%)
  Image risk: 0.00%
  Sensor    : Healthy (69.67%)
  Sensor risk: 30.33%
  Fusion    : healthy (87.87%)
  Final     : HEALTHY
  Image time: 221.89 ms

P04
  Image     : healthy (93.82%)
  Image risk: 6.18%
  Sensor    : Healthy (69.67%)
  Sensor risk: 30.33%
  Fusion    : healthy (84.16%)
  Final     : HEALTHY
  Image time: 218.16 ms

P05
  Image     : healthy (99.87%)
  Image risk: 0.13%
  Sensor    : Healthy (69.67%)
  Sensor risk: 30.33%
  Fusion    : healthy (87.79%)
  Final     : HEALTHY
  Image time: 213.31 ms

P06
  Image     : healthy (100.00%)
  Image risk: 0.00%
  Sensor    : Healthy (69.67%)
  Sensor risk: 30.33%
  Fusion    : healthy (87.87%)
  Final     : HEALTHY
  Image time: 216.70 ms

P07
  Image     : healthy (100.00%)
  Image risk: 0.00%
  Sensor    : Healthy (69.67%)
  Sensor risk: 30.33%
  Fusion    : healthy (87.87%)
  Final     : HEALTHY
  Image time: 218.50 ms

P08
  Image     : healthy (99.43%)
  Image risk: 0.57%
  Sensor    : Healthy (69.67%)
  Sensor risk: 30.33%
  Fusion    : healthy (87.52%)
  Final     : HEALTHY
  Image time: 218.58 ms

P09
  Image     : healthy (99.38%)
  Image risk: 0.62%
  Sensor    : Healthy (69.67%)
  Sensor risk: 30.33%
  Fusion    : healthy (87.49%)
  Final     : HEALTHY
  Image time: 220.92 ms

P10
  Image     : healthy (99.92%)
  Image risk: 0.08%
  Sensor    : Healthy (69.67%)
  Sensor risk: 30.33%
  Fusion    : healthy (87.82%)
  Final     : HEALTHY
  Image time: 218.76 ms

P11
  Image     : healthy (99.98%)
  Image risk: 0.02%
  Sensor    : Healthy (69.67%)
  Sensor risk: 30.33%
  Fusion    : healthy (87.86%)
  Final     : HEALTHY
  Image time: 218.59 ms

P12
  Image     : healthy (96.94%)
  Image risk: 3.06%
  Sensor    : Healthy (69.67%)
  Sensor risk: 30.33%
  Fusion    : healthy (86.03%)
  Final     : HEALTHY
  Image time: 218.78 ms

========================================
Updating SQLite predictions...
========================================
12 plant records updated.

========================================
 INFERENCE COMPLETED
========================================
Capture ID           : CAP_20260830_084504
Plants processed     : 12
Average image latency: 222.10 ms
Min image latency    : 213.31 ms
Max image latency    : 260.52 ms
Sensor latency       : 174.329 ms
Total script time    : 6418.50 ms

Predictions saved to:
/hydroponic_project/database/hydroponic.db

Processing CAP_20260830_090003

========================================
 HYDROPONIC EDGE-AI INFERENCE
========================================
Device        : cpu
Image weight  : 0.60
Sensor weight : 0.40
Threshold     : 0.50

========================================
Loading MobileNetV2...
========================================
Model       : mobilenet_v2
Classes     : ['healthy', 'unhealthy']
Class map   : {'healthy': 0, 'unhealthy': 1}
Best epoch  : 9
Load time   : 340.43 ms

========================================
Loading Random Forest sensor model...
========================================
Model       : Random Forest
Features    : ['pH', 'TDS', 'water_level', 'DHT_temp', 'DHT_humidity', 'water_temp']
Classes     : [0 1]
Class map   : {'0': 'Unhealthy / Stress warning', '1': 'Healthy'}
Load time   : 3110.05 ms

========================================
CAPTURE
========================================
Capture ID : CAP_20260830_090003
Timestamp  : 2026-08-30 09:00:03
Plants     : 12

========================================
SENSOR VALUES
========================================
pH            : 6.34
TDS           : 800.6 ppm
Water level   : OK
Air temp      : 31.2 C
Humidity      : 73.0 %
Water temp    : 29.06 C

Sensor model  : Healthy
Sensor conf.  : 60.67%
Sensor risk   : 39.33%
Sensor time   : 173.371 ms

========================================
PLANT INFERENCE
========================================

P01
  Image     : healthy (99.91%)
  Image risk: 0.09%
  Sensor    : Healthy (60.67%)
  Sensor risk: 39.33%
  Fusion    : healthy (84.21%)
  Final     : HEALTHY
  Image time: 266.05 ms

P02
  Image     : healthy (100.00%)
  Image risk: 0.00%
  Sensor    : Healthy (60.67%)
  Sensor risk: 39.33%
  Fusion    : healthy (84.27%)
  Final     : HEALTHY
  Image time: 217.49 ms

P03
  Image     : healthy (100.00%)
  Image risk: 0.00%
  Sensor    : Healthy (60.67%)
  Sensor risk: 39.33%
  Fusion    : healthy (84.26%)
  Final     : HEALTHY
  Image time: 218.16 ms

P04
  Image     : healthy (98.38%)
  Image risk: 1.62%
  Sensor    : Healthy (60.67%)
  Sensor risk: 39.33%
  Fusion    : healthy (83.29%)
  Final     : HEALTHY
  Image time: 217.41 ms

P05
  Image     : healthy (99.94%)
  Image risk: 0.06%
  Sensor    : Healthy (60.67%)
  Sensor risk: 39.33%
  Fusion    : healthy (84.23%)
  Final     : HEALTHY
  Image time: 220.49 ms

P06
  Image     : healthy (100.00%)
  Image risk: 0.00%
  Sensor    : Healthy (60.67%)
  Sensor risk: 39.33%
  Fusion    : healthy (84.27%)
  Final     : HEALTHY
  Image time: 218.29 ms

P07
  Image     : healthy (100.00%)
  Image risk: 0.00%
  Sensor    : Healthy (60.67%)
  Sensor risk: 39.33%
  Fusion    : healthy (84.27%)
  Final     : HEALTHY
  Image time: 217.79 ms

P08
  Image     : healthy (98.09%)
  Image risk: 1.91%
  Sensor    : Healthy (60.67%)
  Sensor risk: 39.33%
  Fusion    : healthy (83.12%)
  Final     : HEALTHY
  Image time: 217.75 ms

P09
  Image     : healthy (99.72%)
  Image risk: 0.28%
  Sensor    : Healthy (60.67%)
  Sensor risk: 39.33%
  Fusion    : healthy (84.10%)
  Final     : HEALTHY
  Image time: 218.23 ms

P10
  Image     : healthy (98.16%)
  Image risk: 1.84%
  Sensor    : Healthy (60.67%)
  Sensor risk: 39.33%
  Fusion    : healthy (83.16%)
  Final     : HEALTHY
  Image time: 218.67 ms

P11
  Image     : healthy (99.99%)
  Image risk: 0.01%
  Sensor    : Healthy (60.67%)
  Sensor risk: 39.33%
  Fusion    : healthy (84.26%)
  Final     : HEALTHY
  Image time: 216.57 ms

P12
  Image     : healthy (95.67%)
  Image risk: 4.33%
  Sensor    : Healthy (60.67%)
  Sensor risk: 39.33%
  Fusion    : healthy (81.67%)
  Final     : HEALTHY
  Image time: 217.49 ms

========================================
Updating SQLite predictions...
========================================
12 plant records updated.

========================================
 INFERENCE COMPLETED
========================================
Capture ID           : CAP_20260830_090003
Plants processed     : 12
Average image latency: 222.03 ms
Min image latency    : 216.57 ms
Max image latency    : 266.05 ms
Sensor latency       : 173.371 ms
Total script time    : 6427.39 ms

Predictions saved to:
/hydroponic_project/database/hydroponic.db

Processing CAP_20260830_091503

========================================
 HYDROPONIC EDGE-AI INFERENCE
========================================
Device        : cpu
Image weight  : 0.60
Sensor weight : 0.40
Threshold     : 0.50

========================================
Loading MobileNetV2...
========================================
Model       : mobilenet_v2
Classes     : ['healthy', 'unhealthy']
Class map   : {'healthy': 0, 'unhealthy': 1}
Best epoch  : 9
Load time   : 342.82 ms

========================================
Loading Random Forest sensor model...
========================================
Model       : Random Forest
Features    : ['pH', 'TDS', 'water_level', 'DHT_temp', 'DHT_humidity', 'water_temp']
Classes     : [0 1]
Class map   : {'0': 'Unhealthy / Stress warning', '1': 'Healthy'}
Load time   : 3100.34 ms

========================================
CAPTURE
========================================
Capture ID : CAP_20260830_091503
Timestamp  : 2026-08-30 09:15:03
Plants     : 12

========================================
SENSOR VALUES
========================================
pH            : 6.26
TDS           : 798.4 ppm
Water level   : OK
Air temp      : 31.4 C
Humidity      : 71.1 %
Water temp    : 29.12 C

Sensor model  : Unhealthy / Stress warning
Sensor conf.  : 93.67%
Sensor risk   : 93.67%
Sensor time   : 174.737 ms

========================================
PLANT INFERENCE
========================================

P01
  Image     : healthy (99.88%)
  Image risk: 0.12%
  Sensor    : Unhealthy / Stress warning (93.67%)
  Sensor risk: 93.67%
  Fusion    : healthy (62.46%)
  Final     : HEALTHY
  Image time: 260.50 ms

P02
  Image     : healthy (100.00%)
  Image risk: 0.00%
  Sensor    : Unhealthy / Stress warning (93.67%)
  Sensor risk: 93.67%
  Fusion    : healthy (62.53%)
  Final     : HEALTHY
  Image time: 217.20 ms

P03
  Image     : healthy (99.99%)
  Image risk: 0.01%
  Sensor    : Unhealthy / Stress warning (93.67%)
  Sensor risk: 93.67%
  Fusion    : healthy (62.53%)
  Final     : HEALTHY
  Image time: 217.86 ms

P04
  Image     : healthy (95.49%)
  Image risk: 4.51%
  Sensor    : Unhealthy / Stress warning (93.67%)
  Sensor risk: 93.67%
  Fusion    : healthy (59.83%)
  Final     : HEALTHY
  Image time: 218.00 ms

P05
  Image     : healthy (99.94%)
  Image risk: 0.06%
  Sensor    : Unhealthy / Stress warning (93.67%)
  Sensor risk: 93.67%
  Fusion    : healthy (62.50%)
  Final     : HEALTHY
  Image time: 217.45 ms

P06
  Image     : healthy (100.00%)
  Image risk: 0.00%
  Sensor    : Unhealthy / Stress warning (93.67%)
  Sensor risk: 93.67%
  Fusion    : healthy (62.53%)
  Final     : HEALTHY
  Image time: 217.54 ms

P07
  Image     : healthy (100.00%)
  Image risk: 0.00%
  Sensor    : Unhealthy / Stress warning (93.67%)
  Sensor risk: 93.67%
  Fusion    : healthy (62.53%)
  Final     : HEALTHY
  Image time: 217.03 ms

P08
  Image     : healthy (99.56%)
  Image risk: 0.44%
  Sensor    : Unhealthy / Stress warning (93.67%)
  Sensor risk: 93.67%
  Fusion    : healthy (62.27%)
  Final     : HEALTHY
  Image time: 217.22 ms

P09
  Image     : healthy (99.82%)
  Image risk: 0.18%
  Sensor    : Unhealthy / Stress warning (93.67%)
  Sensor risk: 93.67%
  Fusion    : healthy (62.43%)
  Final     : HEALTHY
  Image time: 219.36 ms

P10
  Image     : healthy (99.69%)
  Image risk: 0.31%
  Sensor    : Unhealthy / Stress warning (93.67%)
  Sensor risk: 93.67%
  Fusion    : healthy (62.35%)
  Final     : HEALTHY
  Image time: 217.08 ms

P11
  Image     : healthy (99.99%)
  Image risk: 0.01%
  Sensor    : Unhealthy / Stress warning (93.67%)
  Sensor risk: 93.67%
  Fusion    : healthy (62.53%)
  Final     : HEALTHY
  Image time: 217.19 ms

P12
  Image     : healthy (93.05%)
  Image risk: 6.95%
  Sensor    : Unhealthy / Stress warning (93.67%)
  Sensor risk: 93.67%
  Fusion    : healthy (58.36%)
  Final     : HEALTHY
  Image time: 217.86 ms

========================================
Updating SQLite predictions...
========================================
12 plant records updated.

========================================
 INFERENCE COMPLETED
========================================
Capture ID           : CAP_20260830_091503
Plants processed     : 12
Average image latency: 221.19 ms
Min image latency    : 217.03 ms
Max image latency    : 260.50 ms
Sensor latency       : 174.737 ms
Total script time    : 6415.33 ms

Predictions saved to:
/hydroponic_project/database/hydroponic.db

Processing CAP_20260830_093003

========================================
 HYDROPONIC EDGE-AI INFERENCE
========================================
Device        : cpu
Image weight  : 0.60
Sensor weight : 0.40
Threshold     : 0.50

========================================
Loading MobileNetV2...
========================================
Model       : mobilenet_v2
Classes     : ['healthy', 'unhealthy']
Class map   : {'healthy': 0, 'unhealthy': 1}
Best epoch  : 9
Load time   : 341.23 ms

========================================
Loading Random Forest sensor model...
========================================
Model       : Random Forest
Features    : ['pH', 'TDS', 'water_level', 'DHT_temp', 'DHT_humidity', 'water_temp']
Classes     : [0 1]
Class map   : {'0': 'Unhealthy / Stress warning', '1': 'Healthy'}
Load time   : 3096.46 ms

========================================
CAPTURE
========================================
Capture ID : CAP_20260830_093003
Timestamp  : 2026-08-30 09:30:03
Plants     : 12

========================================
SENSOR VALUES
========================================
pH            : 6.25
TDS           : 794.7 ppm
Water level   : OK
Air temp      : 31.4 C
Humidity      : 71.0 %
Water temp    : 29.25 C

Sensor model  : Unhealthy / Stress warning
Sensor conf.  : 95.00%
Sensor risk   : 95.00%
Sensor time   : 177.678 ms

========================================
PLANT INFERENCE
========================================

P01
  Image     : healthy (99.67%)
  Image risk: 0.33%
  Sensor    : Unhealthy / Stress warning (95.00%)
  Sensor risk: 95.00%
  Fusion    : healthy (61.80%)
  Final     : HEALTHY
  Image time: 261.03 ms

P02
  Image     : healthy (100.00%)
  Image risk: 0.00%
  Sensor    : Unhealthy / Stress warning (95.00%)
  Sensor risk: 95.00%
  Fusion    : healthy (62.00%)
  Final     : HEALTHY
  Image time: 218.01 ms

P03
  Image     : healthy (100.00%)
  Image risk: 0.00%
  Sensor    : Unhealthy / Stress warning (95.00%)
  Sensor risk: 95.00%
  Fusion    : healthy (62.00%)
  Final     : HEALTHY
  Image time: 217.34 ms

P04
  Image     : healthy (94.37%)
  Image risk: 5.63%
  Sensor    : Unhealthy / Stress warning (95.00%)
  Sensor risk: 95.00%
  Fusion    : healthy (58.62%)
  Final     : HEALTHY
  Image time: 226.88 ms

P05
  Image     : healthy (99.94%)
  Image risk: 0.06%
  Sensor    : Unhealthy / Stress warning (95.00%)
  Sensor risk: 95.00%
  Fusion    : healthy (61.96%)
  Final     : HEALTHY
  Image time: 217.60 ms

P06
  Image     : healthy (100.00%)
  Image risk: 0.00%
  Sensor    : Unhealthy / Stress warning (95.00%)
  Sensor risk: 95.00%
  Fusion    : healthy (62.00%)
  Final     : HEALTHY
  Image time: 217.45 ms

P07
  Image     : healthy (100.00%)
  Image risk: 0.00%
  Sensor    : Unhealthy / Stress warning (95.00%)
  Sensor risk: 95.00%
  Fusion    : healthy (62.00%)
  Final     : HEALTHY
  Image time: 217.80 ms

P08
  Image     : healthy (99.78%)
  Image risk: 0.22%
  Sensor    : Unhealthy / Stress warning (95.00%)
  Sensor risk: 95.00%
  Fusion    : healthy (61.87%)
  Final     : HEALTHY
  Image time: 220.46 ms

P09
  Image     : healthy (98.71%)
  Image risk: 1.29%
  Sensor    : Unhealthy / Stress warning (95.00%)
  Sensor risk: 95.00%
  Fusion    : healthy (61.22%)
  Final     : HEALTHY
  Image time: 218.62 ms

P10
  Image     : healthy (99.89%)
  Image risk: 0.11%
  Sensor    : Unhealthy / Stress warning (95.00%)
  Sensor risk: 95.00%
  Fusion    : healthy (61.94%)
  Final     : HEALTHY
  Image time: 217.02 ms

P11
  Image     : healthy (99.99%)
  Image risk: 0.01%
  Sensor    : Unhealthy / Stress warning (95.00%)
  Sensor risk: 95.00%
  Fusion    : healthy (62.00%)
  Final     : HEALTHY
  Image time: 217.79 ms

P12
  Image     : healthy (96.32%)
  Image risk: 3.68%
  Sensor    : Unhealthy / Stress warning (95.00%)
  Sensor risk: 95.00%
  Fusion    : healthy (59.79%)
  Final     : HEALTHY
  Image time: 217.94 ms

========================================
Updating SQLite predictions...
========================================
12 plant records updated.

========================================
 INFERENCE COMPLETED
========================================
Capture ID           : CAP_20260830_093003
Plants processed     : 12
Average image latency: 222.33 ms
Min image latency    : 217.02 ms
Max image latency    : 261.03 ms
Sensor latency       : 177.678 ms
Total script time    : 6417.68 ms

Predictions saved to:
/hydroponic_project/database/hydroponic.db

Processing CAP_20260830_094504

========================================
 HYDROPONIC EDGE-AI INFERENCE
========================================
Device        : cpu
Image weight  : 0.60
Sensor weight : 0.40
Threshold     : 0.50

========================================
Loading MobileNetV2...
========================================
Model       : mobilenet_v2
Classes     : ['healthy', 'unhealthy']
Class map   : {'healthy': 0, 'unhealthy': 1}
Best epoch  : 9
Load time   : 340.60 ms

========================================
Loading Random Forest sensor model...
========================================
Model       : Random Forest
Features    : ['pH', 'TDS', 'water_level', 'DHT_temp', 'DHT_humidity', 'water_temp']
Classes     : [0 1]
Class map   : {'0': 'Unhealthy / Stress warning', '1': 'Healthy'}
Load time   : 3103.65 ms

========================================
CAPTURE
========================================
Capture ID : CAP_20260830_094504
Timestamp  : 2026-08-30 09:45:04
Plants     : 12

========================================
SENSOR VALUES
========================================
pH            : 6.28
TDS           : 795.8 ppm
Water level   : OK
Air temp      : 31.6 C
Humidity      : 71.1 %
Water temp    : 29.12 C

Sensor model  : Unhealthy / Stress warning
Sensor conf.  : 94.33%
Sensor risk   : 94.33%
Sensor time   : 177.231 ms

========================================
PLANT INFERENCE
========================================

P01
  Image     : healthy (99.93%)
  Image risk: 0.07%
  Sensor    : Unhealthy / Stress warning (94.33%)
  Sensor risk: 94.33%
  Fusion    : healthy (62.22%)
  Final     : HEALTHY
  Image time: 261.24 ms

P02
  Image     : healthy (100.00%)
  Image risk: 0.00%
  Sensor    : Unhealthy / Stress warning (94.33%)
  Sensor risk: 94.33%
  Fusion    : healthy (62.27%)
  Final     : HEALTHY
  Image time: 218.98 ms

P03
  Image     : healthy (99.99%)
  Image risk: 0.01%
  Sensor    : Unhealthy / Stress warning (94.33%)
  Sensor risk: 94.33%
  Fusion    : healthy (62.26%)
  Final     : HEALTHY
  Image time: 220.49 ms

P04
  Image     : healthy (93.39%)
  Image risk: 6.61%
  Sensor    : Unhealthy / Stress warning (94.33%)
  Sensor risk: 94.33%
  Fusion    : healthy (58.30%)
  Final     : HEALTHY
  Image time: 218.91 ms

P05
  Image     : healthy (99.99%)
  Image risk: 0.01%
  Sensor    : Unhealthy / Stress warning (94.33%)
  Sensor risk: 94.33%
  Fusion    : healthy (62.26%)
  Final     : HEALTHY
  Image time: 218.66 ms

P06
  Image     : healthy (100.00%)
  Image risk: 0.00%
  Sensor    : Unhealthy / Stress warning (94.33%)
  Sensor risk: 94.33%
  Fusion    : healthy (62.27%)
  Final     : HEALTHY
  Image time: 218.30 ms

P07
  Image     : healthy (100.00%)
  Image risk: 0.00%
  Sensor    : Unhealthy / Stress warning (94.33%)
  Sensor risk: 94.33%
  Fusion    : healthy (62.27%)
  Final     : HEALTHY
  Image time: 218.12 ms

P08
  Image     : healthy (98.93%)
  Image risk: 1.07%
  Sensor    : Unhealthy / Stress warning (94.33%)
  Sensor risk: 94.33%
  Fusion    : healthy (61.63%)
  Final     : HEALTHY
  Image time: 219.68 ms

P09
  Image     : healthy (98.82%)
  Image risk: 1.18%
  Sensor    : Unhealthy / Stress warning (94.33%)
  Sensor risk: 94.33%
  Fusion    : healthy (61.56%)
  Final     : HEALTHY
  Image time: 218.58 ms

P10
  Image     : healthy (99.52%)
  Image risk: 0.48%
  Sensor    : Unhealthy / Stress warning (94.33%)
  Sensor risk: 94.33%
  Fusion    : healthy (61.98%)
  Final     : HEALTHY
  Image time: 218.20 ms

P11
  Image     : healthy (99.99%)
  Image risk: 0.01%
  Sensor    : Unhealthy / Stress warning (94.33%)
  Sensor risk: 94.33%
  Fusion    : healthy (62.26%)
  Final     : HEALTHY
  Image time: 217.48 ms

P12
  Image     : healthy (95.05%)
  Image risk: 4.95%
  Sensor    : Unhealthy / Stress warning (94.33%)
  Sensor risk: 94.33%
  Fusion    : healthy (59.30%)
  Final     : HEALTHY
  Image time: 219.80 ms

========================================
Updating SQLite predictions...
========================================
12 plant records updated.

========================================
 INFERENCE COMPLETED
========================================
Capture ID           : CAP_20260830_094504
Plants processed     : 12
Average image latency: 222.37 ms
Min image latency    : 217.48 ms
Max image latency    : 261.24 ms
Sensor latency       : 177.231 ms
Total script time    : 6459.65 ms

Predictions saved to:
/hydroponic_project/database/hydroponic.db

Processing CAP_20260830_100003

========================================
 HYDROPONIC EDGE-AI INFERENCE
========================================
Device        : cpu
Image weight  : 0.60
Sensor weight : 0.40
Threshold     : 0.50

========================================
Loading MobileNetV2...
========================================
Model       : mobilenet_v2
Classes     : ['healthy', 'unhealthy']
Class map   : {'healthy': 0, 'unhealthy': 1}
Best epoch  : 9
Load time   : 340.23 ms

========================================
Loading Random Forest sensor model...
========================================
Model       : Random Forest
Features    : ['pH', 'TDS', 'water_level', 'DHT_temp', 'DHT_humidity', 'water_temp']
Classes     : [0 1]
Class map   : {'0': 'Unhealthy / Stress warning', '1': 'Healthy'}
Load time   : 3120.03 ms

========================================
CAPTURE
========================================
Capture ID : CAP_20260830_100003
Timestamp  : 2026-08-30 10:00:03
Plants     : 12

========================================
SENSOR VALUES
========================================
pH            : 6.31
TDS           : 792.0 ppm
Water level   : OK
Air temp      : 32.1 C
Humidity      : 68.8 %
Water temp    : 29.25 C

Sensor model  : Unhealthy / Stress warning
Sensor conf.  : 97.00%
Sensor risk   : 97.00%
Sensor time   : 172.021 ms

========================================
PLANT INFERENCE
========================================

P01
  Image     : healthy (99.97%)
  Image risk: 0.03%
  Sensor    : Unhealthy / Stress warning (97.00%)
  Sensor risk: 97.00%
  Fusion    : healthy (61.18%)
  Final     : HEALTHY
  Image time: 260.53 ms

P02
  Image     : healthy (100.00%)
  Image risk: 0.00%
  Sensor    : Unhealthy / Stress warning (97.00%)
  Sensor risk: 97.00%
  Fusion    : healthy (61.20%)
  Final     : HEALTHY
  Image time: 217.42 ms

P03
  Image     : healthy (99.99%)
  Image risk: 0.01%
  Sensor    : Unhealthy / Stress warning (97.00%)
  Sensor risk: 97.00%
  Fusion    : healthy (61.20%)
  Final     : HEALTHY
  Image time: 217.82 ms

P04
  Image     : healthy (95.99%)
  Image risk: 4.01%
  Sensor    : Unhealthy / Stress warning (97.00%)
  Sensor risk: 97.00%
  Fusion    : healthy (58.79%)
  Final     : HEALTHY
  Image time: 216.43 ms

P05
  Image     : healthy (99.94%)
  Image risk: 0.06%
  Sensor    : Unhealthy / Stress warning (97.00%)
  Sensor risk: 97.00%
  Fusion    : healthy (61.16%)
  Final     : HEALTHY
  Image time: 215.24 ms

P06
  Image     : healthy (100.00%)
  Image risk: 0.00%
  Sensor    : Unhealthy / Stress warning (97.00%)
  Sensor risk: 97.00%
  Fusion    : healthy (61.20%)
  Final     : HEALTHY
  Image time: 216.57 ms

P07
  Image     : healthy (100.00%)
  Image risk: 0.00%
  Sensor    : Unhealthy / Stress warning (97.00%)
  Sensor risk: 97.00%
  Fusion    : healthy (61.20%)
  Final     : HEALTHY
  Image time: 219.32 ms

P08
  Image     : healthy (88.08%)
  Image risk: 11.92%
  Sensor    : Unhealthy / Stress warning (97.00%)
  Sensor risk: 97.00%
  Fusion    : healthy (54.05%)
  Final     : HEALTHY
  Image time: 217.18 ms

P09
  Image     : healthy (99.72%)
  Image risk: 0.28%
  Sensor    : Unhealthy / Stress warning (97.00%)
  Sensor risk: 97.00%
  Fusion    : healthy (61.03%)
  Final     : HEALTHY
  Image time: 217.21 ms

P10
  Image     : healthy (99.66%)
  Image risk: 0.34%
  Sensor    : Unhealthy / Stress warning (97.00%)
  Sensor risk: 97.00%
  Fusion    : healthy (61.00%)
  Final     : HEALTHY
  Image time: 216.42 ms

P11
  Image     : healthy (99.99%)
  Image risk: 0.01%
  Sensor    : Unhealthy / Stress warning (97.00%)
  Sensor risk: 97.00%
  Fusion    : healthy (61.20%)
  Final     : HEALTHY
  Image time: 218.32 ms

P12
  Image     : healthy (93.55%)
  Image risk: 6.45%
  Sensor    : Unhealthy / Stress warning (97.00%)
  Sensor risk: 97.00%
  Fusion    : healthy (57.33%)
  Final     : HEALTHY
  Image time: 216.98 ms

========================================
Updating SQLite predictions...
========================================
12 plant records updated.

========================================
 INFERENCE COMPLETED
========================================
Capture ID           : CAP_20260830_100003
Plants processed     : 12
Average image latency: 220.79 ms
Min image latency    : 215.24 ms
Max image latency    : 260.53 ms
Sensor latency       : 172.021 ms
Total script time    : 6453.51 ms

Predictions saved to:
/hydroponic_project/database/hydroponic.db

Processing CAP_20260830_101503

========================================
 HYDROPONIC EDGE-AI INFERENCE
========================================
Device        : cpu
Image weight  : 0.60
Sensor weight : 0.40
Threshold     : 0.50

========================================
Loading MobileNetV2...
========================================
Model       : mobilenet_v2
Classes     : ['healthy', 'unhealthy']
Class map   : {'healthy': 0, 'unhealthy': 1}
Best epoch  : 9
Load time   : 340.75 ms

========================================
Loading Random Forest sensor model...
========================================
Model       : Random Forest
Features    : ['pH', 'TDS', 'water_level', 'DHT_temp', 'DHT_humidity', 'water_temp']
Classes     : [0 1]
Class map   : {'0': 'Unhealthy / Stress warning', '1': 'Healthy'}
Load time   : 3109.25 ms

========================================
CAPTURE
========================================
Capture ID : CAP_20260830_101503
Timestamp  : 2026-08-30 10:15:03
Plants     : 12

========================================
SENSOR VALUES
========================================
pH            : 6.35
TDS           : 789.3 ppm
Water level   : OK
Air temp      : 32.2 C
Humidity      : 68.2 %
Water temp    : 29.31 C

Sensor model  : Unhealthy / Stress warning
Sensor conf.  : 97.00%
Sensor risk   : 97.00%
Sensor time   : 174.219 ms

========================================
PLANT INFERENCE
========================================

P01
  Image     : healthy (99.69%)
  Image risk: 0.31%
  Sensor    : Unhealthy / Stress warning (97.00%)
  Sensor risk: 97.00%
  Fusion    : healthy (61.01%)
  Final     : HEALTHY
  Image time: 262.06 ms

P02
  Image     : healthy (100.00%)
  Image risk: 0.00%
  Sensor    : Unhealthy / Stress warning (97.00%)
  Sensor risk: 97.00%
  Fusion    : healthy (61.20%)
  Final     : HEALTHY
  Image time: 221.21 ms

P03
  Image     : healthy (100.00%)
  Image risk: 0.00%
  Sensor    : Unhealthy / Stress warning (97.00%)
  Sensor risk: 97.00%
  Fusion    : healthy (61.20%)
  Final     : HEALTHY
  Image time: 217.49 ms

P04
  Image     : healthy (94.80%)
  Image risk: 5.20%
  Sensor    : Unhealthy / Stress warning (97.00%)
  Sensor risk: 97.00%
  Fusion    : healthy (58.08%)
  Final     : HEALTHY
  Image time: 218.23 ms

P05
  Image     : healthy (99.96%)
  Image risk: 0.04%
  Sensor    : Unhealthy / Stress warning (97.00%)
  Sensor risk: 97.00%
  Fusion    : healthy (61.18%)
  Final     : HEALTHY
  Image time: 217.47 ms

P06
  Image     : healthy (100.00%)
  Image risk: 0.00%
  Sensor    : Unhealthy / Stress warning (97.00%)
  Sensor risk: 97.00%
  Fusion    : healthy (61.20%)
  Final     : HEALTHY
  Image time: 220.47 ms

P07
  Image     : healthy (100.00%)
  Image risk: 0.00%
  Sensor    : Unhealthy / Stress warning (97.00%)
  Sensor risk: 97.00%
  Fusion    : healthy (61.20%)
  Final     : HEALTHY
  Image time: 217.73 ms

P08
  Image     : healthy (99.28%)
  Image risk: 0.72%
  Sensor    : Unhealthy / Stress warning (97.00%)
  Sensor risk: 97.00%
  Fusion    : healthy (60.77%)
  Final     : HEALTHY
  Image time: 217.81 ms

P09
  Image     : healthy (98.82%)
  Image risk: 1.18%
  Sensor    : Unhealthy / Stress warning (97.00%)
  Sensor risk: 97.00%
  Fusion    : healthy (60.49%)
  Final     : HEALTHY
  Image time: 217.63 ms

P10
  Image     : healthy (99.66%)
  Image risk: 0.34%
  Sensor    : Unhealthy / Stress warning (97.00%)
  Sensor risk: 97.00%
  Fusion    : healthy (61.00%)
  Final     : HEALTHY
  Image time: 218.08 ms

P11
  Image     : healthy (100.00%)
  Image risk: 0.00%
  Sensor    : Unhealthy / Stress warning (97.00%)
  Sensor risk: 97.00%
  Fusion    : healthy (61.20%)
  Final     : HEALTHY
  Image time: 218.65 ms

P12
  Image     : healthy (97.91%)
  Image risk: 2.09%
  Sensor    : Unhealthy / Stress warning (97.00%)
  Sensor risk: 97.00%
  Fusion    : healthy (59.94%)
  Final     : HEALTHY
  Image time: 219.13 ms

========================================
Updating SQLite predictions...
========================================
12 plant records updated.

========================================
 INFERENCE COMPLETED
========================================
Capture ID           : CAP_20260830_101503
Plants processed     : 12
Average image latency: 222.16 ms
Min image latency    : 217.47 ms
Max image latency    : 262.06 ms
Sensor latency       : 174.219 ms
Total script time    : 6443.13 ms

Predictions saved to:
/hydroponic_project/database/hydroponic.db

Processing CAP_20260830_103004

========================================
 HYDROPONIC EDGE-AI INFERENCE
========================================
Device        : cpu
Image weight  : 0.60
Sensor weight : 0.40
Threshold     : 0.50

========================================
Loading MobileNetV2...
========================================
Model       : mobilenet_v2
Classes     : ['healthy', 'unhealthy']
Class map   : {'healthy': 0, 'unhealthy': 1}
Best epoch  : 9
Load time   : 343.39 ms

========================================
Loading Random Forest sensor model...
========================================
Model       : Random Forest
Features    : ['pH', 'TDS', 'water_level', 'DHT_temp', 'DHT_humidity', 'water_temp']
Classes     : [0 1]
Class map   : {'0': 'Unhealthy / Stress warning', '1': 'Healthy'}
Load time   : 3110.75 ms

========================================
CAPTURE
========================================
Capture ID : CAP_20260830_103004
Timestamp  : 2026-08-30 10:30:04
Plants     : 12

========================================
SENSOR VALUES
========================================
pH            : 6.24
TDS           : 785.5 ppm
Water level   : OK
Air temp      : 32.2 C
Humidity      : 68.7 %
Water temp    : 29.44 C

Sensor model  : Unhealthy / Stress warning
Sensor conf.  : 97.33%
Sensor risk   : 97.33%
Sensor time   : 179.446 ms

========================================
PLANT INFERENCE
========================================

P01
  Image     : healthy (99.84%)
  Image risk: 0.16%
  Sensor    : Unhealthy / Stress warning (97.33%)
  Sensor risk: 97.33%
  Fusion    : healthy (60.97%)
  Final     : HEALTHY
  Image time: 265.12 ms

P02
  Image     : healthy (100.00%)
  Image risk: 0.00%
  Sensor    : Unhealthy / Stress warning (97.33%)
  Sensor risk: 97.33%
  Fusion    : healthy (61.07%)
  Final     : HEALTHY
  Image time: 218.69 ms

P03
  Image     : healthy (100.00%)
  Image risk: 0.00%
  Sensor    : Unhealthy / Stress warning (97.33%)
  Sensor risk: 97.33%
  Fusion    : healthy (61.06%)
  Final     : HEALTHY
  Image time: 218.25 ms

P04
  Image     : healthy (97.32%)
  Image risk: 2.68%
  Sensor    : Unhealthy / Stress warning (97.33%)
  Sensor risk: 97.33%
  Fusion    : healthy (59.46%)
  Final     : HEALTHY
  Image time: 219.18 ms

P05
  Image     : healthy (99.95%)
  Image risk: 0.05%
  Sensor    : Unhealthy / Stress warning (97.33%)
  Sensor risk: 97.33%
  Fusion    : healthy (61.03%)
  Final     : HEALTHY
  Image time: 214.87 ms

P06
  Image     : healthy (100.00%)
  Image risk: 0.00%
  Sensor    : Unhealthy / Stress warning (97.33%)
  Sensor risk: 97.33%
  Fusion    : healthy (61.07%)
  Final     : HEALTHY
  Image time: 216.23 ms

P07
  Image     : healthy (100.00%)
  Image risk: 0.00%
  Sensor    : Unhealthy / Stress warning (97.33%)
  Sensor risk: 97.33%
  Fusion    : healthy (61.07%)
  Final     : HEALTHY
  Image time: 218.82 ms

P08
  Image     : healthy (99.68%)
  Image risk: 0.32%
  Sensor    : Unhealthy / Stress warning (97.33%)
  Sensor risk: 97.33%
  Fusion    : healthy (60.88%)
  Final     : HEALTHY
  Image time: 218.74 ms

P09
  Image     : healthy (99.30%)
  Image risk: 0.70%
  Sensor    : Unhealthy / Stress warning (97.33%)
  Sensor risk: 97.33%
  Fusion    : healthy (60.65%)
  Final     : HEALTHY
  Image time: 219.03 ms

P10
  Image     : healthy (99.80%)
  Image risk: 0.20%
  Sensor    : Unhealthy / Stress warning (97.33%)
  Sensor risk: 97.33%
  Fusion    : healthy (60.94%)
  Final     : HEALTHY
  Image time: 217.23 ms

P11
  Image     : healthy (100.00%)
  Image risk: 0.00%
  Sensor    : Unhealthy / Stress warning (97.33%)
  Sensor risk: 97.33%
  Fusion    : healthy (61.07%)
  Final     : HEALTHY
  Image time: 218.08 ms

P12
  Image     : healthy (97.71%)
  Image risk: 2.29%
  Sensor    : Unhealthy / Stress warning (97.33%)
  Sensor risk: 97.33%
  Fusion    : healthy (59.69%)
  Final     : HEALTHY
  Image time: 219.22 ms

========================================
Updating SQLite predictions...
========================================
12 plant records updated.

========================================
 INFERENCE COMPLETED
========================================
Capture ID           : CAP_20260830_103004
Plants processed     : 12
Average image latency: 221.96 ms
Min image latency    : 214.87 ms
Max image latency    : 265.12 ms
Sensor latency       : 179.446 ms
Total script time    : 6457.92 ms

Predictions saved to:
/hydroponic_project/database/hydroponic.db

Processing CAP_20260830_104504

========================================
 HYDROPONIC EDGE-AI INFERENCE
========================================
Device        : cpu
Image weight  : 0.60
Sensor weight : 0.40
Threshold     : 0.50

========================================
Loading MobileNetV2...
========================================
Model       : mobilenet_v2
Classes     : ['healthy', 'unhealthy']
Class map   : {'healthy': 0, 'unhealthy': 1}
Best epoch  : 9
Load time   : 341.06 ms

========================================
Loading Random Forest sensor model...
========================================
Model       : Random Forest
Features    : ['pH', 'TDS', 'water_level', 'DHT_temp', 'DHT_humidity', 'water_temp']
Classes     : [0 1]
Class map   : {'0': 'Unhealthy / Stress warning', '1': 'Healthy'}
Load time   : 3119.66 ms

========================================
CAPTURE
========================================
Capture ID : CAP_20260830_104504
Timestamp  : 2026-08-30 10:45:04
Plants     : 12

========================================
SENSOR VALUES
========================================
pH            : 6.3
TDS           : 782.8 ppm
Water level   : OK
Air temp      : 32.2 C
Humidity      : 68.9 %
Water temp    : 29.5 C

Sensor model  : Unhealthy / Stress warning
Sensor conf.  : 97.33%
Sensor risk   : 97.33%
Sensor time   : 181.347 ms

========================================
PLANT INFERENCE
========================================

P01
  Image     : healthy (99.76%)
  Image risk: 0.24%
  Sensor    : Unhealthy / Stress warning (97.33%)
  Sensor risk: 97.33%
  Fusion    : healthy (60.92%)
  Final     : HEALTHY
  Image time: 266.32 ms

P02
  Image     : healthy (100.00%)
  Image risk: 0.00%
  Sensor    : Unhealthy / Stress warning (97.33%)
  Sensor risk: 97.33%
  Fusion    : healthy (61.07%)
  Final     : HEALTHY
  Image time: 222.63 ms

P03
  Image     : healthy (99.99%)
  Image risk: 0.01%
  Sensor    : Unhealthy / Stress warning (97.33%)
  Sensor risk: 97.33%
  Fusion    : healthy (61.06%)
  Final     : HEALTHY
  Image time: 221.07 ms

P04
  Image     : healthy (96.83%)
  Image risk: 3.17%
  Sensor    : Unhealthy / Stress warning (97.33%)
  Sensor risk: 97.33%
  Fusion    : healthy (59.17%)
  Final     : HEALTHY
  Image time: 220.60 ms

P05
  Image     : healthy (99.90%)
  Image risk: 0.10%
  Sensor    : Unhealthy / Stress warning (97.33%)
  Sensor risk: 97.33%
  Fusion    : healthy (61.01%)
  Final     : HEALTHY
  Image time: 223.25 ms

P06
  Image     : healthy (100.00%)
  Image risk: 0.00%
  Sensor    : Unhealthy / Stress warning (97.33%)
  Sensor risk: 97.33%
  Fusion    : healthy (61.07%)
  Final     : HEALTHY
  Image time: 221.88 ms

P07
  Image     : healthy (100.00%)
  Image risk: 0.00%
  Sensor    : Unhealthy / Stress warning (97.33%)
  Sensor risk: 97.33%
  Fusion    : healthy (61.07%)
  Final     : HEALTHY
  Image time: 220.89 ms

P08
  Image     : healthy (98.87%)
  Image risk: 1.13%
  Sensor    : Unhealthy / Stress warning (97.33%)
  Sensor risk: 97.33%
  Fusion    : healthy (60.39%)
  Final     : HEALTHY
  Image time: 222.02 ms

P09
  Image     : healthy (99.60%)
  Image risk: 0.40%
  Sensor    : Unhealthy / Stress warning (97.33%)
  Sensor risk: 97.33%
  Fusion    : healthy (60.82%)
  Final     : HEALTHY
  Image time: 222.00 ms

P10
  Image     : healthy (99.32%)
  Image risk: 0.68%
  Sensor    : Unhealthy / Stress warning (97.33%)
  Sensor risk: 97.33%
  Fusion    : healthy (60.66%)
  Final     : HEALTHY
  Image time: 220.66 ms

P11
  Image     : healthy (99.99%)
  Image risk: 0.01%
  Sensor    : Unhealthy / Stress warning (97.33%)
  Sensor risk: 97.33%
  Fusion    : healthy (61.06%)
  Final     : HEALTHY
  Image time: 220.60 ms

P12
  Image     : healthy (94.11%)
  Image risk: 5.89%
  Sensor    : Unhealthy / Stress warning (97.33%)
  Sensor risk: 97.33%
  Fusion    : healthy (57.53%)
  Final     : HEALTHY
  Image time: 221.24 ms

========================================
Updating SQLite predictions...
========================================
12 plant records updated.

========================================
 INFERENCE COMPLETED
========================================
Capture ID           : CAP_20260830_104504
Plants processed     : 12
Average image latency: 225.26 ms
Min image latency    : 220.60 ms
Max image latency    : 266.32 ms
Sensor latency       : 181.347 ms
Total script time    : 6509.91 ms

Predictions saved to:
/hydroponic_project/database/hydroponic.db

Processing CAP_20260830_110003

========================================
 HYDROPONIC EDGE-AI INFERENCE
========================================
Device        : cpu
Image weight  : 0.60
Sensor weight : 0.40
Threshold     : 0.50

========================================
Loading MobileNetV2...
========================================
Model       : mobilenet_v2
Classes     : ['healthy', 'unhealthy']
Class map   : {'healthy': 0, 'unhealthy': 1}
Best epoch  : 9
Load time   : 340.79 ms

========================================
Loading Random Forest sensor model...
========================================
Model       : Random Forest
Features    : ['pH', 'TDS', 'water_level', 'DHT_temp', 'DHT_humidity', 'water_temp']
Classes     : [0 1]
Class map   : {'0': 'Unhealthy / Stress warning', '1': 'Healthy'}
Load time   : 3110.94 ms

========================================
CAPTURE
========================================
Capture ID : CAP_20260830_110003
Timestamp  : 2026-08-30 11:00:03
Plants     : 12

========================================
SENSOR VALUES
========================================
pH            : 6.29
TDS           : 781.1 ppm
Water level   : OK
Air temp      : 32.2 C
Humidity      : 67.5 %
Water temp    : 29.5 C

Sensor model  : Unhealthy / Stress warning
Sensor conf.  : 97.33%
Sensor risk   : 97.33%
Sensor time   : 181.714 ms

========================================
PLANT INFERENCE
========================================

P01
  Image     : healthy (99.95%)
  Image risk: 0.05%
  Sensor    : Unhealthy / Stress warning (97.33%)
  Sensor risk: 97.33%
  Fusion    : healthy (61.04%)
  Final     : HEALTHY
  Image time: 261.87 ms

P02
  Image     : healthy (100.00%)
  Image risk: 0.00%
  Sensor    : Unhealthy / Stress warning (97.33%)
  Sensor risk: 97.33%
  Fusion    : healthy (61.07%)
  Final     : HEALTHY
  Image time: 218.99 ms

P03
  Image     : healthy (99.99%)
  Image risk: 0.01%
  Sensor    : Unhealthy / Stress warning (97.33%)
  Sensor risk: 97.33%
  Fusion    : healthy (61.06%)
  Final     : HEALTHY
  Image time: 218.81 ms

P04
  Image     : healthy (97.35%)
  Image risk: 2.65%
  Sensor    : Unhealthy / Stress warning (97.33%)
  Sensor risk: 97.33%
  Fusion    : healthy (59.48%)
  Final     : HEALTHY
  Image time: 219.72 ms

P05
  Image     : healthy (99.95%)
  Image risk: 0.05%
  Sensor    : Unhealthy / Stress warning (97.33%)
  Sensor risk: 97.33%
  Fusion    : healthy (61.04%)
  Final     : HEALTHY
  Image time: 217.75 ms

P06
  Image     : healthy (100.00%)
  Image risk: 0.00%
  Sensor    : Unhealthy / Stress warning (97.33%)
  Sensor risk: 97.33%
  Fusion    : healthy (61.07%)
  Final     : HEALTHY
  Image time: 217.14 ms

P07
  Image     : healthy (100.00%)
  Image risk: 0.00%
  Sensor    : Unhealthy / Stress warning (97.33%)
  Sensor risk: 97.33%
  Fusion    : healthy (61.07%)
  Final     : HEALTHY
  Image time: 216.80 ms

P08
  Image     : healthy (99.29%)
  Image risk: 0.71%
  Sensor    : Unhealthy / Stress warning (97.33%)
  Sensor risk: 97.33%
  Fusion    : healthy (60.64%)
  Final     : HEALTHY
  Image time: 218.63 ms

P09
  Image     : healthy (99.60%)
  Image risk: 0.40%
  Sensor    : Unhealthy / Stress warning (97.33%)
  Sensor risk: 97.33%
  Fusion    : healthy (60.83%)
  Final     : HEALTHY
  Image time: 217.78 ms

P10
  Image     : healthy (99.54%)
  Image risk: 0.46%
  Sensor    : Unhealthy / Stress warning (97.33%)
  Sensor risk: 97.33%
  Fusion    : healthy (60.79%)
  Final     : HEALTHY
  Image time: 217.61 ms

P11
  Image     : healthy (99.99%)
  Image risk: 0.01%
  Sensor    : Unhealthy / Stress warning (97.33%)
  Sensor risk: 97.33%
  Fusion    : healthy (61.06%)
  Final     : HEALTHY
  Image time: 217.96 ms

P12
  Image     : healthy (96.91%)
  Image risk: 3.09%
  Sensor    : Unhealthy / Stress warning (97.33%)
  Sensor risk: 97.33%
  Fusion    : healthy (59.21%)
  Final     : HEALTHY
  Image time: 216.62 ms

========================================
Updating SQLite predictions...
========================================
12 plant records updated.

========================================
 INFERENCE COMPLETED
========================================
Capture ID           : CAP_20260830_110003
Plants processed     : 12
Average image latency: 221.64 ms
Min image latency    : 216.62 ms
Max image latency    : 261.87 ms
Sensor latency       : 181.714 ms
Total script time    : 6448.25 ms

Predictions saved to:
/hydroponic_project/database/hydroponic.db

Processing CAP_20260830_111504

========================================
 HYDROPONIC EDGE-AI INFERENCE
========================================
Device        : cpu
Image weight  : 0.60
Sensor weight : 0.40
Threshold     : 0.50

========================================
Loading MobileNetV2...
========================================
Model       : mobilenet_v2
Classes     : ['healthy', 'unhealthy']
Class map   : {'healthy': 0, 'unhealthy': 1}
Best epoch  : 9
Load time   : 342.76 ms

========================================
Loading Random Forest sensor model...
========================================
Model       : Random Forest
Features    : ['pH', 'TDS', 'water_level', 'DHT_temp', 'DHT_humidity', 'water_temp']
Classes     : [0 1]
Class map   : {'0': 'Unhealthy / Stress warning', '1': 'Healthy'}
Load time   : 3111.06 ms

========================================
CAPTURE
========================================
Capture ID : CAP_20260830_111504
Timestamp  : 2026-08-30 11:15:04
Plants     : 12

========================================
SENSOR VALUES
========================================
pH            : 6.29
TDS           : 778.2 ppm
Water level   : OK
Air temp      : 32.5 C
Humidity      : 68.3 %
Water temp    : 29.56 C

Sensor model  : Unhealthy / Stress warning
Sensor conf.  : 97.33%
Sensor risk   : 97.33%
Sensor time   : 181.422 ms

========================================
PLANT INFERENCE
========================================

P01
  Image     : healthy (99.96%)
  Image risk: 0.04%
  Sensor    : Unhealthy / Stress warning (97.33%)
  Sensor risk: 97.33%
  Fusion    : healthy (61.04%)
  Final     : HEALTHY
  Image time: 262.15 ms

P02
  Image     : healthy (100.00%)
  Image risk: 0.00%
  Sensor    : Unhealthy / Stress warning (97.33%)
  Sensor risk: 97.33%
  Fusion    : healthy (61.07%)
  Final     : HEALTHY
  Image time: 217.30 ms

P03
  Image     : healthy (100.00%)
  Image risk: 0.00%
  Sensor    : Unhealthy / Stress warning (97.33%)
  Sensor risk: 97.33%
  Fusion    : healthy (61.06%)
  Final     : HEALTHY
  Image time: 217.69 ms

P04
  Image     : healthy (94.87%)
  Image risk: 5.13%
  Sensor    : Unhealthy / Stress warning (97.33%)
  Sensor risk: 97.33%
  Fusion    : healthy (57.99%)
  Final     : HEALTHY
  Image time: 216.73 ms

P05
  Image     : healthy (99.99%)
  Image risk: 0.01%
  Sensor    : Unhealthy / Stress warning (97.33%)
  Sensor risk: 97.33%
  Fusion    : healthy (61.06%)
  Final     : HEALTHY
  Image time: 217.50 ms

P06
  Image     : healthy (100.00%)
  Image risk: 0.00%
  Sensor    : Unhealthy / Stress warning (97.33%)
  Sensor risk: 97.33%
  Fusion    : healthy (61.07%)
  Final     : HEALTHY
  Image time: 216.97 ms

P07
  Image     : healthy (100.00%)
  Image risk: 0.00%
  Sensor    : Unhealthy / Stress warning (97.33%)
  Sensor risk: 97.33%
  Fusion    : healthy (61.07%)
  Final     : HEALTHY
  Image time: 225.07 ms

P08
  Image     : healthy (97.81%)
  Image risk: 2.19%
  Sensor    : Unhealthy / Stress warning (97.33%)
  Sensor risk: 97.33%
  Fusion    : healthy (59.76%)
  Final     : HEALTHY
  Image time: 218.43 ms

P09
  Image     : healthy (99.78%)
  Image risk: 0.22%
  Sensor    : Unhealthy / Stress warning (97.33%)
  Sensor risk: 97.33%
  Fusion    : healthy (60.94%)
  Final     : HEALTHY
  Image time: 217.63 ms

P10
  Image     : healthy (99.67%)
  Image risk: 0.33%
  Sensor    : Unhealthy / Stress warning (97.33%)
  Sensor risk: 97.33%
  Fusion    : healthy (60.87%)
  Final     : HEALTHY
  Image time: 218.95 ms

P11
  Image     : healthy (99.93%)
  Image risk: 0.07%
  Sensor    : Unhealthy / Stress warning (97.33%)
  Sensor risk: 97.33%
  Fusion    : healthy (61.02%)
  Final     : HEALTHY
  Image time: 217.27 ms

P12
  Image     : healthy (95.44%)
  Image risk: 4.56%
  Sensor    : Unhealthy / Stress warning (97.33%)
  Sensor risk: 97.33%
  Fusion    : healthy (58.33%)
  Final     : HEALTHY
  Image time: 222.62 ms

========================================
Updating SQLite predictions...
========================================
12 plant records updated.

========================================
 INFERENCE COMPLETED
========================================
Capture ID           : CAP_20260830_111504
Plants processed     : 12
Average image latency: 222.36 ms
Min image latency    : 216.73 ms
Max image latency    : 262.15 ms
Sensor latency       : 181.422 ms
Total script time    : 6457.99 ms

Predictions saved to:
/hydroponic_project/database/hydroponic.db

Processing CAP_20260830_113004

========================================
 HYDROPONIC EDGE-AI INFERENCE
========================================
Device        : cpu
Image weight  : 0.60
Sensor weight : 0.40
Threshold     : 0.50

========================================
Loading MobileNetV2...
========================================
Model       : mobilenet_v2
Classes     : ['healthy', 'unhealthy']
Class map   : {'healthy': 0, 'unhealthy': 1}
Best epoch  : 9
Load time   : 341.64 ms

========================================
Loading Random Forest sensor model...
========================================
Model       : Random Forest
Features    : ['pH', 'TDS', 'water_level', 'DHT_temp', 'DHT_humidity', 'water_temp']
Classes     : [0 1]
Class map   : {'0': 'Unhealthy / Stress warning', '1': 'Healthy'}
Load time   : 3146.49 ms

========================================
CAPTURE
========================================
Capture ID : CAP_20260830_113004
Timestamp  : 2026-08-30 11:30:04
Plants     : 12

========================================
SENSOR VALUES
========================================
pH            : 6.31
TDS           : 774.3 ppm
Water level   : OK
Air temp      : 32.6 C
Humidity      : 67.3 %
Water temp    : 29.69 C

Sensor model  : Unhealthy / Stress warning
Sensor conf.  : 97.33%
Sensor risk   : 97.33%
Sensor time   : 176.370 ms

========================================
PLANT INFERENCE
========================================

P01
  Image     : healthy (99.93%)
  Image risk: 0.07%
  Sensor    : Unhealthy / Stress warning (97.33%)
  Sensor risk: 97.33%
  Fusion    : healthy (61.03%)
  Final     : HEALTHY
  Image time: 267.74 ms

P02
  Image     : healthy (100.00%)
  Image risk: 0.00%
  Sensor    : Unhealthy / Stress warning (97.33%)
  Sensor risk: 97.33%
  Fusion    : healthy (61.07%)
  Final     : HEALTHY
  Image time: 228.56 ms

P03
  Image     : healthy (100.00%)
  Image risk: 0.00%
  Sensor    : Unhealthy / Stress warning (97.33%)
  Sensor risk: 97.33%
  Fusion    : healthy (61.06%)
  Final     : HEALTHY
  Image time: 223.32 ms

P04
  Image     : healthy (98.52%)
  Image risk: 1.48%
  Sensor    : Unhealthy / Stress warning (97.33%)
  Sensor risk: 97.33%
  Fusion    : healthy (60.18%)
  Final     : HEALTHY
  Image time: 224.32 ms

P05
  Image     : healthy (99.94%)
  Image risk: 0.06%
  Sensor    : Unhealthy / Stress warning (97.33%)
  Sensor risk: 97.33%
  Fusion    : healthy (61.03%)
  Final     : HEALTHY
  Image time: 216.86 ms

P06
  Image     : healthy (100.00%)
  Image risk: 0.00%
  Sensor    : Unhealthy / Stress warning (97.33%)
  Sensor risk: 97.33%
  Fusion    : healthy (61.07%)
  Final     : HEALTHY
  Image time: 225.87 ms

P07
  Image     : healthy (100.00%)
  Image risk: 0.00%
  Sensor    : Unhealthy / Stress warning (97.33%)
  Sensor risk: 97.33%
  Fusion    : healthy (61.07%)
  Final     : HEALTHY
  Image time: 220.79 ms

P08
  Image     : healthy (99.20%)
  Image risk: 0.80%
  Sensor    : Unhealthy / Stress warning (97.33%)
  Sensor risk: 97.33%
  Fusion    : healthy (60.59%)
  Final     : HEALTHY
  Image time: 222.18 ms

P09
  Image     : healthy (99.69%)
  Image risk: 0.31%
  Sensor    : Unhealthy / Stress warning (97.33%)
  Sensor risk: 97.33%
  Fusion    : healthy (60.88%)
  Final     : HEALTHY
  Image time: 221.72 ms

P10
  Image     : healthy (99.74%)
  Image risk: 0.26%
  Sensor    : Unhealthy / Stress warning (97.33%)
  Sensor risk: 97.33%
  Fusion    : healthy (60.91%)
  Final     : HEALTHY
  Image time: 220.61 ms

P11
  Image     : healthy (99.99%)
  Image risk: 0.01%
  Sensor    : Unhealthy / Stress warning (97.33%)
  Sensor risk: 97.33%
  Fusion    : healthy (61.06%)
  Final     : HEALTHY
  Image time: 222.05 ms

P12
  Image     : healthy (98.14%)
  Image risk: 1.86%
  Sensor    : Unhealthy / Stress warning (97.33%)
  Sensor risk: 97.33%
  Fusion    : healthy (59.95%)
  Final     : HEALTHY
  Image time: 221.12 ms

========================================
Updating SQLite predictions...
========================================
12 plant records updated.

========================================
 INFERENCE COMPLETED
========================================
Capture ID           : CAP_20260830_113004
Plants processed     : 12
Average image latency: 226.26 ms
Min image latency    : 216.86 ms
Max image latency    : 267.74 ms
Sensor latency       : 176.370 ms
Total script time    : 6528.37 ms

Predictions saved to:
/hydroponic_project/database/hydroponic.db

Processing CAP_20260830_114504

========================================
 HYDROPONIC EDGE-AI INFERENCE
========================================
Device        : cpu
Image weight  : 0.60
Sensor weight : 0.40
Threshold     : 0.50

========================================
Loading MobileNetV2...
========================================
Model       : mobilenet_v2
Classes     : ['healthy', 'unhealthy']
Class map   : {'healthy': 0, 'unhealthy': 1}
Best epoch  : 9
Load time   : 338.86 ms

========================================
Loading Random Forest sensor model...
========================================
Model       : Random Forest
Features    : ['pH', 'TDS', 'water_level', 'DHT_temp', 'DHT_humidity', 'water_temp']
Classes     : [0 1]
Class map   : {'0': 'Unhealthy / Stress warning', '1': 'Healthy'}
Load time   : 3106.56 ms

========================================
CAPTURE
========================================
Capture ID : CAP_20260830_114504
Timestamp  : 2026-08-30 11:45:04
Plants     : 12

========================================
SENSOR VALUES
========================================
pH            : 6.34
TDS           : 772.7 ppm
Water level   : OK
Air temp      : 32.7 C
Humidity      : 65.6 %
Water temp    : 29.75 C

Sensor model  : Unhealthy / Stress warning
Sensor conf.  : 98.67%
Sensor risk   : 98.67%
Sensor time   : 171.541 ms

========================================
PLANT INFERENCE
========================================

P01
  Image     : healthy (99.96%)
  Image risk: 0.04%
  Sensor    : Unhealthy / Stress warning (98.67%)
  Sensor risk: 98.67%
  Fusion    : healthy (60.51%)
  Final     : HEALTHY
  Image time: 264.47 ms

P02
  Image     : healthy (100.00%)
  Image risk: 0.00%
  Sensor    : Unhealthy / Stress warning (98.67%)
  Sensor risk: 98.67%
  Fusion    : healthy (60.53%)
  Final     : HEALTHY
  Image time: 218.55 ms

P03
  Image     : healthy (99.99%)
  Image risk: 0.01%
  Sensor    : Unhealthy / Stress warning (98.67%)
  Sensor risk: 98.67%
  Fusion    : healthy (60.53%)
  Final     : HEALTHY
  Image time: 217.21 ms

P04
  Image     : healthy (99.19%)
  Image risk: 0.81%
  Sensor    : Unhealthy / Stress warning (98.67%)
  Sensor risk: 98.67%
  Fusion    : healthy (60.05%)
  Final     : HEALTHY
  Image time: 222.33 ms

P05
  Image     : healthy (99.91%)
  Image risk: 0.09%
  Sensor    : Unhealthy / Stress warning (98.67%)
  Sensor risk: 98.67%
  Fusion    : healthy (60.48%)
  Final     : HEALTHY
  Image time: 222.64 ms

P06
  Image     : healthy (100.00%)
  Image risk: 0.00%
  Sensor    : Unhealthy / Stress warning (98.67%)
  Sensor risk: 98.67%
  Fusion    : healthy (60.53%)
  Final     : HEALTHY
  Image time: 218.86 ms

P07
  Image     : healthy (100.00%)
  Image risk: 0.00%
  Sensor    : Unhealthy / Stress warning (98.67%)
  Sensor risk: 98.67%
  Fusion    : healthy (60.53%)
  Final     : HEALTHY
  Image time: 216.18 ms

P08
  Image     : healthy (98.57%)
  Image risk: 1.43%
  Sensor    : Unhealthy / Stress warning (98.67%)
  Sensor risk: 98.67%
  Fusion    : healthy (59.67%)
  Final     : HEALTHY
  Image time: 217.29 ms

P09
  Image     : healthy (99.77%)
  Image risk: 0.23%
  Sensor    : Unhealthy / Stress warning (98.67%)
  Sensor risk: 98.67%
  Fusion    : healthy (60.39%)
  Final     : HEALTHY
  Image time: 220.76 ms

P10
  Image     : healthy (99.66%)
  Image risk: 0.34%
  Sensor    : Unhealthy / Stress warning (98.67%)
  Sensor risk: 98.67%
  Fusion    : healthy (60.33%)
  Final     : HEALTHY
  Image time: 221.37 ms

P11
  Image     : healthy (99.99%)
  Image risk: 0.01%
  Sensor    : Unhealthy / Stress warning (98.67%)
  Sensor risk: 98.67%
  Fusion    : healthy (60.52%)
  Final     : HEALTHY
  Image time: 216.65 ms

P12
  Image     : healthy (93.19%)
  Image risk: 6.81%
  Sensor    : Unhealthy / Stress warning (98.67%)
  Sensor risk: 98.67%
  Fusion    : healthy (56.45%)
  Final     : HEALTHY
  Image time: 218.17 ms

========================================
Updating SQLite predictions...
========================================
12 plant records updated.

========================================
 INFERENCE COMPLETED
========================================
Capture ID           : CAP_20260830_114504
Plants processed     : 12
Average image latency: 222.87 ms
Min image latency    : 216.18 ms
Max image latency    : 264.47 ms
Sensor latency       : 171.541 ms
Total script time    : 6454.57 ms

Predictions saved to:
/hydroponic_project/database/hydroponic.db

Processing CAP_20260830_120003

========================================
 HYDROPONIC EDGE-AI INFERENCE
========================================
Device        : cpu
Image weight  : 0.60
Sensor weight : 0.40
Threshold     : 0.50

========================================
Loading MobileNetV2...
========================================
Model       : mobilenet_v2
Classes     : ['healthy', 'unhealthy']
Class map   : {'healthy': 0, 'unhealthy': 1}
Best epoch  : 9
Load time   : 341.85 ms

========================================
Loading Random Forest sensor model...
========================================
Model       : Random Forest
Features    : ['pH', 'TDS', 'water_level', 'DHT_temp', 'DHT_humidity', 'water_temp']
Classes     : [0 1]
Class map   : {'0': 'Unhealthy / Stress warning', '1': 'Healthy'}
Load time   : 3111.94 ms

========================================
CAPTURE
========================================
Capture ID : CAP_20260830_120003
Timestamp  : 2026-08-30 12:00:03
Plants     : 12

========================================
SENSOR VALUES
========================================
pH            : 6.43
TDS           : 769.5 ppm
Water level   : OK
Air temp      : 33.0 C
Humidity      : 63.7 %
Water temp    : 29.87 C

Sensor model  : Unhealthy / Stress warning
Sensor conf.  : 99.33%
Sensor risk   : 99.33%
Sensor time   : 180.196 ms

========================================
PLANT INFERENCE
========================================

P01
  Image     : healthy (99.99%)
  Image risk: 0.01%
  Sensor    : Unhealthy / Stress warning (99.33%)
  Sensor risk: 99.33%
  Fusion    : healthy (60.26%)
  Final     : HEALTHY
  Image time: 260.89 ms

P02
  Image     : healthy (100.00%)
  Image risk: 0.00%
  Sensor    : Unhealthy / Stress warning (99.33%)
  Sensor risk: 99.33%
  Fusion    : healthy (60.27%)
  Final     : HEALTHY
  Image time: 217.32 ms

P03
  Image     : healthy (100.00%)
  Image risk: 0.00%
  Sensor    : Unhealthy / Stress warning (99.33%)
  Sensor risk: 99.33%
  Fusion    : healthy (60.27%)
  Final     : HEALTHY
  Image time: 215.65 ms

P04
  Image     : healthy (98.64%)
  Image risk: 1.36%
  Sensor    : Unhealthy / Stress warning (99.33%)
  Sensor risk: 99.33%
  Fusion    : healthy (59.45%)
  Final     : HEALTHY
  Image time: 218.93 ms

P05
  Image     : healthy (99.92%)
  Image risk: 0.08%
  Sensor    : Unhealthy / Stress warning (99.33%)
  Sensor risk: 99.33%
  Fusion    : healthy (60.22%)
  Final     : HEALTHY
  Image time: 216.83 ms

P06
  Image     : healthy (100.00%)
  Image risk: 0.00%
  Sensor    : Unhealthy / Stress warning (99.33%)
  Sensor risk: 99.33%
  Fusion    : healthy (60.27%)
  Final     : HEALTHY
  Image time: 216.33 ms

P07
  Image     : healthy (100.00%)
  Image risk: 0.00%
  Sensor    : Unhealthy / Stress warning (99.33%)
  Sensor risk: 99.33%
  Fusion    : healthy (60.27%)
  Final     : HEALTHY
  Image time: 218.83 ms

P08
  Image     : healthy (97.79%)
  Image risk: 2.21%
  Sensor    : Unhealthy / Stress warning (99.33%)
  Sensor risk: 99.33%
  Fusion    : healthy (58.94%)
  Final     : HEALTHY
  Image time: 217.65 ms

P09
  Image     : healthy (99.90%)
  Image risk: 0.10%
  Sensor    : Unhealthy / Stress warning (99.33%)
  Sensor risk: 99.33%
  Fusion    : healthy (60.21%)
  Final     : HEALTHY
  Image time: 217.98 ms

P10
  Image     : healthy (99.69%)
  Image risk: 0.31%
  Sensor    : Unhealthy / Stress warning (99.33%)
  Sensor risk: 99.33%
  Fusion    : healthy (60.08%)
  Final     : HEALTHY
  Image time: 217.32 ms

P11
  Image     : healthy (99.98%)
  Image risk: 0.02%
  Sensor    : Unhealthy / Stress warning (99.33%)
  Sensor risk: 99.33%
  Fusion    : healthy (60.26%)
  Final     : HEALTHY
  Image time: 216.40 ms

P12
  Image     : healthy (92.28%)
  Image risk: 7.72%
  Sensor    : Unhealthy / Stress warning (99.33%)
  Sensor risk: 99.33%
  Fusion    : healthy (55.63%)
  Final     : HEALTHY
  Image time: 216.78 ms

========================================
Updating SQLite predictions...
========================================
12 plant records updated.

========================================
 INFERENCE COMPLETED
========================================
Capture ID           : CAP_20260830_120003
Plants processed     : 12
Average image latency: 220.91 ms
Min image latency    : 215.65 ms
Max image latency    : 260.89 ms
Sensor latency       : 180.196 ms
Total script time    : 6422.44 ms

Predictions saved to:
/hydroponic_project/database/hydroponic.db

Processing CAP_20260830_121504

========================================
 HYDROPONIC EDGE-AI INFERENCE
========================================
Device        : cpu
Image weight  : 0.60
Sensor weight : 0.40
Threshold     : 0.50

========================================
Loading MobileNetV2...
========================================
Model       : mobilenet_v2
Classes     : ['healthy', 'unhealthy']
Class map   : {'healthy': 0, 'unhealthy': 1}
Best epoch  : 9
Load time   : 345.27 ms

========================================
Loading Random Forest sensor model...
========================================
Model       : Random Forest
Features    : ['pH', 'TDS', 'water_level', 'DHT_temp', 'DHT_humidity', 'water_temp']
Classes     : [0 1]
Class map   : {'0': 'Unhealthy / Stress warning', '1': 'Healthy'}
Load time   : 3113.09 ms

========================================
CAPTURE
========================================
Capture ID : CAP_20260830_121504
Timestamp  : 2026-08-30 12:15:04
Plants     : 12

========================================
SENSOR VALUES
========================================
pH            : 6.42
TDS           : 766.4 ppm
Water level   : OK
Air temp      : 32.9 C
Humidity      : 64.5 %
Water temp    : 29.94 C

Sensor model  : Unhealthy / Stress warning
Sensor conf.  : 99.00%
Sensor risk   : 99.00%
Sensor time   : 172.644 ms

========================================
PLANT INFERENCE
========================================

P01
  Image     : healthy (99.99%)
  Image risk: 0.01%
  Sensor    : Unhealthy / Stress warning (99.00%)
  Sensor risk: 99.00%
  Fusion    : healthy (60.39%)
  Final     : HEALTHY
  Image time: 263.78 ms

P02
  Image     : healthy (100.00%)
  Image risk: 0.00%
  Sensor    : Unhealthy / Stress warning (99.00%)
  Sensor risk: 99.00%
  Fusion    : healthy (60.40%)
  Final     : HEALTHY
  Image time: 219.21 ms

P03
  Image     : healthy (100.00%)
  Image risk: 0.00%
  Sensor    : Unhealthy / Stress warning (99.00%)
  Sensor risk: 99.00%
  Fusion    : healthy (60.40%)
  Final     : HEALTHY
  Image time: 218.15 ms

P04
  Image     : healthy (98.44%)
  Image risk: 1.56%
  Sensor    : Unhealthy / Stress warning (99.00%)
  Sensor risk: 99.00%
  Fusion    : healthy (59.47%)
  Final     : HEALTHY
  Image time: 220.49 ms

P05
  Image     : healthy (99.98%)
  Image risk: 0.02%
  Sensor    : Unhealthy / Stress warning (99.00%)
  Sensor risk: 99.00%
  Fusion    : healthy (60.39%)
  Final     : HEALTHY
  Image time: 218.36 ms

P06
  Image     : healthy (100.00%)
  Image risk: 0.00%
  Sensor    : Unhealthy / Stress warning (99.00%)
  Sensor risk: 99.00%
  Fusion    : healthy (60.40%)
  Final     : HEALTHY
  Image time: 219.36 ms

P07
  Image     : healthy (100.00%)
  Image risk: 0.00%
  Sensor    : Unhealthy / Stress warning (99.00%)
  Sensor risk: 99.00%
  Fusion    : healthy (60.40%)
  Final     : HEALTHY
  Image time: 215.88 ms

P08
  Image     : healthy (98.50%)
  Image risk: 1.50%
  Sensor    : Unhealthy / Stress warning (99.00%)
  Sensor risk: 99.00%
  Fusion    : healthy (59.50%)
  Final     : HEALTHY
  Image time: 221.19 ms

P09
  Image     : healthy (99.76%)
  Image risk: 0.24%
  Sensor    : Unhealthy / Stress warning (99.00%)
  Sensor risk: 99.00%
  Fusion    : healthy (60.26%)
  Final     : HEALTHY
  Image time: 217.03 ms

P10
  Image     : healthy (99.89%)
  Image risk: 0.11%
  Sensor    : Unhealthy / Stress warning (99.00%)
  Sensor risk: 99.00%
  Fusion    : healthy (60.33%)
  Final     : HEALTHY
  Image time: 216.71 ms

P11
  Image     : healthy (99.98%)
  Image risk: 0.02%
  Sensor    : Unhealthy / Stress warning (99.00%)
  Sensor risk: 99.00%
  Fusion    : healthy (60.39%)
  Final     : HEALTHY
  Image time: 217.52 ms

P12
  Image     : healthy (97.07%)
  Image risk: 2.93%
  Sensor    : Unhealthy / Stress warning (99.00%)
  Sensor risk: 99.00%
  Fusion    : healthy (58.64%)
  Final     : HEALTHY
  Image time: 219.01 ms

========================================
Updating SQLite predictions...
========================================
12 plant records updated.

========================================
 INFERENCE COMPLETED
========================================
Capture ID           : CAP_20260830_121504
Plants processed     : 12
Average image latency: 222.22 ms
Min image latency    : 215.88 ms
Max image latency    : 263.78 ms
Sensor latency       : 172.644 ms
Total script time    : 6431.76 ms

Predictions saved to:
/hydroponic_project/database/hydroponic.db

Processing CAP_20260830_123004

========================================
 HYDROPONIC EDGE-AI INFERENCE
========================================
Device        : cpu
Image weight  : 0.60
Sensor weight : 0.40
Threshold     : 0.50

========================================
Loading MobileNetV2...
========================================
Model       : mobilenet_v2
Classes     : ['healthy', 'unhealthy']
Class map   : {'healthy': 0, 'unhealthy': 1}
Best epoch  : 9
Load time   : 341.06 ms

========================================
Loading Random Forest sensor model...
========================================
Model       : Random Forest
Features    : ['pH', 'TDS', 'water_level', 'DHT_temp', 'DHT_humidity', 'water_temp']
Classes     : [0 1]
Class map   : {'0': 'Unhealthy / Stress warning', '1': 'Healthy'}
Load time   : 3102.70 ms

========================================
CAPTURE
========================================
Capture ID : CAP_20260830_123004
Timestamp  : 2026-08-30 12:30:04
Plants     : 12

========================================
SENSOR VALUES
========================================
pH            : 6.44
TDS           : 763.6 ppm
Water level   : OK
Air temp      : 32.9 C
Humidity      : 64.2 %
Water temp    : 30.0 C

Sensor model  : Unhealthy / Stress warning
Sensor conf.  : 99.33%
Sensor risk   : 99.33%
Sensor time   : 171.561 ms

========================================
PLANT INFERENCE
========================================

P01
  Image     : healthy (99.99%)
  Image risk: 0.01%
  Sensor    : Unhealthy / Stress warning (99.33%)
  Sensor risk: 99.33%
  Fusion    : healthy (60.26%)
  Final     : HEALTHY
  Image time: 269.58 ms

P02
  Image     : healthy (100.00%)
  Image risk: 0.00%
  Sensor    : Unhealthy / Stress warning (99.33%)
  Sensor risk: 99.33%
  Fusion    : healthy (60.27%)
  Final     : HEALTHY
  Image time: 219.35 ms

P03
  Image     : healthy (100.00%)
  Image risk: 0.00%
  Sensor    : Unhealthy / Stress warning (99.33%)
  Sensor risk: 99.33%
  Fusion    : healthy (60.27%)
  Final     : HEALTHY
  Image time: 221.82 ms

P04
  Image     : healthy (98.91%)
  Image risk: 1.09%
  Sensor    : Unhealthy / Stress warning (99.33%)
  Sensor risk: 99.33%
  Fusion    : healthy (59.61%)
  Final     : HEALTHY
  Image time: 219.92 ms

P05
  Image     : healthy (99.96%)
  Image risk: 0.04%
  Sensor    : Unhealthy / Stress warning (99.33%)
  Sensor risk: 99.33%
  Fusion    : healthy (60.24%)
  Final     : HEALTHY
  Image time: 218.74 ms

P06
  Image     : healthy (100.00%)
  Image risk: 0.00%
  Sensor    : Unhealthy / Stress warning (99.33%)
  Sensor risk: 99.33%
  Fusion    : healthy (60.27%)
  Final     : HEALTHY
  Image time: 218.74 ms

P07
  Image     : healthy (100.00%)
  Image risk: 0.00%
  Sensor    : Unhealthy / Stress warning (99.33%)
  Sensor risk: 99.33%
  Fusion    : healthy (60.27%)
  Final     : HEALTHY
  Image time: 219.20 ms

P08
  Image     : healthy (98.61%)
  Image risk: 1.39%
  Sensor    : Unhealthy / Stress warning (99.33%)
  Sensor risk: 99.33%
  Fusion    : healthy (59.43%)
  Final     : HEALTHY
  Image time: 218.17 ms

P09
  Image     : healthy (99.45%)
  Image risk: 0.55%
  Sensor    : Unhealthy / Stress warning (99.33%)
  Sensor risk: 99.33%
  Fusion    : healthy (59.94%)
  Final     : HEALTHY
  Image time: 218.51 ms

P10
  Image     : healthy (99.72%)
  Image risk: 0.28%
  Sensor    : Unhealthy / Stress warning (99.33%)
  Sensor risk: 99.33%
  Fusion    : healthy (60.10%)
  Final     : HEALTHY
  Image time: 218.40 ms

P11
  Image     : healthy (99.96%)
  Image risk: 0.04%
  Sensor    : Unhealthy / Stress warning (99.33%)
  Sensor risk: 99.33%
  Fusion    : healthy (60.24%)
  Final     : HEALTHY
  Image time: 218.42 ms

P12
  Image     : healthy (96.89%)
  Image risk: 3.11%
  Sensor    : Unhealthy / Stress warning (99.33%)
  Sensor risk: 99.33%
  Fusion    : healthy (58.40%)
  Final     : HEALTHY
  Image time: 220.80 ms

========================================
Updating SQLite predictions...
========================================
12 plant records updated.

========================================
 INFERENCE COMPLETED
========================================
Capture ID           : CAP_20260830_123004
Plants processed     : 12
Average image latency: 223.47 ms
Min image latency    : 218.17 ms
Max image latency    : 269.58 ms
Sensor latency       : 171.561 ms
Total script time    : 6437.51 ms

Predictions saved to:
/hydroponic_project/database/hydroponic.db

Processing CAP_20260830_124503

========================================
 HYDROPONIC EDGE-AI INFERENCE
========================================
Device        : cpu
Image weight  : 0.60
Sensor weight : 0.40
Threshold     : 0.50

========================================
Loading MobileNetV2...
========================================
Model       : mobilenet_v2
Classes     : ['healthy', 'unhealthy']
Class map   : {'healthy': 0, 'unhealthy': 1}
Best epoch  : 9
Load time   : 344.63 ms

========================================
Loading Random Forest sensor model...
========================================
Model       : Random Forest
Features    : ['pH', 'TDS', 'water_level', 'DHT_temp', 'DHT_humidity', 'water_temp']
Classes     : [0 1]
Class map   : {'0': 'Unhealthy / Stress warning', '1': 'Healthy'}
Load time   : 3121.71 ms

========================================
CAPTURE
========================================
Capture ID : CAP_20260830_124503
Timestamp  : 2026-08-30 12:45:03
Plants     : 12

========================================
SENSOR VALUES
========================================
pH            : 6.42
TDS           : 760.6 ppm
Water level   : OK
Air temp      : 32.9 C
Humidity      : 64.1 %
Water temp    : 30.06 C

Sensor model  : Unhealthy / Stress warning
Sensor conf.  : 99.33%
Sensor risk   : 99.33%
Sensor time   : 172.514 ms

========================================
PLANT INFERENCE
========================================

P01
  Image     : healthy (99.99%)
  Image risk: 0.01%
  Sensor    : Unhealthy / Stress warning (99.33%)
  Sensor risk: 99.33%
  Fusion    : healthy (60.26%)
  Final     : HEALTHY
  Image time: 262.35 ms

P02
  Image     : healthy (100.00%)
  Image risk: 0.00%
  Sensor    : Unhealthy / Stress warning (99.33%)
  Sensor risk: 99.33%
  Fusion    : healthy (60.27%)
  Final     : HEALTHY
  Image time: 221.58 ms

P03
  Image     : healthy (100.00%)
  Image risk: 0.00%
  Sensor    : Unhealthy / Stress warning (99.33%)
  Sensor risk: 99.33%
  Fusion    : healthy (60.27%)
  Final     : HEALTHY
  Image time: 217.64 ms

P04
  Image     : healthy (99.37%)
  Image risk: 0.63%
  Sensor    : Unhealthy / Stress warning (99.33%)
  Sensor risk: 99.33%
  Fusion    : healthy (59.89%)
  Final     : HEALTHY
  Image time: 217.81 ms

P05
  Image     : healthy (99.93%)
  Image risk: 0.07%
  Sensor    : Unhealthy / Stress warning (99.33%)
  Sensor risk: 99.33%
  Fusion    : healthy (60.23%)
  Final     : HEALTHY
  Image time: 217.21 ms

P06
  Image     : healthy (100.00%)
  Image risk: 0.00%
  Sensor    : Unhealthy / Stress warning (99.33%)
  Sensor risk: 99.33%
  Fusion    : healthy (60.27%)
  Final     : HEALTHY
  Image time: 218.27 ms

P07
  Image     : healthy (100.00%)
  Image risk: 0.00%
  Sensor    : Unhealthy / Stress warning (99.33%)
  Sensor risk: 99.33%
  Fusion    : healthy (60.27%)
  Final     : HEALTHY
  Image time: 221.86 ms

P08
  Image     : healthy (97.77%)
  Image risk: 2.23%
  Sensor    : Unhealthy / Stress warning (99.33%)
  Sensor risk: 99.33%
  Fusion    : healthy (58.93%)
  Final     : HEALTHY
  Image time: 215.81 ms

P09
  Image     : healthy (99.46%)
  Image risk: 0.54%
  Sensor    : Unhealthy / Stress warning (99.33%)
  Sensor risk: 99.33%
  Fusion    : healthy (59.94%)
  Final     : HEALTHY
  Image time: 215.88 ms

P10
  Image     : healthy (99.54%)
  Image risk: 0.46%
  Sensor    : Unhealthy / Stress warning (99.33%)
  Sensor risk: 99.33%
  Fusion    : healthy (59.99%)
  Final     : HEALTHY
  Image time: 218.81 ms

P11
  Image     : healthy (99.94%)
  Image risk: 0.06%
  Sensor    : Unhealthy / Stress warning (99.33%)
  Sensor risk: 99.33%
  Fusion    : healthy (60.23%)
  Final     : HEALTHY
  Image time: 218.93 ms

P12
  Image     : healthy (94.72%)
  Image risk: 5.28%
  Sensor    : Unhealthy / Stress warning (99.33%)
  Sensor risk: 99.33%
  Fusion    : healthy (57.10%)
  Final     : HEALTHY
  Image time: 216.75 ms

========================================
Updating SQLite predictions...
========================================
12 plant records updated.

========================================
 INFERENCE COMPLETED
========================================
Capture ID           : CAP_20260830_124503
Plants processed     : 12
Average image latency: 221.91 ms
Min image latency    : 215.81 ms
Max image latency    : 262.35 ms
Sensor latency       : 172.514 ms
Total script time    : 6439.27 ms

Predictions saved to:
/hydroponic_project/database/hydroponic.db

Processing CAP_20260830_130004

========================================
 HYDROPONIC EDGE-AI INFERENCE
========================================
Device        : cpu
Image weight  : 0.60
Sensor weight : 0.40
Threshold     : 0.50

========================================
Loading MobileNetV2...
========================================
Model       : mobilenet_v2
Classes     : ['healthy', 'unhealthy']
Class map   : {'healthy': 0, 'unhealthy': 1}
Best epoch  : 9
Load time   : 352.02 ms

========================================
Loading Random Forest sensor model...
========================================
Model       : Random Forest
Features    : ['pH', 'TDS', 'water_level', 'DHT_temp', 'DHT_humidity', 'water_temp']
Classes     : [0 1]
Class map   : {'0': 'Unhealthy / Stress warning', '1': 'Healthy'}
Load time   : 3138.23 ms

========================================
CAPTURE
========================================
Capture ID : CAP_20260830_130004
Timestamp  : 2026-08-30 13:00:04
Plants     : 12

========================================
SENSOR VALUES
========================================
pH            : 6.43
TDS           : 758.5 ppm
Water level   : OK
Air temp      : 32.7 C
Humidity      : 64.4 %
Water temp    : 30.06 C

Sensor model  : Unhealthy / Stress warning
Sensor conf.  : 99.00%
Sensor risk   : 99.00%
Sensor time   : 181.848 ms

========================================
PLANT INFERENCE
========================================

P01
  Image     : healthy (99.99%)
  Image risk: 0.01%
  Sensor    : Unhealthy / Stress warning (99.00%)
  Sensor risk: 99.00%
  Fusion    : healthy (60.39%)
  Final     : HEALTHY
  Image time: 264.59 ms

P02
  Image     : healthy (100.00%)
  Image risk: 0.00%
  Sensor    : Unhealthy / Stress warning (99.00%)
  Sensor risk: 99.00%
  Fusion    : healthy (60.40%)
  Final     : HEALTHY
  Image time: 218.50 ms

P03
  Image     : healthy (100.00%)
  Image risk: 0.00%
  Sensor    : Unhealthy / Stress warning (99.00%)
  Sensor risk: 99.00%
  Fusion    : healthy (60.40%)
  Final     : HEALTHY
  Image time: 217.67 ms

P04
  Image     : healthy (99.28%)
  Image risk: 0.72%
  Sensor    : Unhealthy / Stress warning (99.00%)
  Sensor risk: 99.00%
  Fusion    : healthy (59.97%)
  Final     : HEALTHY
  Image time: 217.26 ms

P05
  Image     : healthy (99.94%)
  Image risk: 0.06%
  Sensor    : Unhealthy / Stress warning (99.00%)
  Sensor risk: 99.00%
  Fusion    : healthy (60.37%)
  Final     : HEALTHY
  Image time: 218.11 ms

P06
  Image     : healthy (100.00%)
  Image risk: 0.00%
  Sensor    : Unhealthy / Stress warning (99.00%)
  Sensor risk: 99.00%
  Fusion    : healthy (60.40%)
  Final     : HEALTHY
  Image time: 219.09 ms

P07
  Image     : healthy (100.00%)
  Image risk: 0.00%
  Sensor    : Unhealthy / Stress warning (99.00%)
  Sensor risk: 99.00%
  Fusion    : healthy (60.40%)
  Final     : HEALTHY
  Image time: 216.87 ms

P08
  Image     : healthy (99.05%)
  Image risk: 0.95%
  Sensor    : Unhealthy / Stress warning (99.00%)
  Sensor risk: 99.00%
  Fusion    : healthy (59.83%)
  Final     : HEALTHY
  Image time: 218.15 ms

P09
  Image     : healthy (99.50%)
  Image risk: 0.50%
  Sensor    : Unhealthy / Stress warning (99.00%)
  Sensor risk: 99.00%
  Fusion    : healthy (60.10%)
  Final     : HEALTHY
  Image time: 217.50 ms

P10
  Image     : healthy (99.93%)
  Image risk: 0.07%
  Sensor    : Unhealthy / Stress warning (99.00%)
  Sensor risk: 99.00%
  Fusion    : healthy (60.36%)
  Final     : HEALTHY
  Image time: 227.66 ms

P11
  Image     : healthy (99.96%)
  Image risk: 0.04%
  Sensor    : Unhealthy / Stress warning (99.00%)
  Sensor risk: 99.00%
  Fusion    : healthy (60.38%)
  Final     : HEALTHY
  Image time: 215.93 ms

P12
  Image     : healthy (96.65%)
  Image risk: 3.35%
  Sensor    : Unhealthy / Stress warning (99.00%)
  Sensor risk: 99.00%
  Fusion    : healthy (58.39%)
  Final     : HEALTHY
  Image time: 216.61 ms

========================================
Updating SQLite predictions...
========================================
12 plant records updated.

========================================
 INFERENCE COMPLETED
========================================
Capture ID           : CAP_20260830_130004
Plants processed     : 12
Average image latency: 222.33 ms
Min image latency    : 215.93 ms
Max image latency    : 264.59 ms
Sensor latency       : 181.848 ms
Total script time    : 6484.72 ms

Predictions saved to:
/hydroponic_project/database/hydroponic.db

Processing CAP_20260830_131504

========================================
 HYDROPONIC EDGE-AI INFERENCE
========================================
Device        : cpu
Image weight  : 0.60
Sensor weight : 0.40
Threshold     : 0.50

========================================
Loading MobileNetV2...
========================================
Model       : mobilenet_v2
Classes     : ['healthy', 'unhealthy']
Class map   : {'healthy': 0, 'unhealthy': 1}
Best epoch  : 9
Load time   : 339.33 ms

========================================
Loading Random Forest sensor model...
========================================
Model       : Random Forest
Features    : ['pH', 'TDS', 'water_level', 'DHT_temp', 'DHT_humidity', 'water_temp']
Classes     : [0 1]
Class map   : {'0': 'Unhealthy / Stress warning', '1': 'Healthy'}
Load time   : 3110.05 ms

========================================
CAPTURE
========================================
Capture ID : CAP_20260830_131504
Timestamp  : 2026-08-30 13:15:04
Plants     : 12

========================================
SENSOR VALUES
========================================
pH            : 6.36
TDS           : 755.5 ppm
Water level   : OK
Air temp      : 32.9 C
Humidity      : 64.1 %
Water temp    : 30.12 C

Sensor model  : Unhealthy / Stress warning
Sensor conf.  : 99.33%
Sensor risk   : 99.33%
Sensor time   : 178.644 ms

========================================
PLANT INFERENCE
========================================

P01
  Image     : healthy (99.97%)
  Image risk: 0.03%
  Sensor    : Unhealthy / Stress warning (99.33%)
  Sensor risk: 99.33%
  Fusion    : healthy (60.25%)
  Final     : HEALTHY
  Image time: 262.80 ms

P02
  Image     : healthy (100.00%)
  Image risk: 0.00%
  Sensor    : Unhealthy / Stress warning (99.33%)
  Sensor risk: 99.33%
  Fusion    : healthy (60.27%)
  Final     : HEALTHY
  Image time: 218.50 ms

P03
  Image     : healthy (99.99%)
  Image risk: 0.01%
  Sensor    : Unhealthy / Stress warning (99.33%)
  Sensor risk: 99.33%
  Fusion    : healthy (60.26%)
  Final     : HEALTHY
  Image time: 218.26 ms

P04
  Image     : healthy (98.39%)
  Image risk: 1.61%
  Sensor    : Unhealthy / Stress warning (99.33%)
  Sensor risk: 99.33%
  Fusion    : healthy (59.30%)
  Final     : HEALTHY
  Image time: 217.34 ms

P05
  Image     : healthy (99.90%)
  Image risk: 0.10%
  Sensor    : Unhealthy / Stress warning (99.33%)
  Sensor risk: 99.33%
  Fusion    : healthy (60.21%)
  Final     : HEALTHY
  Image time: 228.48 ms

P06
  Image     : healthy (100.00%)
  Image risk: 0.00%
  Sensor    : Unhealthy / Stress warning (99.33%)
  Sensor risk: 99.33%
  Fusion    : healthy (60.27%)
  Final     : HEALTHY
  Image time: 217.01 ms

P07
  Image     : healthy (100.00%)
  Image risk: 0.00%
  Sensor    : Unhealthy / Stress warning (99.33%)
  Sensor risk: 99.33%
  Fusion    : healthy (60.27%)
  Final     : HEALTHY
  Image time: 217.95 ms

P08
  Image     : healthy (99.29%)
  Image risk: 0.71%
  Sensor    : Unhealthy / Stress warning (99.33%)
  Sensor risk: 99.33%
  Fusion    : healthy (59.84%)
  Final     : HEALTHY
  Image time: 217.29 ms

P09
  Image     : healthy (98.98%)
  Image risk: 1.02%
  Sensor    : Unhealthy / Stress warning (99.33%)
  Sensor risk: 99.33%
  Fusion    : healthy (59.65%)
  Final     : HEALTHY
  Image time: 219.22 ms

P10
  Image     : healthy (99.90%)
  Image risk: 0.10%
  Sensor    : Unhealthy / Stress warning (99.33%)
  Sensor risk: 99.33%
  Fusion    : healthy (60.21%)
  Final     : HEALTHY
  Image time: 218.20 ms

P11
  Image     : healthy (99.92%)
  Image risk: 0.08%
  Sensor    : Unhealthy / Stress warning (99.33%)
  Sensor risk: 99.33%
  Fusion    : healthy (60.22%)
  Final     : HEALTHY
  Image time: 217.50 ms

P12
  Image     : healthy (98.17%)
  Image risk: 1.83%
  Sensor    : Unhealthy / Stress warning (99.33%)
  Sensor risk: 99.33%
  Fusion    : healthy (59.17%)
  Final     : HEALTHY
  Image time: 217.12 ms

========================================
Updating SQLite predictions...
========================================
12 plant records updated.

========================================
 INFERENCE COMPLETED
========================================
Capture ID           : CAP_20260830_131504
Plants processed     : 12
Average image latency: 222.47 ms
Min image latency    : 217.01 ms
Max image latency    : 262.80 ms
Sensor latency       : 178.644 ms
Total script time    : 6437.82 ms

Predictions saved to:
/hydroponic_project/database/hydroponic.db

Processing CAP_20260830_133004

========================================
 HYDROPONIC EDGE-AI INFERENCE
========================================
Device        : cpu
Image weight  : 0.60
Sensor weight : 0.40
Threshold     : 0.50

========================================
Loading MobileNetV2...
========================================
Model       : mobilenet_v2
Classes     : ['healthy', 'unhealthy']
Class map   : {'healthy': 0, 'unhealthy': 1}
Best epoch  : 9
Load time   : 346.76 ms

========================================
Loading Random Forest sensor model...
========================================
Model       : Random Forest
Features    : ['pH', 'TDS', 'water_level', 'DHT_temp', 'DHT_humidity', 'water_temp']
Classes     : [0 1]
Class map   : {'0': 'Unhealthy / Stress warning', '1': 'Healthy'}
Load time   : 3108.00 ms

========================================
CAPTURE
========================================
Capture ID : CAP_20260830_133004
Timestamp  : 2026-08-30 13:30:04
Plants     : 12

========================================
SENSOR VALUES
========================================
pH            : 6.35
TDS           : 752.2 ppm
Water level   : OK
Air temp      : 33.1 C
Humidity      : 64.0 %
Water temp    : 30.19 C

Sensor model  : Unhealthy / Stress warning
Sensor conf.  : 99.33%
Sensor risk   : 99.33%
Sensor time   : 180.424 ms

========================================
PLANT INFERENCE
========================================

P01
  Image     : healthy (99.97%)
  Image risk: 0.03%
  Sensor    : Unhealthy / Stress warning (99.33%)
  Sensor risk: 99.33%
  Fusion    : healthy (60.25%)
  Final     : HEALTHY
  Image time: 262.99 ms

P02
  Image     : healthy (100.00%)
  Image risk: 0.00%
  Sensor    : Unhealthy / Stress warning (99.33%)
  Sensor risk: 99.33%
  Fusion    : healthy (60.27%)
  Final     : HEALTHY
  Image time: 218.20 ms

P03
  Image     : healthy (99.99%)
  Image risk: 0.01%
  Sensor    : Unhealthy / Stress warning (99.33%)
  Sensor risk: 99.33%
  Fusion    : healthy (60.26%)
  Final     : HEALTHY
  Image time: 217.93 ms

P04
  Image     : healthy (98.91%)
  Image risk: 1.09%
  Sensor    : Unhealthy / Stress warning (99.33%)
  Sensor risk: 99.33%
  Fusion    : healthy (59.61%)
  Final     : HEALTHY
  Image time: 221.61 ms

P05
  Image     : healthy (99.89%)
  Image risk: 0.11%
  Sensor    : Unhealthy / Stress warning (99.33%)
  Sensor risk: 99.33%
  Fusion    : healthy (60.20%)
  Final     : HEALTHY
  Image time: 217.11 ms

P06
  Image     : healthy (100.00%)
  Image risk: 0.00%
  Sensor    : Unhealthy / Stress warning (99.33%)
  Sensor risk: 99.33%
  Fusion    : healthy (60.27%)
  Final     : HEALTHY
  Image time: 217.66 ms

P07
  Image     : healthy (100.00%)
  Image risk: 0.00%
  Sensor    : Unhealthy / Stress warning (99.33%)
  Sensor risk: 99.33%
  Fusion    : healthy (60.27%)
  Final     : HEALTHY
  Image time: 217.20 ms

P08
  Image     : healthy (99.58%)
  Image risk: 0.42%
  Sensor    : Unhealthy / Stress warning (99.33%)
  Sensor risk: 99.33%
  Fusion    : healthy (60.02%)
  Final     : HEALTHY
  Image time: 217.57 ms

P09
  Image     : healthy (98.10%)
  Image risk: 1.90%
  Sensor    : Unhealthy / Stress warning (99.33%)
  Sensor risk: 99.33%
  Fusion    : healthy (59.13%)
  Final     : HEALTHY
  Image time: 218.62 ms

P10
  Image     : healthy (99.93%)
  Image risk: 0.07%
  Sensor    : Unhealthy / Stress warning (99.33%)
  Sensor risk: 99.33%
  Fusion    : healthy (60.22%)
  Final     : HEALTHY
  Image time: 217.08 ms

P11
  Image     : healthy (99.98%)
  Image risk: 0.02%
  Sensor    : Unhealthy / Stress warning (99.33%)
  Sensor risk: 99.33%
  Fusion    : healthy (60.25%)
  Final     : HEALTHY
  Image time: 218.84 ms

P12
  Image     : healthy (98.29%)
  Image risk: 1.71%
  Sensor    : Unhealthy / Stress warning (99.33%)
  Sensor risk: 99.33%
  Fusion    : healthy (59.24%)
  Final     : HEALTHY
  Image time: 217.27 ms

========================================
Updating SQLite predictions...
========================================
12 plant records updated.

========================================
 INFERENCE COMPLETED
========================================
Capture ID           : CAP_20260830_133004
Plants processed     : 12
Average image latency: 221.84 ms
Min image latency    : 217.08 ms
Max image latency    : 262.99 ms
Sensor latency       : 180.424 ms
Total script time    : 6437.70 ms

Predictions saved to:
/hydroponic_project/database/hydroponic.db

Processing CAP_20260830_134503

========================================
 HYDROPONIC EDGE-AI INFERENCE
========================================
Device        : cpu
Image weight  : 0.60
Sensor weight : 0.40
Threshold     : 0.50

========================================
Loading MobileNetV2...
========================================
Model       : mobilenet_v2
Classes     : ['healthy', 'unhealthy']
Class map   : {'healthy': 0, 'unhealthy': 1}
Best epoch  : 9
Load time   : 338.14 ms

========================================
Loading Random Forest sensor model...
========================================
Model       : Random Forest
Features    : ['pH', 'TDS', 'water_level', 'DHT_temp', 'DHT_humidity', 'water_temp']
Classes     : [0 1]
Class map   : {'0': 'Unhealthy / Stress warning', '1': 'Healthy'}
Load time   : 3107.27 ms

========================================
CAPTURE
========================================
Capture ID : CAP_20260830_134503
Timestamp  : 2026-08-30 13:45:03
Plants     : 12

========================================
SENSOR VALUES
========================================
pH            : 6.46
TDS           : 751.7 ppm
Water level   : OK
Air temp      : 33.2 C
Humidity      : 61.5 %
Water temp    : 30.19 C

Sensor model  : Unhealthy / Stress warning
Sensor conf.  : 99.00%
Sensor risk   : 99.00%
Sensor time   : 175.603 ms

========================================
PLANT INFERENCE
========================================

P01
  Image     : healthy (99.99%)
  Image risk: 0.01%
  Sensor    : Unhealthy / Stress warning (99.00%)
  Sensor risk: 99.00%
  Fusion    : healthy (60.39%)
  Final     : HEALTHY
  Image time: 261.25 ms

P02
  Image     : healthy (100.00%)
  Image risk: 0.00%
  Sensor    : Unhealthy / Stress warning (99.00%)
  Sensor risk: 99.00%
  Fusion    : healthy (60.40%)
  Final     : HEALTHY
  Image time: 218.87 ms

P03
  Image     : healthy (99.99%)
  Image risk: 0.01%
  Sensor    : Unhealthy / Stress warning (99.00%)
  Sensor risk: 99.00%
  Fusion    : healthy (60.40%)
  Final     : HEALTHY
  Image time: 217.60 ms

P04
  Image     : healthy (98.93%)
  Image risk: 1.07%
  Sensor    : Unhealthy / Stress warning (99.00%)
  Sensor risk: 99.00%
  Fusion    : healthy (59.76%)
  Final     : HEALTHY
  Image time: 222.94 ms

P05
  Image     : healthy (99.82%)
  Image risk: 0.18%
  Sensor    : Unhealthy / Stress warning (99.00%)
  Sensor risk: 99.00%
  Fusion    : healthy (60.29%)
  Final     : HEALTHY
  Image time: 218.88 ms

P06
  Image     : healthy (100.00%)
  Image risk: 0.00%
  Sensor    : Unhealthy / Stress warning (99.00%)
  Sensor risk: 99.00%
  Fusion    : healthy (60.40%)
  Final     : HEALTHY
  Image time: 217.43 ms

P07
  Image     : healthy (100.00%)
  Image risk: 0.00%
  Sensor    : Unhealthy / Stress warning (99.00%)
  Sensor risk: 99.00%
  Fusion    : healthy (60.40%)
  Final     : HEALTHY
  Image time: 218.79 ms

P08
  Image     : healthy (99.23%)
  Image risk: 0.77%
  Sensor    : Unhealthy / Stress warning (99.00%)
  Sensor risk: 99.00%
  Fusion    : healthy (59.94%)
  Final     : HEALTHY
  Image time: 220.79 ms

P09
  Image     : healthy (97.88%)
  Image risk: 2.12%
  Sensor    : Unhealthy / Stress warning (99.00%)
  Sensor risk: 99.00%
  Fusion    : healthy (59.13%)
  Final     : HEALTHY
  Image time: 219.52 ms

P10
  Image     : healthy (99.93%)
  Image risk: 0.07%
  Sensor    : Unhealthy / Stress warning (99.00%)
  Sensor risk: 99.00%
  Fusion    : healthy (60.36%)
  Final     : HEALTHY
  Image time: 218.07 ms

P11
  Image     : healthy (99.98%)
  Image risk: 0.02%
  Sensor    : Unhealthy / Stress warning (99.00%)
  Sensor risk: 99.00%
  Fusion    : healthy (60.39%)
  Final     : HEALTHY
  Image time: 218.12 ms

P12
  Image     : healthy (97.29%)
  Image risk: 2.71%
  Sensor    : Unhealthy / Stress warning (99.00%)
  Sensor risk: 99.00%
  Fusion    : healthy (58.77%)
  Final     : HEALTHY
  Image time: 222.03 ms

========================================
Updating SQLite predictions...
========================================
12 plant records updated.

========================================
 INFERENCE COMPLETED
========================================
Capture ID           : CAP_20260830_134503
Plants processed     : 12
Average image latency: 222.86 ms
Min image latency    : 217.43 ms
Max image latency    : 261.25 ms
Sensor latency       : 175.603 ms
Total script time    : 6432.80 ms

Predictions saved to:
/hydroponic_project/database/hydroponic.db

Processing CAP_20260830_140003

========================================
 HYDROPONIC EDGE-AI INFERENCE
========================================
Device        : cpu
Image weight  : 0.60
Sensor weight : 0.40
Threshold     : 0.50

========================================
Loading MobileNetV2...
========================================
Model       : mobilenet_v2
Classes     : ['healthy', 'unhealthy']
Class map   : {'healthy': 0, 'unhealthy': 1}
Best epoch  : 9
Load time   : 345.43 ms

========================================
Loading Random Forest sensor model...
========================================
Model       : Random Forest
Features    : ['pH', 'TDS', 'water_level', 'DHT_temp', 'DHT_humidity', 'water_temp']
Classes     : [0 1]
Class map   : {'0': 'Unhealthy / Stress warning', '1': 'Healthy'}
Load time   : 3104.19 ms

========================================
CAPTURE
========================================
Capture ID : CAP_20260830_140003
Timestamp  : 2026-08-30 14:00:03
Plants     : 12

========================================
SENSOR VALUES
========================================
pH            : 6.41
TDS           : 748.3 ppm
Water level   : OK
Air temp      : 32.9 C
Humidity      : 64.5 %
Water temp    : 30.19 C

Sensor model  : Unhealthy / Stress warning
Sensor conf.  : 99.00%
Sensor risk   : 99.00%
Sensor time   : 178.222 ms

========================================
PLANT INFERENCE
========================================

P01
  Image     : healthy (99.99%)
  Image risk: 0.01%
  Sensor    : Unhealthy / Stress warning (99.00%)
  Sensor risk: 99.00%
  Fusion    : healthy (60.39%)
  Final     : HEALTHY
  Image time: 260.99 ms

P02
  Image     : healthy (100.00%)
  Image risk: 0.00%
  Sensor    : Unhealthy / Stress warning (99.00%)
  Sensor risk: 99.00%
  Fusion    : healthy (60.40%)
  Final     : HEALTHY
  Image time: 218.01 ms

P03
  Image     : healthy (99.98%)
  Image risk: 0.02%
  Sensor    : Unhealthy / Stress warning (99.00%)
  Sensor risk: 99.00%
  Fusion    : healthy (60.39%)
  Final     : HEALTHY
  Image time: 219.85 ms

P04
  Image     : healthy (97.07%)
  Image risk: 2.93%
  Sensor    : Unhealthy / Stress warning (99.00%)
  Sensor risk: 99.00%
  Fusion    : healthy (58.64%)
  Final     : HEALTHY
  Image time: 217.89 ms

P05
  Image     : healthy (99.87%)
  Image risk: 0.13%
  Sensor    : Unhealthy / Stress warning (99.00%)
  Sensor risk: 99.00%
  Fusion    : healthy (60.32%)
  Final     : HEALTHY
  Image time: 212.21 ms

P06
  Image     : healthy (100.00%)
  Image risk: 0.00%
  Sensor    : Unhealthy / Stress warning (99.00%)
  Sensor risk: 99.00%
  Fusion    : healthy (60.40%)
  Final     : HEALTHY
  Image time: 214.50 ms

P07
  Image     : healthy (99.87%)
  Image risk: 0.13%
  Sensor    : Unhealthy / Stress warning (99.00%)
  Sensor risk: 99.00%
  Fusion    : healthy (60.32%)
  Final     : HEALTHY
  Image time: 221.57 ms

P08
  Image     : healthy (87.98%)
  Image risk: 12.02%
  Sensor    : Unhealthy / Stress warning (99.00%)
  Sensor risk: 99.00%
  Fusion    : healthy (53.19%)
  Final     : HEALTHY
  Image time: 218.65 ms

P09
  Image     : healthy (97.90%)
  Image risk: 2.10%
  Sensor    : Unhealthy / Stress warning (99.00%)
  Sensor risk: 99.00%
  Fusion    : healthy (59.14%)
  Final     : HEALTHY
  Image time: 218.13 ms

P10
  Image     : healthy (99.60%)
  Image risk: 0.40%
  Sensor    : Unhealthy / Stress warning (99.00%)
  Sensor risk: 99.00%
  Fusion    : healthy (60.16%)
  Final     : HEALTHY
  Image time: 215.37 ms

P11
  Image     : healthy (99.87%)
  Image risk: 0.13%
  Sensor    : Unhealthy / Stress warning (99.00%)
  Sensor risk: 99.00%
  Fusion    : healthy (60.32%)
  Final     : HEALTHY
  Image time: 219.53 ms

P12
  Image     : healthy (99.40%)
  Image risk: 0.60%
  Sensor    : Unhealthy / Stress warning (99.00%)
  Sensor risk: 99.00%
  Fusion    : healthy (60.04%)
  Final     : HEALTHY
  Image time: 220.98 ms

========================================
Updating SQLite predictions...
========================================
12 plant records updated.

========================================
 INFERENCE COMPLETED
========================================
Capture ID           : CAP_20260830_140003
Plants processed     : 12
Average image latency: 221.47 ms
Min image latency    : 212.21 ms
Max image latency    : 260.99 ms
Sensor latency       : 178.222 ms
Total script time    : 6425.23 ms

Predictions saved to:
/hydroponic_project/database/hydroponic.db

Processing CAP_20260830_141504

========================================
 HYDROPONIC EDGE-AI INFERENCE
========================================
Device        : cpu
Image weight  : 0.60
Sensor weight : 0.40
Threshold     : 0.50

========================================
Loading MobileNetV2...
========================================
Model       : mobilenet_v2
Classes     : ['healthy', 'unhealthy']
Class map   : {'healthy': 0, 'unhealthy': 1}
Best epoch  : 9
Load time   : 346.43 ms

========================================
Loading Random Forest sensor model...
========================================
Model       : Random Forest
Features    : ['pH', 'TDS', 'water_level', 'DHT_temp', 'DHT_humidity', 'water_temp']
Classes     : [0 1]
Class map   : {'0': 'Unhealthy / Stress warning', '1': 'Healthy'}
Load time   : 3096.62 ms

========================================
CAPTURE
========================================
Capture ID : CAP_20260830_141504
Timestamp  : 2026-08-30 14:15:04
Plants     : 12

========================================
SENSOR VALUES
========================================
pH            : 6.36
TDS           : 745.2 ppm
Water level   : OK
Air temp      : 33.1 C
Humidity      : 64.6 %
Water temp    : 30.25 C

Sensor model  : Unhealthy / Stress warning
Sensor conf.  : 99.00%
Sensor risk   : 99.00%
Sensor time   : 171.630 ms

========================================
PLANT INFERENCE
========================================

P01
  Image     : healthy (99.99%)
  Image risk: 0.01%
  Sensor    : Unhealthy / Stress warning (99.00%)
  Sensor risk: 99.00%
  Fusion    : healthy (60.39%)
  Final     : HEALTHY
  Image time: 262.05 ms

P02
  Image     : healthy (100.00%)
  Image risk: 0.00%
  Sensor    : Unhealthy / Stress warning (99.00%)
  Sensor risk: 99.00%
  Fusion    : healthy (60.40%)
  Final     : HEALTHY
  Image time: 220.82 ms

P03
  Image     : healthy (99.98%)
  Image risk: 0.02%
  Sensor    : Unhealthy / Stress warning (99.00%)
  Sensor risk: 99.00%
  Fusion    : healthy (60.39%)
  Final     : HEALTHY
  Image time: 220.28 ms

P04
  Image     : healthy (99.45%)
  Image risk: 0.55%
  Sensor    : Unhealthy / Stress warning (99.00%)
  Sensor risk: 99.00%
  Fusion    : healthy (60.07%)
  Final     : HEALTHY
  Image time: 219.42 ms

P05
  Image     : healthy (99.84%)
  Image risk: 0.16%
  Sensor    : Unhealthy / Stress warning (99.00%)
  Sensor risk: 99.00%
  Fusion    : healthy (60.30%)
  Final     : HEALTHY
  Image time: 213.43 ms

P06
  Image     : healthy (100.00%)
  Image risk: 0.00%
  Sensor    : Unhealthy / Stress warning (99.00%)
  Sensor risk: 99.00%
  Fusion    : healthy (60.40%)
  Final     : HEALTHY
  Image time: 216.86 ms

P07
  Image     : healthy (99.96%)
  Image risk: 0.04%
  Sensor    : Unhealthy / Stress warning (99.00%)
  Sensor risk: 99.00%
  Fusion    : healthy (60.38%)
  Final     : HEALTHY
  Image time: 220.22 ms

P08
  Image     : healthy (96.71%)
  Image risk: 3.29%
  Sensor    : Unhealthy / Stress warning (99.00%)
  Sensor risk: 99.00%
  Fusion    : healthy (58.43%)
  Final     : HEALTHY
  Image time: 218.84 ms

P09
  Image     : healthy (97.28%)
  Image risk: 2.72%
  Sensor    : Unhealthy / Stress warning (99.00%)
  Sensor risk: 99.00%
  Fusion    : healthy (58.77%)
  Final     : HEALTHY
  Image time: 219.29 ms

P10
  Image     : healthy (99.62%)
  Image risk: 0.38%
  Sensor    : Unhealthy / Stress warning (99.00%)
  Sensor risk: 99.00%
  Fusion    : healthy (60.17%)
  Final     : HEALTHY
  Image time: 216.28 ms

P11
  Image     : healthy (99.96%)
  Image risk: 0.04%
  Sensor    : Unhealthy / Stress warning (99.00%)
  Sensor risk: 99.00%
  Fusion    : healthy (60.38%)
  Final     : HEALTHY
  Image time: 222.00 ms

P12
  Image     : healthy (99.50%)
  Image risk: 0.50%
  Sensor    : Unhealthy / Stress warning (99.00%)
  Sensor risk: 99.00%
  Fusion    : healthy (60.10%)
  Final     : HEALTHY
  Image time: 219.29 ms

========================================
Updating SQLite predictions...
========================================
12 plant records updated.

========================================
 INFERENCE COMPLETED
========================================
Capture ID           : CAP_20260830_141504
Plants processed     : 12
Average image latency: 222.40 ms
Min image latency    : 213.43 ms
Max image latency    : 262.05 ms
Sensor latency       : 171.630 ms
Total script time    : 6428.77 ms

Predictions saved to:
/hydroponic_project/database/hydroponic.db

Processing CAP_20260830_143004

========================================
 HYDROPONIC EDGE-AI INFERENCE
========================================
Device        : cpu
Image weight  : 0.60
Sensor weight : 0.40
Threshold     : 0.50

========================================
Loading MobileNetV2...
========================================
Model       : mobilenet_v2
Classes     : ['healthy', 'unhealthy']
Class map   : {'healthy': 0, 'unhealthy': 1}
Best epoch  : 9
Load time   : 339.28 ms

========================================
Loading Random Forest sensor model...
========================================
Model       : Random Forest
Features    : ['pH', 'TDS', 'water_level', 'DHT_temp', 'DHT_humidity', 'water_temp']
Classes     : [0 1]
Class map   : {'0': 'Unhealthy / Stress warning', '1': 'Healthy'}
Load time   : 3107.01 ms

========================================
CAPTURE
========================================
Capture ID : CAP_20260830_143004
Timestamp  : 2026-08-30 14:30:04
Plants     : 12

========================================
SENSOR VALUES
========================================
pH            : 6.44
TDS           : 741.9 ppm
Water level   : OK
Air temp      : 32.8 C
Humidity      : 65.3 %
Water temp    : 30.31 C

Sensor model  : Unhealthy / Stress warning
Sensor conf.  : 99.33%
Sensor risk   : 99.33%
Sensor time   : 170.791 ms

========================================
PLANT INFERENCE
========================================

P01
  Image     : healthy (99.97%)
  Image risk: 0.03%
  Sensor    : Unhealthy / Stress warning (99.33%)
  Sensor risk: 99.33%
  Fusion    : healthy (60.25%)
  Final     : HEALTHY
  Image time: 262.33 ms

P02
  Image     : healthy (100.00%)
  Image risk: 0.00%
  Sensor    : Unhealthy / Stress warning (99.33%)
  Sensor risk: 99.33%
  Fusion    : healthy (60.27%)
  Final     : HEALTHY
  Image time: 219.35 ms

P03
  Image     : healthy (99.98%)
  Image risk: 0.02%
  Sensor    : Unhealthy / Stress warning (99.33%)
  Sensor risk: 99.33%
  Fusion    : healthy (60.25%)
  Final     : HEALTHY
  Image time: 218.66 ms

P04
  Image     : healthy (97.73%)
  Image risk: 2.27%
  Sensor    : Unhealthy / Stress warning (99.33%)
  Sensor risk: 99.33%
  Fusion    : healthy (58.91%)
  Final     : HEALTHY
  Image time: 218.04 ms

P05
  Image     : healthy (99.94%)
  Image risk: 0.06%
  Sensor    : Unhealthy / Stress warning (99.33%)
  Sensor risk: 99.33%
  Fusion    : healthy (60.23%)
  Final     : HEALTHY
  Image time: 218.47 ms

P06
  Image     : healthy (100.00%)
  Image risk: 0.00%
  Sensor    : Unhealthy / Stress warning (99.33%)
  Sensor risk: 99.33%
  Fusion    : healthy (60.27%)
  Final     : HEALTHY
  Image time: 221.20 ms

P07
  Image     : healthy (99.84%)
  Image risk: 0.16%
  Sensor    : Unhealthy / Stress warning (99.33%)
  Sensor risk: 99.33%
  Fusion    : healthy (60.17%)
  Final     : HEALTHY
  Image time: 219.10 ms

P08
  Image     : healthy (96.08%)
  Image risk: 3.92%
  Sensor    : Unhealthy / Stress warning (99.33%)
  Sensor risk: 99.33%
  Fusion    : healthy (57.91%)
  Final     : HEALTHY
  Image time: 219.29 ms

P09
  Image     : healthy (98.04%)
  Image risk: 1.96%
  Sensor    : Unhealthy / Stress warning (99.33%)
  Sensor risk: 99.33%
  Fusion    : healthy (59.09%)
  Final     : HEALTHY
  Image time: 220.50 ms

P10
  Image     : healthy (99.81%)
  Image risk: 0.19%
  Sensor    : Unhealthy / Stress warning (99.33%)
  Sensor risk: 99.33%
  Fusion    : healthy (60.16%)
  Final     : HEALTHY
  Image time: 220.72 ms

P11
  Image     : healthy (99.87%)
  Image risk: 0.13%
  Sensor    : Unhealthy / Stress warning (99.33%)
  Sensor risk: 99.33%
  Fusion    : healthy (60.19%)
  Final     : HEALTHY
  Image time: 230.41 ms

P12
  Image     : healthy (99.05%)
  Image risk: 0.95%
  Sensor    : Unhealthy / Stress warning (99.33%)
  Sensor risk: 99.33%
  Fusion    : healthy (59.69%)
  Final     : HEALTHY
  Image time: 230.57 ms

========================================
Updating SQLite predictions...
========================================
12 plant records updated.

========================================
 INFERENCE COMPLETED
========================================
Capture ID           : CAP_20260830_143004
Plants processed     : 12
Average image latency: 224.89 ms
Min image latency    : 218.04 ms
Max image latency    : 262.33 ms
Sensor latency       : 170.791 ms
Total script time    : 6451.84 ms

Predictions saved to:
/hydroponic_project/database/hydroponic.db

Processing CAP_20260830_144503

========================================
 HYDROPONIC EDGE-AI INFERENCE
========================================
Device        : cpu
Image weight  : 0.60
Sensor weight : 0.40
Threshold     : 0.50

========================================
Loading MobileNetV2...
========================================
Model       : mobilenet_v2
Classes     : ['healthy', 'unhealthy']
Class map   : {'healthy': 0, 'unhealthy': 1}
Best epoch  : 9
Load time   : 339.73 ms

========================================
Loading Random Forest sensor model...
========================================
Model       : Random Forest
Features    : ['pH', 'TDS', 'water_level', 'DHT_temp', 'DHT_humidity', 'water_temp']
Classes     : [0 1]
Class map   : {'0': 'Unhealthy / Stress warning', '1': 'Healthy'}
Load time   : 3113.35 ms

========================================
CAPTURE
========================================
Capture ID : CAP_20260830_144503
Timestamp  : 2026-08-30 14:45:03
Plants     : 12

========================================
SENSOR VALUES
========================================
pH            : 6.35
TDS           : 742.4 ppm
Water level   : OK
Air temp      : 33.0 C
Humidity      : 65.2 %
Water temp    : 30.31 C

Sensor model  : Unhealthy / Stress warning
Sensor conf.  : 99.33%
Sensor risk   : 99.33%
Sensor time   : 182.455 ms

========================================
PLANT INFERENCE
========================================

P01
  Image     : healthy (99.13%)
  Image risk: 0.87%
  Sensor    : Unhealthy / Stress warning (99.33%)
  Sensor risk: 99.33%
  Fusion    : healthy (59.75%)
  Final     : HEALTHY
  Image time: 268.69 ms

P02
  Image     : healthy (93.52%)
  Image risk: 6.48%
  Sensor    : Unhealthy / Stress warning (99.33%)
  Sensor risk: 99.33%
  Fusion    : healthy (56.38%)
  Final     : HEALTHY
  Image time: 216.90 ms

P03
  Image     : unhealthy (83.99%)
  Image risk: 83.99%
  Sensor    : Unhealthy / Stress warning (99.33%)
  Sensor risk: 99.33%
  Fusion    : unhealthy (90.13%)
  Final     : STRESS WARNING
  Image time: 217.07 ms

P04
  Image     : unhealthy (86.07%)
  Image risk: 86.07%
  Sensor    : Unhealthy / Stress warning (99.33%)
  Sensor risk: 99.33%
  Fusion    : unhealthy (91.38%)
  Final     : STRESS WARNING
  Image time: 216.95 ms

P05
  Image     : healthy (90.89%)
  Image risk: 9.11%
  Sensor    : Unhealthy / Stress warning (99.33%)
  Sensor risk: 99.33%
  Fusion    : healthy (54.80%)
  Final     : HEALTHY
  Image time: 219.31 ms

P06
  Image     : healthy (98.47%)
  Image risk: 1.53%
  Sensor    : Unhealthy / Stress warning (99.33%)
  Sensor risk: 99.33%
  Fusion    : healthy (59.35%)
  Final     : HEALTHY
  Image time: 216.33 ms

P07
  Image     : healthy (88.96%)
  Image risk: 11.04%
  Sensor    : Unhealthy / Stress warning (99.33%)
  Sensor risk: 99.33%
  Fusion    : healthy (53.64%)
  Final     : HEALTHY
  Image time: 217.21 ms

P08
  Image     : unhealthy (68.39%)
  Image risk: 68.39%
  Sensor    : Unhealthy / Stress warning (99.33%)
  Sensor risk: 99.33%
  Fusion    : unhealthy (80.77%)
  Final     : STRESS WARNING
  Image time: 217.34 ms

P09
  Image     : healthy (99.53%)
  Image risk: 0.47%
  Sensor    : Unhealthy / Stress warning (99.33%)
  Sensor risk: 99.33%
  Fusion    : healthy (59.98%)
  Final     : HEALTHY
  Image time: 219.97 ms

P10
  Image     : healthy (86.18%)
  Image risk: 13.82%
  Sensor    : Unhealthy / Stress warning (99.33%)
  Sensor risk: 99.33%
  Fusion    : healthy (51.97%)
  Final     : HEALTHY
  Image time: 217.24 ms

P11
  Image     : healthy (89.26%)
  Image risk: 10.74%
  Sensor    : Unhealthy / Stress warning (99.33%)
  Sensor risk: 99.33%
  Fusion    : healthy (53.82%)
  Final     : HEALTHY
  Image time: 217.31 ms

P12
  Image     : healthy (68.30%)
  Image risk: 31.70%
  Sensor    : Unhealthy / Stress warning (99.33%)
  Sensor risk: 99.33%
  Fusion    : unhealthy (58.75%)
  Final     : STRESS WARNING
  Image time: 216.79 ms

========================================
Updating SQLite predictions...
========================================
12 plant records updated.

========================================
 INFERENCE COMPLETED
========================================
Capture ID           : CAP_20260830_144503
Plants processed     : 12
Average image latency: 221.76 ms
Min image latency    : 216.33 ms
Max image latency    : 268.69 ms
Sensor latency       : 182.455 ms
Total script time    : 6432.06 ms

Predictions saved to:
/hydroponic_project/database/hydroponic.db

Processing CAP_20260830_150004

========================================
 HYDROPONIC EDGE-AI INFERENCE
========================================
Device        : cpu
Image weight  : 0.60
Sensor weight : 0.40
Threshold     : 0.50

========================================
Loading MobileNetV2...
========================================
Model       : mobilenet_v2
Classes     : ['healthy', 'unhealthy']
Class map   : {'healthy': 0, 'unhealthy': 1}
Best epoch  : 9
Load time   : 340.43 ms

========================================
Loading Random Forest sensor model...
========================================
Model       : Random Forest
Features    : ['pH', 'TDS', 'water_level', 'DHT_temp', 'DHT_humidity', 'water_temp']
Classes     : [0 1]
Class map   : {'0': 'Unhealthy / Stress warning', '1': 'Healthy'}
Load time   : 3111.52 ms

========================================
CAPTURE
========================================
Capture ID : CAP_20260830_150004
Timestamp  : 2026-08-30 15:00:04
Plants     : 12

========================================
SENSOR VALUES
========================================
pH            : 6.36
TDS           : 739.6 ppm
Water level   : OK
Air temp      : 32.9 C
Humidity      : 66.7 %
Water temp    : 30.31 C

Sensor model  : Unhealthy / Stress warning
Sensor conf.  : 98.00%
Sensor risk   : 98.00%
Sensor time   : 176.281 ms

========================================
PLANT INFERENCE
========================================

P01
  Image     : healthy (99.73%)
  Image risk: 0.27%
  Sensor    : Unhealthy / Stress warning (98.00%)
  Sensor risk: 98.00%
  Fusion    : healthy (60.64%)
  Final     : HEALTHY
  Image time: 260.34 ms

P02
  Image     : healthy (100.00%)
  Image risk: 0.00%
  Sensor    : Unhealthy / Stress warning (98.00%)
  Sensor risk: 98.00%
  Fusion    : healthy (60.80%)
  Final     : HEALTHY
  Image time: 217.09 ms

P03
  Image     : healthy (99.94%)
  Image risk: 0.06%
  Sensor    : Unhealthy / Stress warning (98.00%)
  Sensor risk: 98.00%
  Fusion    : healthy (60.77%)
  Final     : HEALTHY
  Image time: 215.10 ms

P04
  Image     : healthy (81.06%)
  Image risk: 18.94%
  Sensor    : Unhealthy / Stress warning (98.00%)
  Sensor risk: 98.00%
  Fusion    : unhealthy (50.56%)
  Final     : STRESS WARNING
  Image time: 218.20 ms

P05
  Image     : healthy (99.86%)
  Image risk: 0.14%
  Sensor    : Unhealthy / Stress warning (98.00%)
  Sensor risk: 98.00%
  Fusion    : healthy (60.72%)
  Final     : HEALTHY
  Image time: 218.18 ms

P06
  Image     : healthy (99.99%)
  Image risk: 0.01%
  Sensor    : Unhealthy / Stress warning (98.00%)
  Sensor risk: 98.00%
  Fusion    : healthy (60.79%)
  Final     : HEALTHY
  Image time: 215.08 ms

P07
  Image     : healthy (99.92%)
  Image risk: 0.08%
  Sensor    : Unhealthy / Stress warning (98.00%)
  Sensor risk: 98.00%
  Fusion    : healthy (60.75%)
  Final     : HEALTHY
  Image time: 217.18 ms

P08
  Image     : healthy (89.83%)
  Image risk: 10.17%
  Sensor    : Unhealthy / Stress warning (98.00%)
  Sensor risk: 98.00%
  Fusion    : healthy (54.70%)
  Final     : HEALTHY
  Image time: 216.97 ms

P09
  Image     : healthy (96.16%)
  Image risk: 3.84%
  Sensor    : Unhealthy / Stress warning (98.00%)
  Sensor risk: 98.00%
  Fusion    : healthy (58.50%)
  Final     : HEALTHY
  Image time: 218.42 ms

P10
  Image     : healthy (98.70%)
  Image risk: 1.30%
  Sensor    : Unhealthy / Stress warning (98.00%)
  Sensor risk: 98.00%
  Fusion    : healthy (60.02%)
  Final     : HEALTHY
  Image time: 216.57 ms

P11
  Image     : healthy (99.74%)
  Image risk: 0.26%
  Sensor    : Unhealthy / Stress warning (98.00%)
  Sensor risk: 98.00%
  Fusion    : healthy (60.64%)
  Final     : HEALTHY
  Image time: 216.40 ms

P12
  Image     : healthy (75.32%)
  Image risk: 24.68%
  Sensor    : Unhealthy / Stress warning (98.00%)
  Sensor risk: 98.00%
  Fusion    : unhealthy (54.01%)
  Final     : STRESS WARNING
  Image time: 217.95 ms

========================================
Updating SQLite predictions...
========================================
12 plant records updated.

========================================
 INFERENCE COMPLETED
========================================
Capture ID           : CAP_20260830_150004
Plants processed     : 12
Average image latency: 220.62 ms
Min image latency    : 215.08 ms
Max image latency    : 260.34 ms
Sensor latency       : 176.281 ms
Total script time    : 6411.78 ms

Predictions saved to:
/hydroponic_project/database/hydroponic.db

Processing CAP_20260830_151503

========================================
 HYDROPONIC EDGE-AI INFERENCE
========================================
Device        : cpu
Image weight  : 0.60
Sensor weight : 0.40
Threshold     : 0.50

========================================
Loading MobileNetV2...
========================================
Model       : mobilenet_v2
Classes     : ['healthy', 'unhealthy']
Class map   : {'healthy': 0, 'unhealthy': 1}
Best epoch  : 9
Load time   : 341.69 ms

========================================
Loading Random Forest sensor model...
========================================
Model       : Random Forest
Features    : ['pH', 'TDS', 'water_level', 'DHT_temp', 'DHT_humidity', 'water_temp']
Classes     : [0 1]
Class map   : {'0': 'Unhealthy / Stress warning', '1': 'Healthy'}
Load time   : 3107.49 ms

========================================
CAPTURE
========================================
Capture ID : CAP_20260830_151503
Timestamp  : 2026-08-30 15:15:03
Plants     : 12

========================================
SENSOR VALUES
========================================
pH            : 6.36
TDS           : 735.9 ppm
Water level   : OK
Air temp      : 32.8 C
Humidity      : 66.6 %
Water temp    : 30.37 C

Sensor model  : Unhealthy / Stress warning
Sensor conf.  : 98.33%
Sensor risk   : 98.33%
Sensor time   : 181.959 ms

========================================
PLANT INFERENCE
========================================

P01
  Image     : healthy (99.92%)
  Image risk: 0.08%
  Sensor    : Unhealthy / Stress warning (98.33%)
  Sensor risk: 98.33%
  Fusion    : healthy (60.62%)
  Final     : HEALTHY
  Image time: 261.53 ms

P02
  Image     : healthy (100.00%)
  Image risk: 0.00%
  Sensor    : Unhealthy / Stress warning (98.33%)
  Sensor risk: 98.33%
  Fusion    : healthy (60.67%)
  Final     : HEALTHY
  Image time: 216.80 ms

P03
  Image     : healthy (99.94%)
  Image risk: 0.06%
  Sensor    : Unhealthy / Stress warning (98.33%)
  Sensor risk: 98.33%
  Fusion    : healthy (60.63%)
  Final     : HEALTHY
  Image time: 217.64 ms

P04
  Image     : healthy (77.26%)
  Image risk: 22.74%
  Sensor    : Unhealthy / Stress warning (98.33%)
  Sensor risk: 98.33%
  Fusion    : unhealthy (52.98%)
  Final     : STRESS WARNING
  Image time: 216.43 ms

P05
  Image     : healthy (99.97%)
  Image risk: 0.03%
  Sensor    : Unhealthy / Stress warning (98.33%)
  Sensor risk: 98.33%
  Fusion    : healthy (60.65%)
  Final     : HEALTHY
  Image time: 216.86 ms

P06
  Image     : healthy (100.00%)
  Image risk: 0.00%
  Sensor    : Unhealthy / Stress warning (98.33%)
  Sensor risk: 98.33%
  Fusion    : healthy (60.66%)
  Final     : HEALTHY
  Image time: 217.67 ms

P07
  Image     : healthy (99.92%)
  Image risk: 0.08%
  Sensor    : Unhealthy / Stress warning (98.33%)
  Sensor risk: 98.33%
  Fusion    : healthy (60.62%)
  Final     : HEALTHY
  Image time: 218.94 ms

P08
  Image     : healthy (80.52%)
  Image risk: 19.48%
  Sensor    : Unhealthy / Stress warning (98.33%)
  Sensor risk: 98.33%
  Fusion    : unhealthy (51.02%)
  Final     : STRESS WARNING
  Image time: 219.46 ms

P09
  Image     : healthy (95.81%)
  Image risk: 4.19%
  Sensor    : Unhealthy / Stress warning (98.33%)
  Sensor risk: 98.33%
  Fusion    : healthy (58.16%)
  Final     : HEALTHY
  Image time: 218.69 ms

P10
  Image     : healthy (99.61%)
  Image risk: 0.39%
  Sensor    : Unhealthy / Stress warning (98.33%)
  Sensor risk: 98.33%
  Fusion    : healthy (60.43%)
  Final     : HEALTHY
  Image time: 217.64 ms

P11
  Image     : healthy (99.09%)
  Image risk: 0.91%
  Sensor    : Unhealthy / Stress warning (98.33%)
  Sensor risk: 98.33%
  Fusion    : healthy (60.12%)
  Final     : HEALTHY
  Image time: 217.13 ms

P12
  Image     : healthy (88.38%)
  Image risk: 11.62%
  Sensor    : Unhealthy / Stress warning (98.33%)
  Sensor risk: 98.33%
  Fusion    : healthy (53.69%)
  Final     : HEALTHY
  Image time: 217.10 ms

========================================
Updating SQLite predictions...
========================================
12 plant records updated.

========================================
 INFERENCE COMPLETED
========================================
Capture ID           : CAP_20260830_151503
Plants processed     : 12
Average image latency: 221.32 ms
Min image latency    : 216.43 ms
Max image latency    : 261.53 ms
Sensor latency       : 181.959 ms
Total script time    : 6424.07 ms

Predictions saved to:
/hydroponic_project/database/hydroponic.db

Processing CAP_20260830_153004

========================================
 HYDROPONIC EDGE-AI INFERENCE
========================================
Device        : cpu
Image weight  : 0.60
Sensor weight : 0.40
Threshold     : 0.50

========================================
Loading MobileNetV2...
========================================
Model       : mobilenet_v2
Classes     : ['healthy', 'unhealthy']
Class map   : {'healthy': 0, 'unhealthy': 1}
Best epoch  : 9
Load time   : 342.77 ms

========================================
Loading Random Forest sensor model...
========================================
Model       : Random Forest
Features    : ['pH', 'TDS', 'water_level', 'DHT_temp', 'DHT_humidity', 'water_temp']
Classes     : [0 1]
Class map   : {'0': 'Unhealthy / Stress warning', '1': 'Healthy'}
Load time   : 3113.67 ms

========================================
CAPTURE
========================================
Capture ID : CAP_20260830_153004
Timestamp  : 2026-08-30 15:30:04
Plants     : 12

========================================
SENSOR VALUES
========================================
pH            : 6.39
TDS           : 734.5 ppm
Water level   : OK
Air temp      : 32.8 C
Humidity      : 65.9 %
Water temp    : 30.37 C

Sensor model  : Unhealthy / Stress warning
Sensor conf.  : 99.00%
Sensor risk   : 99.00%
Sensor time   : 174.920 ms

========================================
PLANT INFERENCE
========================================

P01
  Image     : healthy (99.88%)
  Image risk: 0.12%
  Sensor    : Unhealthy / Stress warning (99.00%)
  Sensor risk: 99.00%
  Fusion    : healthy (60.33%)
  Final     : HEALTHY
  Image time: 262.11 ms

P02
  Image     : healthy (100.00%)
  Image risk: 0.00%
  Sensor    : Unhealthy / Stress warning (99.00%)
  Sensor risk: 99.00%
  Fusion    : healthy (60.40%)
  Final     : HEALTHY
  Image time: 217.38 ms

P03
  Image     : healthy (99.92%)
  Image risk: 0.08%
  Sensor    : Unhealthy / Stress warning (99.00%)
  Sensor risk: 99.00%
  Fusion    : healthy (60.35%)
  Final     : HEALTHY
  Image time: 216.98 ms

P04
  Image     : healthy (88.54%)
  Image risk: 11.46%
  Sensor    : Unhealthy / Stress warning (99.00%)
  Sensor risk: 99.00%
  Fusion    : healthy (53.52%)
  Final     : HEALTHY
  Image time: 216.74 ms

P05
  Image     : healthy (99.92%)
  Image risk: 0.08%
  Sensor    : Unhealthy / Stress warning (99.00%)
  Sensor risk: 99.00%
  Fusion    : healthy (60.35%)
  Final     : HEALTHY
  Image time: 216.73 ms

P06
  Image     : healthy (100.00%)
  Image risk: 0.00%
  Sensor    : Unhealthy / Stress warning (99.00%)
  Sensor risk: 99.00%
  Fusion    : healthy (60.40%)
  Final     : HEALTHY
  Image time: 218.35 ms

P07
  Image     : healthy (99.68%)
  Image risk: 0.32%
  Sensor    : Unhealthy / Stress warning (99.00%)
  Sensor risk: 99.00%
  Fusion    : healthy (60.21%)
  Final     : HEALTHY
  Image time: 222.45 ms

P08
  Image     : healthy (52.49%)
  Image risk: 47.51%
  Sensor    : Unhealthy / Stress warning (99.00%)
  Sensor risk: 99.00%
  Fusion    : unhealthy (68.11%)
  Final     : STRESS WARNING
  Image time: 220.74 ms

P09
  Image     : healthy (96.96%)
  Image risk: 3.04%
  Sensor    : Unhealthy / Stress warning (99.00%)
  Sensor risk: 99.00%
  Fusion    : healthy (58.58%)
  Final     : HEALTHY
  Image time: 216.82 ms

P10
  Image     : healthy (98.72%)
  Image risk: 1.28%
  Sensor    : Unhealthy / Stress warning (99.00%)
  Sensor risk: 99.00%
  Fusion    : healthy (59.63%)
  Final     : HEALTHY
  Image time: 219.02 ms

P11
  Image     : healthy (99.13%)
  Image risk: 0.87%
  Sensor    : Unhealthy / Stress warning (99.00%)
  Sensor risk: 99.00%
  Fusion    : healthy (59.88%)
  Final     : HEALTHY
  Image time: 217.94 ms

P12
  Image     : healthy (79.33%)
  Image risk: 20.67%
  Sensor    : Unhealthy / Stress warning (99.00%)
  Sensor risk: 99.00%
  Fusion    : unhealthy (52.00%)
  Final     : STRESS WARNING
  Image time: 225.78 ms

========================================
Updating SQLite predictions...
========================================
12 plant records updated.

========================================
 INFERENCE COMPLETED
========================================
Capture ID           : CAP_20260830_153004
Plants processed     : 12
Average image latency: 222.59 ms
Min image latency    : 216.73 ms
Max image latency    : 262.11 ms
Sensor latency       : 174.920 ms
Total script time    : 6439.26 ms

Predictions saved to:
/hydroponic_project/database/hydroponic.db

Processing CAP_20260830_154503

========================================
 HYDROPONIC EDGE-AI INFERENCE
========================================
Device        : cpu
Image weight  : 0.60
Sensor weight : 0.40
Threshold     : 0.50

========================================
Loading MobileNetV2...
========================================
Model       : mobilenet_v2
Classes     : ['healthy', 'unhealthy']
Class map   : {'healthy': 0, 'unhealthy': 1}
Best epoch  : 9
Load time   : 341.49 ms

========================================
Loading Random Forest sensor model...
========================================
Model       : Random Forest
Features    : ['pH', 'TDS', 'water_level', 'DHT_temp', 'DHT_humidity', 'water_temp']
Classes     : [0 1]
Class map   : {'0': 'Unhealthy / Stress warning', '1': 'Healthy'}
Load time   : 3106.88 ms

========================================
CAPTURE
========================================
Capture ID : CAP_20260830_154503
Timestamp  : 2026-08-30 15:45:03
Plants     : 12

========================================
SENSOR VALUES
========================================
pH            : 6.43
TDS           : 732.4 ppm
Water level   : OK
Air temp      : 32.6 C
Humidity      : 65.2 %
Water temp    : 30.37 C

Sensor model  : Unhealthy / Stress warning
Sensor conf.  : 99.33%
Sensor risk   : 99.33%
Sensor time   : 179.105 ms

========================================
PLANT INFERENCE
========================================

P01
  Image     : healthy (99.96%)
  Image risk: 0.04%
  Sensor    : Unhealthy / Stress warning (99.33%)
  Sensor risk: 99.33%
  Fusion    : healthy (60.24%)
  Final     : HEALTHY
  Image time: 261.54 ms

P02
  Image     : healthy (100.00%)
  Image risk: 0.00%
  Sensor    : Unhealthy / Stress warning (99.33%)
  Sensor risk: 99.33%
  Fusion    : healthy (60.27%)
  Final     : HEALTHY
  Image time: 224.57 ms

P03
  Image     : healthy (99.97%)
  Image risk: 0.03%
  Sensor    : Unhealthy / Stress warning (99.33%)
  Sensor risk: 99.33%
  Fusion    : healthy (60.25%)
  Final     : HEALTHY
  Image time: 218.79 ms

P04
  Image     : healthy (65.74%)
  Image risk: 34.26%
  Sensor    : Unhealthy / Stress warning (99.33%)
  Sensor risk: 99.33%
  Fusion    : unhealthy (60.29%)
  Final     : STRESS WARNING
  Image time: 216.76 ms

P05
  Image     : healthy (99.90%)
  Image risk: 0.10%
  Sensor    : Unhealthy / Stress warning (99.33%)
  Sensor risk: 99.33%
  Fusion    : healthy (60.21%)
  Final     : HEALTHY
  Image time: 218.23 ms

P06
  Image     : healthy (100.00%)
  Image risk: 0.00%
  Sensor    : Unhealthy / Stress warning (99.33%)
  Sensor risk: 99.33%
  Fusion    : healthy (60.27%)
  Final     : HEALTHY
  Image time: 217.83 ms

P07
  Image     : healthy (99.84%)
  Image risk: 0.16%
  Sensor    : Unhealthy / Stress warning (99.33%)
  Sensor risk: 99.33%
  Fusion    : healthy (60.17%)
  Final     : HEALTHY
  Image time: 217.99 ms

P08
  Image     : healthy (66.05%)
  Image risk: 33.95%
  Sensor    : Unhealthy / Stress warning (99.33%)
  Sensor risk: 99.33%
  Fusion    : unhealthy (60.10%)
  Final     : STRESS WARNING
  Image time: 216.28 ms

P09
  Image     : healthy (97.74%)
  Image risk: 2.26%
  Sensor    : Unhealthy / Stress warning (99.33%)
  Sensor risk: 99.33%
  Fusion    : healthy (58.91%)
  Final     : HEALTHY
  Image time: 217.22 ms

P10
  Image     : healthy (96.52%)
  Image risk: 3.48%
  Sensor    : Unhealthy / Stress warning (99.33%)
  Sensor risk: 99.33%
  Fusion    : healthy (58.18%)
  Final     : HEALTHY
  Image time: 217.03 ms

P11
  Image     : healthy (99.82%)
  Image risk: 0.18%
  Sensor    : Unhealthy / Stress warning (99.33%)
  Sensor risk: 99.33%
  Fusion    : healthy (60.16%)
  Final     : HEALTHY
  Image time: 225.68 ms

P12
  Image     : healthy (89.63%)
  Image risk: 10.37%
  Sensor    : Unhealthy / Stress warning (99.33%)
  Sensor risk: 99.33%
  Fusion    : healthy (54.05%)
  Final     : HEALTHY
  Image time: 216.90 ms

========================================
Updating SQLite predictions...
========================================
12 plant records updated.

========================================
 INFERENCE COMPLETED
========================================
Capture ID           : CAP_20260830_154503
Plants processed     : 12
Average image latency: 222.40 ms
Min image latency    : 216.28 ms
Max image latency    : 261.54 ms
Sensor latency       : 179.105 ms
Total script time    : 6436.99 ms

Predictions saved to:
/hydroponic_project/database/hydroponic.db

Processing CAP_20260830_160004

========================================
 HYDROPONIC EDGE-AI INFERENCE
========================================
Device        : cpu
Image weight  : 0.60
Sensor weight : 0.40
Threshold     : 0.50

========================================
Loading MobileNetV2...
========================================
Model       : mobilenet_v2
Classes     : ['healthy', 'unhealthy']
Class map   : {'healthy': 0, 'unhealthy': 1}
Best epoch  : 9
Load time   : 345.34 ms

========================================
Loading Random Forest sensor model...
========================================
Model       : Random Forest
Features    : ['pH', 'TDS', 'water_level', 'DHT_temp', 'DHT_humidity', 'water_temp']
Classes     : [0 1]
Class map   : {'0': 'Unhealthy / Stress warning', '1': 'Healthy'}
Load time   : 3111.76 ms

========================================
CAPTURE
========================================
Capture ID : CAP_20260830_160004
Timestamp  : 2026-08-30 16:00:04
Plants     : 12

========================================
SENSOR VALUES
========================================
pH            : 6.38
TDS           : 730.4 ppm
Water level   : OK
Air temp      : 32.8 C
Humidity      : 64.8 %
Water temp    : 30.37 C

Sensor model  : Unhealthy / Stress warning
Sensor conf.  : 99.33%
Sensor risk   : 99.33%
Sensor time   : 179.150 ms

========================================
PLANT INFERENCE
========================================

P01
  Image     : healthy (99.83%)
  Image risk: 0.17%
  Sensor    : Unhealthy / Stress warning (99.33%)
  Sensor risk: 99.33%
  Fusion    : healthy (60.16%)
  Final     : HEALTHY
  Image time: 262.53 ms

P02
  Image     : healthy (100.00%)
  Image risk: 0.00%
  Sensor    : Unhealthy / Stress warning (99.33%)
  Sensor risk: 99.33%
  Fusion    : healthy (60.27%)
  Final     : HEALTHY
  Image time: 218.97 ms

P03
  Image     : healthy (99.94%)
  Image risk: 0.06%
  Sensor    : Unhealthy / Stress warning (99.33%)
  Sensor risk: 99.33%
  Fusion    : healthy (60.23%)
  Final     : HEALTHY
  Image time: 218.11 ms

P04
  Image     : healthy (93.09%)
  Image risk: 6.91%
  Sensor    : Unhealthy / Stress warning (99.33%)
  Sensor risk: 99.33%
  Fusion    : healthy (56.12%)
  Final     : HEALTHY
  Image time: 218.09 ms

P05
  Image     : healthy (99.72%)
  Image risk: 0.28%
  Sensor    : Unhealthy / Stress warning (99.33%)
  Sensor risk: 99.33%
  Fusion    : healthy (60.10%)
  Final     : HEALTHY
  Image time: 218.14 ms

P06
  Image     : healthy (100.00%)
  Image risk: 0.00%
  Sensor    : Unhealthy / Stress warning (99.33%)
  Sensor risk: 99.33%
  Fusion    : healthy (60.26%)
  Final     : HEALTHY
  Image time: 218.69 ms

P07
  Image     : healthy (99.62%)
  Image risk: 0.38%
  Sensor    : Unhealthy / Stress warning (99.33%)
  Sensor risk: 99.33%
  Fusion    : healthy (60.04%)
  Final     : HEALTHY
  Image time: 218.14 ms

P08
  Image     : healthy (88.10%)
  Image risk: 11.90%
  Sensor    : Unhealthy / Stress warning (99.33%)
  Sensor risk: 99.33%
  Fusion    : healthy (53.12%)
  Final     : HEALTHY
  Image time: 217.84 ms

P09
  Image     : healthy (97.67%)
  Image risk: 2.33%
  Sensor    : Unhealthy / Stress warning (99.33%)
  Sensor risk: 99.33%
  Fusion    : healthy (58.87%)
  Final     : HEALTHY
  Image time: 218.33 ms

P10
  Image     : healthy (99.31%)
  Image risk: 0.69%
  Sensor    : Unhealthy / Stress warning (99.33%)
  Sensor risk: 99.33%
  Fusion    : healthy (59.86%)
  Final     : HEALTHY
  Image time: 221.62 ms

P11
  Image     : healthy (99.37%)
  Image risk: 0.63%
  Sensor    : Unhealthy / Stress warning (99.33%)
  Sensor risk: 99.33%
  Fusion    : healthy (59.89%)
  Final     : HEALTHY
  Image time: 219.40 ms

P12
  Image     : healthy (93.06%)
  Image risk: 6.94%
  Sensor    : Unhealthy / Stress warning (99.33%)
  Sensor risk: 99.33%
  Fusion    : healthy (56.10%)
  Final     : HEALTHY
  Image time: 217.88 ms

========================================
Updating SQLite predictions...
========================================
12 plant records updated.

========================================
 INFERENCE COMPLETED
========================================
Capture ID           : CAP_20260830_160004
Plants processed     : 12
Average image latency: 222.31 ms
Min image latency    : 217.84 ms
Max image latency    : 262.53 ms
Sensor latency       : 179.150 ms
Total script time    : 6438.78 ms

Predictions saved to:
/hydroponic_project/database/hydroponic.db

Processing CAP_20260830_161503

========================================
 HYDROPONIC EDGE-AI INFERENCE
========================================
Device        : cpu
Image weight  : 0.60
Sensor weight : 0.40
Threshold     : 0.50

========================================
Loading MobileNetV2...
========================================
Model       : mobilenet_v2
Classes     : ['healthy', 'unhealthy']
Class map   : {'healthy': 0, 'unhealthy': 1}
Best epoch  : 9
Load time   : 340.90 ms

========================================
Loading Random Forest sensor model...
========================================
Model       : Random Forest
Features    : ['pH', 'TDS', 'water_level', 'DHT_temp', 'DHT_humidity', 'water_temp']
Classes     : [0 1]
Class map   : {'0': 'Unhealthy / Stress warning', '1': 'Healthy'}
Load time   : 3110.22 ms

========================================
CAPTURE
========================================
Capture ID : CAP_20260830_161503
Timestamp  : 2026-08-30 16:15:03
Plants     : 12

========================================
SENSOR VALUES
========================================
pH            : 6.38
TDS           : 739.4 ppm
Water level   : OK
Air temp      : 32.4 C
Humidity      : 66.4 %
Water temp    : 30.37 C

Sensor model  : Unhealthy / Stress warning
Sensor conf.  : 98.00%
Sensor risk   : 98.00%
Sensor time   : 180.592 ms

========================================
PLANT INFERENCE
========================================

P01
  Image     : healthy (99.96%)
  Image risk: 0.04%
  Sensor    : Unhealthy / Stress warning (98.00%)
  Sensor risk: 98.00%
  Fusion    : healthy (60.78%)
  Final     : HEALTHY
  Image time: 262.44 ms

P02
  Image     : healthy (100.00%)
  Image risk: 0.00%
  Sensor    : Unhealthy / Stress warning (98.00%)
  Sensor risk: 98.00%
  Fusion    : healthy (60.80%)
  Final     : HEALTHY
  Image time: 218.22 ms

P03
  Image     : healthy (99.72%)
  Image risk: 0.28%
  Sensor    : Unhealthy / Stress warning (98.00%)
  Sensor risk: 98.00%
  Fusion    : healthy (60.63%)
  Final     : HEALTHY
  Image time: 217.76 ms

P04
  Image     : healthy (99.27%)
  Image risk: 0.73%
  Sensor    : Unhealthy / Stress warning (98.00%)
  Sensor risk: 98.00%
  Fusion    : healthy (60.36%)
  Final     : HEALTHY
  Image time: 218.07 ms

P05
  Image     : healthy (99.65%)
  Image risk: 0.35%
  Sensor    : Unhealthy / Stress warning (98.00%)
  Sensor risk: 98.00%
  Fusion    : healthy (60.59%)
  Final     : HEALTHY
  Image time: 219.05 ms

P06
  Image     : healthy (100.00%)
  Image risk: 0.00%
  Sensor    : Unhealthy / Stress warning (98.00%)
  Sensor risk: 98.00%
  Fusion    : healthy (60.80%)
  Final     : HEALTHY
  Image time: 218.23 ms

P07
  Image     : healthy (99.95%)
  Image risk: 0.05%
  Sensor    : Unhealthy / Stress warning (98.00%)
  Sensor risk: 98.00%
  Fusion    : healthy (60.77%)
  Final     : HEALTHY
  Image time: 217.98 ms

P08
  Image     : healthy (96.46%)
  Image risk: 3.54%
  Sensor    : Unhealthy / Stress warning (98.00%)
  Sensor risk: 98.00%
  Fusion    : healthy (58.68%)
  Final     : HEALTHY
  Image time: 217.50 ms

P09
  Image     : healthy (98.67%)
  Image risk: 1.33%
  Sensor    : Unhealthy / Stress warning (98.00%)
  Sensor risk: 98.00%
  Fusion    : healthy (60.00%)
  Final     : HEALTHY
  Image time: 217.92 ms

P10
  Image     : healthy (99.39%)
  Image risk: 0.61%
  Sensor    : Unhealthy / Stress warning (98.00%)
  Sensor risk: 98.00%
  Fusion    : healthy (60.43%)
  Final     : HEALTHY
  Image time: 222.33 ms

P11
  Image     : healthy (99.92%)
  Image risk: 0.08%
  Sensor    : Unhealthy / Stress warning (98.00%)
  Sensor risk: 98.00%
  Fusion    : healthy (60.75%)
  Final     : HEALTHY
  Image time: 217.87 ms

P12
  Image     : healthy (99.47%)
  Image risk: 0.53%
  Sensor    : Unhealthy / Stress warning (98.00%)
  Sensor risk: 98.00%
  Fusion    : healthy (60.48%)
  Final     : HEALTHY
  Image time: 216.95 ms

========================================
Updating SQLite predictions...
========================================
12 plant records updated.

========================================
 INFERENCE COMPLETED
========================================
Capture ID           : CAP_20260830_161503
Plants processed     : 12
Average image latency: 222.03 ms
Min image latency    : 216.95 ms
Max image latency    : 262.44 ms
Sensor latency       : 180.592 ms
Total script time    : 6430.22 ms

Predictions saved to:
/hydroponic_project/database/hydroponic.db

Processing CAP_20260830_163003

========================================
 HYDROPONIC EDGE-AI INFERENCE
========================================
Device        : cpu
Image weight  : 0.60
Sensor weight : 0.40
Threshold     : 0.50

========================================
Loading MobileNetV2...
========================================
Model       : mobilenet_v2
Classes     : ['healthy', 'unhealthy']
Class map   : {'healthy': 0, 'unhealthy': 1}
Best epoch  : 9
Load time   : 340.64 ms

========================================
Loading Random Forest sensor model...
========================================
Model       : Random Forest
Features    : ['pH', 'TDS', 'water_level', 'DHT_temp', 'DHT_humidity', 'water_temp']
Classes     : [0 1]
Class map   : {'0': 'Unhealthy / Stress warning', '1': 'Healthy'}
Load time   : 3095.30 ms

========================================
CAPTURE
========================================
Capture ID : CAP_20260830_163003
Timestamp  : 2026-08-30 16:30:03
Plants     : 12

========================================
SENSOR VALUES
========================================
pH            : 6.37
TDS           : 751.8 ppm
Water level   : OK
Air temp      : 32.3 C
Humidity      : 66.9 %
Water temp    : 30.31 C

Sensor model  : Unhealthy / Stress warning
Sensor conf.  : 98.00%
Sensor risk   : 98.00%
Sensor time   : 174.979 ms

========================================
PLANT INFERENCE
========================================

P01
  Image     : healthy (99.98%)
  Image risk: 0.02%
  Sensor    : Unhealthy / Stress warning (98.00%)
  Sensor risk: 98.00%
  Fusion    : healthy (60.79%)
  Final     : HEALTHY
  Image time: 261.23 ms

P02
  Image     : healthy (100.00%)
  Image risk: 0.00%
  Sensor    : Unhealthy / Stress warning (98.00%)
  Sensor risk: 98.00%
  Fusion    : healthy (60.80%)
  Final     : HEALTHY
  Image time: 217.04 ms

P03
  Image     : healthy (99.78%)
  Image risk: 0.22%
  Sensor    : Unhealthy / Stress warning (98.00%)
  Sensor risk: 98.00%
  Fusion    : healthy (60.67%)
  Final     : HEALTHY
  Image time: 216.59 ms

P04
  Image     : healthy (98.81%)
  Image risk: 1.19%
  Sensor    : Unhealthy / Stress warning (98.00%)
  Sensor risk: 98.00%
  Fusion    : healthy (60.08%)
  Final     : HEALTHY
  Image time: 217.41 ms

P05
  Image     : healthy (99.87%)
  Image risk: 0.13%
  Sensor    : Unhealthy / Stress warning (98.00%)
  Sensor risk: 98.00%
  Fusion    : healthy (60.72%)
  Final     : HEALTHY
  Image time: 217.39 ms

P06
  Image     : healthy (100.00%)
  Image risk: 0.00%
  Sensor    : Unhealthy / Stress warning (98.00%)
  Sensor risk: 98.00%
  Fusion    : healthy (60.80%)
  Final     : HEALTHY
  Image time: 215.81 ms

P07
  Image     : healthy (100.00%)
  Image risk: 0.00%
  Sensor    : Unhealthy / Stress warning (98.00%)
  Sensor risk: 98.00%
  Fusion    : healthy (60.80%)
  Final     : HEALTHY
  Image time: 216.65 ms

P08
  Image     : healthy (97.21%)
  Image risk: 2.79%
  Sensor    : Unhealthy / Stress warning (98.00%)
  Sensor risk: 98.00%
  Fusion    : healthy (59.13%)
  Final     : HEALTHY
  Image time: 217.47 ms

P09
  Image     : healthy (98.47%)
  Image risk: 1.53%
  Sensor    : Unhealthy / Stress warning (98.00%)
  Sensor risk: 98.00%
  Fusion    : healthy (59.88%)
  Final     : HEALTHY
  Image time: 225.28 ms

P10
  Image     : healthy (99.87%)
  Image risk: 0.13%
  Sensor    : Unhealthy / Stress warning (98.00%)
  Sensor risk: 98.00%
  Fusion    : healthy (60.72%)
  Final     : HEALTHY
  Image time: 217.10 ms

P11
  Image     : healthy (99.97%)
  Image risk: 0.03%
  Sensor    : Unhealthy / Stress warning (98.00%)
  Sensor risk: 98.00%
  Fusion    : healthy (60.78%)
  Final     : HEALTHY
  Image time: 217.20 ms

P12
  Image     : healthy (99.53%)
  Image risk: 0.47%
  Sensor    : Unhealthy / Stress warning (98.00%)
  Sensor risk: 98.00%
  Fusion    : healthy (60.52%)
  Final     : HEALTHY
  Image time: 216.51 ms

========================================
Updating SQLite predictions...
========================================
12 plant records updated.

========================================
 INFERENCE COMPLETED
========================================
Capture ID           : CAP_20260830_163003
Plants processed     : 12
Average image latency: 221.31 ms
Min image latency    : 215.81 ms
Max image latency    : 261.23 ms
Sensor latency       : 174.979 ms
Total script time    : 6404.11 ms

Predictions saved to:
/hydroponic_project/database/hydroponic.db

Processing CAP_20260830_164504

========================================
 HYDROPONIC EDGE-AI INFERENCE
========================================
Device        : cpu
Image weight  : 0.60
Sensor weight : 0.40
Threshold     : 0.50

========================================
Loading MobileNetV2...
========================================
Model       : mobilenet_v2
Classes     : ['healthy', 'unhealthy']
Class map   : {'healthy': 0, 'unhealthy': 1}
Best epoch  : 9
Load time   : 342.80 ms

========================================
Loading Random Forest sensor model...
========================================
Model       : Random Forest
Features    : ['pH', 'TDS', 'water_level', 'DHT_temp', 'DHT_humidity', 'water_temp']
Classes     : [0 1]
Class map   : {'0': 'Unhealthy / Stress warning', '1': 'Healthy'}
Load time   : 3110.47 ms

========================================
CAPTURE
========================================
Capture ID : CAP_20260830_164504
Timestamp  : 2026-08-30 16:45:04
Plants     : 12

========================================
SENSOR VALUES
========================================
pH            : 6.35
TDS           : 751.9 ppm
Water level   : OK
Air temp      : 32.0 C
Humidity      : 67.5 %
Water temp    : 30.25 C

Sensor model  : Unhealthy / Stress warning
Sensor conf.  : 97.33%
Sensor risk   : 97.33%
Sensor time   : 182.347 ms

========================================
PLANT INFERENCE
========================================

P01
  Image     : healthy (99.98%)
  Image risk: 0.02%
  Sensor    : Unhealthy / Stress warning (97.33%)
  Sensor risk: 97.33%
  Fusion    : healthy (61.05%)
  Final     : HEALTHY
  Image time: 261.97 ms

P02
  Image     : healthy (100.00%)
  Image risk: 0.00%
  Sensor    : Unhealthy / Stress warning (97.33%)
  Sensor risk: 97.33%
  Fusion    : healthy (61.07%)
  Final     : HEALTHY
  Image time: 220.20 ms

P03
  Image     : healthy (99.95%)
  Image risk: 0.05%
  Sensor    : Unhealthy / Stress warning (97.33%)
  Sensor risk: 97.33%
  Fusion    : healthy (61.04%)
  Final     : HEALTHY
  Image time: 218.87 ms

P04
  Image     : healthy (99.21%)
  Image risk: 0.79%
  Sensor    : Unhealthy / Stress warning (97.33%)
  Sensor risk: 97.33%
  Fusion    : healthy (60.59%)
  Final     : HEALTHY
  Image time: 220.58 ms

P05
  Image     : healthy (99.79%)
  Image risk: 0.21%
  Sensor    : Unhealthy / Stress warning (97.33%)
  Sensor risk: 97.33%
  Fusion    : healthy (60.94%)
  Final     : HEALTHY
  Image time: 213.74 ms

P06
  Image     : healthy (100.00%)
  Image risk: 0.00%
  Sensor    : Unhealthy / Stress warning (97.33%)
  Sensor risk: 97.33%
  Fusion    : healthy (61.07%)
  Final     : HEALTHY
  Image time: 216.20 ms

P07
  Image     : healthy (99.99%)
  Image risk: 0.01%
  Sensor    : Unhealthy / Stress warning (97.33%)
  Sensor risk: 97.33%
  Fusion    : healthy (61.06%)
  Final     : HEALTHY
  Image time: 218.58 ms

P08
  Image     : healthy (94.72%)
  Image risk: 5.28%
  Sensor    : Unhealthy / Stress warning (97.33%)
  Sensor risk: 97.33%
  Fusion    : healthy (57.90%)
  Final     : HEALTHY
  Image time: 221.51 ms

P09
  Image     : healthy (97.43%)
  Image risk: 2.57%
  Sensor    : Unhealthy / Stress warning (97.33%)
  Sensor risk: 97.33%
  Fusion    : healthy (59.52%)
  Final     : HEALTHY
  Image time: 219.81 ms

P10
  Image     : healthy (99.78%)
  Image risk: 0.22%
  Sensor    : Unhealthy / Stress warning (97.33%)
  Sensor risk: 97.33%
  Fusion    : healthy (60.93%)
  Final     : HEALTHY
  Image time: 216.94 ms

P11
  Image     : healthy (99.92%)
  Image risk: 0.08%
  Sensor    : Unhealthy / Stress warning (97.33%)
  Sensor risk: 97.33%
  Fusion    : healthy (61.02%)
  Final     : HEALTHY
  Image time: 220.13 ms

P12
  Image     : healthy (99.61%)
  Image risk: 0.39%
  Sensor    : Unhealthy / Stress warning (97.33%)
  Sensor risk: 97.33%
  Fusion    : healthy (60.83%)
  Final     : HEALTHY
  Image time: 220.39 ms

========================================
Updating SQLite predictions...
========================================
12 plant records updated.

========================================
 INFERENCE COMPLETED
========================================
Capture ID           : CAP_20260830_164504
Plants processed     : 12
Average image latency: 222.41 ms
Min image latency    : 213.74 ms
Max image latency    : 261.97 ms
Sensor latency       : 182.347 ms
Total script time    : 6446.67 ms

Predictions saved to:
/hydroponic_project/database/hydroponic.db

Processing CAP_20260830_170003

========================================
 HYDROPONIC EDGE-AI INFERENCE
========================================
Device        : cpu
Image weight  : 0.60
Sensor weight : 0.40
Threshold     : 0.50

========================================
Loading MobileNetV2...
========================================
Model       : mobilenet_v2
Classes     : ['healthy', 'unhealthy']
Class map   : {'healthy': 0, 'unhealthy': 1}
Best epoch  : 9
Load time   : 339.32 ms

========================================
Loading Random Forest sensor model...
========================================
Model       : Random Forest
Features    : ['pH', 'TDS', 'water_level', 'DHT_temp', 'DHT_humidity', 'water_temp']
Classes     : [0 1]
Class map   : {'0': 'Unhealthy / Stress warning', '1': 'Healthy'}
Load time   : 3104.64 ms

========================================
CAPTURE
========================================
Capture ID : CAP_20260830_170003
Timestamp  : 2026-08-30 17:00:03
Plants     : 12

========================================
SENSOR VALUES
========================================
pH            : 6.4
TDS           : 750.1 ppm
Water level   : OK
Air temp      : 31.9 C
Humidity      : 68.7 %
Water temp    : 30.25 C

Sensor model  : Unhealthy / Stress warning
Sensor conf.  : 97.33%
Sensor risk   : 97.33%
Sensor time   : 180.766 ms

========================================
PLANT INFERENCE
========================================

P01
  Image     : healthy (99.96%)
  Image risk: 0.04%
  Sensor    : Unhealthy / Stress warning (97.33%)
  Sensor risk: 97.33%
  Fusion    : healthy (61.05%)
  Final     : HEALTHY
  Image time: 262.65 ms

P02
  Image     : healthy (100.00%)
  Image risk: 0.00%
  Sensor    : Unhealthy / Stress warning (97.33%)
  Sensor risk: 97.33%
  Fusion    : healthy (61.07%)
  Final     : HEALTHY
  Image time: 237.10 ms

P03
  Image     : healthy (99.82%)
  Image risk: 0.18%
  Sensor    : Unhealthy / Stress warning (97.33%)
  Sensor risk: 97.33%
  Fusion    : healthy (60.96%)
  Final     : HEALTHY
  Image time: 222.94 ms

P04
  Image     : healthy (99.01%)
  Image risk: 0.99%
  Sensor    : Unhealthy / Stress warning (97.33%)
  Sensor risk: 97.33%
  Fusion    : healthy (60.47%)
  Final     : HEALTHY
  Image time: 222.28 ms

P05
  Image     : healthy (99.86%)
  Image risk: 0.14%
  Sensor    : Unhealthy / Stress warning (97.33%)
  Sensor risk: 97.33%
  Fusion    : healthy (60.98%)
  Final     : HEALTHY
  Image time: 220.77 ms

P06
  Image     : healthy (100.00%)
  Image risk: 0.00%
  Sensor    : Unhealthy / Stress warning (97.33%)
  Sensor risk: 97.33%
  Fusion    : healthy (61.07%)
  Final     : HEALTHY
  Image time: 221.87 ms

P07
  Image     : healthy (99.99%)
  Image risk: 0.01%
  Sensor    : Unhealthy / Stress warning (97.33%)
  Sensor risk: 97.33%
  Fusion    : healthy (61.06%)
  Final     : HEALTHY
  Image time: 225.56 ms

P08
  Image     : healthy (94.47%)
  Image risk: 5.53%
  Sensor    : Unhealthy / Stress warning (97.33%)
  Sensor risk: 97.33%
  Fusion    : healthy (57.75%)
  Final     : HEALTHY
  Image time: 222.54 ms

P09
  Image     : healthy (97.39%)
  Image risk: 2.61%
  Sensor    : Unhealthy / Stress warning (97.33%)
  Sensor risk: 97.33%
  Fusion    : healthy (59.50%)
  Final     : HEALTHY
  Image time: 221.99 ms

P10
  Image     : healthy (99.81%)
  Image risk: 0.19%
  Sensor    : Unhealthy / Stress warning (97.33%)
  Sensor risk: 97.33%
  Fusion    : healthy (60.95%)
  Final     : HEALTHY
  Image time: 222.50 ms

P11
  Image     : healthy (99.96%)
  Image risk: 0.04%
  Sensor    : Unhealthy / Stress warning (97.33%)
  Sensor risk: 97.33%
  Fusion    : healthy (61.04%)
  Final     : HEALTHY
  Image time: 218.98 ms

P12
  Image     : healthy (98.40%)
  Image risk: 1.60%
  Sensor    : Unhealthy / Stress warning (97.33%)
  Sensor risk: 97.33%
  Fusion    : healthy (60.11%)
  Final     : HEALTHY
  Image time: 220.16 ms

========================================
Updating SQLite predictions...
========================================
12 plant records updated.

========================================
 INFERENCE COMPLETED
========================================
Capture ID           : CAP_20260830_170003
Plants processed     : 12
Average image latency: 226.61 ms
Min image latency    : 218.98 ms
Max image latency    : 262.65 ms
Sensor latency       : 180.766 ms
Total script time    : 6482.04 ms

Predictions saved to:
/hydroponic_project/database/hydroponic.db

Processing CAP_20260830_171503

========================================
 HYDROPONIC EDGE-AI INFERENCE
========================================
Device        : cpu
Image weight  : 0.60
Sensor weight : 0.40
Threshold     : 0.50

========================================
Loading MobileNetV2...
========================================
Model       : mobilenet_v2
Classes     : ['healthy', 'unhealthy']
Class map   : {'healthy': 0, 'unhealthy': 1}
Best epoch  : 9
Load time   : 342.66 ms

========================================
Loading Random Forest sensor model...
========================================
Model       : Random Forest
Features    : ['pH', 'TDS', 'water_level', 'DHT_temp', 'DHT_humidity', 'water_temp']
Classes     : [0 1]
Class map   : {'0': 'Unhealthy / Stress warning', '1': 'Healthy'}
Load time   : 3112.50 ms

========================================
CAPTURE
========================================
Capture ID : CAP_20260830_171503
Timestamp  : 2026-08-30 17:15:03
Plants     : 12

========================================
SENSOR VALUES
========================================
pH            : 6.28
TDS           : 747.1 ppm
Water level   : OK
Air temp      : 31.8 C
Humidity      : 68.6 %
Water temp    : 30.19 C

Sensor model  : Unhealthy / Stress warning
Sensor conf.  : 97.33%
Sensor risk   : 97.33%
Sensor time   : 178.880 ms

========================================
PLANT INFERENCE
========================================

P01
  Image     : healthy (96.69%)
  Image risk: 3.31%
  Sensor    : Unhealthy / Stress warning (97.33%)
  Sensor risk: 97.33%
  Fusion    : healthy (59.08%)
  Final     : HEALTHY
  Image time: 263.42 ms

P02
  Image     : healthy (99.96%)
  Image risk: 0.04%
  Sensor    : Unhealthy / Stress warning (97.33%)
  Sensor risk: 97.33%
  Fusion    : healthy (61.04%)
  Final     : HEALTHY
  Image time: 224.90 ms

P03
  Image     : healthy (72.29%)
  Image risk: 27.71%
  Sensor    : Unhealthy / Stress warning (97.33%)
  Sensor risk: 97.33%
  Fusion    : unhealthy (55.56%)
  Final     : STRESS WARNING
  Image time: 219.21 ms

P04
  Image     : healthy (59.96%)
  Image risk: 40.04%
  Sensor    : Unhealthy / Stress warning (97.33%)
  Sensor risk: 97.33%
  Fusion    : unhealthy (62.96%)
  Final     : STRESS WARNING
  Image time: 218.65 ms

P05
  Image     : healthy (98.87%)
  Image risk: 1.13%
  Sensor    : Unhealthy / Stress warning (97.33%)
  Sensor risk: 97.33%
  Fusion    : healthy (60.39%)
  Final     : HEALTHY
  Image time: 213.24 ms

P06
  Image     : healthy (99.99%)
  Image risk: 0.01%
  Sensor    : Unhealthy / Stress warning (97.33%)
  Sensor risk: 97.33%
  Fusion    : healthy (61.06%)
  Final     : HEALTHY
  Image time: 218.37 ms

P07
  Image     : healthy (99.57%)
  Image risk: 0.43%
  Sensor    : Unhealthy / Stress warning (97.33%)
  Sensor risk: 97.33%
  Fusion    : healthy (60.81%)
  Final     : HEALTHY
  Image time: 226.53 ms

P08
  Image     : healthy (91.64%)
  Image risk: 8.36%
  Sensor    : Unhealthy / Stress warning (97.33%)
  Sensor risk: 97.33%
  Fusion    : healthy (56.05%)
  Final     : HEALTHY
  Image time: 218.07 ms

P09
  Image     : healthy (90.59%)
  Image risk: 9.41%
  Sensor    : Unhealthy / Stress warning (97.33%)
  Sensor risk: 97.33%
  Fusion    : healthy (55.42%)
  Final     : HEALTHY
  Image time: 218.41 ms

P10
  Image     : healthy (99.57%)
  Image risk: 0.43%
  Sensor    : Unhealthy / Stress warning (97.33%)
  Sensor risk: 97.33%
  Fusion    : healthy (60.81%)
  Final     : HEALTHY
  Image time: 221.66 ms

P11
  Image     : healthy (99.50%)
  Image risk: 0.50%
  Sensor    : Unhealthy / Stress warning (97.33%)
  Sensor risk: 97.33%
  Fusion    : healthy (60.77%)
  Final     : HEALTHY
  Image time: 220.43 ms

P12
  Image     : healthy (69.80%)
  Image risk: 30.20%
  Sensor    : Unhealthy / Stress warning (97.33%)
  Sensor risk: 97.33%
  Fusion    : unhealthy (57.05%)
  Final     : STRESS WARNING
  Image time: 219.66 ms

========================================
Updating SQLite predictions...
========================================
12 plant records updated.

========================================
 INFERENCE COMPLETED
========================================
Capture ID           : CAP_20260830_171503
Plants processed     : 12
Average image latency: 223.55 ms
Min image latency    : 213.24 ms
Max image latency    : 263.42 ms
Sensor latency       : 178.880 ms
Total script time    : 6457.87 ms

Predictions saved to:
/hydroponic_project/database/hydroponic.db

Processing CAP_20260830_173004

========================================
 HYDROPONIC EDGE-AI INFERENCE
========================================
Device        : cpu
Image weight  : 0.60
Sensor weight : 0.40
Threshold     : 0.50

========================================
Loading MobileNetV2...
========================================
Model       : mobilenet_v2
Classes     : ['healthy', 'unhealthy']
Class map   : {'healthy': 0, 'unhealthy': 1}
Best epoch  : 9
Load time   : 338.78 ms

========================================
Loading Random Forest sensor model...
========================================
Model       : Random Forest
Features    : ['pH', 'TDS', 'water_level', 'DHT_temp', 'DHT_humidity', 'water_temp']
Classes     : [0 1]
Class map   : {'0': 'Unhealthy / Stress warning', '1': 'Healthy'}
Load time   : 3109.62 ms

========================================
CAPTURE
========================================
Capture ID : CAP_20260830_173004
Timestamp  : 2026-08-30 17:30:04
Plants     : 12

========================================
SENSOR VALUES
========================================
pH            : 6.35
TDS           : 747.7 ppm
Water level   : OK
Air temp      : 31.5 C
Humidity      : 69.3 %
Water temp    : 30.06 C

Sensor model  : Unhealthy / Stress warning
Sensor conf.  : 97.33%
Sensor risk   : 97.33%
Sensor time   : 180.629 ms

========================================
PLANT INFERENCE
========================================

P01
  Image     : healthy (98.72%)
  Image risk: 1.28%
  Sensor    : Unhealthy / Stress warning (97.33%)
  Sensor risk: 97.33%
  Fusion    : healthy (60.30%)
  Final     : HEALTHY
  Image time: 262.32 ms

P02
  Image     : healthy (99.89%)
  Image risk: 0.11%
  Sensor    : Unhealthy / Stress warning (97.33%)
  Sensor risk: 97.33%
  Fusion    : healthy (61.00%)
  Final     : HEALTHY
  Image time: 218.42 ms

P03
  Image     : unhealthy (66.00%)
  Image risk: 66.00%
  Sensor    : Unhealthy / Stress warning (97.33%)
  Sensor risk: 97.33%
  Fusion    : unhealthy (78.53%)
  Final     : STRESS WARNING
  Image time: 219.09 ms

P04
  Image     : healthy (54.71%)
  Image risk: 45.29%
  Sensor    : Unhealthy / Stress warning (97.33%)
  Sensor risk: 97.33%
  Fusion    : unhealthy (66.10%)
  Final     : STRESS WARNING
  Image time: 219.22 ms

P05
  Image     : healthy (78.33%)
  Image risk: 21.67%
  Sensor    : Unhealthy / Stress warning (97.33%)
  Sensor risk: 97.33%
  Fusion    : unhealthy (51.93%)
  Final     : STRESS WARNING
  Image time: 213.78 ms

P06
  Image     : healthy (99.93%)
  Image risk: 0.07%
  Sensor    : Unhealthy / Stress warning (97.33%)
  Sensor risk: 97.33%
  Fusion    : healthy (61.02%)
  Final     : HEALTHY
  Image time: 217.78 ms

P07
  Image     : healthy (98.24%)
  Image risk: 1.76%
  Sensor    : Unhealthy / Stress warning (97.33%)
  Sensor risk: 97.33%
  Fusion    : healthy (60.01%)
  Final     : HEALTHY
  Image time: 217.73 ms

P08
  Image     : healthy (94.90%)
  Image risk: 5.10%
  Sensor    : Unhealthy / Stress warning (97.33%)
  Sensor risk: 97.33%
  Fusion    : healthy (58.01%)
  Final     : HEALTHY
  Image time: 218.29 ms

P09
  Image     : healthy (77.03%)
  Image risk: 22.97%
  Sensor    : Unhealthy / Stress warning (97.33%)
  Sensor risk: 97.33%
  Fusion    : unhealthy (52.71%)
  Final     : STRESS WARNING
  Image time: 218.20 ms

P10
  Image     : healthy (95.23%)
  Image risk: 4.77%
  Sensor    : Unhealthy / Stress warning (97.33%)
  Sensor risk: 97.33%
  Fusion    : healthy (58.20%)
  Final     : HEALTHY
  Image time: 218.02 ms

P11
  Image     : healthy (98.01%)
  Image risk: 1.99%
  Sensor    : Unhealthy / Stress warning (97.33%)
  Sensor risk: 97.33%
  Fusion    : healthy (59.87%)
  Final     : HEALTHY
  Image time: 218.77 ms

P12
  Image     : healthy (65.36%)
  Image risk: 34.64%
  Sensor    : Unhealthy / Stress warning (97.33%)
  Sensor risk: 97.33%
  Fusion    : unhealthy (59.72%)
  Final     : STRESS WARNING
  Image time: 218.44 ms

========================================
Updating SQLite predictions...
========================================
12 plant records updated.

========================================
 INFERENCE COMPLETED
========================================
Capture ID           : CAP_20260830_173004
Plants processed     : 12
Average image latency: 221.67 ms
Min image latency    : 213.78 ms
Max image latency    : 262.32 ms
Sensor latency       : 180.629 ms
Total script time    : 6430.76 ms

Predictions saved to:
/hydroponic_project/database/hydroponic.db

Processing CAP_20260830_174503

========================================
 HYDROPONIC EDGE-AI INFERENCE
========================================
Device        : cpu
Image weight  : 0.60
Sensor weight : 0.40
Threshold     : 0.50

========================================
Loading MobileNetV2...
========================================
Model       : mobilenet_v2
Classes     : ['healthy', 'unhealthy']
Class map   : {'healthy': 0, 'unhealthy': 1}
Best epoch  : 9
Load time   : 344.98 ms

========================================
Loading Random Forest sensor model...
========================================
Model       : Random Forest
Features    : ['pH', 'TDS', 'water_level', 'DHT_temp', 'DHT_humidity', 'water_temp']
Classes     : [0 1]
Class map   : {'0': 'Unhealthy / Stress warning', '1': 'Healthy'}
Load time   : 3109.98 ms

========================================
CAPTURE
========================================
Capture ID : CAP_20260830_174503
Timestamp  : 2026-08-30 17:45:03
Plants     : 12

========================================
SENSOR VALUES
========================================
pH            : 6.39
TDS           : 746.9 ppm
Water level   : OK
Air temp      : 31.3 C
Humidity      : 70.5 %
Water temp    : 30.0 C

Sensor model  : Unhealthy / Stress warning
Sensor conf.  : 98.00%
Sensor risk   : 98.00%
Sensor time   : 178.515 ms

========================================
PLANT INFERENCE
========================================

P01
  Image     : healthy (74.77%)
  Image risk: 25.23%
  Sensor    : Unhealthy / Stress warning (98.00%)
  Sensor risk: 98.00%
  Fusion    : unhealthy (54.34%)
  Final     : STRESS WARNING
  Image time: 263.41 ms

P02
  Image     : unhealthy (85.42%)
  Image risk: 85.42%
  Sensor    : Unhealthy / Stress warning (98.00%)
  Sensor risk: 98.00%
  Fusion    : unhealthy (90.45%)
  Final     : STRESS WARNING
  Image time: 218.52 ms

P03
  Image     : unhealthy (99.91%)
  Image risk: 99.91%
  Sensor    : Unhealthy / Stress warning (98.00%)
  Sensor risk: 98.00%
  Fusion    : unhealthy (99.14%)
  Final     : STRESS WARNING
  Image time: 219.68 ms

P04
  Image     : unhealthy (95.63%)
  Image risk: 95.63%
  Sensor    : Unhealthy / Stress warning (98.00%)
  Sensor risk: 98.00%
  Fusion    : unhealthy (96.58%)
  Final     : STRESS WARNING
  Image time: 218.93 ms

P05
  Image     : unhealthy (68.88%)
  Image risk: 68.88%
  Sensor    : Unhealthy / Stress warning (98.00%)
  Sensor risk: 98.00%
  Fusion    : unhealthy (80.53%)
  Final     : STRESS WARNING
  Image time: 216.81 ms

P06
  Image     : healthy (96.66%)
  Image risk: 3.34%
  Sensor    : Unhealthy / Stress warning (98.00%)
  Sensor risk: 98.00%
  Fusion    : healthy (58.80%)
  Final     : HEALTHY
  Image time: 215.01 ms

P07
  Image     : unhealthy (62.49%)
  Image risk: 62.49%
  Sensor    : Unhealthy / Stress warning (98.00%)
  Sensor risk: 98.00%
  Fusion    : unhealthy (76.69%)
  Final     : STRESS WARNING
  Image time: 218.93 ms

P08
  Image     : unhealthy (68.32%)
  Image risk: 68.32%
  Sensor    : Unhealthy / Stress warning (98.00%)
  Sensor risk: 98.00%
  Fusion    : unhealthy (80.19%)
  Final     : STRESS WARNING
  Image time: 218.10 ms

P09
  Image     : unhealthy (80.18%)
  Image risk: 80.18%
  Sensor    : Unhealthy / Stress warning (98.00%)
  Sensor risk: 98.00%
  Fusion    : unhealthy (87.31%)
  Final     : STRESS WARNING
  Image time: 220.07 ms

P10
  Image     : unhealthy (61.43%)
  Image risk: 61.43%
  Sensor    : Unhealthy / Stress warning (98.00%)
  Sensor risk: 98.00%
  Fusion    : unhealthy (76.06%)
  Final     : STRESS WARNING
  Image time: 217.02 ms

P11
  Image     : unhealthy (59.69%)
  Image risk: 59.69%
  Sensor    : Unhealthy / Stress warning (98.00%)
  Sensor risk: 98.00%
  Fusion    : unhealthy (75.01%)
  Final     : STRESS WARNING
  Image time: 218.43 ms

P12
  Image     : unhealthy (86.76%)
  Image risk: 86.76%
  Sensor    : Unhealthy / Stress warning (98.00%)
  Sensor risk: 98.00%
  Fusion    : unhealthy (91.25%)
  Final     : STRESS WARNING
  Image time: 219.30 ms

========================================
Updating SQLite predictions...
========================================
12 plant records updated.

========================================
 INFERENCE COMPLETED
========================================
Capture ID           : CAP_20260830_174503
Plants processed     : 12
Average image latency: 222.02 ms
Min image latency    : 215.01 ms
Max image latency    : 263.41 ms
Sensor latency       : 178.515 ms
Total script time    : 6434.95 ms

Predictions saved to:
/hydroponic_project/database/hydroponic.db

Processing CAP_20260830_180003

========================================
 HYDROPONIC EDGE-AI INFERENCE
========================================
Device        : cpu
Image weight  : 0.60
Sensor weight : 0.40
Threshold     : 0.50

========================================
Loading MobileNetV2...
========================================
Model       : mobilenet_v2
Classes     : ['healthy', 'unhealthy']
Class map   : {'healthy': 0, 'unhealthy': 1}
Best epoch  : 9
Load time   : 343.79 ms

========================================
Loading Random Forest sensor model...
========================================
Model       : Random Forest
Features    : ['pH', 'TDS', 'water_level', 'DHT_temp', 'DHT_humidity', 'water_temp']
Classes     : [0 1]
Class map   : {'0': 'Unhealthy / Stress warning', '1': 'Healthy'}
Load time   : 3098.93 ms

========================================
CAPTURE
========================================
Capture ID : CAP_20260830_180003
Timestamp  : 2026-08-30 18:00:03
Plants     : 12

========================================
SENSOR VALUES
========================================
pH            : 6.41
TDS           : 746.3 ppm
Water level   : OK
Air temp      : 31.2 C
Humidity      : 70.5 %
Water temp    : 29.94 C

Sensor model  : Unhealthy / Stress warning
Sensor conf.  : 98.00%
Sensor risk   : 98.00%
Sensor time   : 178.419 ms

========================================
PLANT INFERENCE
========================================

P01
  Image     : unhealthy (89.93%)
  Image risk: 89.93%
  Sensor    : Unhealthy / Stress warning (98.00%)
  Sensor risk: 98.00%
  Fusion    : unhealthy (93.16%)
  Final     : STRESS WARNING
  Image time: 262.68 ms

P02
  Image     : unhealthy (99.99%)
  Image risk: 99.99%
  Sensor    : Unhealthy / Stress warning (98.00%)
  Sensor risk: 98.00%
  Fusion    : unhealthy (99.19%)
  Final     : STRESS WARNING
  Image time: 219.41 ms

P03
  Image     : unhealthy (100.00%)
  Image risk: 100.00%
  Sensor    : Unhealthy / Stress warning (98.00%)
  Sensor risk: 98.00%
  Fusion    : unhealthy (99.20%)
  Final     : STRESS WARNING
  Image time: 217.98 ms

P04
  Image     : unhealthy (92.30%)
  Image risk: 92.30%
  Sensor    : Unhealthy / Stress warning (98.00%)
  Sensor risk: 98.00%
  Fusion    : unhealthy (94.58%)
  Final     : STRESS WARNING
  Image time: 220.30 ms

P05
  Image     : unhealthy (96.95%)
  Image risk: 96.95%
  Sensor    : Unhealthy / Stress warning (98.00%)
  Sensor risk: 98.00%
  Fusion    : unhealthy (97.37%)
  Final     : STRESS WARNING
  Image time: 219.67 ms

P06
  Image     : healthy (87.25%)
  Image risk: 12.75%
  Sensor    : Unhealthy / Stress warning (98.00%)
  Sensor risk: 98.00%
  Fusion    : healthy (53.15%)
  Final     : HEALTHY
  Image time: 219.38 ms

P07
  Image     : unhealthy (79.38%)
  Image risk: 79.38%
  Sensor    : Unhealthy / Stress warning (98.00%)
  Sensor risk: 98.00%
  Fusion    : unhealthy (86.83%)
  Final     : STRESS WARNING
  Image time: 219.69 ms

P08
  Image     : unhealthy (65.96%)
  Image risk: 65.96%
  Sensor    : Unhealthy / Stress warning (98.00%)
  Sensor risk: 98.00%
  Fusion    : unhealthy (78.78%)
  Final     : STRESS WARNING
  Image time: 218.33 ms

P09
  Image     : unhealthy (99.66%)
  Image risk: 99.66%
  Sensor    : Unhealthy / Stress warning (98.00%)
  Sensor risk: 98.00%
  Fusion    : unhealthy (99.00%)
  Final     : STRESS WARNING
  Image time: 220.99 ms

P10
  Image     : unhealthy (96.96%)
  Image risk: 96.96%
  Sensor    : Unhealthy / Stress warning (98.00%)
  Sensor risk: 98.00%
  Fusion    : unhealthy (97.38%)
  Final     : STRESS WARNING
  Image time: 218.68 ms

P11
  Image     : unhealthy (97.51%)
  Image risk: 97.51%
  Sensor    : Unhealthy / Stress warning (98.00%)
  Sensor risk: 98.00%
  Fusion    : unhealthy (97.70%)
  Final     : STRESS WARNING
  Image time: 219.39 ms

P12
  Image     : unhealthy (99.45%)
  Image risk: 99.45%
  Sensor    : Unhealthy / Stress warning (98.00%)
  Sensor risk: 98.00%
  Fusion    : unhealthy (98.87%)
  Final     : STRESS WARNING
  Image time: 218.59 ms

========================================
Updating SQLite predictions...
========================================
12 plant records updated.

========================================
 INFERENCE COMPLETED
========================================
Capture ID           : CAP_20260830_180003
Plants processed     : 12
Average image latency: 222.92 ms
Min image latency    : 217.98 ms
Max image latency    : 262.68 ms
Sensor latency       : 178.419 ms
Total script time    : 6431.79 ms

Predictions saved to:
/hydroponic_project/database/hydroponic.db

Processing CAP_20260830_181504

========================================
 HYDROPONIC EDGE-AI INFERENCE
========================================
Device        : cpu
Image weight  : 0.60
Sensor weight : 0.40
Threshold     : 0.50

========================================
Loading MobileNetV2...
========================================
Model       : mobilenet_v2
Classes     : ['healthy', 'unhealthy']
Class map   : {'healthy': 0, 'unhealthy': 1}
Best epoch  : 9
Load time   : 338.76 ms

========================================
Loading Random Forest sensor model...
========================================
Model       : Random Forest
Features    : ['pH', 'TDS', 'water_level', 'DHT_temp', 'DHT_humidity', 'water_temp']
Classes     : [0 1]
Class map   : {'0': 'Unhealthy / Stress warning', '1': 'Healthy'}
Load time   : 3108.58 ms

========================================
CAPTURE
========================================
Capture ID : CAP_20260830_181504
Timestamp  : 2026-08-30 18:15:04
Plants     : 12

WARNING: Very low camera light.
Camera Lux: 2.7594504356384277
Image prediction may be less reliable.

========================================
SENSOR VALUES
========================================
pH            : 6.41
TDS           : 745.9 ppm
Water level   : OK
Air temp      : 31.1 C
Humidity      : 71.1 %
Water temp    : 29.87 C

Sensor model  : Unhealthy / Stress warning
Sensor conf.  : 95.33%
Sensor risk   : 95.33%
Sensor time   : 177.678 ms

========================================
PLANT INFERENCE
========================================

P01
  Image     : unhealthy (63.34%)
  Image risk: 63.34%
  Sensor    : Unhealthy / Stress warning (95.33%)
  Sensor risk: 95.33%
  Fusion    : unhealthy (76.14%)
  Final     : STRESS WARNING
  Image time: 262.59 ms

P02
  Image     : unhealthy (91.57%)
  Image risk: 91.57%
  Sensor    : Unhealthy / Stress warning (95.33%)
  Sensor risk: 95.33%
  Fusion    : unhealthy (93.08%)
  Final     : STRESS WARNING
  Image time: 218.66 ms

P03
  Image     : unhealthy (97.79%)
  Image risk: 97.79%
  Sensor    : Unhealthy / Stress warning (95.33%)
  Sensor risk: 95.33%
  Fusion    : unhealthy (96.81%)
  Final     : STRESS WARNING
  Image time: 218.12 ms

P04
  Image     : unhealthy (96.87%)
  Image risk: 96.87%
  Sensor    : Unhealthy / Stress warning (95.33%)
  Sensor risk: 95.33%
  Fusion    : unhealthy (96.25%)
  Final     : STRESS WARNING
  Image time: 219.73 ms

P05
  Image     : healthy (68.36%)
  Image risk: 31.64%
  Sensor    : Unhealthy / Stress warning (95.33%)
  Sensor risk: 95.33%
  Fusion    : unhealthy (57.12%)
  Final     : STRESS WARNING
  Image time: 218.16 ms

P06
  Image     : unhealthy (54.21%)
  Image risk: 54.21%
  Sensor    : Unhealthy / Stress warning (95.33%)
  Sensor risk: 95.33%
  Fusion    : unhealthy (70.66%)
  Final     : STRESS WARNING
  Image time: 218.91 ms

P07
  Image     : unhealthy (82.47%)
  Image risk: 82.47%
  Sensor    : Unhealthy / Stress warning (95.33%)
  Sensor risk: 95.33%
  Fusion    : unhealthy (87.61%)
  Final     : STRESS WARNING
  Image time: 218.70 ms

P08
  Image     : unhealthy (96.70%)
  Image risk: 96.70%
  Sensor    : Unhealthy / Stress warning (95.33%)
  Sensor risk: 95.33%
  Fusion    : unhealthy (96.16%)
  Final     : STRESS WARNING
  Image time: 220.58 ms

P09
  Image     : unhealthy (72.43%)
  Image risk: 72.43%
  Sensor    : Unhealthy / Stress warning (95.33%)
  Sensor risk: 95.33%
  Fusion    : unhealthy (81.59%)
  Final     : STRESS WARNING
  Image time: 217.55 ms

P10
  Image     : unhealthy (97.60%)
  Image risk: 97.60%
  Sensor    : Unhealthy / Stress warning (95.33%)
  Sensor risk: 95.33%
  Fusion    : unhealthy (96.69%)
  Final     : STRESS WARNING
  Image time: 218.49 ms

P11
  Image     : unhealthy (72.37%)
  Image risk: 72.37%
  Sensor    : Unhealthy / Stress warning (95.33%)
  Sensor risk: 95.33%
  Fusion    : unhealthy (81.56%)
  Final     : STRESS WARNING
  Image time: 218.56 ms

P12
  Image     : unhealthy (98.39%)
  Image risk: 98.39%
  Sensor    : Unhealthy / Stress warning (95.33%)
  Sensor risk: 95.33%
  Fusion    : unhealthy (97.17%)
  Final     : STRESS WARNING
  Image time: 218.10 ms

========================================
Updating SQLite predictions...
========================================
12 plant records updated.

========================================
 INFERENCE COMPLETED
========================================
Capture ID           : CAP_20260830_181504
Plants processed     : 12
Average image latency: 222.35 ms
Min image latency    : 217.55 ms
Max image latency    : 262.59 ms
Sensor latency       : 177.678 ms
Total script time    : 6433.69 ms

Predictions saved to:
/hydroponic_project/database/hydroponic.db

Processing CAP_20260830_183004

========================================
 HYDROPONIC EDGE-AI INFERENCE
========================================
Device        : cpu
Image weight  : 0.60
Sensor weight : 0.40
Threshold     : 0.50

========================================
Loading MobileNetV2...
========================================
Model       : mobilenet_v2
Classes     : ['healthy', 'unhealthy']
Class map   : {'healthy': 0, 'unhealthy': 1}
Best epoch  : 9
Load time   : 342.09 ms

========================================
Loading Random Forest sensor model...
========================================
Model       : Random Forest
Features    : ['pH', 'TDS', 'water_level', 'DHT_temp', 'DHT_humidity', 'water_temp']
Classes     : [0 1]
Class map   : {'0': 'Unhealthy / Stress warning', '1': 'Healthy'}
Load time   : 3109.75 ms

========================================
CAPTURE
========================================
Capture ID : CAP_20260830_183004
Timestamp  : 2026-08-30 18:30:04
Plants     : 12

WARNING: Very low camera light.
Camera Lux: 0.6191578507423401
Image prediction may be less reliable.

========================================
SENSOR VALUES
========================================
pH            : 6.3
TDS           : 745.0 ppm
Water level   : OK
Air temp      : 31.0 C
Humidity      : 71.9 %
Water temp    : 29.81 C

Sensor model  : Unhealthy / Stress warning
Sensor conf.  : 94.00%
Sensor risk   : 94.00%
Sensor time   : 179.187 ms

========================================
PLANT INFERENCE
========================================

P01
  Image     : unhealthy (99.49%)
  Image risk: 99.49%
  Sensor    : Unhealthy / Stress warning (94.00%)
  Sensor risk: 94.00%
  Fusion    : unhealthy (97.30%)
  Final     : STRESS WARNING
  Image time: 261.87 ms

P02
  Image     : unhealthy (99.68%)
  Image risk: 99.68%
  Sensor    : Unhealthy / Stress warning (94.00%)
  Sensor risk: 94.00%
  Fusion    : unhealthy (97.41%)
  Final     : STRESS WARNING
  Image time: 217.91 ms

P03
  Image     : unhealthy (98.94%)
  Image risk: 98.94%
  Sensor    : Unhealthy / Stress warning (94.00%)
  Sensor risk: 94.00%
  Fusion    : unhealthy (96.97%)
  Final     : STRESS WARNING
  Image time: 233.02 ms

P04
  Image     : unhealthy (99.48%)
  Image risk: 99.48%
  Sensor    : Unhealthy / Stress warning (94.00%)
  Sensor risk: 94.00%
  Fusion    : unhealthy (97.29%)
  Final     : STRESS WARNING
  Image time: 220.31 ms

P05
  Image     : unhealthy (99.88%)
  Image risk: 99.88%
  Sensor    : Unhealthy / Stress warning (94.00%)
  Sensor risk: 94.00%
  Fusion    : unhealthy (97.53%)
  Final     : STRESS WARNING
  Image time: 215.26 ms

P06
  Image     : unhealthy (99.87%)
  Image risk: 99.87%
  Sensor    : Unhealthy / Stress warning (94.00%)
  Sensor risk: 94.00%
  Fusion    : unhealthy (97.52%)
  Final     : STRESS WARNING
  Image time: 215.97 ms

P07
  Image     : unhealthy (99.84%)
  Image risk: 99.84%
  Sensor    : Unhealthy / Stress warning (94.00%)
  Sensor risk: 94.00%
  Fusion    : unhealthy (97.50%)
  Final     : STRESS WARNING
  Image time: 222.39 ms

P08
  Image     : unhealthy (99.69%)
  Image risk: 99.69%
  Sensor    : Unhealthy / Stress warning (94.00%)
  Sensor risk: 94.00%
  Fusion    : unhealthy (97.41%)
  Final     : STRESS WARNING
  Image time: 216.92 ms

P09
  Image     : unhealthy (99.91%)
  Image risk: 99.91%
  Sensor    : Unhealthy / Stress warning (94.00%)
  Sensor risk: 94.00%
  Fusion    : unhealthy (97.54%)
  Final     : STRESS WARNING
  Image time: 216.78 ms

P10
  Image     : unhealthy (99.83%)
  Image risk: 99.83%
  Sensor    : Unhealthy / Stress warning (94.00%)
  Sensor risk: 94.00%
  Fusion    : unhealthy (97.50%)
  Final     : STRESS WARNING
  Image time: 217.06 ms

P11
  Image     : unhealthy (99.83%)
  Image risk: 99.83%
  Sensor    : Unhealthy / Stress warning (94.00%)
  Sensor risk: 94.00%
  Fusion    : unhealthy (97.50%)
  Final     : STRESS WARNING
  Image time: 218.15 ms

P12
  Image     : unhealthy (99.86%)
  Image risk: 99.86%
  Sensor    : Unhealthy / Stress warning (94.00%)
  Sensor risk: 94.00%
  Fusion    : unhealthy (97.52%)
  Final     : STRESS WARNING
  Image time: 218.38 ms

========================================
Updating SQLite predictions...
========================================
12 plant records updated.

========================================
 INFERENCE COMPLETED
========================================
Capture ID           : CAP_20260830_183004
Plants processed     : 12
Average image latency: 222.84 ms
Min image latency    : 215.26 ms
Max image latency    : 261.87 ms
Sensor latency       : 179.187 ms
Total script time    : 6427.10 ms

Predictions saved to:
/hydroponic_project/database/hydroponic.db

Processing CAP_20260830_184503

========================================
 HYDROPONIC EDGE-AI INFERENCE
========================================
Device        : cpu
Image weight  : 0.60
Sensor weight : 0.40
Threshold     : 0.50

========================================
Loading MobileNetV2...
========================================
Model       : mobilenet_v2
Classes     : ['healthy', 'unhealthy']
Class map   : {'healthy': 0, 'unhealthy': 1}
Best epoch  : 9
Load time   : 340.77 ms

========================================
Loading Random Forest sensor model...
========================================
Model       : Random Forest
Features    : ['pH', 'TDS', 'water_level', 'DHT_temp', 'DHT_humidity', 'water_temp']
Classes     : [0 1]
Class map   : {'0': 'Unhealthy / Stress warning', '1': 'Healthy'}
Load time   : 3116.49 ms

========================================
CAPTURE
========================================
Capture ID : CAP_20260830_184503
Timestamp  : 2026-08-30 18:45:03
Plants     : 12

WARNING: Very low camera light.
Camera Lux: 0.5770624279975891
Image prediction may be less reliable.

========================================
SENSOR VALUES
========================================
pH            : 6.32
TDS           : 743.5 ppm
Water level   : OK
Air temp      : 30.8 C
Humidity      : 71.9 %
Water temp    : 29.81 C

Sensor model  : Unhealthy / Stress warning
Sensor conf.  : 94.00%
Sensor risk   : 94.00%
Sensor time   : 179.224 ms

========================================
PLANT INFERENCE
========================================

P01
  Image     : unhealthy (99.47%)
  Image risk: 99.47%
  Sensor    : Unhealthy / Stress warning (94.00%)
  Sensor risk: 94.00%
  Fusion    : unhealthy (97.28%)
  Final     : STRESS WARNING
  Image time: 260.60 ms

P02
  Image     : unhealthy (99.55%)
  Image risk: 99.55%
  Sensor    : Unhealthy / Stress warning (94.00%)
  Sensor risk: 94.00%
  Fusion    : unhealthy (97.33%)
  Final     : STRESS WARNING
  Image time: 222.10 ms

P03
  Image     : unhealthy (99.69%)
  Image risk: 99.69%
  Sensor    : Unhealthy / Stress warning (94.00%)
  Sensor risk: 94.00%
  Fusion    : unhealthy (97.41%)
  Final     : STRESS WARNING
  Image time: 218.09 ms

P04
  Image     : unhealthy (99.68%)
  Image risk: 99.68%
  Sensor    : Unhealthy / Stress warning (94.00%)
  Sensor risk: 94.00%
  Fusion    : unhealthy (97.41%)
  Final     : STRESS WARNING
  Image time: 218.11 ms

P05
  Image     : unhealthy (99.79%)
  Image risk: 99.79%
  Sensor    : Unhealthy / Stress warning (94.00%)
  Sensor risk: 94.00%
  Fusion    : unhealthy (97.47%)
  Final     : STRESS WARNING
  Image time: 217.63 ms

P06
  Image     : unhealthy (99.87%)
  Image risk: 99.87%
  Sensor    : Unhealthy / Stress warning (94.00%)
  Sensor risk: 94.00%
  Fusion    : unhealthy (97.52%)
  Final     : STRESS WARNING
  Image time: 218.27 ms

P07
  Image     : unhealthy (99.74%)
  Image risk: 99.74%
  Sensor    : Unhealthy / Stress warning (94.00%)
  Sensor risk: 94.00%
  Fusion    : unhealthy (97.44%)
  Final     : STRESS WARNING
  Image time: 218.03 ms

P08
  Image     : unhealthy (99.67%)
  Image risk: 99.67%
  Sensor    : Unhealthy / Stress warning (94.00%)
  Sensor risk: 94.00%
  Fusion    : unhealthy (97.40%)
  Final     : STRESS WARNING
  Image time: 218.58 ms

P09
  Image     : unhealthy (99.56%)
  Image risk: 99.56%
  Sensor    : Unhealthy / Stress warning (94.00%)
  Sensor risk: 94.00%
  Fusion    : unhealthy (97.34%)
  Final     : STRESS WARNING
  Image time: 217.23 ms

P10
  Image     : unhealthy (99.95%)
  Image risk: 99.95%
  Sensor    : Unhealthy / Stress warning (94.00%)
  Sensor risk: 94.00%
  Fusion    : unhealthy (97.57%)
  Final     : STRESS WARNING
  Image time: 217.50 ms

P11
  Image     : unhealthy (99.84%)
  Image risk: 99.84%
  Sensor    : Unhealthy / Stress warning (94.00%)
  Sensor risk: 94.00%
  Fusion    : unhealthy (97.50%)
  Final     : STRESS WARNING
  Image time: 224.73 ms

P12
  Image     : unhealthy (99.87%)
  Image risk: 99.87%
  Sensor    : Unhealthy / Stress warning (94.00%)
  Sensor risk: 94.00%
  Fusion    : unhealthy (97.52%)
  Final     : STRESS WARNING
  Image time: 218.53 ms

========================================
Updating SQLite predictions...
========================================
12 plant records updated.

========================================
 INFERENCE COMPLETED
========================================
Capture ID           : CAP_20260830_184503
Plants processed     : 12
Average image latency: 222.45 ms
Min image latency    : 217.23 ms
Max image latency    : 260.60 ms
Sensor latency       : 179.224 ms
Total script time    : 6429.52 ms

Predictions saved to:
/hydroponic_project/database/hydroponic.db

Processing CAP_20260830_190003

========================================
 HYDROPONIC EDGE-AI INFERENCE
========================================
Device        : cpu
Image weight  : 0.60
Sensor weight : 0.40
Threshold     : 0.50

========================================
Loading MobileNetV2...
========================================
Model       : mobilenet_v2
Classes     : ['healthy', 'unhealthy']
Class map   : {'healthy': 0, 'unhealthy': 1}
Best epoch  : 9
Load time   : 341.28 ms

========================================
Loading Random Forest sensor model...
========================================
Model       : Random Forest
Features    : ['pH', 'TDS', 'water_level', 'DHT_temp', 'DHT_humidity', 'water_temp']
Classes     : [0 1]
Class map   : {'0': 'Unhealthy / Stress warning', '1': 'Healthy'}
Load time   : 3106.85 ms

========================================
CAPTURE
========================================
Capture ID : CAP_20260830_190003
Timestamp  : 2026-08-30 19:00:03
Plants     : 12

WARNING: Very low camera light.
Camera Lux: 0.5744611620903015
Image prediction may be less reliable.

========================================
SENSOR VALUES
========================================
pH            : 6.39
TDS           : 743.1 ppm
Water level   : OK
Air temp      : 30.9 C
Humidity      : 72.5 %
Water temp    : 29.75 C

Sensor model  : Unhealthy / Stress warning
Sensor conf.  : 92.67%
Sensor risk   : 92.67%
Sensor time   : 178.375 ms

========================================
PLANT INFERENCE
========================================

P01
  Image     : unhealthy (99.10%)
  Image risk: 99.10%
  Sensor    : Unhealthy / Stress warning (92.67%)
  Sensor risk: 92.67%
  Fusion    : unhealthy (96.53%)
  Final     : STRESS WARNING
  Image time: 262.45 ms

P02
  Image     : unhealthy (99.71%)
  Image risk: 99.71%
  Sensor    : Unhealthy / Stress warning (92.67%)
  Sensor risk: 92.67%
  Fusion    : unhealthy (96.89%)
  Final     : STRESS WARNING
  Image time: 226.22 ms

P03
  Image     : unhealthy (99.29%)
  Image risk: 99.29%
  Sensor    : Unhealthy / Stress warning (92.67%)
  Sensor risk: 92.67%
  Fusion    : unhealthy (96.64%)
  Final     : STRESS WARNING
  Image time: 219.32 ms

P04
  Image     : unhealthy (99.35%)
  Image risk: 99.35%
  Sensor    : Unhealthy / Stress warning (92.67%)
  Sensor risk: 92.67%
  Fusion    : unhealthy (96.68%)
  Final     : STRESS WARNING
  Image time: 219.63 ms

P05
  Image     : unhealthy (99.89%)
  Image risk: 99.89%
  Sensor    : Unhealthy / Stress warning (92.67%)
  Sensor risk: 92.67%
  Fusion    : unhealthy (97.00%)
  Final     : STRESS WARNING
  Image time: 218.61 ms

P06
  Image     : unhealthy (99.57%)
  Image risk: 99.57%
  Sensor    : Unhealthy / Stress warning (92.67%)
  Sensor risk: 92.67%
  Fusion    : unhealthy (96.81%)
  Final     : STRESS WARNING
  Image time: 220.67 ms

P07
  Image     : unhealthy (99.65%)
  Image risk: 99.65%
  Sensor    : Unhealthy / Stress warning (92.67%)
  Sensor risk: 92.67%
  Fusion    : unhealthy (96.86%)
  Final     : STRESS WARNING
  Image time: 218.26 ms

P08
  Image     : unhealthy (99.59%)
  Image risk: 99.59%
  Sensor    : Unhealthy / Stress warning (92.67%)
  Sensor risk: 92.67%
  Fusion    : unhealthy (96.82%)
  Final     : STRESS WARNING
  Image time: 218.53 ms

P09
  Image     : unhealthy (99.58%)
  Image risk: 99.58%
  Sensor    : Unhealthy / Stress warning (92.67%)
  Sensor risk: 92.67%
  Fusion    : unhealthy (96.82%)
  Final     : STRESS WARNING
  Image time: 218.71 ms

P10
  Image     : unhealthy (99.85%)
  Image risk: 99.85%
  Sensor    : Unhealthy / Stress warning (92.67%)
  Sensor risk: 92.67%
  Fusion    : unhealthy (96.98%)
  Final     : STRESS WARNING
  Image time: 219.93 ms

P11
  Image     : unhealthy (99.96%)
  Image risk: 99.96%
  Sensor    : Unhealthy / Stress warning (92.67%)
  Sensor risk: 92.67%
  Fusion    : unhealthy (97.04%)
  Final     : STRESS WARNING
  Image time: 218.99 ms

P12
  Image     : unhealthy (99.90%)
  Image risk: 99.90%
  Sensor    : Unhealthy / Stress warning (92.67%)
  Sensor risk: 92.67%
  Fusion    : unhealthy (97.00%)
  Final     : STRESS WARNING
  Image time: 218.60 ms

========================================
Updating SQLite predictions...
========================================
12 plant records updated.

========================================
 INFERENCE COMPLETED
========================================
Capture ID           : CAP_20260830_190003
Plants processed     : 12
Average image latency: 223.33 ms
Min image latency    : 218.26 ms
Max image latency    : 262.45 ms
Sensor latency       : 178.375 ms
Total script time    : 6429.75 ms

Predictions saved to:
/hydroponic_project/database/hydroponic.db

Processing CAP_20260830_193003

========================================
 HYDROPONIC EDGE-AI INFERENCE
========================================
Device        : cpu
Image weight  : 0.60
Sensor weight : 0.40
Threshold     : 0.50

========================================
Loading MobileNetV2...
========================================
Model       : mobilenet_v2
Classes     : ['healthy', 'unhealthy']
Class map   : {'healthy': 0, 'unhealthy': 1}
Best epoch  : 9
Load time   : 338.65 ms

========================================
Loading Random Forest sensor model...
========================================
Model       : Random Forest
Features    : ['pH', 'TDS', 'water_level', 'DHT_temp', 'DHT_humidity', 'water_temp']
Classes     : [0 1]
Class map   : {'0': 'Unhealthy / Stress warning', '1': 'Healthy'}
Load time   : 3123.00 ms

========================================
CAPTURE
========================================
Capture ID : CAP_20260830_193003
Timestamp  : 2026-08-30 19:30:03
Plants     : 12

WARNING: Very low camera light.
Camera Lux: 0.5672290921211243
Image prediction may be less reliable.

========================================
SENSOR VALUES
========================================
pH            : 6.32
TDS           : 770.1 ppm
Water level   : OK
Air temp      : 30.9 C
Humidity      : 72.5 %
Water temp    : 29.62 C

Sensor model  : Unhealthy / Stress warning
Sensor conf.  : 92.33%
Sensor risk   : 92.33%
Sensor time   : 176.720 ms

========================================
PLANT INFERENCE
========================================

P01
  Image     : unhealthy (99.62%)
  Image risk: 99.62%
  Sensor    : Unhealthy / Stress warning (92.33%)
  Sensor risk: 92.33%
  Fusion    : unhealthy (96.71%)
  Final     : STRESS WARNING
  Image time: 262.57 ms

P02
  Image     : unhealthy (99.32%)
  Image risk: 99.32%
  Sensor    : Unhealthy / Stress warning (92.33%)
  Sensor risk: 92.33%
  Fusion    : unhealthy (96.52%)
  Final     : STRESS WARNING
  Image time: 217.86 ms

P03
  Image     : unhealthy (99.91%)
  Image risk: 99.91%
  Sensor    : Unhealthy / Stress warning (92.33%)
  Sensor risk: 92.33%
  Fusion    : unhealthy (96.88%)
  Final     : STRESS WARNING
  Image time: 216.88 ms

P04
  Image     : unhealthy (99.72%)
  Image risk: 99.72%
  Sensor    : Unhealthy / Stress warning (92.33%)
  Sensor risk: 92.33%
  Fusion    : unhealthy (96.77%)
  Final     : STRESS WARNING
  Image time: 217.35 ms

P05
  Image     : unhealthy (99.74%)
  Image risk: 99.74%
  Sensor    : Unhealthy / Stress warning (92.33%)
  Sensor risk: 92.33%
  Fusion    : unhealthy (96.78%)
  Final     : STRESS WARNING
  Image time: 218.21 ms

P06
  Image     : unhealthy (99.90%)
  Image risk: 99.90%
  Sensor    : Unhealthy / Stress warning (92.33%)
  Sensor risk: 92.33%
  Fusion    : unhealthy (96.87%)
  Final     : STRESS WARNING
  Image time: 217.61 ms

P07
  Image     : unhealthy (99.24%)
  Image risk: 99.24%
  Sensor    : Unhealthy / Stress warning (92.33%)
  Sensor risk: 92.33%
  Fusion    : unhealthy (96.48%)
  Final     : STRESS WARNING
  Image time: 217.59 ms

P08
  Image     : unhealthy (99.71%)
  Image risk: 99.71%
  Sensor    : Unhealthy / Stress warning (92.33%)
  Sensor risk: 92.33%
  Fusion    : unhealthy (96.76%)
  Final     : STRESS WARNING
  Image time: 216.32 ms

P09
  Image     : unhealthy (99.44%)
  Image risk: 99.44%
  Sensor    : Unhealthy / Stress warning (92.33%)
  Sensor risk: 92.33%
  Fusion    : unhealthy (96.60%)
  Final     : STRESS WARNING
  Image time: 217.24 ms

P10
  Image     : unhealthy (99.92%)
  Image risk: 99.92%
  Sensor    : Unhealthy / Stress warning (92.33%)
  Sensor risk: 92.33%
  Fusion    : unhealthy (96.89%)
  Final     : STRESS WARNING
  Image time: 218.37 ms

P11
  Image     : unhealthy (99.87%)
  Image risk: 99.87%
  Sensor    : Unhealthy / Stress warning (92.33%)
  Sensor risk: 92.33%
  Fusion    : unhealthy (96.85%)
  Final     : STRESS WARNING
  Image time: 218.93 ms

P12
  Image     : unhealthy (99.89%)
  Image risk: 99.89%
  Sensor    : Unhealthy / Stress warning (92.33%)
  Sensor risk: 92.33%
  Fusion    : unhealthy (96.87%)
  Final     : STRESS WARNING
  Image time: 223.31 ms

========================================
Updating SQLite predictions...
========================================
12 plant records updated.

========================================
 INFERENCE COMPLETED
========================================
Capture ID           : CAP_20260830_193003
Plants processed     : 12
Average image latency: 221.85 ms
Min image latency    : 216.32 ms
Max image latency    : 262.57 ms
Sensor latency       : 176.720 ms
Total script time    : 6427.45 ms

Predictions saved to:
/hydroponic_project/database/hydroponic.db

Processing CAP_20260830_194504

========================================
 HYDROPONIC EDGE-AI INFERENCE
========================================
Device        : cpu
Image weight  : 0.60
Sensor weight : 0.40
Threshold     : 0.50

========================================
Loading MobileNetV2...
========================================
Model       : mobilenet_v2
Classes     : ['healthy', 'unhealthy']
Class map   : {'healthy': 0, 'unhealthy': 1}
Best epoch  : 9
Load time   : 340.82 ms

========================================
Loading Random Forest sensor model...
========================================
Model       : Random Forest
Features    : ['pH', 'TDS', 'water_level', 'DHT_temp', 'DHT_humidity', 'water_temp']
Classes     : [0 1]
Class map   : {'0': 'Unhealthy / Stress warning', '1': 'Healthy'}
Load time   : 3113.14 ms

========================================
CAPTURE
========================================
Capture ID : CAP_20260830_194504
Timestamp  : 2026-08-30 19:45:04
Plants     : 12

WARNING: Very low camera light.
Camera Lux: 3.2962801456451416
Image prediction may be less reliable.

========================================
SENSOR VALUES
========================================
pH            : 6.24
TDS           : 800.6 ppm
Water level   : OK
Air temp      : 30.8 C
Humidity      : 73.8 %
Water temp    : 29.56 C

Sensor model  : Healthy
Sensor conf.  : 60.00%
Sensor risk   : 40.00%
Sensor time   : 179.245 ms

========================================
PLANT INFERENCE
========================================

P01
  Image     : unhealthy (88.22%)
  Image risk: 88.22%
  Sensor    : Healthy (60.00%)
  Sensor risk: 40.00%
  Fusion    : unhealthy (68.93%)
  Final     : STRESS WARNING
  Image time: 263.04 ms

P02
  Image     : unhealthy (98.40%)
  Image risk: 98.40%
  Sensor    : Healthy (60.00%)
  Sensor risk: 40.00%
  Fusion    : unhealthy (75.04%)
  Final     : STRESS WARNING
  Image time: 218.40 ms

P03
  Image     : unhealthy (97.34%)
  Image risk: 97.34%
  Sensor    : Healthy (60.00%)
  Sensor risk: 40.00%
  Fusion    : unhealthy (74.40%)
  Final     : STRESS WARNING
  Image time: 217.60 ms

P04
  Image     : unhealthy (69.54%)
  Image risk: 69.54%
  Sensor    : Healthy (60.00%)
  Sensor risk: 40.00%
  Fusion    : unhealthy (57.72%)
  Final     : STRESS WARNING
  Image time: 218.23 ms

P05
  Image     : unhealthy (96.71%)
  Image risk: 96.71%
  Sensor    : Healthy (60.00%)
  Sensor risk: 40.00%
  Fusion    : unhealthy (74.03%)
  Final     : STRESS WARNING
  Image time: 219.02 ms

P06
  Image     : healthy (50.88%)
  Image risk: 49.12%
  Sensor    : Healthy (60.00%)
  Sensor risk: 40.00%
  Fusion    : healthy (54.53%)
  Final     : HEALTHY
  Image time: 219.68 ms

P07
  Image     : unhealthy (98.71%)
  Image risk: 98.71%
  Sensor    : Healthy (60.00%)
  Sensor risk: 40.00%
  Fusion    : unhealthy (75.23%)
  Final     : STRESS WARNING
  Image time: 221.00 ms

P08
  Image     : unhealthy (53.48%)
  Image risk: 53.48%
  Sensor    : Healthy (60.00%)
  Sensor risk: 40.00%
  Fusion    : healthy (51.91%)
  Final     : HEALTHY
  Image time: 219.62 ms

P09
  Image     : unhealthy (99.92%)
  Image risk: 99.92%
  Sensor    : Healthy (60.00%)
  Sensor risk: 40.00%
  Fusion    : unhealthy (75.95%)
  Final     : STRESS WARNING
  Image time: 219.47 ms

P10
  Image     : unhealthy (99.87%)
  Image risk: 99.87%
  Sensor    : Healthy (60.00%)
  Sensor risk: 40.00%
  Fusion    : unhealthy (75.92%)
  Final     : STRESS WARNING
  Image time: 217.29 ms

P11
  Image     : unhealthy (66.31%)
  Image risk: 66.31%
  Sensor    : Healthy (60.00%)
  Sensor risk: 40.00%
  Fusion    : unhealthy (55.78%)
  Final     : STRESS WARNING
  Image time: 217.79 ms

P12
  Image     : unhealthy (94.58%)
  Image risk: 94.58%
  Sensor    : Healthy (60.00%)
  Sensor risk: 40.00%
  Fusion    : unhealthy (72.75%)
  Final     : STRESS WARNING
  Image time: 217.45 ms

========================================
Updating SQLite predictions...
========================================
12 plant records updated.

========================================
 INFERENCE COMPLETED
========================================
Capture ID           : CAP_20260830_194504
Plants processed     : 12
Average image latency: 222.38 ms
Min image latency    : 217.29 ms
Max image latency    : 263.04 ms
Sensor latency       : 179.245 ms
Total script time    : 6438.10 ms

Predictions saved to:
/hydroponic_project/database/hydroponic.db

Processing CAP_20260831_074507

========================================
 HYDROPONIC EDGE-AI INFERENCE
========================================
Device        : cpu
Image weight  : 0.60
Sensor weight : 0.40
Threshold     : 0.50

========================================
Loading MobileNetV2...
========================================
Model       : mobilenet_v2
Classes     : ['healthy', 'unhealthy']
Class map   : {'healthy': 0, 'unhealthy': 1}
Best epoch  : 9
Load time   : 346.88 ms

========================================
Loading Random Forest sensor model...
========================================
Model       : Random Forest
Features    : ['pH', 'TDS', 'water_level', 'DHT_temp', 'DHT_humidity', 'water_temp']
Classes     : [0 1]
Class map   : {'0': 'Unhealthy / Stress warning', '1': 'Healthy'}
Load time   : 3101.69 ms

========================================
CAPTURE
========================================
Capture ID : CAP_20260831_074507
Timestamp  : 2026-08-31 07:45:07
Plants     : 12

========================================
SENSOR VALUES
========================================
pH            : 6.22
TDS           : 831.9 ppm
Water level   : OK
Air temp      : 29.1 C
Humidity      : 81.2 %
Water temp    : 29.0 C

Sensor model  : Healthy
Sensor conf.  : 66.33%
Sensor risk   : 33.67%
Sensor time   : 182.620 ms

========================================
PLANT INFERENCE
========================================

P01
  Image     : healthy (99.96%)
  Image risk: 0.04%
  Sensor    : Healthy (66.33%)
  Sensor risk: 33.67%
  Fusion    : healthy (86.51%)
  Final     : HEALTHY
  Image time: 269.07 ms

P02
  Image     : healthy (100.00%)
  Image risk: 0.00%
  Sensor    : Healthy (66.33%)
  Sensor risk: 33.67%
  Fusion    : healthy (86.53%)
  Final     : HEALTHY
  Image time: 219.58 ms

P03
  Image     : healthy (99.60%)
  Image risk: 0.40%
  Sensor    : Healthy (66.33%)
  Sensor risk: 33.67%
  Fusion    : healthy (86.30%)
  Final     : HEALTHY
  Image time: 218.50 ms

P04
  Image     : healthy (99.69%)
  Image risk: 0.31%
  Sensor    : Healthy (66.33%)
  Sensor risk: 33.67%
  Fusion    : healthy (86.35%)
  Final     : HEALTHY
  Image time: 221.39 ms

P05
  Image     : healthy (99.98%)
  Image risk: 0.02%
  Sensor    : Healthy (66.33%)
  Sensor risk: 33.67%
  Fusion    : healthy (86.52%)
  Final     : HEALTHY
  Image time: 218.06 ms

P06
  Image     : healthy (100.00%)
  Image risk: 0.00%
  Sensor    : Healthy (66.33%)
  Sensor risk: 33.67%
  Fusion    : healthy (86.53%)
  Final     : HEALTHY
  Image time: 218.33 ms

P07
  Image     : healthy (99.98%)
  Image risk: 0.02%
  Sensor    : Healthy (66.33%)
  Sensor risk: 33.67%
  Fusion    : healthy (86.52%)
  Final     : HEALTHY
  Image time: 218.36 ms

P08
  Image     : healthy (98.47%)
  Image risk: 1.53%
  Sensor    : Healthy (66.33%)
  Sensor risk: 33.67%
  Fusion    : healthy (85.62%)
  Final     : HEALTHY
  Image time: 224.67 ms

P09
  Image     : healthy (99.70%)
  Image risk: 0.30%
  Sensor    : Healthy (66.33%)
  Sensor risk: 33.67%
  Fusion    : healthy (86.35%)
  Final     : HEALTHY
  Image time: 219.19 ms

P10
  Image     : healthy (99.95%)
  Image risk: 0.05%
  Sensor    : Healthy (66.33%)
  Sensor risk: 33.67%
  Fusion    : healthy (86.50%)
  Final     : HEALTHY
  Image time: 219.47 ms

P11
  Image     : healthy (99.87%)
  Image risk: 0.13%
  Sensor    : Healthy (66.33%)
  Sensor risk: 33.67%
  Fusion    : healthy (86.46%)
  Final     : HEALTHY
  Image time: 218.70 ms

P12
  Image     : healthy (98.72%)
  Image risk: 1.28%
  Sensor    : Healthy (66.33%)
  Sensor risk: 33.67%
  Fusion    : healthy (85.77%)
  Final     : HEALTHY
  Image time: 219.07 ms

========================================
Updating SQLite predictions...
========================================
12 plant records updated.

========================================
 INFERENCE COMPLETED
========================================
Capture ID           : CAP_20260831_074507
Plants processed     : 12
Average image latency: 223.70 ms
Min image latency    : 218.06 ms
Max image latency    : 269.07 ms
Sensor latency       : 182.620 ms
Total script time    : 6451.94 ms

Predictions saved to:
/hydroponic_project/database/hydroponic.db

Processing CAP_20260831_080004

========================================
 HYDROPONIC EDGE-AI INFERENCE
========================================
Device        : cpu
Image weight  : 0.60
Sensor weight : 0.40
Threshold     : 0.50

========================================
Loading MobileNetV2...
========================================
Model       : mobilenet_v2
Classes     : ['healthy', 'unhealthy']
Class map   : {'healthy': 0, 'unhealthy': 1}
Best epoch  : 9
Load time   : 339.89 ms

========================================
Loading Random Forest sensor model...
========================================
Model       : Random Forest
Features    : ['pH', 'TDS', 'water_level', 'DHT_temp', 'DHT_humidity', 'water_temp']
Classes     : [0 1]
Class map   : {'0': 'Unhealthy / Stress warning', '1': 'Healthy'}
Load time   : 3112.28 ms

========================================
CAPTURE
========================================
Capture ID : CAP_20260831_080004
Timestamp  : 2026-08-31 08:00:04
Plants     : 12

========================================
SENSOR VALUES
========================================
pH            : 6.24
TDS           : 829.3 ppm
Water level   : OK
Air temp      : 30.2 C
Humidity      : 77.6 %
Water temp    : 29.0 C

Sensor model  : Healthy
Sensor conf.  : 65.33%
Sensor risk   : 34.67%
Sensor time   : 182.101 ms

========================================
PLANT INFERENCE
========================================

P01
  Image     : healthy (99.98%)
  Image risk: 0.02%
  Sensor    : Healthy (65.33%)
  Sensor risk: 34.67%
  Fusion    : healthy (86.12%)
  Final     : HEALTHY
  Image time: 260.33 ms

P02
  Image     : healthy (100.00%)
  Image risk: 0.00%
  Sensor    : Healthy (65.33%)
  Sensor risk: 34.67%
  Fusion    : healthy (86.13%)
  Final     : HEALTHY
  Image time: 215.61 ms

P03
  Image     : healthy (100.00%)
  Image risk: 0.00%
  Sensor    : Healthy (65.33%)
  Sensor risk: 34.67%
  Fusion    : healthy (86.13%)
  Final     : HEALTHY
  Image time: 217.00 ms

P04
  Image     : healthy (99.53%)
  Image risk: 0.47%
  Sensor    : Healthy (65.33%)
  Sensor risk: 34.67%
  Fusion    : healthy (85.85%)
  Final     : HEALTHY
  Image time: 216.40 ms

P05
  Image     : healthy (99.89%)
  Image risk: 0.11%
  Sensor    : Healthy (65.33%)
  Sensor risk: 34.67%
  Fusion    : healthy (86.07%)
  Final     : HEALTHY
  Image time: 215.72 ms

P06
  Image     : healthy (100.00%)
  Image risk: 0.00%
  Sensor    : Healthy (65.33%)
  Sensor risk: 34.67%
  Fusion    : healthy (86.13%)
  Final     : HEALTHY
  Image time: 215.67 ms

P07
  Image     : healthy (100.00%)
  Image risk: 0.00%
  Sensor    : Healthy (65.33%)
  Sensor risk: 34.67%
  Fusion    : healthy (86.13%)
  Final     : HEALTHY
  Image time: 217.04 ms

P08
  Image     : healthy (99.82%)
  Image risk: 0.18%
  Sensor    : Healthy (65.33%)
  Sensor risk: 34.67%
  Fusion    : healthy (86.02%)
  Final     : HEALTHY
  Image time: 216.24 ms

P09
  Image     : healthy (99.71%)
  Image risk: 0.29%
  Sensor    : Healthy (65.33%)
  Sensor risk: 34.67%
  Fusion    : healthy (85.96%)
  Final     : HEALTHY
  Image time: 216.36 ms

P10
  Image     : healthy (99.99%)
  Image risk: 0.01%
  Sensor    : Healthy (65.33%)
  Sensor risk: 34.67%
  Fusion    : healthy (86.13%)
  Final     : HEALTHY
  Image time: 217.60 ms

P11
  Image     : healthy (99.99%)
  Image risk: 0.01%
  Sensor    : Healthy (65.33%)
  Sensor risk: 34.67%
  Fusion    : healthy (86.13%)
  Final     : HEALTHY
  Image time: 217.02 ms

P12
  Image     : healthy (99.82%)
  Image risk: 0.18%
  Sensor    : Healthy (65.33%)
  Sensor risk: 34.67%
  Fusion    : healthy (86.03%)
  Final     : HEALTHY
  Image time: 218.32 ms

========================================
Updating SQLite predictions...
========================================
12 plant records updated.

========================================
 INFERENCE COMPLETED
========================================
Capture ID           : CAP_20260831_080004
Plants processed     : 12
Average image latency: 220.28 ms
Min image latency    : 215.61 ms
Max image latency    : 260.33 ms
Sensor latency       : 182.101 ms
Total script time    : 6416.36 ms

Predictions saved to:
/hydroponic_project/database/hydroponic.db

Processing CAP_20260831_081503

========================================
 HYDROPONIC EDGE-AI INFERENCE
========================================
Device        : cpu
Image weight  : 0.60
Sensor weight : 0.40
Threshold     : 0.50

========================================
Loading MobileNetV2...
========================================
Model       : mobilenet_v2
Classes     : ['healthy', 'unhealthy']
Class map   : {'healthy': 0, 'unhealthy': 1}
Best epoch  : 9
Load time   : 341.55 ms

========================================
Loading Random Forest sensor model...
========================================
Model       : Random Forest
Features    : ['pH', 'TDS', 'water_level', 'DHT_temp', 'DHT_humidity', 'water_temp']
Classes     : [0 1]
Class map   : {'0': 'Unhealthy / Stress warning', '1': 'Healthy'}
Load time   : 3115.55 ms

========================================
CAPTURE
========================================
Capture ID : CAP_20260831_081503
Timestamp  : 2026-08-31 08:15:03
Plants     : 12

========================================
SENSOR VALUES
========================================
pH            : 6.23
TDS           : 827.5 ppm
Water level   : OK
Air temp      : 30.7 C
Humidity      : 75.3 %
Water temp    : 29.06 C

Sensor model  : Healthy
Sensor conf.  : 70.67%
Sensor risk   : 29.33%
Sensor time   : 178.075 ms

========================================
PLANT INFERENCE
========================================

P01
  Image     : healthy (99.98%)
  Image risk: 0.02%
  Sensor    : Healthy (70.67%)
  Sensor risk: 29.33%
  Fusion    : healthy (88.25%)
  Final     : HEALTHY
  Image time: 260.66 ms

P02
  Image     : healthy (100.00%)
  Image risk: 0.00%
  Sensor    : Healthy (70.67%)
  Sensor risk: 29.33%
  Fusion    : healthy (88.27%)
  Final     : HEALTHY
  Image time: 226.73 ms

P03
  Image     : healthy (100.00%)
  Image risk: 0.00%
  Sensor    : Healthy (70.67%)
  Sensor risk: 29.33%
  Fusion    : healthy (88.26%)
  Final     : HEALTHY
  Image time: 220.41 ms

P04
  Image     : healthy (99.41%)
  Image risk: 0.59%
  Sensor    : Healthy (70.67%)
  Sensor risk: 29.33%
  Fusion    : healthy (87.91%)
  Final     : HEALTHY
  Image time: 218.83 ms

P05
  Image     : healthy (99.96%)
  Image risk: 0.04%
  Sensor    : Healthy (70.67%)
  Sensor risk: 29.33%
  Fusion    : healthy (88.24%)
  Final     : HEALTHY
  Image time: 213.63 ms

P06
  Image     : healthy (99.99%)
  Image risk: 0.01%
  Sensor    : Healthy (70.67%)
  Sensor risk: 29.33%
  Fusion    : healthy (88.26%)
  Final     : HEALTHY
  Image time: 214.85 ms

P07
  Image     : healthy (100.00%)
  Image risk: 0.00%
  Sensor    : Healthy (70.67%)
  Sensor risk: 29.33%
  Fusion    : healthy (88.27%)
  Final     : HEALTHY
  Image time: 220.18 ms

P08
  Image     : healthy (99.35%)
  Image risk: 0.65%
  Sensor    : Healthy (70.67%)
  Sensor risk: 29.33%
  Fusion    : healthy (87.88%)
  Final     : HEALTHY
  Image time: 218.58 ms

P09
  Image     : healthy (99.70%)
  Image risk: 0.30%
  Sensor    : Healthy (70.67%)
  Sensor risk: 29.33%
  Fusion    : healthy (88.09%)
  Final     : HEALTHY
  Image time: 218.05 ms

P10
  Image     : healthy (99.98%)
  Image risk: 0.02%
  Sensor    : Healthy (70.67%)
  Sensor risk: 29.33%
  Fusion    : healthy (88.26%)
  Final     : HEALTHY
  Image time: 215.72 ms

P11
  Image     : healthy (99.99%)
  Image risk: 0.01%
  Sensor    : Healthy (70.67%)
  Sensor risk: 29.33%
  Fusion    : healthy (88.26%)
  Final     : HEALTHY
  Image time: 220.44 ms

P12
  Image     : healthy (99.53%)
  Image risk: 0.47%
  Sensor    : Healthy (70.67%)
  Sensor risk: 29.33%
  Fusion    : healthy (87.99%)
  Final     : HEALTHY
  Image time: 226.25 ms

========================================
Updating SQLite predictions...
========================================
12 plant records updated.

========================================
 INFERENCE COMPLETED
========================================
Capture ID           : CAP_20260831_081503
Plants processed     : 12
Average image latency: 222.86 ms
Min image latency    : 213.63 ms
Max image latency    : 260.66 ms
Sensor latency       : 178.075 ms
Total script time    : 6443.00 ms

Predictions saved to:
/hydroponic_project/database/hydroponic.db

Processing CAP_20260831_083004

========================================
 HYDROPONIC EDGE-AI INFERENCE
========================================
Device        : cpu
Image weight  : 0.60
Sensor weight : 0.40
Threshold     : 0.50

========================================
Loading MobileNetV2...
========================================
Model       : mobilenet_v2
Classes     : ['healthy', 'unhealthy']
Class map   : {'healthy': 0, 'unhealthy': 1}
Best epoch  : 9
Load time   : 342.70 ms

========================================
Loading Random Forest sensor model...
========================================
Model       : Random Forest
Features    : ['pH', 'TDS', 'water_level', 'DHT_temp', 'DHT_humidity', 'water_temp']
Classes     : [0 1]
Class map   : {'0': 'Unhealthy / Stress warning', '1': 'Healthy'}
Load time   : 3102.78 ms

========================================
CAPTURE
========================================
Capture ID : CAP_20260831_083004
Timestamp  : 2026-08-31 08:30:04
Plants     : 12

========================================
SENSOR VALUES
========================================
pH            : 6.16
TDS           : 826.0 ppm
Water level   : OK
Air temp      : 31.0 C
Humidity      : 74.3 %
Water temp    : 29.12 C

Sensor model  : Healthy
Sensor conf.  : 72.00%
Sensor risk   : 28.00%
Sensor time   : 179.059 ms

========================================
PLANT INFERENCE
========================================

P01
  Image     : healthy (99.99%)
  Image risk: 0.01%
  Sensor    : Healthy (72.00%)
  Sensor risk: 28.00%
  Fusion    : healthy (88.79%)
  Final     : HEALTHY
  Image time: 261.53 ms

P02
  Image     : healthy (100.00%)
  Image risk: 0.00%
  Sensor    : Healthy (72.00%)
  Sensor risk: 28.00%
  Fusion    : healthy (88.80%)
  Final     : HEALTHY
  Image time: 221.70 ms

P03
  Image     : healthy (99.99%)
  Image risk: 0.01%
  Sensor    : Healthy (72.00%)
  Sensor risk: 28.00%
  Fusion    : healthy (88.79%)
  Final     : HEALTHY
  Image time: 216.23 ms

P04
  Image     : healthy (99.47%)
  Image risk: 0.53%
  Sensor    : Healthy (72.00%)
  Sensor risk: 28.00%
  Fusion    : healthy (88.48%)
  Final     : HEALTHY
  Image time: 216.46 ms

P05
  Image     : healthy (99.99%)
  Image risk: 0.01%
  Sensor    : Healthy (72.00%)
  Sensor risk: 28.00%
  Fusion    : healthy (88.80%)
  Final     : HEALTHY
  Image time: 218.58 ms

P06
  Image     : healthy (100.00%)
  Image risk: 0.00%
  Sensor    : Healthy (72.00%)
  Sensor risk: 28.00%
  Fusion    : healthy (88.80%)
  Final     : HEALTHY
  Image time: 220.33 ms

P07
  Image     : healthy (99.99%)
  Image risk: 0.01%
  Sensor    : Healthy (72.00%)
  Sensor risk: 28.00%
  Fusion    : healthy (88.80%)
  Final     : HEALTHY
  Image time: 217.42 ms

P08
  Image     : healthy (99.28%)
  Image risk: 0.72%
  Sensor    : Healthy (72.00%)
  Sensor risk: 28.00%
  Fusion    : healthy (88.37%)
  Final     : HEALTHY
  Image time: 217.27 ms

P09
  Image     : healthy (99.88%)
  Image risk: 0.12%
  Sensor    : Healthy (72.00%)
  Sensor risk: 28.00%
  Fusion    : healthy (88.73%)
  Final     : HEALTHY
  Image time: 218.82 ms

P10
  Image     : healthy (99.94%)
  Image risk: 0.06%
  Sensor    : Healthy (72.00%)
  Sensor risk: 28.00%
  Fusion    : healthy (88.77%)
  Final     : HEALTHY
  Image time: 217.30 ms

P11
  Image     : healthy (99.92%)
  Image risk: 0.08%
  Sensor    : Healthy (72.00%)
  Sensor risk: 28.00%
  Fusion    : healthy (88.75%)
  Final     : HEALTHY
  Image time: 219.17 ms

P12
  Image     : healthy (98.58%)
  Image risk: 1.42%
  Sensor    : Healthy (72.00%)
  Sensor risk: 28.00%
  Fusion    : healthy (87.95%)
  Final     : HEALTHY
  Image time: 218.02 ms

========================================
Updating SQLite predictions...
========================================
12 plant records updated.

========================================
 INFERENCE COMPLETED
========================================
Capture ID           : CAP_20260831_083004
Plants processed     : 12
Average image latency: 221.90 ms
Min image latency    : 216.23 ms
Max image latency    : 261.53 ms
Sensor latency       : 179.059 ms
Total script time    : 6420.00 ms

Predictions saved to:
/hydroponic_project/database/hydroponic.db

Processing CAP_20260831_084504

========================================
 HYDROPONIC EDGE-AI INFERENCE
========================================
Device        : cpu
Image weight  : 0.60
Sensor weight : 0.40
Threshold     : 0.50

========================================
Loading MobileNetV2...
========================================
Model       : mobilenet_v2
Classes     : ['healthy', 'unhealthy']
Class map   : {'healthy': 0, 'unhealthy': 1}
Best epoch  : 9
Load time   : 345.30 ms

========================================
Loading Random Forest sensor model...
========================================
Model       : Random Forest
Features    : ['pH', 'TDS', 'water_level', 'DHT_temp', 'DHT_humidity', 'water_temp']
Classes     : [0 1]
Class map   : {'0': 'Unhealthy / Stress warning', '1': 'Healthy'}
Load time   : 3120.02 ms

========================================
CAPTURE
========================================
Capture ID : CAP_20260831_084504
Timestamp  : 2026-08-31 08:45:04
Plants     : 12

========================================
SENSOR VALUES
========================================
pH            : 6.16
TDS           : 824.5 ppm
Water level   : OK
Air temp      : 31.1 C
Humidity      : 74.1 %
Water temp    : 29.19 C

Sensor model  : Healthy
Sensor conf.  : 72.00%
Sensor risk   : 28.00%
Sensor time   : 171.919 ms

========================================
PLANT INFERENCE
========================================

P01
  Image     : healthy (99.98%)
  Image risk: 0.02%
  Sensor    : Healthy (72.00%)
  Sensor risk: 28.00%
  Fusion    : healthy (88.79%)
  Final     : HEALTHY
  Image time: 262.60 ms

P02
  Image     : healthy (100.00%)
  Image risk: 0.00%
  Sensor    : Healthy (72.00%)
  Sensor risk: 28.00%
  Fusion    : healthy (88.80%)
  Final     : HEALTHY
  Image time: 219.24 ms

P03
  Image     : healthy (100.00%)
  Image risk: 0.00%
  Sensor    : Healthy (72.00%)
  Sensor risk: 28.00%
  Fusion    : healthy (88.80%)
  Final     : HEALTHY
  Image time: 217.81 ms

P04
  Image     : healthy (99.47%)
  Image risk: 0.53%
  Sensor    : Healthy (72.00%)
  Sensor risk: 28.00%
  Fusion    : healthy (88.48%)
  Final     : HEALTHY
  Image time: 217.75 ms

P05
  Image     : healthy (99.98%)
  Image risk: 0.02%
  Sensor    : Healthy (72.00%)
  Sensor risk: 28.00%
  Fusion    : healthy (88.79%)
  Final     : HEALTHY
  Image time: 219.93 ms

P06
  Image     : healthy (100.00%)
  Image risk: 0.00%
  Sensor    : Healthy (72.00%)
  Sensor risk: 28.00%
  Fusion    : healthy (88.80%)
  Final     : HEALTHY
  Image time: 219.26 ms

P07
  Image     : healthy (100.00%)
  Image risk: 0.00%
  Sensor    : Healthy (72.00%)
  Sensor risk: 28.00%
  Fusion    : healthy (88.80%)
  Final     : HEALTHY
  Image time: 219.26 ms

P08
  Image     : healthy (99.76%)
  Image risk: 0.24%
  Sensor    : Healthy (72.00%)
  Sensor risk: 28.00%
  Fusion    : healthy (88.66%)
  Final     : HEALTHY
  Image time: 218.23 ms

P09
  Image     : healthy (99.21%)
  Image risk: 0.79%
  Sensor    : Healthy (72.00%)
  Sensor risk: 28.00%
  Fusion    : healthy (88.32%)
  Final     : HEALTHY
  Image time: 218.99 ms

P10
  Image     : healthy (99.98%)
  Image risk: 0.02%
  Sensor    : Healthy (72.00%)
  Sensor risk: 28.00%
  Fusion    : healthy (88.79%)
  Final     : HEALTHY
  Image time: 229.62 ms

P11
  Image     : healthy (99.99%)
  Image risk: 0.01%
  Sensor    : Healthy (72.00%)
  Sensor risk: 28.00%
  Fusion    : healthy (88.79%)
  Final     : HEALTHY
  Image time: 218.34 ms

P12
  Image     : healthy (99.66%)
  Image risk: 0.34%
  Sensor    : Healthy (72.00%)
  Sensor risk: 28.00%
  Fusion    : healthy (88.60%)
  Final     : HEALTHY
  Image time: 218.20 ms

========================================
Updating SQLite predictions...
========================================
12 plant records updated.

========================================
 INFERENCE COMPLETED
========================================
Capture ID           : CAP_20260831_084504
Plants processed     : 12
Average image latency: 223.27 ms
Min image latency    : 217.75 ms
Max image latency    : 262.60 ms
Sensor latency       : 171.919 ms
Total script time    : 6451.81 ms

Predictions saved to:
/hydroponic_project/database/hydroponic.db

Processing CAP_20260831_090003

========================================
 HYDROPONIC EDGE-AI INFERENCE
========================================
Device        : cpu
Image weight  : 0.60
Sensor weight : 0.40
Threshold     : 0.50

========================================
Loading MobileNetV2...
========================================
Model       : mobilenet_v2
Classes     : ['healthy', 'unhealthy']
Class map   : {'healthy': 0, 'unhealthy': 1}
Best epoch  : 9
Load time   : 340.95 ms

========================================
Loading Random Forest sensor model...
========================================
Model       : Random Forest
Features    : ['pH', 'TDS', 'water_level', 'DHT_temp', 'DHT_humidity', 'water_temp']
Classes     : [0 1]
Class map   : {'0': 'Unhealthy / Stress warning', '1': 'Healthy'}
Load time   : 3106.17 ms

========================================
CAPTURE
========================================
Capture ID : CAP_20260831_090003
Timestamp  : 2026-08-31 09:00:03
Plants     : 12

========================================
SENSOR VALUES
========================================
pH            : 6.2
TDS           : 823.8 ppm
Water level   : OK
Air temp      : 31.5 C
Humidity      : 72.0 %
Water temp    : 29.25 C

Sensor model  : Healthy
Sensor conf.  : 73.00%
Sensor risk   : 27.00%
Sensor time   : 181.370 ms

========================================
PLANT INFERENCE
========================================

P01
  Image     : healthy (99.96%)
  Image risk: 0.04%
  Sensor    : Healthy (73.00%)
  Sensor risk: 27.00%
  Fusion    : healthy (89.18%)
  Final     : HEALTHY
  Image time: 260.16 ms

P02
  Image     : healthy (100.00%)
  Image risk: 0.00%
  Sensor    : Healthy (73.00%)
  Sensor risk: 27.00%
  Fusion    : healthy (89.20%)
  Final     : HEALTHY
  Image time: 215.99 ms

P03
  Image     : healthy (100.00%)
  Image risk: 0.00%
  Sensor    : Healthy (73.00%)
  Sensor risk: 27.00%
  Fusion    : healthy (89.20%)
  Final     : HEALTHY
  Image time: 217.17 ms

P04
  Image     : healthy (98.90%)
  Image risk: 1.10%
  Sensor    : Healthy (73.00%)
  Sensor risk: 27.00%
  Fusion    : healthy (88.54%)
  Final     : HEALTHY
  Image time: 216.31 ms

P05
  Image     : healthy (99.97%)
  Image risk: 0.03%
  Sensor    : Healthy (73.00%)
  Sensor risk: 27.00%
  Fusion    : healthy (89.18%)
  Final     : HEALTHY
  Image time: 213.54 ms

P06
  Image     : healthy (99.99%)
  Image risk: 0.01%
  Sensor    : Healthy (73.00%)
  Sensor risk: 27.00%
  Fusion    : healthy (89.19%)
  Final     : HEALTHY
  Image time: 213.58 ms

P07
  Image     : healthy (100.00%)
  Image risk: 0.00%
  Sensor    : Healthy (73.00%)
  Sensor risk: 27.00%
  Fusion    : healthy (89.20%)
  Final     : HEALTHY
  Image time: 215.86 ms

P08
  Image     : healthy (99.92%)
  Image risk: 0.08%
  Sensor    : Healthy (73.00%)
  Sensor risk: 27.00%
  Fusion    : healthy (89.15%)
  Final     : HEALTHY
  Image time: 217.67 ms

P09
  Image     : healthy (99.45%)
  Image risk: 0.55%
  Sensor    : Healthy (73.00%)
  Sensor risk: 27.00%
  Fusion    : healthy (88.87%)
  Final     : HEALTHY
  Image time: 218.83 ms

P10
  Image     : healthy (99.96%)
  Image risk: 0.04%
  Sensor    : Healthy (73.00%)
  Sensor risk: 27.00%
  Fusion    : healthy (89.18%)
  Final     : HEALTHY
  Image time: 214.67 ms

P11
  Image     : healthy (99.99%)
  Image risk: 0.01%
  Sensor    : Healthy (73.00%)
  Sensor risk: 27.00%
  Fusion    : healthy (89.19%)
  Final     : HEALTHY
  Image time: 216.83 ms

P12
  Image     : healthy (99.74%)
  Image risk: 0.26%
  Sensor    : Healthy (73.00%)
  Sensor risk: 27.00%
  Fusion    : healthy (89.04%)
  Final     : HEALTHY
  Image time: 216.47 ms

========================================
Updating SQLite predictions...
========================================
12 plant records updated.

========================================
 INFERENCE COMPLETED
========================================
Capture ID           : CAP_20260831_090003
Plants processed     : 12
Average image latency: 219.76 ms
Min image latency    : 213.54 ms
Max image latency    : 260.16 ms
Sensor latency       : 181.370 ms
Total script time    : 6403.18 ms

Predictions saved to:
/hydroponic_project/database/hydroponic.db

Processing CAP_20260831_091503

========================================
 HYDROPONIC EDGE-AI INFERENCE
========================================
Device        : cpu
Image weight  : 0.60
Sensor weight : 0.40
Threshold     : 0.50

========================================
Loading MobileNetV2...
========================================
Model       : mobilenet_v2
Classes     : ['healthy', 'unhealthy']
Class map   : {'healthy': 0, 'unhealthy': 1}
Best epoch  : 9
Load time   : 341.02 ms

========================================
Loading Random Forest sensor model...
========================================
Model       : Random Forest
Features    : ['pH', 'TDS', 'water_level', 'DHT_temp', 'DHT_humidity', 'water_temp']
Classes     : [0 1]
Class map   : {'0': 'Unhealthy / Stress warning', '1': 'Healthy'}
Load time   : 3103.31 ms

========================================
CAPTURE
========================================
Capture ID : CAP_20260831_091503
Timestamp  : 2026-08-31 09:15:03
Plants     : 12

========================================
SENSOR VALUES
========================================
pH            : 6.13
TDS           : 820.9 ppm
Water level   : OK
Air temp      : 31.4 C
Humidity      : 71.4 %
Water temp    : 29.37 C

Sensor model  : Healthy
Sensor conf.  : 73.67%
Sensor risk   : 26.33%
Sensor time   : 177.794 ms

========================================
PLANT INFERENCE
========================================

P01
  Image     : healthy (100.00%)
  Image risk: 0.00%
  Sensor    : Healthy (73.67%)
  Sensor risk: 26.33%
  Fusion    : healthy (89.46%)
  Final     : HEALTHY
  Image time: 260.61 ms

P02
  Image     : healthy (100.00%)
  Image risk: 0.00%
  Sensor    : Healthy (73.67%)
  Sensor risk: 26.33%
  Fusion    : healthy (89.47%)
  Final     : HEALTHY
  Image time: 218.69 ms

P03
  Image     : healthy (99.98%)
  Image risk: 0.02%
  Sensor    : Healthy (73.67%)
  Sensor risk: 26.33%
  Fusion    : healthy (89.46%)
  Final     : HEALTHY
  Image time: 217.42 ms

P04
  Image     : healthy (99.70%)
  Image risk: 0.30%
  Sensor    : Healthy (73.67%)
  Sensor risk: 26.33%
  Fusion    : healthy (89.29%)
  Final     : HEALTHY
  Image time: 218.97 ms

P05
  Image     : healthy (99.98%)
  Image risk: 0.02%
  Sensor    : Healthy (73.67%)
  Sensor risk: 26.33%
  Fusion    : healthy (89.46%)
  Final     : HEALTHY
  Image time: 216.65 ms

P06
  Image     : healthy (100.00%)
  Image risk: 0.00%
  Sensor    : Healthy (73.67%)
  Sensor risk: 26.33%
  Fusion    : healthy (89.46%)
  Final     : HEALTHY
  Image time: 216.67 ms

P07
  Image     : healthy (100.00%)
  Image risk: 0.00%
  Sensor    : Healthy (73.67%)
  Sensor risk: 26.33%
  Fusion    : healthy (89.47%)
  Final     : HEALTHY
  Image time: 217.26 ms

P08
  Image     : healthy (99.77%)
  Image risk: 0.23%
  Sensor    : Healthy (73.67%)
  Sensor risk: 26.33%
  Fusion    : healthy (89.33%)
  Final     : HEALTHY
  Image time: 217.96 ms

P09
  Image     : healthy (99.83%)
  Image risk: 0.17%
  Sensor    : Healthy (73.67%)
  Sensor risk: 26.33%
  Fusion    : healthy (89.37%)
  Final     : HEALTHY
  Image time: 219.05 ms

P10
  Image     : healthy (99.95%)
  Image risk: 0.05%
  Sensor    : Healthy (73.67%)
  Sensor risk: 26.33%
  Fusion    : healthy (89.44%)
  Final     : HEALTHY
  Image time: 217.06 ms

P11
  Image     : healthy (99.96%)
  Image risk: 0.04%
  Sensor    : Healthy (73.67%)
  Sensor risk: 26.33%
  Fusion    : healthy (89.44%)
  Final     : HEALTHY
  Image time: 217.34 ms

P12
  Image     : healthy (99.12%)
  Image risk: 0.88%
  Sensor    : Healthy (73.67%)
  Sensor risk: 26.33%
  Fusion    : healthy (88.94%)
  Final     : HEALTHY
  Image time: 219.81 ms

========================================
Updating SQLite predictions...
========================================
12 plant records updated.

========================================
 INFERENCE COMPLETED
========================================
Capture ID           : CAP_20260831_091503
Plants processed     : 12
Average image latency: 221.46 ms
Min image latency    : 216.65 ms
Max image latency    : 260.61 ms
Sensor latency       : 177.794 ms
Total script time    : 6416.78 ms

Predictions saved to:
/hydroponic_project/database/hydroponic.db

Processing CAP_20260831_093003

========================================
 HYDROPONIC EDGE-AI INFERENCE
========================================
Device        : cpu
Image weight  : 0.60
Sensor weight : 0.40
Threshold     : 0.50

========================================
Loading MobileNetV2...
========================================
Model       : mobilenet_v2
Classes     : ['healthy', 'unhealthy']
Class map   : {'healthy': 0, 'unhealthy': 1}
Best epoch  : 9
Load time   : 341.21 ms

========================================
Loading Random Forest sensor model...
========================================
Model       : Random Forest
Features    : ['pH', 'TDS', 'water_level', 'DHT_temp', 'DHT_humidity', 'water_temp']
Classes     : [0 1]
Class map   : {'0': 'Unhealthy / Stress warning', '1': 'Healthy'}
Load time   : 3117.05 ms

========================================
CAPTURE
========================================
Capture ID : CAP_20260831_093003
Timestamp  : 2026-08-31 09:30:03
Plants     : 12

========================================
SENSOR VALUES
========================================
pH            : 6.15
TDS           : 820.7 ppm
Water level   : OK
Air temp      : 31.7 C
Humidity      : 69.0 %
Water temp    : 29.44 C

Sensor model  : Healthy
Sensor conf.  : 72.00%
Sensor risk   : 28.00%
Sensor time   : 180.975 ms

========================================
PLANT INFERENCE
========================================

P01
  Image     : healthy (100.00%)
  Image risk: 0.00%
  Sensor    : Healthy (72.00%)
  Sensor risk: 28.00%
  Fusion    : healthy (88.80%)
  Final     : HEALTHY
  Image time: 262.32 ms

P02
  Image     : healthy (100.00%)
  Image risk: 0.00%
  Sensor    : Healthy (72.00%)
  Sensor risk: 28.00%
  Fusion    : healthy (88.80%)
  Final     : HEALTHY
  Image time: 222.88 ms

P03
  Image     : healthy (100.00%)
  Image risk: 0.00%
  Sensor    : Healthy (72.00%)
  Sensor risk: 28.00%
  Fusion    : healthy (88.80%)
  Final     : HEALTHY
  Image time: 216.87 ms

P04
  Image     : healthy (98.31%)
  Image risk: 1.69%
  Sensor    : Healthy (72.00%)
  Sensor risk: 28.00%
  Fusion    : healthy (87.79%)
  Final     : HEALTHY
  Image time: 218.81 ms

P05
  Image     : healthy (99.99%)
  Image risk: 0.01%
  Sensor    : Healthy (72.00%)
  Sensor risk: 28.00%
  Fusion    : healthy (88.79%)
  Final     : HEALTHY
  Image time: 218.53 ms

P06
  Image     : healthy (99.99%)
  Image risk: 0.01%
  Sensor    : Healthy (72.00%)
  Sensor risk: 28.00%
  Fusion    : healthy (88.80%)
  Final     : HEALTHY
  Image time: 217.34 ms

P07
  Image     : healthy (100.00%)
  Image risk: 0.00%
  Sensor    : Healthy (72.00%)
  Sensor risk: 28.00%
  Fusion    : healthy (88.80%)
  Final     : HEALTHY
  Image time: 217.46 ms

P08
  Image     : healthy (99.64%)
  Image risk: 0.36%
  Sensor    : Healthy (72.00%)
  Sensor risk: 28.00%
  Fusion    : healthy (88.58%)
  Final     : HEALTHY
  Image time: 220.13 ms

P09
  Image     : healthy (99.90%)
  Image risk: 0.10%
  Sensor    : Healthy (72.00%)
  Sensor risk: 28.00%
  Fusion    : healthy (88.74%)
  Final     : HEALTHY
  Image time: 217.56 ms

P10
  Image     : healthy (99.96%)
  Image risk: 0.04%
  Sensor    : Healthy (72.00%)
  Sensor risk: 28.00%
  Fusion    : healthy (88.78%)
  Final     : HEALTHY
  Image time: 218.08 ms

P11
  Image     : healthy (99.98%)
  Image risk: 0.02%
  Sensor    : Healthy (72.00%)
  Sensor risk: 28.00%
  Fusion    : healthy (88.79%)
  Final     : HEALTHY
  Image time: 217.66 ms

P12
  Image     : healthy (99.72%)
  Image risk: 0.28%
  Sensor    : Healthy (72.00%)
  Sensor risk: 28.00%
  Fusion    : healthy (88.63%)
  Final     : HEALTHY
  Image time: 219.06 ms

========================================
Updating SQLite predictions...
========================================
12 plant records updated.

========================================
 INFERENCE COMPLETED
========================================
Capture ID           : CAP_20260831_093003
Plants processed     : 12
Average image latency: 222.22 ms
Min image latency    : 216.87 ms
Max image latency    : 262.32 ms
Sensor latency       : 180.975 ms
Total script time    : 6440.01 ms

Predictions saved to:
/hydroponic_project/database/hydroponic.db

Processing CAP_20260831_094504

========================================
 HYDROPONIC EDGE-AI INFERENCE
========================================
Device        : cpu
Image weight  : 0.60
Sensor weight : 0.40
Threshold     : 0.50

========================================
Loading MobileNetV2...
========================================
Model       : mobilenet_v2
Classes     : ['healthy', 'unhealthy']
Class map   : {'healthy': 0, 'unhealthy': 1}
Best epoch  : 9
Load time   : 342.78 ms

========================================
Loading Random Forest sensor model...
========================================
Model       : Random Forest
Features    : ['pH', 'TDS', 'water_level', 'DHT_temp', 'DHT_humidity', 'water_temp']
Classes     : [0 1]
Class map   : {'0': 'Unhealthy / Stress warning', '1': 'Healthy'}
Load time   : 3114.01 ms

========================================
CAPTURE
========================================
Capture ID : CAP_20260831_094504
Timestamp  : 2026-08-31 09:45:04
Plants     : 12

========================================
SENSOR VALUES
========================================
pH            : 7.13
TDS           : 817.9 ppm
Water level   : OK
Air temp      : 32.1 C
Humidity      : 68.9 %
Water temp    : 29.44 C

Sensor model  : Unhealthy / Stress warning
Sensor conf.  : 54.00%
Sensor risk   : 54.00%
Sensor time   : 171.392 ms

========================================
PLANT INFERENCE
========================================

P01
  Image     : healthy (99.95%)
  Image risk: 0.05%
  Sensor    : Unhealthy / Stress warning (54.00%)
  Sensor risk: 54.00%
  Fusion    : healthy (78.37%)
  Final     : HEALTHY
  Image time: 260.24 ms

P02
  Image     : healthy (100.00%)
  Image risk: 0.00%
  Sensor    : Unhealthy / Stress warning (54.00%)
  Sensor risk: 54.00%
  Fusion    : healthy (78.40%)
  Final     : HEALTHY
  Image time: 217.86 ms

P03
  Image     : healthy (100.00%)
  Image risk: 0.00%
  Sensor    : Unhealthy / Stress warning (54.00%)
  Sensor risk: 54.00%
  Fusion    : healthy (78.40%)
  Final     : HEALTHY
  Image time: 221.32 ms

P04
  Image     : healthy (97.49%)
  Image risk: 2.51%
  Sensor    : Unhealthy / Stress warning (54.00%)
  Sensor risk: 54.00%
  Fusion    : healthy (76.89%)
  Final     : HEALTHY
  Image time: 217.05 ms

P05
  Image     : healthy (99.97%)
  Image risk: 0.03%
  Sensor    : Unhealthy / Stress warning (54.00%)
  Sensor risk: 54.00%
  Fusion    : healthy (78.38%)
  Final     : HEALTHY
  Image time: 218.10 ms

P06
  Image     : healthy (99.99%)
  Image risk: 0.01%
  Sensor    : Unhealthy / Stress warning (54.00%)
  Sensor risk: 54.00%
  Fusion    : healthy (78.40%)
  Final     : HEALTHY
  Image time: 217.48 ms

P07
  Image     : healthy (100.00%)
  Image risk: 0.00%
  Sensor    : Unhealthy / Stress warning (54.00%)
  Sensor risk: 54.00%
  Fusion    : healthy (78.40%)
  Final     : HEALTHY
  Image time: 220.04 ms

P08
  Image     : healthy (98.00%)
  Image risk: 2.00%
  Sensor    : Unhealthy / Stress warning (54.00%)
  Sensor risk: 54.00%
  Fusion    : healthy (77.20%)
  Final     : HEALTHY
  Image time: 222.26 ms

P09
  Image     : healthy (99.49%)
  Image risk: 0.51%
  Sensor    : Unhealthy / Stress warning (54.00%)
  Sensor risk: 54.00%
  Fusion    : healthy (78.10%)
  Final     : HEALTHY
  Image time: 216.92 ms

P10
  Image     : healthy (99.99%)
  Image risk: 0.01%
  Sensor    : Unhealthy / Stress warning (54.00%)
  Sensor risk: 54.00%
  Fusion    : healthy (78.39%)
  Final     : HEALTHY
  Image time: 218.36 ms

P11
  Image     : healthy (99.97%)
  Image risk: 0.03%
  Sensor    : Unhealthy / Stress warning (54.00%)
  Sensor risk: 54.00%
  Fusion    : healthy (78.38%)
  Final     : HEALTHY
  Image time: 217.80 ms

P12
  Image     : healthy (99.88%)
  Image risk: 0.12%
  Sensor    : Unhealthy / Stress warning (54.00%)
  Sensor risk: 54.00%
  Fusion    : healthy (78.33%)
  Final     : HEALTHY
  Image time: 220.29 ms

========================================
Updating SQLite predictions...
========================================
12 plant records updated.

========================================
 INFERENCE COMPLETED
========================================
Capture ID           : CAP_20260831_094504
Plants processed     : 12
Average image latency: 222.31 ms
Min image latency    : 216.92 ms
Max image latency    : 260.24 ms
Sensor latency       : 171.392 ms
Total script time    : 6429.73 ms

Predictions saved to:
/hydroponic_project/database/hydroponic.db

Processing CAP_20260831_100003

========================================
 HYDROPONIC EDGE-AI INFERENCE
========================================
Device        : cpu
Image weight  : 0.60
Sensor weight : 0.40
Threshold     : 0.50

========================================
Loading MobileNetV2...
========================================
Model       : mobilenet_v2
Classes     : ['healthy', 'unhealthy']
Class map   : {'healthy': 0, 'unhealthy': 1}
Best epoch  : 9
Load time   : 344.17 ms

========================================
Loading Random Forest sensor model...
========================================
Model       : Random Forest
Features    : ['pH', 'TDS', 'water_level', 'DHT_temp', 'DHT_humidity', 'water_temp']
Classes     : [0 1]
Class map   : {'0': 'Unhealthy / Stress warning', '1': 'Healthy'}
Load time   : 3114.04 ms

========================================
CAPTURE
========================================
Capture ID : CAP_20260831_100003
Timestamp  : 2026-08-31 10:00:03
Plants     : 12

========================================
SENSOR VALUES
========================================
pH            : 6.25
TDS           : 818.4 ppm
Water level   : OK
Air temp      : 32.4 C
Humidity      : 69.7 %
Water temp    : 29.5 C

Sensor model  : Healthy
Sensor conf.  : 73.33%
Sensor risk   : 26.67%
Sensor time   : 172.587 ms

========================================
PLANT INFERENCE
========================================

P01
  Image     : healthy (99.82%)
  Image risk: 0.18%
  Sensor    : Healthy (73.33%)
  Sensor risk: 26.67%
  Fusion    : healthy (89.23%)
  Final     : HEALTHY
  Image time: 261.17 ms

P02
  Image     : healthy (100.00%)
  Image risk: 0.00%
  Sensor    : Healthy (73.33%)
  Sensor risk: 26.67%
  Fusion    : healthy (89.33%)
  Final     : HEALTHY
  Image time: 219.90 ms

P03
  Image     : healthy (100.00%)
  Image risk: 0.00%
  Sensor    : Healthy (73.33%)
  Sensor risk: 26.67%
  Fusion    : healthy (89.33%)
  Final     : HEALTHY
  Image time: 215.91 ms

P04
  Image     : healthy (99.58%)
  Image risk: 0.42%
  Sensor    : Healthy (73.33%)
  Sensor risk: 26.67%
  Fusion    : healthy (89.08%)
  Final     : HEALTHY
  Image time: 216.58 ms

P05
  Image     : healthy (99.97%)
  Image risk: 0.03%
  Sensor    : Healthy (73.33%)
  Sensor risk: 26.67%
  Fusion    : healthy (89.31%)
  Final     : HEALTHY
  Image time: 217.12 ms

P06
  Image     : healthy (100.00%)
  Image risk: 0.00%
  Sensor    : Healthy (73.33%)
  Sensor risk: 26.67%
  Fusion    : healthy (89.33%)
  Final     : HEALTHY
  Image time: 220.10 ms

P07
  Image     : healthy (99.99%)
  Image risk: 0.01%
  Sensor    : Healthy (73.33%)
  Sensor risk: 26.67%
  Fusion    : healthy (89.33%)
  Final     : HEALTHY
  Image time: 218.49 ms

P08
  Image     : healthy (99.86%)
  Image risk: 0.14%
  Sensor    : Healthy (73.33%)
  Sensor risk: 26.67%
  Fusion    : healthy (89.25%)
  Final     : HEALTHY
  Image time: 217.39 ms

P09
  Image     : healthy (99.69%)
  Image risk: 0.31%
  Sensor    : Healthy (73.33%)
  Sensor risk: 26.67%
  Fusion    : healthy (89.15%)
  Final     : HEALTHY
  Image time: 216.53 ms

P10
  Image     : healthy (99.96%)
  Image risk: 0.04%
  Sensor    : Healthy (73.33%)
  Sensor risk: 26.67%
  Fusion    : healthy (89.31%)
  Final     : HEALTHY
  Image time: 216.71 ms

P11
  Image     : healthy (99.99%)
  Image risk: 0.01%
  Sensor    : Healthy (73.33%)
  Sensor risk: 26.67%
  Fusion    : healthy (89.33%)
  Final     : HEALTHY
  Image time: 219.19 ms

P12
  Image     : healthy (99.91%)
  Image risk: 0.09%
  Sensor    : Healthy (73.33%)
  Sensor risk: 26.67%
  Fusion    : healthy (89.28%)
  Final     : HEALTHY
  Image time: 218.20 ms

========================================
Updating SQLite predictions...
========================================
12 plant records updated.

========================================
 INFERENCE COMPLETED
========================================
Capture ID           : CAP_20260831_100003
Plants processed     : 12
Average image latency: 221.44 ms
Min image latency    : 215.91 ms
Max image latency    : 261.17 ms
Sensor latency       : 172.587 ms
Total script time    : 6423.72 ms

Predictions saved to:
/hydroponic_project/database/hydroponic.db

Processing CAP_20260831_101503

========================================
 HYDROPONIC EDGE-AI INFERENCE
========================================
Device        : cpu
Image weight  : 0.60
Sensor weight : 0.40
Threshold     : 0.50

========================================
Loading MobileNetV2...
========================================
Model       : mobilenet_v2
Classes     : ['healthy', 'unhealthy']
Class map   : {'healthy': 0, 'unhealthy': 1}
Best epoch  : 9
Load time   : 341.10 ms

========================================
Loading Random Forest sensor model...
========================================
Model       : Random Forest
Features    : ['pH', 'TDS', 'water_level', 'DHT_temp', 'DHT_humidity', 'water_temp']
Classes     : [0 1]
Class map   : {'0': 'Unhealthy / Stress warning', '1': 'Healthy'}
Load time   : 3112.81 ms

========================================
CAPTURE
========================================
Capture ID : CAP_20260831_101503
Timestamp  : 2026-08-31 10:15:03
Plants     : 12

========================================
SENSOR VALUES
========================================
pH            : 6.17
TDS           : 818.7 ppm
Water level   : OK
Air temp      : 32.2 C
Humidity      : 66.7 %
Water temp    : 29.56 C

Sensor model  : Healthy
Sensor conf.  : 70.00%
Sensor risk   : 30.00%
Sensor time   : 182.116 ms

========================================
PLANT INFERENCE
========================================

P01
  Image     : healthy (99.85%)
  Image risk: 0.15%
  Sensor    : Healthy (70.00%)
  Sensor risk: 30.00%
  Fusion    : healthy (87.91%)
  Final     : HEALTHY
  Image time: 262.70 ms

P02
  Image     : healthy (100.00%)
  Image risk: 0.00%
  Sensor    : Healthy (70.00%)
  Sensor risk: 30.00%
  Fusion    : healthy (88.00%)
  Final     : HEALTHY
  Image time: 217.63 ms

P03
  Image     : healthy (100.00%)
  Image risk: 0.00%
  Sensor    : Healthy (70.00%)
  Sensor risk: 30.00%
  Fusion    : healthy (88.00%)
  Final     : HEALTHY
  Image time: 218.09 ms

P04
  Image     : healthy (98.10%)
  Image risk: 1.90%
  Sensor    : Healthy (70.00%)
  Sensor risk: 30.00%
  Fusion    : healthy (86.86%)
  Final     : HEALTHY
  Image time: 217.76 ms

P05
  Image     : healthy (99.97%)
  Image risk: 0.03%
  Sensor    : Healthy (70.00%)
  Sensor risk: 30.00%
  Fusion    : healthy (87.98%)
  Final     : HEALTHY
  Image time: 218.46 ms

P06
  Image     : healthy (99.99%)
  Image risk: 0.01%
  Sensor    : Healthy (70.00%)
  Sensor risk: 30.00%
  Fusion    : healthy (87.99%)
  Final     : HEALTHY
  Image time: 221.31 ms

P07
  Image     : healthy (100.00%)
  Image risk: 0.00%
  Sensor    : Healthy (70.00%)
  Sensor risk: 30.00%
  Fusion    : healthy (88.00%)
  Final     : HEALTHY
  Image time: 217.47 ms

P08
  Image     : healthy (99.89%)
  Image risk: 0.11%
  Sensor    : Healthy (70.00%)
  Sensor risk: 30.00%
  Fusion    : healthy (87.93%)
  Final     : HEALTHY
  Image time: 217.97 ms

P09
  Image     : healthy (99.80%)
  Image risk: 0.20%
  Sensor    : Healthy (70.00%)
  Sensor risk: 30.00%
  Fusion    : healthy (87.88%)
  Final     : HEALTHY
  Image time: 218.04 ms

P10
  Image     : healthy (100.00%)
  Image risk: 0.00%
  Sensor    : Healthy (70.00%)
  Sensor risk: 30.00%
  Fusion    : healthy (88.00%)
  Final     : HEALTHY
  Image time: 219.56 ms

P11
  Image     : healthy (100.00%)
  Image risk: 0.00%
  Sensor    : Healthy (70.00%)
  Sensor risk: 30.00%
  Fusion    : healthy (88.00%)
  Final     : HEALTHY
  Image time: 217.53 ms

P12
  Image     : healthy (99.81%)
  Image risk: 0.19%
  Sensor    : Healthy (70.00%)
  Sensor risk: 30.00%
  Fusion    : healthy (87.89%)
  Final     : HEALTHY
  Image time: 218.20 ms

========================================
Updating SQLite predictions...
========================================
12 plant records updated.

========================================
 INFERENCE COMPLETED
========================================
Capture ID           : CAP_20260831_101503
Plants processed     : 12
Average image latency: 222.06 ms
Min image latency    : 217.47 ms
Max image latency    : 262.70 ms
Sensor latency       : 182.116 ms
Total script time    : 6435.75 ms

Predictions saved to:
/hydroponic_project/database/hydroponic.db

Processing CAP_20260831_103004

========================================
 HYDROPONIC EDGE-AI INFERENCE
========================================
Device        : cpu
Image weight  : 0.60
Sensor weight : 0.40
Threshold     : 0.50

========================================
Loading MobileNetV2...
========================================
Model       : mobilenet_v2
Classes     : ['healthy', 'unhealthy']
Class map   : {'healthy': 0, 'unhealthy': 1}
Best epoch  : 9
Load time   : 340.10 ms

========================================
Loading Random Forest sensor model...
========================================
Model       : Random Forest
Features    : ['pH', 'TDS', 'water_level', 'DHT_temp', 'DHT_humidity', 'water_temp']
Classes     : [0 1]
Class map   : {'0': 'Unhealthy / Stress warning', '1': 'Healthy'}
Load time   : 3114.55 ms

========================================
CAPTURE
========================================
Capture ID : CAP_20260831_103004
Timestamp  : 2026-08-31 10:30:04
Plants     : 12

========================================
SENSOR VALUES
========================================
pH            : 6.23
TDS           : 830.0 ppm
Water level   : OK
Air temp      : 32.7 C
Humidity      : 66.8 %
Water temp    : 28.87 C

Sensor model  : Healthy
Sensor conf.  : 67.00%
Sensor risk   : 33.00%
Sensor time   : 182.056 ms

========================================
PLANT INFERENCE
========================================

P01
  Image     : healthy (99.84%)
  Image risk: 0.16%
  Sensor    : Healthy (67.00%)
  Sensor risk: 33.00%
  Fusion    : healthy (86.70%)
  Final     : HEALTHY
  Image time: 265.70 ms

P02
  Image     : healthy (100.00%)
  Image risk: 0.00%
  Sensor    : Healthy (67.00%)
  Sensor risk: 33.00%
  Fusion    : healthy (86.80%)
  Final     : HEALTHY
  Image time: 219.01 ms

P03
  Image     : healthy (100.00%)
  Image risk: 0.00%
  Sensor    : Healthy (67.00%)
  Sensor risk: 33.00%
  Fusion    : healthy (86.80%)
  Final     : HEALTHY
  Image time: 217.65 ms

P04
  Image     : healthy (98.92%)
  Image risk: 1.08%
  Sensor    : Healthy (67.00%)
  Sensor risk: 33.00%
  Fusion    : healthy (86.15%)
  Final     : HEALTHY
  Image time: 218.33 ms

P05
  Image     : healthy (99.98%)
  Image risk: 0.02%
  Sensor    : Healthy (67.00%)
  Sensor risk: 33.00%
  Fusion    : healthy (86.79%)
  Final     : HEALTHY
  Image time: 219.59 ms

P06
  Image     : healthy (100.00%)
  Image risk: 0.00%
  Sensor    : Healthy (67.00%)
  Sensor risk: 33.00%
  Fusion    : healthy (86.80%)
  Final     : HEALTHY
  Image time: 217.90 ms

P07
  Image     : healthy (100.00%)
  Image risk: 0.00%
  Sensor    : Healthy (67.00%)
  Sensor risk: 33.00%
  Fusion    : healthy (86.80%)
  Final     : HEALTHY
  Image time: 217.49 ms

P08
  Image     : healthy (99.92%)
  Image risk: 0.08%
  Sensor    : Healthy (67.00%)
  Sensor risk: 33.00%
  Fusion    : healthy (86.75%)
  Final     : HEALTHY
  Image time: 218.79 ms

P09
  Image     : healthy (99.89%)
  Image risk: 0.11%
  Sensor    : Healthy (67.00%)
  Sensor risk: 33.00%
  Fusion    : healthy (86.73%)
  Final     : HEALTHY
  Image time: 217.16 ms

P10
  Image     : healthy (99.99%)
  Image risk: 0.01%
  Sensor    : Healthy (67.00%)
  Sensor risk: 33.00%
  Fusion    : healthy (86.79%)
  Final     : HEALTHY
  Image time: 218.57 ms

P11
  Image     : healthy (99.99%)
  Image risk: 0.01%
  Sensor    : Healthy (67.00%)
  Sensor risk: 33.00%
  Fusion    : healthy (86.79%)
  Final     : HEALTHY
  Image time: 217.93 ms

P12
  Image     : healthy (99.97%)
  Image risk: 0.03%
  Sensor    : Healthy (67.00%)
  Sensor risk: 33.00%
  Fusion    : healthy (86.78%)
  Final     : HEALTHY
  Image time: 218.06 ms

========================================
Updating SQLite predictions...
========================================
12 plant records updated.

========================================
 INFERENCE COMPLETED
========================================
Capture ID           : CAP_20260831_103004
Plants processed     : 12
Average image latency: 222.18 ms
Min image latency    : 217.16 ms
Max image latency    : 265.70 ms
Sensor latency       : 182.056 ms
Total script time    : 6441.15 ms

Predictions saved to:
/hydroponic_project/database/hydroponic.db

Processing CAP_20260831_104504

========================================
 HYDROPONIC EDGE-AI INFERENCE
========================================
Device        : cpu
Image weight  : 0.60
Sensor weight : 0.40
Threshold     : 0.50

========================================
Loading MobileNetV2...
========================================
Model       : mobilenet_v2
Classes     : ['healthy', 'unhealthy']
Class map   : {'healthy': 0, 'unhealthy': 1}
Best epoch  : 9
Load time   : 342.26 ms

========================================
Loading Random Forest sensor model...
========================================
Model       : Random Forest
Features    : ['pH', 'TDS', 'water_level', 'DHT_temp', 'DHT_humidity', 'water_temp']
Classes     : [0 1]
Class map   : {'0': 'Unhealthy / Stress warning', '1': 'Healthy'}
Load time   : 3116.16 ms

========================================
CAPTURE
========================================
Capture ID : CAP_20260831_104504
Timestamp  : 2026-08-31 10:45:04
Plants     : 12

========================================
SENSOR VALUES
========================================
pH            : 6.15
TDS           : 850.5 ppm
Water level   : OK
Air temp      : 33.1 C
Humidity      : 63.9 %
Water temp    : 27.75 C

Sensor model  : Healthy
Sensor conf.  : 65.00%
Sensor risk   : 35.00%
Sensor time   : 180.921 ms

========================================
PLANT INFERENCE
========================================

P01
  Image     : healthy (99.89%)
  Image risk: 0.11%
  Sensor    : Healthy (65.00%)
  Sensor risk: 35.00%
  Fusion    : healthy (85.93%)
  Final     : HEALTHY
  Image time: 269.73 ms

P02
  Image     : healthy (100.00%)
  Image risk: 0.00%
  Sensor    : Healthy (65.00%)
  Sensor risk: 35.00%
  Fusion    : healthy (86.00%)
  Final     : HEALTHY
  Image time: 219.75 ms

P03
  Image     : healthy (100.00%)
  Image risk: 0.00%
  Sensor    : Healthy (65.00%)
  Sensor risk: 35.00%
  Fusion    : healthy (86.00%)
  Final     : HEALTHY
  Image time: 225.24 ms

P04
  Image     : healthy (97.34%)
  Image risk: 2.66%
  Sensor    : Healthy (65.00%)
  Sensor risk: 35.00%
  Fusion    : healthy (84.40%)
  Final     : HEALTHY
  Image time: 227.13 ms

P05
  Image     : healthy (99.97%)
  Image risk: 0.03%
  Sensor    : Healthy (65.00%)
  Sensor risk: 35.00%
  Fusion    : healthy (85.98%)
  Final     : HEALTHY
  Image time: 221.97 ms

P06
  Image     : healthy (99.99%)
  Image risk: 0.01%
  Sensor    : Healthy (65.00%)
  Sensor risk: 35.00%
  Fusion    : healthy (86.00%)
  Final     : HEALTHY
  Image time: 220.35 ms

P07
  Image     : healthy (100.00%)
  Image risk: 0.00%
  Sensor    : Healthy (65.00%)
  Sensor risk: 35.00%
  Fusion    : healthy (86.00%)
  Final     : HEALTHY
  Image time: 220.13 ms

P08
  Image     : healthy (99.72%)
  Image risk: 0.28%
  Sensor    : Healthy (65.00%)
  Sensor risk: 35.00%
  Fusion    : healthy (85.83%)
  Final     : HEALTHY
  Image time: 219.30 ms

P09
  Image     : healthy (99.55%)
  Image risk: 0.45%
  Sensor    : Healthy (65.00%)
  Sensor risk: 35.00%
  Fusion    : healthy (85.73%)
  Final     : HEALTHY
  Image time: 223.16 ms

P10
  Image     : healthy (100.00%)
  Image risk: 0.00%
  Sensor    : Healthy (65.00%)
  Sensor risk: 35.00%
  Fusion    : healthy (86.00%)
  Final     : HEALTHY
  Image time: 219.09 ms

P11
  Image     : healthy (100.00%)
  Image risk: 0.00%
  Sensor    : Healthy (65.00%)
  Sensor risk: 35.00%
  Fusion    : healthy (86.00%)
  Final     : HEALTHY
  Image time: 219.56 ms

P12
  Image     : healthy (99.99%)
  Image risk: 0.01%
  Sensor    : Healthy (65.00%)
  Sensor risk: 35.00%
  Fusion    : healthy (86.00%)
  Final     : HEALTHY
  Image time: 217.89 ms

========================================
Updating SQLite predictions...
========================================
12 plant records updated.

========================================
 INFERENCE COMPLETED
========================================
Capture ID           : CAP_20260831_104504
Plants processed     : 12
Average image latency: 225.28 ms
Min image latency    : 217.89 ms
Max image latency    : 269.73 ms
Sensor latency       : 180.921 ms
Total script time    : 6481.91 ms

Predictions saved to:
/hydroponic_project/database/hydroponic.db

Processing CAP_20260831_110003

========================================
 HYDROPONIC EDGE-AI INFERENCE
========================================
Device        : cpu
Image weight  : 0.60
Sensor weight : 0.40
Threshold     : 0.50

========================================
Loading MobileNetV2...
========================================
Model       : mobilenet_v2
Classes     : ['healthy', 'unhealthy']
Class map   : {'healthy': 0, 'unhealthy': 1}
Best epoch  : 9
Load time   : 338.88 ms

========================================
Loading Random Forest sensor model...
========================================
Model       : Random Forest
Features    : ['pH', 'TDS', 'water_level', 'DHT_temp', 'DHT_humidity', 'water_temp']
Classes     : [0 1]
Class map   : {'0': 'Unhealthy / Stress warning', '1': 'Healthy'}
Load time   : 3110.39 ms

========================================
CAPTURE
========================================
Capture ID : CAP_20260831_110003
Timestamp  : 2026-08-31 11:00:03
Plants     : 12

========================================
SENSOR VALUES
========================================
pH            : 6.13
TDS           : 848.9 ppm
Water level   : OK
Air temp      : 33.1 C
Humidity      : 65.4 %
Water temp    : 27.94 C

Sensor model  : Healthy
Sensor conf.  : 64.33%
Sensor risk   : 35.67%
Sensor time   : 177.768 ms

========================================
PLANT INFERENCE
========================================

P01
  Image     : healthy (99.83%)
  Image risk: 0.17%
  Sensor    : Healthy (64.33%)
  Sensor risk: 35.67%
  Fusion    : healthy (85.63%)
  Final     : HEALTHY
  Image time: 260.06 ms

P02
  Image     : healthy (100.00%)
  Image risk: 0.00%
  Sensor    : Healthy (64.33%)
  Sensor risk: 35.67%
  Fusion    : healthy (85.73%)
  Final     : HEALTHY
  Image time: 217.71 ms

P03
  Image     : healthy (100.00%)
  Image risk: 0.00%
  Sensor    : Healthy (64.33%)
  Sensor risk: 35.67%
  Fusion    : healthy (85.73%)
  Final     : HEALTHY
  Image time: 222.53 ms

P04
  Image     : healthy (99.60%)
  Image risk: 0.40%
  Sensor    : Healthy (64.33%)
  Sensor risk: 35.67%
  Fusion    : healthy (85.50%)
  Final     : HEALTHY
  Image time: 217.41 ms

P05
  Image     : healthy (99.99%)
  Image risk: 0.01%
  Sensor    : Healthy (64.33%)
  Sensor risk: 35.67%
  Fusion    : healthy (85.73%)
  Final     : HEALTHY
  Image time: 212.92 ms

P06
  Image     : healthy (100.00%)
  Image risk: 0.00%
  Sensor    : Healthy (64.33%)
  Sensor risk: 35.67%
  Fusion    : healthy (85.73%)
  Final     : HEALTHY
  Image time: 216.14 ms

P07
  Image     : healthy (100.00%)
  Image risk: 0.00%
  Sensor    : Healthy (64.33%)
  Sensor risk: 35.67%
  Fusion    : healthy (85.73%)
  Final     : HEALTHY
  Image time: 219.34 ms

P08
  Image     : healthy (99.96%)
  Image risk: 0.04%
  Sensor    : Healthy (64.33%)
  Sensor risk: 35.67%
  Fusion    : healthy (85.71%)
  Final     : HEALTHY
  Image time: 220.67 ms

P09
  Image     : healthy (99.24%)
  Image risk: 0.76%
  Sensor    : Healthy (64.33%)
  Sensor risk: 35.67%
  Fusion    : healthy (85.28%)
  Final     : HEALTHY
  Image time: 217.24 ms

P10
  Image     : healthy (99.97%)
  Image risk: 0.03%
  Sensor    : Healthy (64.33%)
  Sensor risk: 35.67%
  Fusion    : healthy (85.71%)
  Final     : HEALTHY
  Image time: 214.50 ms

P11
  Image     : healthy (99.99%)
  Image risk: 0.01%
  Sensor    : Healthy (64.33%)
  Sensor risk: 35.67%
  Fusion    : healthy (85.73%)
  Final     : HEALTHY
  Image time: 217.70 ms

P12
  Image     : healthy (99.97%)
  Image risk: 0.03%
  Sensor    : Healthy (64.33%)
  Sensor risk: 35.67%
  Fusion    : healthy (85.71%)
  Final     : HEALTHY
  Image time: 220.48 ms

========================================
Updating SQLite predictions...
========================================
12 plant records updated.

========================================
 INFERENCE COMPLETED
========================================
Capture ID           : CAP_20260831_110003
Plants processed     : 12
Average image latency: 221.39 ms
Min image latency    : 212.92 ms
Max image latency    : 260.06 ms
Sensor latency       : 177.768 ms
Total script time    : 6551.18 ms

Predictions saved to:
/hydroponic_project/database/hydroponic.db

Processing CAP_20260831_111504

========================================
 HYDROPONIC EDGE-AI INFERENCE
========================================
Device        : cpu
Image weight  : 0.60
Sensor weight : 0.40
Threshold     : 0.50

========================================
Loading MobileNetV2...
========================================
Model       : mobilenet_v2
Classes     : ['healthy', 'unhealthy']
Class map   : {'healthy': 0, 'unhealthy': 1}
Best epoch  : 9
Load time   : 343.07 ms

========================================
Loading Random Forest sensor model...
========================================
Model       : Random Forest
Features    : ['pH', 'TDS', 'water_level', 'DHT_temp', 'DHT_humidity', 'water_temp']
Classes     : [0 1]
Class map   : {'0': 'Unhealthy / Stress warning', '1': 'Healthy'}
Load time   : 3319.86 ms

========================================
CAPTURE
========================================
Capture ID : CAP_20260831_111504
Timestamp  : 2026-08-31 11:15:04
Plants     : 12

========================================
SENSOR VALUES
========================================
pH            : 7.15
TDS           : 838.2 ppm
Water level   : OK
Air temp      : 33.4 C
Humidity      : 63.8 %
Water temp    : 28.25 C

Sensor model  : Unhealthy / Stress warning
Sensor conf.  : 67.33%
Sensor risk   : 67.33%
Sensor time   : 182.785 ms

========================================
PLANT INFERENCE
========================================

P01
  Image     : healthy (99.89%)
  Image risk: 0.11%
  Sensor    : Unhealthy / Stress warning (67.33%)
  Sensor risk: 67.33%
  Fusion    : healthy (73.00%)
  Final     : HEALTHY
  Image time: 272.34 ms

P02
  Image     : healthy (100.00%)
  Image risk: 0.00%
  Sensor    : Unhealthy / Stress warning (67.33%)
  Sensor risk: 67.33%
  Fusion    : healthy (73.07%)
  Final     : HEALTHY
  Image time: 219.40 ms

P03
  Image     : healthy (100.00%)
  Image risk: 0.00%
  Sensor    : Unhealthy / Stress warning (67.33%)
  Sensor risk: 67.33%
  Fusion    : healthy (73.07%)
  Final     : HEALTHY
  Image time: 224.10 ms

P04
  Image     : healthy (98.80%)
  Image risk: 1.20%
  Sensor    : Unhealthy / Stress warning (67.33%)
  Sensor risk: 67.33%
  Fusion    : healthy (72.35%)
  Final     : HEALTHY
  Image time: 216.98 ms

P05
  Image     : healthy (99.94%)
  Image risk: 0.06%
  Sensor    : Unhealthy / Stress warning (67.33%)
  Sensor risk: 67.33%
  Fusion    : healthy (73.03%)
  Final     : HEALTHY
  Image time: 218.12 ms

P06
  Image     : healthy (99.99%)
  Image risk: 0.01%
  Sensor    : Unhealthy / Stress warning (67.33%)
  Sensor risk: 67.33%
  Fusion    : healthy (73.06%)
  Final     : HEALTHY
  Image time: 231.70 ms

P07
  Image     : healthy (100.00%)
  Image risk: 0.00%
  Sensor    : Unhealthy / Stress warning (67.33%)
  Sensor risk: 67.33%
  Fusion    : healthy (73.07%)
  Final     : HEALTHY
  Image time: 216.64 ms

P08
  Image     : healthy (99.76%)
  Image risk: 0.24%
  Sensor    : Unhealthy / Stress warning (67.33%)
  Sensor risk: 67.33%
  Fusion    : healthy (72.92%)
  Final     : HEALTHY
  Image time: 216.43 ms

P09
  Image     : healthy (98.42%)
  Image risk: 1.58%
  Sensor    : Unhealthy / Stress warning (67.33%)
  Sensor risk: 67.33%
  Fusion    : healthy (72.12%)
  Final     : HEALTHY
  Image time: 217.54 ms

P10
  Image     : healthy (100.00%)
  Image risk: 0.00%
  Sensor    : Unhealthy / Stress warning (67.33%)
  Sensor risk: 67.33%
  Fusion    : healthy (73.06%)
  Final     : HEALTHY
  Image time: 220.54 ms

P11
  Image     : healthy (100.00%)
  Image risk: 0.00%
  Sensor    : Unhealthy / Stress warning (67.33%)
  Sensor risk: 67.33%
  Fusion    : healthy (73.06%)
  Final     : HEALTHY
  Image time: 217.21 ms

P12
  Image     : healthy (99.98%)
  Image risk: 0.02%
  Sensor    : Unhealthy / Stress warning (67.33%)
  Sensor risk: 67.33%
  Fusion    : healthy (73.06%)
  Final     : HEALTHY
  Image time: 216.71 ms

========================================
Updating SQLite predictions...
========================================
12 plant records updated.

========================================
 INFERENCE COMPLETED
========================================
Capture ID           : CAP_20260831_111504
Plants processed     : 12
Average image latency: 223.98 ms
Min image latency    : 216.43 ms
Max image latency    : 272.34 ms
Sensor latency       : 182.785 ms
Total script time    : 6676.30 ms

Predictions saved to:
/hydroponic_project/database/hydroponic.db

Processing CAP_20260831_113004

========================================
 HYDROPONIC EDGE-AI INFERENCE
========================================
Device        : cpu
Image weight  : 0.60
Sensor weight : 0.40
Threshold     : 0.50

========================================
Loading MobileNetV2...
========================================
Model       : mobilenet_v2
Classes     : ['healthy', 'unhealthy']
Class map   : {'healthy': 0, 'unhealthy': 1}
Best epoch  : 9
Load time   : 343.70 ms

========================================
Loading Random Forest sensor model...
========================================
Model       : Random Forest
Features    : ['pH', 'TDS', 'water_level', 'DHT_temp', 'DHT_humidity', 'water_temp']
Classes     : [0 1]
Class map   : {'0': 'Unhealthy / Stress warning', '1': 'Healthy'}
Load time   : 3110.08 ms

========================================
CAPTURE
========================================
Capture ID : CAP_20260831_113004
Timestamp  : 2026-08-31 11:30:04
Plants     : 12

========================================
SENSOR VALUES
========================================
pH            : 6.12
TDS           : 835.6 ppm
Water level   : OK
Air temp      : 33.1 C
Humidity      : 64.2 %
Water temp    : 28.56 C

Sensor model  : Healthy
Sensor conf.  : 64.00%
Sensor risk   : 36.00%
Sensor time   : 170.954 ms

========================================
PLANT INFERENCE
========================================

P01
  Image     : healthy (99.94%)
  Image risk: 0.06%
  Sensor    : Healthy (64.00%)
  Sensor risk: 36.00%
  Fusion    : healthy (85.56%)
  Final     : HEALTHY
  Image time: 262.69 ms

P02
  Image     : healthy (100.00%)
  Image risk: 0.00%
  Sensor    : Healthy (64.00%)
  Sensor risk: 36.00%
  Fusion    : healthy (85.60%)
  Final     : HEALTHY
  Image time: 219.01 ms

P03
  Image     : healthy (100.00%)
  Image risk: 0.00%
  Sensor    : Healthy (64.00%)
  Sensor risk: 36.00%
  Fusion    : healthy (85.60%)
  Final     : HEALTHY
  Image time: 224.93 ms

P04
  Image     : healthy (99.45%)
  Image risk: 0.55%
  Sensor    : Healthy (64.00%)
  Sensor risk: 36.00%
  Fusion    : healthy (85.27%)
  Final     : HEALTHY
  Image time: 218.79 ms

P05
  Image     : healthy (99.91%)
  Image risk: 0.09%
  Sensor    : Healthy (64.00%)
  Sensor risk: 36.00%
  Fusion    : healthy (85.55%)
  Final     : HEALTHY
  Image time: 215.52 ms

P06
  Image     : healthy (99.99%)
  Image risk: 0.01%
  Sensor    : Healthy (64.00%)
  Sensor risk: 36.00%
  Fusion    : healthy (85.60%)
  Final     : HEALTHY
  Image time: 215.63 ms

P07
  Image     : healthy (100.00%)
  Image risk: 0.00%
  Sensor    : Healthy (64.00%)
  Sensor risk: 36.00%
  Fusion    : healthy (85.60%)
  Final     : HEALTHY
  Image time: 218.94 ms

P08
  Image     : healthy (99.96%)
  Image risk: 0.04%
  Sensor    : Healthy (64.00%)
  Sensor risk: 36.00%
  Fusion    : healthy (85.57%)
  Final     : HEALTHY
  Image time: 218.74 ms

P09
  Image     : healthy (97.74%)
  Image risk: 2.26%
  Sensor    : Healthy (64.00%)
  Sensor risk: 36.00%
  Fusion    : healthy (84.24%)
  Final     : HEALTHY
  Image time: 222.39 ms

P10
  Image     : healthy (99.99%)
  Image risk: 0.01%
  Sensor    : Healthy (64.00%)
  Sensor risk: 36.00%
  Fusion    : healthy (85.59%)
  Final     : HEALTHY
  Image time: 216.23 ms

P11
  Image     : healthy (100.00%)
  Image risk: 0.00%
  Sensor    : Healthy (64.00%)
  Sensor risk: 36.00%
  Fusion    : healthy (85.60%)
  Final     : HEALTHY
  Image time: 218.78 ms

P12
  Image     : healthy (99.99%)
  Image risk: 0.01%
  Sensor    : Healthy (64.00%)
  Sensor risk: 36.00%
  Fusion    : healthy (85.60%)
  Final     : HEALTHY
  Image time: 219.37 ms

========================================
Updating SQLite predictions...
========================================
12 plant records updated.

========================================
 INFERENCE COMPLETED
========================================
Capture ID           : CAP_20260831_113004
Plants processed     : 12
Average image latency: 222.59 ms
Min image latency    : 215.52 ms
Max image latency    : 262.69 ms
Sensor latency       : 170.954 ms
Total script time    : 6436.67 ms

Predictions saved to:
/hydroponic_project/database/hydroponic.db

Processing CAP_20260831_114503

========================================
 HYDROPONIC EDGE-AI INFERENCE
========================================
Device        : cpu
Image weight  : 0.60
Sensor weight : 0.40
Threshold     : 0.50

========================================
Loading MobileNetV2...
========================================
Model       : mobilenet_v2
Classes     : ['healthy', 'unhealthy']
Class map   : {'healthy': 0, 'unhealthy': 1}
Best epoch  : 9
Load time   : 338.18 ms

========================================
Loading Random Forest sensor model...
========================================
Model       : Random Forest
Features    : ['pH', 'TDS', 'water_level', 'DHT_temp', 'DHT_humidity', 'water_temp']
Classes     : [0 1]
Class map   : {'0': 'Unhealthy / Stress warning', '1': 'Healthy'}
Load time   : 3104.76 ms

========================================
CAPTURE
========================================
Capture ID : CAP_20260831_114503
Timestamp  : 2026-08-31 11:45:03
Plants     : 12

========================================
SENSOR VALUES
========================================
pH            : 6.11
TDS           : 829.6 ppm
Water level   : OK
Air temp      : 33.5 C
Humidity      : 63.6 %
Water temp    : 28.87 C

Sensor model  : Healthy
Sensor conf.  : 65.00%
Sensor risk   : 35.00%
Sensor time   : 180.243 ms

========================================
PLANT INFERENCE
========================================

P01
  Image     : healthy (99.81%)
  Image risk: 0.19%
  Sensor    : Healthy (65.00%)
  Sensor risk: 35.00%
  Fusion    : healthy (85.89%)
  Final     : HEALTHY
  Image time: 260.82 ms

P02
  Image     : healthy (100.00%)
  Image risk: 0.00%
  Sensor    : Healthy (65.00%)
  Sensor risk: 35.00%
  Fusion    : healthy (86.00%)
  Final     : HEALTHY
  Image time: 218.58 ms

P03
  Image     : healthy (100.00%)
  Image risk: 0.00%
  Sensor    : Healthy (65.00%)
  Sensor risk: 35.00%
  Fusion    : healthy (86.00%)
  Final     : HEALTHY
  Image time: 217.69 ms

P04
  Image     : healthy (99.56%)
  Image risk: 0.44%
  Sensor    : Healthy (65.00%)
  Sensor risk: 35.00%
  Fusion    : healthy (85.74%)
  Final     : HEALTHY
  Image time: 218.11 ms

P05
  Image     : healthy (99.91%)
  Image risk: 0.09%
  Sensor    : Healthy (65.00%)
  Sensor risk: 35.00%
  Fusion    : healthy (85.94%)
  Final     : HEALTHY
  Image time: 217.55 ms

P06
  Image     : healthy (100.00%)
  Image risk: 0.00%
  Sensor    : Healthy (65.00%)
  Sensor risk: 35.00%
  Fusion    : healthy (86.00%)
  Final     : HEALTHY
  Image time: 217.87 ms

P07
  Image     : healthy (100.00%)
  Image risk: 0.00%
  Sensor    : Healthy (65.00%)
  Sensor risk: 35.00%
  Fusion    : healthy (86.00%)
  Final     : HEALTHY
  Image time: 216.99 ms

P08
  Image     : healthy (99.96%)
  Image risk: 0.04%
  Sensor    : Healthy (65.00%)
  Sensor risk: 35.00%
  Fusion    : healthy (85.98%)
  Final     : HEALTHY
  Image time: 222.12 ms

P09
  Image     : healthy (99.48%)
  Image risk: 0.52%
  Sensor    : Healthy (65.00%)
  Sensor risk: 35.00%
  Fusion    : healthy (85.69%)
  Final     : HEALTHY
  Image time: 217.99 ms

P10
  Image     : healthy (99.95%)
  Image risk: 0.05%
  Sensor    : Healthy (65.00%)
  Sensor risk: 35.00%
  Fusion    : healthy (85.97%)
  Final     : HEALTHY
  Image time: 217.19 ms

P11
  Image     : healthy (99.99%)
  Image risk: 0.01%
  Sensor    : Healthy (65.00%)
  Sensor risk: 35.00%
  Fusion    : healthy (86.00%)
  Final     : HEALTHY
  Image time: 217.41 ms

P12
  Image     : healthy (99.98%)
  Image risk: 0.02%
  Sensor    : Healthy (65.00%)
  Sensor risk: 35.00%
  Fusion    : healthy (85.99%)
  Final     : HEALTHY
  Image time: 216.96 ms

========================================
Updating SQLite predictions...
========================================
12 plant records updated.

========================================
 INFERENCE COMPLETED
========================================
Capture ID           : CAP_20260831_114503
Plants processed     : 12
Average image latency: 221.61 ms
Min image latency    : 216.96 ms
Max image latency    : 260.82 ms
Sensor latency       : 180.243 ms
Total script time    : 6419.25 ms

Predictions saved to:
/hydroponic_project/database/hydroponic.db

Processing CAP_20260831_120003

========================================
 HYDROPONIC EDGE-AI INFERENCE
========================================
Device        : cpu
Image weight  : 0.60
Sensor weight : 0.40
Threshold     : 0.50

========================================
Loading MobileNetV2...
========================================
Model       : mobilenet_v2
Classes     : ['healthy', 'unhealthy']
Class map   : {'healthy': 0, 'unhealthy': 1}
Best epoch  : 9
Load time   : 343.84 ms

========================================
Loading Random Forest sensor model...
========================================
Model       : Random Forest
Features    : ['pH', 'TDS', 'water_level', 'DHT_temp', 'DHT_humidity', 'water_temp']
Classes     : [0 1]
Class map   : {'0': 'Unhealthy / Stress warning', '1': 'Healthy'}
Load time   : 3109.56 ms

========================================
CAPTURE
========================================
Capture ID : CAP_20260831_120003
Timestamp  : 2026-08-31 12:00:03
Plants     : 12

========================================
SENSOR VALUES
========================================
pH            : 7.23
TDS           : 818.7 ppm
Water level   : OK
Air temp      : 33.3 C
Humidity      : 64.9 %
Water temp    : 29.06 C

Sensor model  : Unhealthy / Stress warning
Sensor conf.  : 59.00%
Sensor risk   : 59.00%
Sensor time   : 181.096 ms

========================================
PLANT INFERENCE
========================================

P01
  Image     : healthy (99.83%)
  Image risk: 0.17%
  Sensor    : Unhealthy / Stress warning (59.00%)
  Sensor risk: 59.00%
  Fusion    : healthy (76.30%)
  Final     : HEALTHY
  Image time: 259.90 ms

P02
  Image     : healthy (100.00%)
  Image risk: 0.00%
  Sensor    : Unhealthy / Stress warning (59.00%)
  Sensor risk: 59.00%
  Fusion    : healthy (76.40%)
  Final     : HEALTHY
  Image time: 216.47 ms

P03
  Image     : healthy (100.00%)
  Image risk: 0.00%
  Sensor    : Unhealthy / Stress warning (59.00%)
  Sensor risk: 59.00%
  Fusion    : healthy (76.40%)
  Final     : HEALTHY
  Image time: 218.00 ms

P04
  Image     : healthy (99.41%)
  Image risk: 0.59%
  Sensor    : Unhealthy / Stress warning (59.00%)
  Sensor risk: 59.00%
  Fusion    : healthy (76.05%)
  Final     : HEALTHY
  Image time: 216.45 ms

P05
  Image     : healthy (99.95%)
  Image risk: 0.05%
  Sensor    : Unhealthy / Stress warning (59.00%)
  Sensor risk: 59.00%
  Fusion    : healthy (76.37%)
  Final     : HEALTHY
  Image time: 215.93 ms

P06
  Image     : healthy (100.00%)
  Image risk: 0.00%
  Sensor    : Unhealthy / Stress warning (59.00%)
  Sensor risk: 59.00%
  Fusion    : healthy (76.40%)
  Final     : HEALTHY
  Image time: 216.61 ms

P07
  Image     : healthy (100.00%)
  Image risk: 0.00%
  Sensor    : Unhealthy / Stress warning (59.00%)
  Sensor risk: 59.00%
  Fusion    : healthy (76.40%)
  Final     : HEALTHY
  Image time: 217.13 ms

P08
  Image     : healthy (99.89%)
  Image risk: 0.11%
  Sensor    : Unhealthy / Stress warning (59.00%)
  Sensor risk: 59.00%
  Fusion    : healthy (76.33%)
  Final     : HEALTHY
  Image time: 217.46 ms

P09
  Image     : healthy (99.53%)
  Image risk: 0.47%
  Sensor    : Unhealthy / Stress warning (59.00%)
  Sensor risk: 59.00%
  Fusion    : healthy (76.12%)
  Final     : HEALTHY
  Image time: 217.46 ms

P10
  Image     : healthy (99.99%)
  Image risk: 0.01%
  Sensor    : Unhealthy / Stress warning (59.00%)
  Sensor risk: 59.00%
  Fusion    : healthy (76.40%)
  Final     : HEALTHY
  Image time: 216.62 ms

P11
  Image     : healthy (99.99%)
  Image risk: 0.01%
  Sensor    : Unhealthy / Stress warning (59.00%)
  Sensor risk: 59.00%
  Fusion    : healthy (76.40%)
  Final     : HEALTHY
  Image time: 217.31 ms

P12
  Image     : healthy (99.99%)
  Image risk: 0.01%
  Sensor    : Unhealthy / Stress warning (59.00%)
  Sensor risk: 59.00%
  Fusion    : healthy (76.39%)
  Final     : HEALTHY
  Image time: 221.08 ms

========================================
Updating SQLite predictions...
========================================
12 plant records updated.

========================================
 INFERENCE COMPLETED
========================================
Capture ID           : CAP_20260831_120003
Plants processed     : 12
Average image latency: 220.87 ms
Min image latency    : 215.93 ms
Max image latency    : 259.90 ms
Sensor latency       : 181.096 ms
Total script time    : 6422.55 ms

Predictions saved to:
/hydroponic_project/database/hydroponic.db

Processing CAP_20260831_121504

========================================
 HYDROPONIC EDGE-AI INFERENCE
========================================
Device        : cpu
Image weight  : 0.60
Sensor weight : 0.40
Threshold     : 0.50

========================================
Loading MobileNetV2...
========================================
Model       : mobilenet_v2
Classes     : ['healthy', 'unhealthy']
Class map   : {'healthy': 0, 'unhealthy': 1}
Best epoch  : 9
Load time   : 338.95 ms

========================================
Loading Random Forest sensor model...
========================================
Model       : Random Forest
Features    : ['pH', 'TDS', 'water_level', 'DHT_temp', 'DHT_humidity', 'water_temp']
Classes     : [0 1]
Class map   : {'0': 'Unhealthy / Stress warning', '1': 'Healthy'}
Load time   : 3106.32 ms

========================================
CAPTURE
========================================
Capture ID : CAP_20260831_121504
Timestamp  : 2026-08-31 12:15:04
Plants     : 12

========================================
SENSOR VALUES
========================================
pH            : 6.18
TDS           : 820.1 ppm
Water level   : OK
Air temp      : 33.5 C
Humidity      : 63.7 %
Water temp    : 29.31 C

Sensor model  : Healthy
Sensor conf.  : 68.67%
Sensor risk   : 31.33%
Sensor time   : 179.043 ms

========================================
PLANT INFERENCE
========================================

P01
  Image     : healthy (99.86%)
  Image risk: 0.14%
  Sensor    : Healthy (68.67%)
  Sensor risk: 31.33%
  Fusion    : healthy (87.38%)
  Final     : HEALTHY
  Image time: 262.27 ms

P02
  Image     : healthy (100.00%)
  Image risk: 0.00%
  Sensor    : Healthy (68.67%)
  Sensor risk: 31.33%
  Fusion    : healthy (87.47%)
  Final     : HEALTHY
  Image time: 218.82 ms

P03
  Image     : healthy (100.00%)
  Image risk: 0.00%
  Sensor    : Healthy (68.67%)
  Sensor risk: 31.33%
  Fusion    : healthy (87.47%)
  Final     : HEALTHY
  Image time: 219.63 ms

P04
  Image     : healthy (99.86%)
  Image risk: 0.14%
  Sensor    : Healthy (68.67%)
  Sensor risk: 31.33%
  Fusion    : healthy (87.38%)
  Final     : HEALTHY
  Image time: 218.08 ms

P05
  Image     : healthy (99.91%)
  Image risk: 0.09%
  Sensor    : Healthy (68.67%)
  Sensor risk: 31.33%
  Fusion    : healthy (87.41%)
  Final     : HEALTHY
  Image time: 218.34 ms

P06
  Image     : healthy (100.00%)
  Image risk: 0.00%
  Sensor    : Healthy (68.67%)
  Sensor risk: 31.33%
  Fusion    : healthy (87.47%)
  Final     : HEALTHY
  Image time: 218.04 ms

P07
  Image     : healthy (100.00%)
  Image risk: 0.00%
  Sensor    : Healthy (68.67%)
  Sensor risk: 31.33%
  Fusion    : healthy (87.47%)
  Final     : HEALTHY
  Image time: 219.29 ms

P08
  Image     : healthy (99.90%)
  Image risk: 0.10%
  Sensor    : Healthy (68.67%)
  Sensor risk: 31.33%
  Fusion    : healthy (87.41%)
  Final     : HEALTHY
  Image time: 218.13 ms

P09
  Image     : healthy (99.84%)
  Image risk: 0.16%
  Sensor    : Healthy (68.67%)
  Sensor risk: 31.33%
  Fusion    : healthy (87.37%)
  Final     : HEALTHY
  Image time: 218.41 ms

P10
  Image     : healthy (100.00%)
  Image risk: 0.00%
  Sensor    : Healthy (68.67%)
  Sensor risk: 31.33%
  Fusion    : healthy (87.47%)
  Final     : HEALTHY
  Image time: 219.21 ms

P11
  Image     : healthy (100.00%)
  Image risk: 0.00%
  Sensor    : Healthy (68.67%)
  Sensor risk: 31.33%
  Fusion    : healthy (87.47%)
  Final     : HEALTHY
  Image time: 220.43 ms

P12
  Image     : healthy (99.99%)
  Image risk: 0.01%
  Sensor    : Healthy (68.67%)
  Sensor risk: 31.33%
  Fusion    : healthy (87.46%)
  Final     : HEALTHY
  Image time: 218.56 ms

========================================
Updating SQLite predictions...
========================================
12 plant records updated.

========================================
 INFERENCE COMPLETED
========================================
Capture ID           : CAP_20260831_121504
Plants processed     : 12
Average image latency: 222.43 ms
Min image latency    : 218.04 ms
Max image latency    : 262.27 ms
Sensor latency       : 179.043 ms
Total script time    : 6462.01 ms

Predictions saved to:
/hydroponic_project/database/hydroponic.db

Processing CAP_20260831_123003

========================================
 HYDROPONIC EDGE-AI INFERENCE
========================================
Device        : cpu
Image weight  : 0.60
Sensor weight : 0.40
Threshold     : 0.50

========================================
Loading MobileNetV2...
========================================
Model       : mobilenet_v2
Classes     : ['healthy', 'unhealthy']
Class map   : {'healthy': 0, 'unhealthy': 1}
Best epoch  : 9
Load time   : 341.18 ms

========================================
Loading Random Forest sensor model...
========================================
Model       : Random Forest
Features    : ['pH', 'TDS', 'water_level', 'DHT_temp', 'DHT_humidity', 'water_temp']
Classes     : [0 1]
Class map   : {'0': 'Unhealthy / Stress warning', '1': 'Healthy'}
Load time   : 3118.60 ms

========================================
CAPTURE
========================================
Capture ID : CAP_20260831_123003
Timestamp  : 2026-08-31 12:30:03
Plants     : 12

========================================
SENSOR VALUES
========================================
pH            : 7.11
TDS           : 810.8 ppm
Water level   : OK
Air temp      : 33.7 C
Humidity      : 63.9 %
Water temp    : 29.5 C

Sensor model  : Unhealthy / Stress warning
Sensor conf.  : 59.00%
Sensor risk   : 59.00%
Sensor time   : 178.427 ms

========================================
PLANT INFERENCE
========================================

P01
  Image     : healthy (99.65%)
  Image risk: 0.35%
  Sensor    : Unhealthy / Stress warning (59.00%)
  Sensor risk: 59.00%
  Fusion    : healthy (76.19%)
  Final     : HEALTHY
  Image time: 260.77 ms

P02
  Image     : healthy (100.00%)
  Image risk: 0.00%
  Sensor    : Unhealthy / Stress warning (59.00%)
  Sensor risk: 59.00%
  Fusion    : healthy (76.40%)
  Final     : HEALTHY
  Image time: 216.95 ms

P03
  Image     : healthy (100.00%)
  Image risk: 0.00%
  Sensor    : Unhealthy / Stress warning (59.00%)
  Sensor risk: 59.00%
  Fusion    : healthy (76.40%)
  Final     : HEALTHY
  Image time: 216.02 ms

P04
  Image     : healthy (99.87%)
  Image risk: 0.13%
  Sensor    : Unhealthy / Stress warning (59.00%)
  Sensor risk: 59.00%
  Fusion    : healthy (76.32%)
  Final     : HEALTHY
  Image time: 217.95 ms

P05
  Image     : healthy (99.98%)
  Image risk: 0.02%
  Sensor    : Unhealthy / Stress warning (59.00%)
  Sensor risk: 59.00%
  Fusion    : healthy (76.39%)
  Final     : HEALTHY
  Image time: 217.12 ms

P06
  Image     : healthy (100.00%)
  Image risk: 0.00%
  Sensor    : Unhealthy / Stress warning (59.00%)
  Sensor risk: 59.00%
  Fusion    : healthy (76.40%)
  Final     : HEALTHY
  Image time: 220.59 ms

P07
  Image     : healthy (100.00%)
  Image risk: 0.00%
  Sensor    : Unhealthy / Stress warning (59.00%)
  Sensor risk: 59.00%
  Fusion    : healthy (76.40%)
  Final     : HEALTHY
  Image time: 217.91 ms

P08
  Image     : healthy (99.62%)
  Image risk: 0.38%
  Sensor    : Unhealthy / Stress warning (59.00%)
  Sensor risk: 59.00%
  Fusion    : healthy (76.17%)
  Final     : HEALTHY
  Image time: 218.17 ms

P09
  Image     : healthy (99.59%)
  Image risk: 0.41%
  Sensor    : Unhealthy / Stress warning (59.00%)
  Sensor risk: 59.00%
  Fusion    : healthy (76.15%)
  Final     : HEALTHY
  Image time: 217.88 ms

P10
  Image     : healthy (100.00%)
  Image risk: 0.00%
  Sensor    : Unhealthy / Stress warning (59.00%)
  Sensor risk: 59.00%
  Fusion    : healthy (76.40%)
  Final     : HEALTHY
  Image time: 218.09 ms

P11
  Image     : healthy (99.98%)
  Image risk: 0.02%
  Sensor    : Unhealthy / Stress warning (59.00%)
  Sensor risk: 59.00%
  Fusion    : healthy (76.39%)
  Final     : HEALTHY
  Image time: 219.64 ms

P12
  Image     : healthy (99.98%)
  Image risk: 0.02%
  Sensor    : Unhealthy / Stress warning (59.00%)
  Sensor risk: 59.00%
  Fusion    : healthy (76.39%)
  Final     : HEALTHY
  Image time: 217.36 ms

========================================
Updating SQLite predictions...
========================================
12 plant records updated.

========================================
 INFERENCE COMPLETED
========================================
Capture ID           : CAP_20260831_123003
Plants processed     : 12
Average image latency: 221.54 ms
Min image latency    : 216.02 ms
Max image latency    : 260.77 ms
Sensor latency       : 178.427 ms
Total script time    : 6438.20 ms

Predictions saved to:
/hydroponic_project/database/hydroponic.db

Processing CAP_20260831_124503

========================================
 HYDROPONIC EDGE-AI INFERENCE
========================================
Device        : cpu
Image weight  : 0.60
Sensor weight : 0.40
Threshold     : 0.50

========================================
Loading MobileNetV2...
========================================
Model       : mobilenet_v2
Classes     : ['healthy', 'unhealthy']
Class map   : {'healthy': 0, 'unhealthy': 1}
Best epoch  : 9
Load time   : 341.26 ms

========================================
Loading Random Forest sensor model...
========================================
Model       : Random Forest
Features    : ['pH', 'TDS', 'water_level', 'DHT_temp', 'DHT_humidity', 'water_temp']
Classes     : [0 1]
Class map   : {'0': 'Unhealthy / Stress warning', '1': 'Healthy'}
Load time   : 3098.11 ms

========================================
CAPTURE
========================================
Capture ID : CAP_20260831_124503
Timestamp  : 2026-08-31 12:45:03
Plants     : 12

========================================
SENSOR VALUES
========================================
pH            : 6.21
TDS           : 827.0 ppm
Water level   : OK
Air temp      : 33.5 C
Humidity      : 63.0 %
Water temp    : 28.75 C

Sensor model  : Healthy
Sensor conf.  : 68.67%
Sensor risk   : 31.33%
Sensor time   : 177.647 ms

========================================
PLANT INFERENCE
========================================

P01
  Image     : healthy (99.44%)
  Image risk: 0.56%
  Sensor    : Healthy (68.67%)
  Sensor risk: 31.33%
  Fusion    : healthy (87.13%)
  Final     : HEALTHY
  Image time: 264.06 ms

P02
  Image     : healthy (100.00%)
  Image risk: 0.00%
  Sensor    : Healthy (68.67%)
  Sensor risk: 31.33%
  Fusion    : healthy (87.47%)
  Final     : HEALTHY
  Image time: 218.85 ms

P03
  Image     : healthy (100.00%)
  Image risk: 0.00%
  Sensor    : Healthy (68.67%)
  Sensor risk: 31.33%
  Fusion    : healthy (87.47%)
  Final     : HEALTHY
  Image time: 219.26 ms

P04
  Image     : healthy (99.85%)
  Image risk: 0.15%
  Sensor    : Healthy (68.67%)
  Sensor risk: 31.33%
  Fusion    : healthy (87.38%)
  Final     : HEALTHY
  Image time: 218.75 ms

P05
  Image     : healthy (99.98%)
  Image risk: 0.02%
  Sensor    : Healthy (68.67%)
  Sensor risk: 31.33%
  Fusion    : healthy (87.46%)
  Final     : HEALTHY
  Image time: 213.32 ms

P06
  Image     : healthy (100.00%)
  Image risk: 0.00%
  Sensor    : Healthy (68.67%)
  Sensor risk: 31.33%
  Fusion    : healthy (87.47%)
  Final     : HEALTHY
  Image time: 215.63 ms

P07
  Image     : healthy (100.00%)
  Image risk: 0.00%
  Sensor    : Healthy (68.67%)
  Sensor risk: 31.33%
  Fusion    : healthy (87.47%)
  Final     : HEALTHY
  Image time: 217.29 ms

P08
  Image     : healthy (99.09%)
  Image risk: 0.91%
  Sensor    : Healthy (68.67%)
  Sensor risk: 31.33%
  Fusion    : healthy (86.92%)
  Final     : HEALTHY
  Image time: 217.82 ms

P09
  Image     : healthy (99.79%)
  Image risk: 0.21%
  Sensor    : Healthy (68.67%)
  Sensor risk: 31.33%
  Fusion    : healthy (87.34%)
  Final     : HEALTHY
  Image time: 218.15 ms

P10
  Image     : healthy (99.99%)
  Image risk: 0.01%
  Sensor    : Healthy (68.67%)
  Sensor risk: 31.33%
  Fusion    : healthy (87.46%)
  Final     : HEALTHY
  Image time: 218.10 ms

P11
  Image     : healthy (99.99%)
  Image risk: 0.01%
  Sensor    : Healthy (68.67%)
  Sensor risk: 31.33%
  Fusion    : healthy (87.46%)
  Final     : HEALTHY
  Image time: 218.45 ms

P12
  Image     : healthy (99.96%)
  Image risk: 0.04%
  Sensor    : Healthy (68.67%)
  Sensor risk: 31.33%
  Fusion    : healthy (87.44%)
  Final     : HEALTHY
  Image time: 218.56 ms

========================================
Updating SQLite predictions...
========================================
12 plant records updated.

========================================
 INFERENCE COMPLETED
========================================
Capture ID           : CAP_20260831_124503
Plants processed     : 12
Average image latency: 221.52 ms
Min image latency    : 213.32 ms
Max image latency    : 264.06 ms
Sensor latency       : 177.647 ms
Total script time    : 6409.17 ms

Predictions saved to:
/hydroponic_project/database/hydroponic.db

Processing CAP_20260831_130003

========================================
 HYDROPONIC EDGE-AI INFERENCE
========================================
Device        : cpu
Image weight  : 0.60
Sensor weight : 0.40
Threshold     : 0.50

========================================
Loading MobileNetV2...
========================================
Model       : mobilenet_v2
Classes     : ['healthy', 'unhealthy']
Class map   : {'healthy': 0, 'unhealthy': 1}
Best epoch  : 9
Load time   : 345.40 ms

========================================
Loading Random Forest sensor model...
========================================
Model       : Random Forest
Features    : ['pH', 'TDS', 'water_level', 'DHT_temp', 'DHT_humidity', 'water_temp']
Classes     : [0 1]
Class map   : {'0': 'Unhealthy / Stress warning', '1': 'Healthy'}
Load time   : 3114.98 ms

========================================
CAPTURE
========================================
Capture ID : CAP_20260831_130003
Timestamp  : 2026-08-31 13:00:03
Plants     : 12

========================================
SENSOR VALUES
========================================
pH            : 7.14
TDS           : 819.6 ppm
Water level   : OK
Air temp      : 33.3 C
Humidity      : 64.8 %
Water temp    : 28.94 C

Sensor model  : Unhealthy / Stress warning
Sensor conf.  : 59.00%
Sensor risk   : 59.00%
Sensor time   : 180.911 ms

========================================
PLANT INFERENCE
========================================

P01
  Image     : healthy (99.40%)
  Image risk: 0.60%
  Sensor    : Unhealthy / Stress warning (59.00%)
  Sensor risk: 59.00%
  Fusion    : healthy (76.04%)
  Final     : HEALTHY
  Image time: 261.91 ms

P02
  Image     : healthy (100.00%)
  Image risk: 0.00%
  Sensor    : Unhealthy / Stress warning (59.00%)
  Sensor risk: 59.00%
  Fusion    : healthy (76.40%)
  Final     : HEALTHY
  Image time: 219.10 ms

P03
  Image     : healthy (99.96%)
  Image risk: 0.04%
  Sensor    : Unhealthy / Stress warning (59.00%)
  Sensor risk: 59.00%
  Fusion    : healthy (76.38%)
  Final     : HEALTHY
  Image time: 215.80 ms

P04
  Image     : healthy (99.95%)
  Image risk: 0.05%
  Sensor    : Unhealthy / Stress warning (59.00%)
  Sensor risk: 59.00%
  Fusion    : healthy (76.37%)
  Final     : HEALTHY
  Image time: 218.75 ms

P05
  Image     : healthy (99.96%)
  Image risk: 0.04%
  Sensor    : Unhealthy / Stress warning (59.00%)
  Sensor risk: 59.00%
  Fusion    : healthy (76.38%)
  Final     : HEALTHY
  Image time: 219.49 ms

P06
  Image     : healthy (100.00%)
  Image risk: 0.00%
  Sensor    : Unhealthy / Stress warning (59.00%)
  Sensor risk: 59.00%
  Fusion    : healthy (76.40%)
  Final     : HEALTHY
  Image time: 216.56 ms

P07
  Image     : healthy (100.00%)
  Image risk: 0.00%
  Sensor    : Unhealthy / Stress warning (59.00%)
  Sensor risk: 59.00%
  Fusion    : healthy (76.40%)
  Final     : HEALTHY
  Image time: 217.10 ms

P08
  Image     : healthy (99.62%)
  Image risk: 0.38%
  Sensor    : Unhealthy / Stress warning (59.00%)
  Sensor risk: 59.00%
  Fusion    : healthy (76.17%)
  Final     : HEALTHY
  Image time: 217.49 ms

P09
  Image     : healthy (99.46%)
  Image risk: 0.54%
  Sensor    : Unhealthy / Stress warning (59.00%)
  Sensor risk: 59.00%
  Fusion    : healthy (76.07%)
  Final     : HEALTHY
  Image time: 222.62 ms

P10
  Image     : healthy (99.99%)
  Image risk: 0.01%
  Sensor    : Unhealthy / Stress warning (59.00%)
  Sensor risk: 59.00%
  Fusion    : healthy (76.39%)
  Final     : HEALTHY
  Image time: 221.20 ms

P11
  Image     : healthy (99.97%)
  Image risk: 0.03%
  Sensor    : Unhealthy / Stress warning (59.00%)
  Sensor risk: 59.00%
  Fusion    : healthy (76.38%)
  Final     : HEALTHY
  Image time: 217.18 ms

P12
  Image     : healthy (99.78%)
  Image risk: 0.22%
  Sensor    : Unhealthy / Stress warning (59.00%)
  Sensor risk: 59.00%
  Fusion    : healthy (76.27%)
  Final     : HEALTHY
  Image time: 216.74 ms

========================================
Updating SQLite predictions...
========================================
12 plant records updated.

========================================
 INFERENCE COMPLETED
========================================
Capture ID           : CAP_20260831_130003
Plants processed     : 12
Average image latency: 222.00 ms
Min image latency    : 215.80 ms
Max image latency    : 261.91 ms
Sensor latency       : 180.911 ms
Total script time    : 6443.16 ms

Predictions saved to:
/hydroponic_project/database/hydroponic.db

Processing CAP_20260831_131503

========================================
 HYDROPONIC EDGE-AI INFERENCE
========================================
Device        : cpu
Image weight  : 0.60
Sensor weight : 0.40
Threshold     : 0.50

========================================
Loading MobileNetV2...
========================================
Model       : mobilenet_v2
Classes     : ['healthy', 'unhealthy']
Class map   : {'healthy': 0, 'unhealthy': 1}
Best epoch  : 9
Load time   : 340.11 ms

========================================
Loading Random Forest sensor model...
========================================
Model       : Random Forest
Features    : ['pH', 'TDS', 'water_level', 'DHT_temp', 'DHT_humidity', 'water_temp']
Classes     : [0 1]
Class map   : {'0': 'Unhealthy / Stress warning', '1': 'Healthy'}
Load time   : 3108.01 ms

========================================
CAPTURE
========================================
Capture ID : CAP_20260831_131503
Timestamp  : 2026-08-31 13:15:03
Plants     : 12

========================================
SENSOR VALUES
========================================
pH            : 6.23
TDS           : 821.1 ppm
Water level   : OK
Air temp      : 33.3 C
Humidity      : 62.7 %
Water temp    : 29.12 C

Sensor model  : Healthy
Sensor conf.  : 69.67%
Sensor risk   : 30.33%
Sensor time   : 173.114 ms

========================================
PLANT INFERENCE
========================================

P01
  Image     : healthy (99.49%)
  Image risk: 0.51%
  Sensor    : Healthy (69.67%)
  Sensor risk: 30.33%
  Fusion    : healthy (87.56%)
  Final     : HEALTHY
  Image time: 262.12 ms

P02
  Image     : healthy (100.00%)
  Image risk: 0.00%
  Sensor    : Healthy (69.67%)
  Sensor risk: 30.33%
  Fusion    : healthy (87.87%)
  Final     : HEALTHY
  Image time: 217.35 ms

P03
  Image     : healthy (100.00%)
  Image risk: 0.00%
  Sensor    : Healthy (69.67%)
  Sensor risk: 30.33%
  Fusion    : healthy (87.87%)
  Final     : HEALTHY
  Image time: 217.03 ms

P04
  Image     : healthy (99.65%)
  Image risk: 0.35%
  Sensor    : Healthy (69.67%)
  Sensor risk: 30.33%
  Fusion    : healthy (87.66%)
  Final     : HEALTHY
  Image time: 217.87 ms

P05
  Image     : healthy (99.99%)
  Image risk: 0.01%
  Sensor    : Healthy (69.67%)
  Sensor risk: 30.33%
  Fusion    : healthy (87.86%)
  Final     : HEALTHY
  Image time: 218.57 ms

P06
  Image     : healthy (100.00%)
  Image risk: 0.00%
  Sensor    : Healthy (69.67%)
  Sensor risk: 30.33%
  Fusion    : healthy (87.87%)
  Final     : HEALTHY
  Image time: 216.27 ms

P07
  Image     : healthy (100.00%)
  Image risk: 0.00%
  Sensor    : Healthy (69.67%)
  Sensor risk: 30.33%
  Fusion    : healthy (87.87%)
  Final     : HEALTHY
  Image time: 216.88 ms

P08
  Image     : healthy (99.79%)
  Image risk: 0.21%
  Sensor    : Healthy (69.67%)
  Sensor risk: 30.33%
  Fusion    : healthy (87.74%)
  Final     : HEALTHY
  Image time: 217.26 ms

P09
  Image     : healthy (99.88%)
  Image risk: 0.12%
  Sensor    : Healthy (69.67%)
  Sensor risk: 30.33%
  Fusion    : healthy (87.79%)
  Final     : HEALTHY
  Image time: 218.13 ms

P10
  Image     : healthy (99.97%)
  Image risk: 0.03%
  Sensor    : Healthy (69.67%)
  Sensor risk: 30.33%
  Fusion    : healthy (87.85%)
  Final     : HEALTHY
  Image time: 216.05 ms

P11
  Image     : healthy (99.99%)
  Image risk: 0.01%
  Sensor    : Healthy (69.67%)
  Sensor risk: 30.33%
  Fusion    : healthy (87.86%)
  Final     : HEALTHY
  Image time: 216.06 ms

P12
  Image     : healthy (99.97%)
  Image risk: 0.03%
  Sensor    : Healthy (69.67%)
  Sensor risk: 30.33%
  Fusion    : healthy (87.85%)
  Final     : HEALTHY
  Image time: 217.35 ms

========================================
Updating SQLite predictions...
========================================
12 plant records updated.

========================================
 INFERENCE COMPLETED
========================================
Capture ID           : CAP_20260831_131503
Plants processed     : 12
Average image latency: 220.91 ms
Min image latency    : 216.05 ms
Max image latency    : 262.12 ms
Sensor latency       : 173.114 ms
Total script time    : 6410.35 ms

Predictions saved to:
/hydroponic_project/database/hydroponic.db

Processing CAP_20260831_133003

========================================
 HYDROPONIC EDGE-AI INFERENCE
========================================
Device        : cpu
Image weight  : 0.60
Sensor weight : 0.40
Threshold     : 0.50

========================================
Loading MobileNetV2...
========================================
Model       : mobilenet_v2
Classes     : ['healthy', 'unhealthy']
Class map   : {'healthy': 0, 'unhealthy': 1}
Best epoch  : 9
Load time   : 341.96 ms

========================================
Loading Random Forest sensor model...
========================================
Model       : Random Forest
Features    : ['pH', 'TDS', 'water_level', 'DHT_temp', 'DHT_humidity', 'water_temp']
Classes     : [0 1]
Class map   : {'0': 'Unhealthy / Stress warning', '1': 'Healthy'}
Load time   : 3115.79 ms

========================================
CAPTURE
========================================
Capture ID : CAP_20260831_133003
Timestamp  : 2026-08-31 13:30:03
Plants     : 12

========================================
SENSOR VALUES
========================================
pH            : 7.23
TDS           : 808.7 ppm
Water level   : OK
Air temp      : 33.2 C
Humidity      : 64.8 %
Water temp    : 29.37 C

Sensor model  : Unhealthy / Stress warning
Sensor conf.  : 59.00%
Sensor risk   : 59.00%
Sensor time   : 170.424 ms

========================================
PLANT INFERENCE
========================================

P01
  Image     : healthy (99.46%)
  Image risk: 0.54%
  Sensor    : Unhealthy / Stress warning (59.00%)
  Sensor risk: 59.00%
  Fusion    : healthy (76.08%)
  Final     : HEALTHY
  Image time: 260.85 ms

P02
  Image     : healthy (100.00%)
  Image risk: 0.00%
  Sensor    : Unhealthy / Stress warning (59.00%)
  Sensor risk: 59.00%
  Fusion    : healthy (76.40%)
  Final     : HEALTHY
  Image time: 217.95 ms

P03
  Image     : healthy (100.00%)
  Image risk: 0.00%
  Sensor    : Unhealthy / Stress warning (59.00%)
  Sensor risk: 59.00%
  Fusion    : healthy (76.40%)
  Final     : HEALTHY
  Image time: 219.38 ms

P04
  Image     : healthy (99.92%)
  Image risk: 0.08%
  Sensor    : Unhealthy / Stress warning (59.00%)
  Sensor risk: 59.00%
  Fusion    : healthy (76.35%)
  Final     : HEALTHY
  Image time: 219.84 ms

P05
  Image     : healthy (99.98%)
  Image risk: 0.02%
  Sensor    : Unhealthy / Stress warning (59.00%)
  Sensor risk: 59.00%
  Fusion    : healthy (76.39%)
  Final     : HEALTHY
  Image time: 213.03 ms

P06
  Image     : healthy (100.00%)
  Image risk: 0.00%
  Sensor    : Unhealthy / Stress warning (59.00%)
  Sensor risk: 59.00%
  Fusion    : healthy (76.40%)
  Final     : HEALTHY
  Image time: 214.65 ms

P07
  Image     : healthy (100.00%)
  Image risk: 0.00%
  Sensor    : Unhealthy / Stress warning (59.00%)
  Sensor risk: 59.00%
  Fusion    : healthy (76.40%)
  Final     : HEALTHY
  Image time: 218.55 ms

P08
  Image     : healthy (99.05%)
  Image risk: 0.95%
  Sensor    : Unhealthy / Stress warning (59.00%)
  Sensor risk: 59.00%
  Fusion    : healthy (75.83%)
  Final     : HEALTHY
  Image time: 220.88 ms

P09
  Image     : healthy (99.57%)
  Image risk: 0.43%
  Sensor    : Unhealthy / Stress warning (59.00%)
  Sensor risk: 59.00%
  Fusion    : healthy (76.14%)
  Final     : HEALTHY
  Image time: 218.26 ms

P10
  Image     : healthy (99.76%)
  Image risk: 0.24%
  Sensor    : Unhealthy / Stress warning (59.00%)
  Sensor risk: 59.00%
  Fusion    : healthy (76.25%)
  Final     : HEALTHY
  Image time: 215.90 ms

P11
  Image     : healthy (99.99%)
  Image risk: 0.01%
  Sensor    : Unhealthy / Stress warning (59.00%)
  Sensor risk: 59.00%
  Fusion    : healthy (76.39%)
  Final     : HEALTHY
  Image time: 218.77 ms

P12
  Image     : healthy (99.98%)
  Image risk: 0.02%
  Sensor    : Unhealthy / Stress warning (59.00%)
  Sensor risk: 59.00%
  Fusion    : healthy (76.39%)
  Final     : HEALTHY
  Image time: 220.64 ms

========================================
Updating SQLite predictions...
========================================
12 plant records updated.

========================================
 INFERENCE COMPLETED
========================================
Capture ID           : CAP_20260831_133003
Plants processed     : 12
Average image latency: 221.56 ms
Min image latency    : 213.03 ms
Max image latency    : 260.85 ms
Sensor latency       : 170.424 ms
Total script time    : 6431.82 ms

Predictions saved to:
/hydroponic_project/database/hydroponic.db

Processing CAP_20260831_134503

========================================
 HYDROPONIC EDGE-AI INFERENCE
========================================
Device        : cpu
Image weight  : 0.60
Sensor weight : 0.40
Threshold     : 0.50

========================================
Loading MobileNetV2...
========================================
Model       : mobilenet_v2
Classes     : ['healthy', 'unhealthy']
Class map   : {'healthy': 0, 'unhealthy': 1}
Best epoch  : 9
Load time   : 339.83 ms

========================================
Loading Random Forest sensor model...
========================================
Model       : Random Forest
Features    : ['pH', 'TDS', 'water_level', 'DHT_temp', 'DHT_humidity', 'water_temp']
Classes     : [0 1]
Class map   : {'0': 'Unhealthy / Stress warning', '1': 'Healthy'}
Load time   : 3099.59 ms

========================================
CAPTURE
========================================
Capture ID : CAP_20260831_134503
Timestamp  : 2026-08-31 13:45:03
Plants     : 12

========================================
SENSOR VALUES
========================================
pH            : 7.24
TDS           : 803.6 ppm
Water level   : OK
Air temp      : 33.4 C
Humidity      : 65.4 %
Water temp    : 29.56 C

Sensor model  : Unhealthy / Stress warning
Sensor conf.  : 59.33%
Sensor risk   : 59.33%
Sensor time   : 177.367 ms

========================================
PLANT INFERENCE
========================================

P01
  Image     : healthy (99.44%)
  Image risk: 0.56%
  Sensor    : Unhealthy / Stress warning (59.33%)
  Sensor risk: 59.33%
  Fusion    : healthy (75.93%)
  Final     : HEALTHY
  Image time: 260.68 ms

P02
  Image     : healthy (100.00%)
  Image risk: 0.00%
  Sensor    : Unhealthy / Stress warning (59.33%)
  Sensor risk: 59.33%
  Fusion    : healthy (76.27%)
  Final     : HEALTHY
  Image time: 217.16 ms

P03
  Image     : healthy (99.99%)
  Image risk: 0.01%
  Sensor    : Unhealthy / Stress warning (59.33%)
  Sensor risk: 59.33%
  Fusion    : healthy (76.26%)
  Final     : HEALTHY
  Image time: 217.26 ms

P04
  Image     : healthy (99.67%)
  Image risk: 0.33%
  Sensor    : Unhealthy / Stress warning (59.33%)
  Sensor risk: 59.33%
  Fusion    : healthy (76.07%)
  Final     : HEALTHY
  Image time: 216.30 ms

P05
  Image     : healthy (99.88%)
  Image risk: 0.12%
  Sensor    : Unhealthy / Stress warning (59.33%)
  Sensor risk: 59.33%
  Fusion    : healthy (76.19%)
  Final     : HEALTHY
  Image time: 215.43 ms

P06
  Image     : healthy (100.00%)
  Image risk: 0.00%
  Sensor    : Unhealthy / Stress warning (59.33%)
  Sensor risk: 59.33%
  Fusion    : healthy (76.27%)
  Final     : HEALTHY
  Image time: 215.92 ms

P07
  Image     : healthy (99.99%)
  Image risk: 0.01%
  Sensor    : Unhealthy / Stress warning (59.33%)
  Sensor risk: 59.33%
  Fusion    : healthy (76.26%)
  Final     : HEALTHY
  Image time: 219.52 ms

P08
  Image     : healthy (99.30%)
  Image risk: 0.70%
  Sensor    : Unhealthy / Stress warning (59.33%)
  Sensor risk: 59.33%
  Fusion    : healthy (75.85%)
  Final     : HEALTHY
  Image time: 216.96 ms

P09
  Image     : healthy (99.37%)
  Image risk: 0.63%
  Sensor    : Unhealthy / Stress warning (59.33%)
  Sensor risk: 59.33%
  Fusion    : healthy (75.89%)
  Final     : HEALTHY
  Image time: 217.36 ms

P10
  Image     : healthy (99.95%)
  Image risk: 0.05%
  Sensor    : Unhealthy / Stress warning (59.33%)
  Sensor risk: 59.33%
  Fusion    : healthy (76.24%)
  Final     : HEALTHY
  Image time: 217.21 ms

P11
  Image     : healthy (99.96%)
  Image risk: 0.04%
  Sensor    : Unhealthy / Stress warning (59.33%)
  Sensor risk: 59.33%
  Fusion    : healthy (76.24%)
  Final     : HEALTHY
  Image time: 216.81 ms

P12
  Image     : healthy (99.98%)
  Image risk: 0.02%
  Sensor    : Unhealthy / Stress warning (59.33%)
  Sensor risk: 59.33%
  Fusion    : healthy (76.25%)
  Final     : HEALTHY
  Image time: 217.54 ms

========================================
Updating SQLite predictions...
========================================
12 plant records updated.

========================================
 INFERENCE COMPLETED
========================================
Capture ID           : CAP_20260831_134503
Plants processed     : 12
Average image latency: 220.68 ms
Min image latency    : 215.43 ms
Max image latency    : 260.68 ms
Sensor latency       : 177.367 ms
Total script time    : 6400.81 ms

Predictions saved to:
/hydroponic_project/database/hydroponic.db

Processing CAP_20260831_140004

========================================
 HYDROPONIC EDGE-AI INFERENCE
========================================
Device        : cpu
Image weight  : 0.60
Sensor weight : 0.40
Threshold     : 0.50

========================================
Loading MobileNetV2...
========================================
Model       : mobilenet_v2
Classes     : ['healthy', 'unhealthy']
Class map   : {'healthy': 0, 'unhealthy': 1}
Best epoch  : 9
Load time   : 345.66 ms

========================================
Loading Random Forest sensor model...
========================================
Model       : Random Forest
Features    : ['pH', 'TDS', 'water_level', 'DHT_temp', 'DHT_humidity', 'water_temp']
Classes     : [0 1]
Class map   : {'0': 'Unhealthy / Stress warning', '1': 'Healthy'}
Load time   : 3104.67 ms

========================================
CAPTURE
========================================
Capture ID : CAP_20260831_140004
Timestamp  : 2026-08-31 14:00:04
Plants     : 12

========================================
SENSOR VALUES
========================================
pH            : 7.16
TDS           : 800.4 ppm
Water level   : OK
Air temp      : 33.4 C
Humidity      : 64.4 %
Water temp    : 29.75 C

Sensor model  : Unhealthy / Stress warning
Sensor conf.  : 70.67%
Sensor risk   : 70.67%
Sensor time   : 178.305 ms

========================================
PLANT INFERENCE
========================================

P01
  Image     : healthy (99.55%)
  Image risk: 0.45%
  Sensor    : Unhealthy / Stress warning (70.67%)
  Sensor risk: 70.67%
  Fusion    : healthy (71.46%)
  Final     : HEALTHY
  Image time: 262.34 ms

P02
  Image     : healthy (100.00%)
  Image risk: 0.00%
  Sensor    : Unhealthy / Stress warning (70.67%)
  Sensor risk: 70.67%
  Fusion    : healthy (71.73%)
  Final     : HEALTHY
  Image time: 221.13 ms

P03
  Image     : healthy (99.99%)
  Image risk: 0.01%
  Sensor    : Unhealthy / Stress warning (70.67%)
  Sensor risk: 70.67%
  Fusion    : healthy (71.73%)
  Final     : HEALTHY
  Image time: 218.07 ms

P04
  Image     : healthy (99.52%)
  Image risk: 0.48%
  Sensor    : Unhealthy / Stress warning (70.67%)
  Sensor risk: 70.67%
  Fusion    : healthy (71.44%)
  Final     : HEALTHY
  Image time: 217.08 ms

P05
  Image     : healthy (99.87%)
  Image risk: 0.13%
  Sensor    : Unhealthy / Stress warning (70.67%)
  Sensor risk: 70.67%
  Fusion    : healthy (71.66%)
  Final     : HEALTHY
  Image time: 215.91 ms

P06
  Image     : healthy (100.00%)
  Image risk: 0.00%
  Sensor    : Unhealthy / Stress warning (70.67%)
  Sensor risk: 70.67%
  Fusion    : healthy (71.73%)
  Final     : HEALTHY
  Image time: 216.90 ms

P07
  Image     : healthy (99.98%)
  Image risk: 0.02%
  Sensor    : Unhealthy / Stress warning (70.67%)
  Sensor risk: 70.67%
  Fusion    : healthy (71.72%)
  Final     : HEALTHY
  Image time: 223.13 ms

P08
  Image     : healthy (99.69%)
  Image risk: 0.31%
  Sensor    : Unhealthy / Stress warning (70.67%)
  Sensor risk: 70.67%
  Fusion    : healthy (71.55%)
  Final     : HEALTHY
  Image time: 216.55 ms

P09
  Image     : healthy (99.36%)
  Image risk: 0.64%
  Sensor    : Unhealthy / Stress warning (70.67%)
  Sensor risk: 70.67%
  Fusion    : healthy (71.35%)
  Final     : HEALTHY
  Image time: 217.12 ms

P10
  Image     : healthy (99.96%)
  Image risk: 0.04%
  Sensor    : Unhealthy / Stress warning (70.67%)
  Sensor risk: 70.67%
  Fusion    : healthy (71.71%)
  Final     : HEALTHY
  Image time: 216.56 ms

P11
  Image     : healthy (99.97%)
  Image risk: 0.03%
  Sensor    : Unhealthy / Stress warning (70.67%)
  Sensor risk: 70.67%
  Fusion    : healthy (71.72%)
  Final     : HEALTHY
  Image time: 220.55 ms

P12
  Image     : healthy (99.96%)
  Image risk: 0.04%
  Sensor    : Unhealthy / Stress warning (70.67%)
  Sensor risk: 70.67%
  Fusion    : healthy (71.71%)
  Final     : HEALTHY
  Image time: 217.77 ms

========================================
Updating SQLite predictions...
========================================
12 plant records updated.

========================================
 INFERENCE COMPLETED
========================================
Capture ID           : CAP_20260831_140004
Plants processed     : 12
Average image latency: 221.92 ms
Min image latency    : 215.91 ms
Max image latency    : 262.34 ms
Sensor latency       : 178.305 ms
Total script time    : 6429.99 ms

Predictions saved to:
/hydroponic_project/database/hydroponic.db

Processing CAP_20260831_141504

========================================
 HYDROPONIC EDGE-AI INFERENCE
========================================
Device        : cpu
Image weight  : 0.60
Sensor weight : 0.40
Threshold     : 0.50

========================================
Loading MobileNetV2...
========================================
Model       : mobilenet_v2
Classes     : ['healthy', 'unhealthy']
Class map   : {'healthy': 0, 'unhealthy': 1}
Best epoch  : 9
Load time   : 342.72 ms

========================================
Loading Random Forest sensor model...
========================================
Model       : Random Forest
Features    : ['pH', 'TDS', 'water_level', 'DHT_temp', 'DHT_humidity', 'water_temp']
Classes     : [0 1]
Class map   : {'0': 'Unhealthy / Stress warning', '1': 'Healthy'}
Load time   : 3109.28 ms

========================================
CAPTURE
========================================
Capture ID : CAP_20260831_141504
Timestamp  : 2026-08-31 14:15:04
Plants     : 12

========================================
SENSOR VALUES
========================================
pH            : 7.24
TDS           : 796.0 ppm
Water level   : OK
Air temp      : 33.4 C
Humidity      : 64.3 %
Water temp    : 29.87 C

Sensor model  : Unhealthy / Stress warning
Sensor conf.  : 98.67%
Sensor risk   : 98.67%
Sensor time   : 177.959 ms

========================================
PLANT INFERENCE
========================================

P01
  Image     : healthy (99.34%)
  Image risk: 0.66%
  Sensor    : Unhealthy / Stress warning (98.67%)
  Sensor risk: 98.67%
  Fusion    : healthy (60.14%)
  Final     : HEALTHY
  Image time: 261.87 ms

P02
  Image     : healthy (100.00%)
  Image risk: 0.00%
  Sensor    : Unhealthy / Stress warning (98.67%)
  Sensor risk: 98.67%
  Fusion    : healthy (60.53%)
  Final     : HEALTHY
  Image time: 217.97 ms

P03
  Image     : healthy (100.00%)
  Image risk: 0.00%
  Sensor    : Unhealthy / Stress warning (98.67%)
  Sensor risk: 98.67%
  Fusion    : healthy (60.53%)
  Final     : HEALTHY
  Image time: 216.32 ms

P04
  Image     : healthy (99.67%)
  Image risk: 0.33%
  Sensor    : Unhealthy / Stress warning (98.67%)
  Sensor risk: 98.67%
  Fusion    : healthy (60.33%)
  Final     : HEALTHY
  Image time: 217.09 ms

P05
  Image     : healthy (99.94%)
  Image risk: 0.06%
  Sensor    : Unhealthy / Stress warning (98.67%)
  Sensor risk: 98.67%
  Fusion    : healthy (60.50%)
  Final     : HEALTHY
  Image time: 216.37 ms

P06
  Image     : healthy (100.00%)
  Image risk: 0.00%
  Sensor    : Unhealthy / Stress warning (98.67%)
  Sensor risk: 98.67%
  Fusion    : healthy (60.53%)
  Final     : HEALTHY
  Image time: 218.49 ms

P07
  Image     : healthy (99.99%)
  Image risk: 0.01%
  Sensor    : Unhealthy / Stress warning (98.67%)
  Sensor risk: 98.67%
  Fusion    : healthy (60.53%)
  Final     : HEALTHY
  Image time: 217.24 ms

P08
  Image     : healthy (99.66%)
  Image risk: 0.34%
  Sensor    : Unhealthy / Stress warning (98.67%)
  Sensor risk: 98.67%
  Fusion    : healthy (60.33%)
  Final     : HEALTHY
  Image time: 218.04 ms

P09
  Image     : healthy (98.88%)
  Image risk: 1.12%
  Sensor    : Unhealthy / Stress warning (98.67%)
  Sensor risk: 98.67%
  Fusion    : healthy (59.86%)
  Final     : HEALTHY
  Image time: 217.04 ms

P10
  Image     : healthy (99.93%)
  Image risk: 0.07%
  Sensor    : Unhealthy / Stress warning (98.67%)
  Sensor risk: 98.67%
  Fusion    : healthy (60.49%)
  Final     : HEALTHY
  Image time: 217.98 ms

P11
  Image     : healthy (99.92%)
  Image risk: 0.08%
  Sensor    : Unhealthy / Stress warning (98.67%)
  Sensor risk: 98.67%
  Fusion    : healthy (60.49%)
  Final     : HEALTHY
  Image time: 219.72 ms

P12
  Image     : healthy (99.97%)
  Image risk: 0.03%
  Sensor    : Unhealthy / Stress warning (98.67%)
  Sensor risk: 98.67%
  Fusion    : healthy (60.51%)
  Final     : HEALTHY
  Image time: 218.30 ms

========================================
Updating SQLite predictions...
========================================
12 plant records updated.

========================================
 INFERENCE COMPLETED
========================================
Capture ID           : CAP_20260831_141504
Plants processed     : 12
Average image latency: 221.37 ms
Min image latency    : 216.32 ms
Max image latency    : 261.87 ms
Sensor latency       : 177.959 ms
Total script time    : 6428.40 ms

Predictions saved to:
/hydroponic_project/database/hydroponic.db

Processing CAP_20260831_143003

========================================
 HYDROPONIC EDGE-AI INFERENCE
========================================
Device        : cpu
Image weight  : 0.60
Sensor weight : 0.40
Threshold     : 0.50

========================================
Loading MobileNetV2...
========================================
Model       : mobilenet_v2
Classes     : ['healthy', 'unhealthy']
Class map   : {'healthy': 0, 'unhealthy': 1}
Best epoch  : 9
Load time   : 341.02 ms

========================================
Loading Random Forest sensor model...
========================================
Model       : Random Forest
Features    : ['pH', 'TDS', 'water_level', 'DHT_temp', 'DHT_humidity', 'water_temp']
Classes     : [0 1]
Class map   : {'0': 'Unhealthy / Stress warning', '1': 'Healthy'}
Load time   : 3100.89 ms

========================================
CAPTURE
========================================
Capture ID : CAP_20260831_143003
Timestamp  : 2026-08-31 14:30:03
Plants     : 12

========================================
SENSOR VALUES
========================================
pH            : 7.12
TDS           : 802.5 ppm
Water level   : OK
Air temp      : 33.5 C
Humidity      : 63.8 %
Water temp    : 29.31 C

Sensor model  : Unhealthy / Stress warning
Sensor conf.  : 59.67%
Sensor risk   : 59.67%
Sensor time   : 178.838 ms

========================================
PLANT INFERENCE
========================================

P01
  Image     : healthy (99.63%)
  Image risk: 0.37%
  Sensor    : Unhealthy / Stress warning (59.67%)
  Sensor risk: 59.67%
  Fusion    : healthy (75.91%)
  Final     : HEALTHY
  Image time: 261.86 ms

P02
  Image     : healthy (100.00%)
  Image risk: 0.00%
  Sensor    : Unhealthy / Stress warning (59.67%)
  Sensor risk: 59.67%
  Fusion    : healthy (76.13%)
  Final     : HEALTHY
  Image time: 216.95 ms

P03
  Image     : healthy (99.99%)
  Image risk: 0.01%
  Sensor    : Unhealthy / Stress warning (59.67%)
  Sensor risk: 59.67%
  Fusion    : healthy (76.13%)
  Final     : HEALTHY
  Image time: 218.44 ms

P04
  Image     : healthy (99.82%)
  Image risk: 0.18%
  Sensor    : Unhealthy / Stress warning (59.67%)
  Sensor risk: 59.67%
  Fusion    : healthy (76.02%)
  Final     : HEALTHY
  Image time: 217.93 ms

P05
  Image     : healthy (99.90%)
  Image risk: 0.10%
  Sensor    : Unhealthy / Stress warning (59.67%)
  Sensor risk: 59.67%
  Fusion    : healthy (76.07%)
  Final     : HEALTHY
  Image time: 216.36 ms

P06
  Image     : healthy (100.00%)
  Image risk: 0.00%
  Sensor    : Unhealthy / Stress warning (59.67%)
  Sensor risk: 59.67%
  Fusion    : healthy (76.13%)
  Final     : HEALTHY
  Image time: 219.55 ms

P07
  Image     : healthy (100.00%)
  Image risk: 0.00%
  Sensor    : Unhealthy / Stress warning (59.67%)
  Sensor risk: 59.67%
  Fusion    : healthy (76.13%)
  Final     : HEALTHY
  Image time: 217.73 ms

P08
  Image     : healthy (99.74%)
  Image risk: 0.26%
  Sensor    : Unhealthy / Stress warning (59.67%)
  Sensor risk: 59.67%
  Fusion    : healthy (75.97%)
  Final     : HEALTHY
  Image time: 217.44 ms

P09
  Image     : healthy (98.88%)
  Image risk: 1.12%
  Sensor    : Unhealthy / Stress warning (59.67%)
  Sensor risk: 59.67%
  Fusion    : healthy (75.46%)
  Final     : HEALTHY
  Image time: 218.21 ms

P10
  Image     : healthy (99.93%)
  Image risk: 0.07%
  Sensor    : Unhealthy / Stress warning (59.67%)
  Sensor risk: 59.67%
  Fusion    : healthy (76.09%)
  Final     : HEALTHY
  Image time: 218.40 ms

P11
  Image     : healthy (99.89%)
  Image risk: 0.11%
  Sensor    : Unhealthy / Stress warning (59.67%)
  Sensor risk: 59.67%
  Fusion    : healthy (76.07%)
  Final     : HEALTHY
  Image time: 216.32 ms

P12
  Image     : healthy (99.91%)
  Image risk: 0.09%
  Sensor    : Unhealthy / Stress warning (59.67%)
  Sensor risk: 59.67%
  Fusion    : healthy (76.08%)
  Final     : HEALTHY
  Image time: 218.35 ms

========================================
Updating SQLite predictions...
========================================
12 plant records updated.

========================================
 INFERENCE COMPLETED
========================================
Capture ID           : CAP_20260831_143003
Plants processed     : 12
Average image latency: 221.46 ms
Min image latency    : 216.32 ms
Max image latency    : 261.86 ms
Sensor latency       : 178.838 ms
Total script time    : 6417.01 ms

Predictions saved to:
/hydroponic_project/database/hydroponic.db

Processing CAP_20260831_144504

========================================
 HYDROPONIC EDGE-AI INFERENCE
========================================
Device        : cpu
Image weight  : 0.60
Sensor weight : 0.40
Threshold     : 0.50

========================================
Loading MobileNetV2...
========================================
Model       : mobilenet_v2
Classes     : ['healthy', 'unhealthy']
Class map   : {'healthy': 0, 'unhealthy': 1}
Best epoch  : 9
Load time   : 340.57 ms

========================================
Loading Random Forest sensor model...
========================================
Model       : Random Forest
Features    : ['pH', 'TDS', 'water_level', 'DHT_temp', 'DHT_humidity', 'water_temp']
Classes     : [0 1]
Class map   : {'0': 'Unhealthy / Stress warning', '1': 'Healthy'}
Load time   : 3103.52 ms

========================================
CAPTURE
========================================
Capture ID : CAP_20260831_144504
Timestamp  : 2026-08-31 14:45:04
Plants     : 12

========================================
SENSOR VALUES
========================================
pH            : 7.2
TDS           : 810.0 ppm
Water level   : OK
Air temp      : 33.4 C
Humidity      : 65.4 %
Water temp    : 28.81 C

Sensor model  : Unhealthy / Stress warning
Sensor conf.  : 59.00%
Sensor risk   : 59.00%
Sensor time   : 173.011 ms

========================================
PLANT INFERENCE
========================================

P01
  Image     : healthy (99.07%)
  Image risk: 0.93%
  Sensor    : Unhealthy / Stress warning (59.00%)
  Sensor risk: 59.00%
  Fusion    : healthy (75.84%)
  Final     : HEALTHY
  Image time: 263.49 ms

P02
  Image     : healthy (100.00%)
  Image risk: 0.00%
  Sensor    : Unhealthy / Stress warning (59.00%)
  Sensor risk: 59.00%
  Fusion    : healthy (76.40%)
  Final     : HEALTHY
  Image time: 217.17 ms

P03
  Image     : healthy (99.96%)
  Image risk: 0.04%
  Sensor    : Unhealthy / Stress warning (59.00%)
  Sensor risk: 59.00%
  Fusion    : healthy (76.38%)
  Final     : HEALTHY
  Image time: 216.57 ms

P04
  Image     : healthy (98.54%)
  Image risk: 1.46%
  Sensor    : Unhealthy / Stress warning (59.00%)
  Sensor risk: 59.00%
  Fusion    : healthy (75.52%)
  Final     : HEALTHY
  Image time: 216.18 ms

P05
  Image     : healthy (99.77%)
  Image risk: 0.23%
  Sensor    : Unhealthy / Stress warning (59.00%)
  Sensor risk: 59.00%
  Fusion    : healthy (76.26%)
  Final     : HEALTHY
  Image time: 220.55 ms

P06
  Image     : healthy (99.99%)
  Image risk: 0.01%
  Sensor    : Unhealthy / Stress warning (59.00%)
  Sensor risk: 59.00%
  Fusion    : healthy (76.40%)
  Final     : HEALTHY
  Image time: 216.47 ms

P07
  Image     : healthy (99.99%)
  Image risk: 0.01%
  Sensor    : Unhealthy / Stress warning (59.00%)
  Sensor risk: 59.00%
  Fusion    : healthy (76.39%)
  Final     : HEALTHY
  Image time: 216.99 ms

P08
  Image     : healthy (99.21%)
  Image risk: 0.79%
  Sensor    : Unhealthy / Stress warning (59.00%)
  Sensor risk: 59.00%
  Fusion    : healthy (75.92%)
  Final     : HEALTHY
  Image time: 216.17 ms

P09
  Image     : healthy (98.24%)
  Image risk: 1.76%
  Sensor    : Unhealthy / Stress warning (59.00%)
  Sensor risk: 59.00%
  Fusion    : healthy (75.35%)
  Final     : HEALTHY
  Image time: 219.40 ms

P10
  Image     : healthy (99.84%)
  Image risk: 0.16%
  Sensor    : Unhealthy / Stress warning (59.00%)
  Sensor risk: 59.00%
  Fusion    : healthy (76.31%)
  Final     : HEALTHY
  Image time: 217.31 ms

P11
  Image     : healthy (99.87%)
  Image risk: 0.13%
  Sensor    : Unhealthy / Stress warning (59.00%)
  Sensor risk: 59.00%
  Fusion    : healthy (76.32%)
  Final     : HEALTHY
  Image time: 216.94 ms

P12
  Image     : healthy (99.97%)
  Image risk: 0.03%
  Sensor    : Unhealthy / Stress warning (59.00%)
  Sensor risk: 59.00%
  Fusion    : healthy (76.38%)
  Final     : HEALTHY
  Image time: 216.40 ms

========================================
Updating SQLite predictions...
========================================
12 plant records updated.

========================================
 INFERENCE COMPLETED
========================================
Capture ID           : CAP_20260831_144504
Plants processed     : 12
Average image latency: 221.14 ms
Min image latency    : 216.17 ms
Max image latency    : 263.49 ms
Sensor latency       : 173.011 ms
Total script time    : 6408.34 ms

Predictions saved to:
/hydroponic_project/database/hydroponic.db

Processing CAP_20260831_150004

========================================
 HYDROPONIC EDGE-AI INFERENCE
========================================
Device        : cpu
Image weight  : 0.60
Sensor weight : 0.40
Threshold     : 0.50

========================================
Loading MobileNetV2...
========================================
Model       : mobilenet_v2
Classes     : ['healthy', 'unhealthy']
Class map   : {'healthy': 0, 'unhealthy': 1}
Best epoch  : 9
Load time   : 340.45 ms

========================================
Loading Random Forest sensor model...
========================================
Model       : Random Forest
Features    : ['pH', 'TDS', 'water_level', 'DHT_temp', 'DHT_humidity', 'water_temp']
Classes     : [0 1]
Class map   : {'0': 'Unhealthy / Stress warning', '1': 'Healthy'}
Load time   : 3114.02 ms

========================================
CAPTURE
========================================
Capture ID : CAP_20260831_150004
Timestamp  : 2026-08-31 15:00:04
Plants     : 12

========================================
SENSOR VALUES
========================================
pH            : 7.11
TDS           : 806.3 ppm
Water level   : OK
Air temp      : 33.5 C
Humidity      : 64.1 %
Water temp    : 29.06 C

Sensor model  : Unhealthy / Stress warning
Sensor conf.  : 59.00%
Sensor risk   : 59.00%
Sensor time   : 182.418 ms

========================================
PLANT INFERENCE
========================================

P01
  Image     : healthy (97.80%)
  Image risk: 2.20%
  Sensor    : Unhealthy / Stress warning (59.00%)
  Sensor risk: 59.00%
  Fusion    : healthy (75.08%)
  Final     : HEALTHY
  Image time: 263.22 ms

P02
  Image     : healthy (100.00%)
  Image risk: 0.00%
  Sensor    : Unhealthy / Stress warning (59.00%)
  Sensor risk: 59.00%
  Fusion    : healthy (76.40%)
  Final     : HEALTHY
  Image time: 219.22 ms

P03
  Image     : healthy (99.74%)
  Image risk: 0.26%
  Sensor    : Unhealthy / Stress warning (59.00%)
  Sensor risk: 59.00%
  Fusion    : healthy (76.24%)
  Final     : HEALTHY
  Image time: 218.03 ms

P04
  Image     : healthy (99.18%)
  Image risk: 0.82%
  Sensor    : Unhealthy / Stress warning (59.00%)
  Sensor risk: 59.00%
  Fusion    : healthy (75.91%)
  Final     : HEALTHY
  Image time: 230.04 ms

P05
  Image     : healthy (91.29%)
  Image risk: 8.71%
  Sensor    : Unhealthy / Stress warning (59.00%)
  Sensor risk: 59.00%
  Fusion    : healthy (71.18%)
  Final     : HEALTHY
  Image time: 219.74 ms

P06
  Image     : healthy (99.33%)
  Image risk: 0.67%
  Sensor    : Unhealthy / Stress warning (59.00%)
  Sensor risk: 59.00%
  Fusion    : healthy (76.00%)
  Final     : HEALTHY
  Image time: 218.26 ms

P07
  Image     : healthy (99.99%)
  Image risk: 0.01%
  Sensor    : Unhealthy / Stress warning (59.00%)
  Sensor risk: 59.00%
  Fusion    : healthy (76.39%)
  Final     : HEALTHY
  Image time: 219.28 ms

P08
  Image     : healthy (90.82%)
  Image risk: 9.18%
  Sensor    : Unhealthy / Stress warning (59.00%)
  Sensor risk: 59.00%
  Fusion    : healthy (70.89%)
  Final     : HEALTHY
  Image time: 218.24 ms

P09
  Image     : healthy (96.39%)
  Image risk: 3.61%
  Sensor    : Unhealthy / Stress warning (59.00%)
  Sensor risk: 59.00%
  Fusion    : healthy (74.24%)
  Final     : HEALTHY
  Image time: 219.98 ms

P10
  Image     : healthy (99.53%)
  Image risk: 0.47%
  Sensor    : Unhealthy / Stress warning (59.00%)
  Sensor risk: 59.00%
  Fusion    : healthy (76.12%)
  Final     : HEALTHY
  Image time: 219.46 ms

P11
  Image     : healthy (99.46%)
  Image risk: 0.54%
  Sensor    : Unhealthy / Stress warning (59.00%)
  Sensor risk: 59.00%
  Fusion    : healthy (76.07%)
  Final     : HEALTHY
  Image time: 219.10 ms

P12
  Image     : unhealthy (97.95%)
  Image risk: 97.95%
  Sensor    : Unhealthy / Stress warning (59.00%)
  Sensor risk: 59.00%
  Fusion    : unhealthy (82.37%)
  Final     : STRESS WARNING
  Image time: 217.97 ms

========================================
Updating SQLite predictions...
========================================
12 plant records updated.

========================================
 INFERENCE COMPLETED
========================================
Capture ID           : CAP_20260831_150004
Plants processed     : 12
Average image latency: 223.55 ms
Min image latency    : 217.97 ms
Max image latency    : 263.22 ms
Sensor latency       : 182.418 ms
Total script time    : 6458.48 ms

Predictions saved to:
/hydroponic_project/database/hydroponic.db

Processing CAP_20260831_151503

========================================
 HYDROPONIC EDGE-AI INFERENCE
========================================
Device        : cpu
Image weight  : 0.60
Sensor weight : 0.40
Threshold     : 0.50

========================================
Loading MobileNetV2...
========================================
Model       : mobilenet_v2
Classes     : ['healthy', 'unhealthy']
Class map   : {'healthy': 0, 'unhealthy': 1}
Best epoch  : 9
Load time   : 340.28 ms

========================================
Loading Random Forest sensor model...
========================================
Model       : Random Forest
Features    : ['pH', 'TDS', 'water_level', 'DHT_temp', 'DHT_humidity', 'water_temp']
Classes     : [0 1]
Class map   : {'0': 'Unhealthy / Stress warning', '1': 'Healthy'}
Load time   : 3115.65 ms

========================================
CAPTURE
========================================
Capture ID : CAP_20260831_151503
Timestamp  : 2026-08-31 15:15:03
Plants     : 12

========================================
SENSOR VALUES
========================================
pH            : 6.12
TDS           : 807.8 ppm
Water level   : OK
Air temp      : 33.1 C
Humidity      : 65.1 %
Water temp    : 29.31 C

Sensor model  : Healthy
Sensor conf.  : 67.00%
Sensor risk   : 33.00%
Sensor time   : 177.873 ms

========================================
PLANT INFERENCE
========================================

P01
  Image     : healthy (92.65%)
  Image risk: 7.35%
  Sensor    : Healthy (67.00%)
  Sensor risk: 33.00%
  Fusion    : healthy (82.39%)
  Final     : HEALTHY
  Image time: 261.39 ms

P02
  Image     : healthy (100.00%)
  Image risk: 0.00%
  Sensor    : Healthy (67.00%)
  Sensor risk: 33.00%
  Fusion    : healthy (86.80%)
  Final     : HEALTHY
  Image time: 219.52 ms

P03
  Image     : healthy (100.00%)
  Image risk: 0.00%
  Sensor    : Healthy (67.00%)
  Sensor risk: 33.00%
  Fusion    : healthy (86.80%)
  Final     : HEALTHY
  Image time: 217.71 ms

P04
  Image     : healthy (76.47%)
  Image risk: 23.53%
  Sensor    : Healthy (67.00%)
  Sensor risk: 33.00%
  Fusion    : healthy (72.68%)
  Final     : HEALTHY
  Image time: 218.60 ms

P05
  Image     : healthy (76.21%)
  Image risk: 23.79%
  Sensor    : Healthy (67.00%)
  Sensor risk: 33.00%
  Fusion    : healthy (72.53%)
  Final     : HEALTHY
  Image time: 217.65 ms

P06
  Image     : healthy (99.10%)
  Image risk: 0.90%
  Sensor    : Healthy (67.00%)
  Sensor risk: 33.00%
  Fusion    : healthy (86.26%)
  Final     : HEALTHY
  Image time: 217.25 ms

P07
  Image     : healthy (100.00%)
  Image risk: 0.00%
  Sensor    : Healthy (67.00%)
  Sensor risk: 33.00%
  Fusion    : healthy (86.80%)
  Final     : HEALTHY
  Image time: 217.25 ms

P08
  Image     : healthy (98.22%)
  Image risk: 1.78%
  Sensor    : Healthy (67.00%)
  Sensor risk: 33.00%
  Fusion    : healthy (85.73%)
  Final     : HEALTHY
  Image time: 218.78 ms

P09
  Image     : healthy (91.07%)
  Image risk: 8.93%
  Sensor    : Healthy (67.00%)
  Sensor risk: 33.00%
  Fusion    : healthy (81.44%)
  Final     : HEALTHY
  Image time: 217.16 ms

P10
  Image     : healthy (99.87%)
  Image risk: 0.13%
  Sensor    : Healthy (67.00%)
  Sensor risk: 33.00%
  Fusion    : healthy (86.72%)
  Final     : HEALTHY
  Image time: 217.45 ms

P11
  Image     : healthy (99.99%)
  Image risk: 0.01%
  Sensor    : Healthy (67.00%)
  Sensor risk: 33.00%
  Fusion    : healthy (86.79%)
  Final     : HEALTHY
  Image time: 217.90 ms

P12
  Image     : healthy (96.39%)
  Image risk: 3.61%
  Sensor    : Healthy (67.00%)
  Sensor risk: 33.00%
  Fusion    : healthy (84.63%)
  Final     : HEALTHY
  Image time: 219.18 ms

========================================
Updating SQLite predictions...
========================================
12 plant records updated.

========================================
 INFERENCE COMPLETED
========================================
Capture ID           : CAP_20260831_151503
Plants processed     : 12
Average image latency: 221.65 ms
Min image latency    : 217.16 ms
Max image latency    : 261.39 ms
Sensor latency       : 177.873 ms
Total script time    : 6425.08 ms

Predictions saved to:
/hydroponic_project/database/hydroponic.db

Processing CAP_20260831_153003

========================================
 HYDROPONIC EDGE-AI INFERENCE
========================================
Device        : cpu
Image weight  : 0.60
Sensor weight : 0.40
Threshold     : 0.50

========================================
Loading MobileNetV2...
========================================
Model       : mobilenet_v2
Classes     : ['healthy', 'unhealthy']
Class map   : {'healthy': 0, 'unhealthy': 1}
Best epoch  : 9
Load time   : 339.17 ms

========================================
Loading Random Forest sensor model...
========================================
Model       : Random Forest
Features    : ['pH', 'TDS', 'water_level', 'DHT_temp', 'DHT_humidity', 'water_temp']
Classes     : [0 1]
Class map   : {'0': 'Unhealthy / Stress warning', '1': 'Healthy'}
Load time   : 3108.13 ms

========================================
CAPTURE
========================================
Capture ID : CAP_20260831_153003
Timestamp  : 2026-08-31 15:30:03
Plants     : 12

========================================
SENSOR VALUES
========================================
pH            : 6.2
TDS           : 806.6 ppm
Water level   : OK
Air temp      : 33.1 C
Humidity      : 66.0 %
Water temp    : 29.44 C

Sensor model  : Healthy
Sensor conf.  : 69.00%
Sensor risk   : 31.00%
Sensor time   : 174.039 ms

========================================
PLANT INFERENCE
========================================

P01
  Image     : healthy (99.96%)
  Image risk: 0.04%
  Sensor    : Healthy (69.00%)
  Sensor risk: 31.00%
  Fusion    : healthy (87.58%)
  Final     : HEALTHY
  Image time: 260.82 ms

P02
  Image     : healthy (100.00%)
  Image risk: 0.00%
  Sensor    : Healthy (69.00%)
  Sensor risk: 31.00%
  Fusion    : healthy (87.60%)
  Final     : HEALTHY
  Image time: 218.47 ms

P03
  Image     : healthy (100.00%)
  Image risk: 0.00%
  Sensor    : Healthy (69.00%)
  Sensor risk: 31.00%
  Fusion    : healthy (87.60%)
  Final     : HEALTHY
  Image time: 224.00 ms

P04
  Image     : healthy (99.31%)
  Image risk: 0.69%
  Sensor    : Healthy (69.00%)
  Sensor risk: 31.00%
  Fusion    : healthy (87.18%)
  Final     : HEALTHY
  Image time: 217.85 ms

P05
  Image     : healthy (99.61%)
  Image risk: 0.39%
  Sensor    : Healthy (69.00%)
  Sensor risk: 31.00%
  Fusion    : healthy (87.36%)
  Final     : HEALTHY
  Image time: 213.15 ms

P06
  Image     : healthy (100.00%)
  Image risk: 0.00%
  Sensor    : Healthy (69.00%)
  Sensor risk: 31.00%
  Fusion    : healthy (87.60%)
  Final     : HEALTHY
  Image time: 213.59 ms

P07
  Image     : healthy (100.00%)
  Image risk: 0.00%
  Sensor    : Healthy (69.00%)
  Sensor risk: 31.00%
  Fusion    : healthy (87.60%)
  Final     : HEALTHY
  Image time: 220.46 ms

P08
  Image     : healthy (98.55%)
  Image risk: 1.45%
  Sensor    : Healthy (69.00%)
  Sensor risk: 31.00%
  Fusion    : healthy (86.73%)
  Final     : HEALTHY
  Image time: 217.37 ms

P09
  Image     : healthy (98.92%)
  Image risk: 1.08%
  Sensor    : Healthy (69.00%)
  Sensor risk: 31.00%
  Fusion    : healthy (86.95%)
  Final     : HEALTHY
  Image time: 223.02 ms

P10
  Image     : healthy (99.99%)
  Image risk: 0.01%
  Sensor    : Healthy (69.00%)
  Sensor risk: 31.00%
  Fusion    : healthy (87.59%)
  Final     : HEALTHY
  Image time: 215.16 ms

P11
  Image     : healthy (99.98%)
  Image risk: 0.02%
  Sensor    : Healthy (69.00%)
  Sensor risk: 31.00%
  Fusion    : healthy (87.59%)
  Final     : HEALTHY
  Image time: 217.56 ms

P12
  Image     : healthy (99.98%)
  Image risk: 0.02%
  Sensor    : Healthy (69.00%)
  Sensor risk: 31.00%
  Fusion    : healthy (87.59%)
  Final     : HEALTHY
  Image time: 218.85 ms

========================================
Updating SQLite predictions...
========================================
12 plant records updated.

========================================
 INFERENCE COMPLETED
========================================
Capture ID           : CAP_20260831_153003
Plants processed     : 12
Average image latency: 221.69 ms
Min image latency    : 213.15 ms
Max image latency    : 260.82 ms
Sensor latency       : 174.039 ms
Total script time    : 6417.42 ms

Predictions saved to:
/hydroponic_project/database/hydroponic.db

Processing CAP_20260831_154504

========================================
 HYDROPONIC EDGE-AI INFERENCE
========================================
Device        : cpu
Image weight  : 0.60
Sensor weight : 0.40
Threshold     : 0.50

========================================
Loading MobileNetV2...
========================================
Model       : mobilenet_v2
Classes     : ['healthy', 'unhealthy']
Class map   : {'healthy': 0, 'unhealthy': 1}
Best epoch  : 9
Load time   : 342.94 ms

========================================
Loading Random Forest sensor model...
========================================
Model       : Random Forest
Features    : ['pH', 'TDS', 'water_level', 'DHT_temp', 'DHT_humidity', 'water_temp']
Classes     : [0 1]
Class map   : {'0': 'Unhealthy / Stress warning', '1': 'Healthy'}
Load time   : 3102.68 ms

========================================
CAPTURE
========================================
Capture ID : CAP_20260831_154504
Timestamp  : 2026-08-31 15:45:04
Plants     : 12

========================================
SENSOR VALUES
========================================
pH            : 6.11
TDS           : 803.6 ppm
Water level   : OK
Air temp      : 32.8 C
Humidity      : 66.2 %
Water temp    : 29.62 C

Sensor model  : Healthy
Sensor conf.  : 69.00%
Sensor risk   : 31.00%
Sensor time   : 180.194 ms

========================================
PLANT INFERENCE
========================================

P01
  Image     : healthy (99.71%)
  Image risk: 0.29%
  Sensor    : Healthy (69.00%)
  Sensor risk: 31.00%
  Fusion    : healthy (87.43%)
  Final     : HEALTHY
  Image time: 261.82 ms

P02
  Image     : healthy (100.00%)
  Image risk: 0.00%
  Sensor    : Healthy (69.00%)
  Sensor risk: 31.00%
  Fusion    : healthy (87.60%)
  Final     : HEALTHY
  Image time: 221.88 ms

P03
  Image     : healthy (99.99%)
  Image risk: 0.01%
  Sensor    : Healthy (69.00%)
  Sensor risk: 31.00%
  Fusion    : healthy (87.60%)
  Final     : HEALTHY
  Image time: 218.87 ms

P04
  Image     : healthy (99.71%)
  Image risk: 0.29%
  Sensor    : Healthy (69.00%)
  Sensor risk: 31.00%
  Fusion    : healthy (87.42%)
  Final     : HEALTHY
  Image time: 218.61 ms

P05
  Image     : healthy (99.73%)
  Image risk: 0.27%
  Sensor    : Healthy (69.00%)
  Sensor risk: 31.00%
  Fusion    : healthy (87.44%)
  Final     : HEALTHY
  Image time: 217.61 ms

P06
  Image     : healthy (99.99%)
  Image risk: 0.01%
  Sensor    : Healthy (69.00%)
  Sensor risk: 31.00%
  Fusion    : healthy (87.60%)
  Final     : HEALTHY
  Image time: 218.19 ms

P07
  Image     : healthy (99.99%)
  Image risk: 0.01%
  Sensor    : Healthy (69.00%)
  Sensor risk: 31.00%
  Fusion    : healthy (87.60%)
  Final     : HEALTHY
  Image time: 220.38 ms

P08
  Image     : healthy (98.61%)
  Image risk: 1.39%
  Sensor    : Healthy (69.00%)
  Sensor risk: 31.00%
  Fusion    : healthy (86.76%)
  Final     : HEALTHY
  Image time: 217.27 ms

P09
  Image     : healthy (98.77%)
  Image risk: 1.23%
  Sensor    : Healthy (69.00%)
  Sensor risk: 31.00%
  Fusion    : healthy (86.86%)
  Final     : HEALTHY
  Image time: 218.95 ms

P10
  Image     : healthy (99.97%)
  Image risk: 0.03%
  Sensor    : Healthy (69.00%)
  Sensor risk: 31.00%
  Fusion    : healthy (87.58%)
  Final     : HEALTHY
  Image time: 218.31 ms

P11
  Image     : healthy (99.93%)
  Image risk: 0.07%
  Sensor    : Healthy (69.00%)
  Sensor risk: 31.00%
  Fusion    : healthy (87.56%)
  Final     : HEALTHY
  Image time: 219.26 ms

P12
  Image     : healthy (99.94%)
  Image risk: 0.06%
  Sensor    : Healthy (69.00%)
  Sensor risk: 31.00%
  Fusion    : healthy (87.57%)
  Final     : HEALTHY
  Image time: 218.00 ms

========================================
Updating SQLite predictions...
========================================
12 plant records updated.

========================================
 INFERENCE COMPLETED
========================================
Capture ID           : CAP_20260831_154504
Plants processed     : 12
Average image latency: 222.43 ms
Min image latency    : 217.27 ms
Max image latency    : 261.82 ms
Sensor latency       : 180.194 ms
Total script time    : 6432.71 ms

Predictions saved to:
/hydroponic_project/database/hydroponic.db

Processing CAP_20260831_160003

========================================
 HYDROPONIC EDGE-AI INFERENCE
========================================
Device        : cpu
Image weight  : 0.60
Sensor weight : 0.40
Threshold     : 0.50

========================================
Loading MobileNetV2...
========================================
Model       : mobilenet_v2
Classes     : ['healthy', 'unhealthy']
Class map   : {'healthy': 0, 'unhealthy': 1}
Best epoch  : 9
Load time   : 339.06 ms

========================================
Loading Random Forest sensor model...
========================================
Model       : Random Forest
Features    : ['pH', 'TDS', 'water_level', 'DHT_temp', 'DHT_humidity', 'water_temp']
Classes     : [0 1]
Class map   : {'0': 'Unhealthy / Stress warning', '1': 'Healthy'}
Load time   : 3111.30 ms

========================================
CAPTURE
========================================
Capture ID : CAP_20260831_160003
Timestamp  : 2026-08-31 16:00:03
Plants     : 12

========================================
SENSOR VALUES
========================================
pH            : 6.18
TDS           : 800.7 ppm
Water level   : OK
Air temp      : 32.8 C
Humidity      : 67.9 %
Water temp    : 29.75 C

Sensor model  : Healthy
Sensor conf.  : 60.00%
Sensor risk   : 40.00%
Sensor time   : 175.608 ms

========================================
PLANT INFERENCE
========================================

P01
  Image     : healthy (99.88%)
  Image risk: 0.12%
  Sensor    : Healthy (60.00%)
  Sensor risk: 40.00%
  Fusion    : healthy (83.93%)
  Final     : HEALTHY
  Image time: 260.99 ms

P02
  Image     : healthy (100.00%)
  Image risk: 0.00%
  Sensor    : Healthy (60.00%)
  Sensor risk: 40.00%
  Fusion    : healthy (84.00%)
  Final     : HEALTHY
  Image time: 222.99 ms

P03
  Image     : healthy (100.00%)
  Image risk: 0.00%
  Sensor    : Healthy (60.00%)
  Sensor risk: 40.00%
  Fusion    : healthy (84.00%)
  Final     : HEALTHY
  Image time: 217.85 ms

P04
  Image     : healthy (99.76%)
  Image risk: 0.24%
  Sensor    : Healthy (60.00%)
  Sensor risk: 40.00%
  Fusion    : healthy (83.86%)
  Final     : HEALTHY
  Image time: 218.04 ms

P05
  Image     : healthy (99.77%)
  Image risk: 0.23%
  Sensor    : Healthy (60.00%)
  Sensor risk: 40.00%
  Fusion    : healthy (83.86%)
  Final     : HEALTHY
  Image time: 217.89 ms

P06
  Image     : healthy (100.00%)
  Image risk: 0.00%
  Sensor    : Healthy (60.00%)
  Sensor risk: 40.00%
  Fusion    : healthy (84.00%)
  Final     : HEALTHY
  Image time: 220.54 ms

P07
  Image     : healthy (99.99%)
  Image risk: 0.01%
  Sensor    : Healthy (60.00%)
  Sensor risk: 40.00%
  Fusion    : healthy (84.00%)
  Final     : HEALTHY
  Image time: 217.38 ms

P08
  Image     : healthy (98.83%)
  Image risk: 1.17%
  Sensor    : Healthy (60.00%)
  Sensor risk: 40.00%
  Fusion    : healthy (83.30%)
  Final     : HEALTHY
  Image time: 218.78 ms

P09
  Image     : healthy (99.46%)
  Image risk: 0.54%
  Sensor    : Healthy (60.00%)
  Sensor risk: 40.00%
  Fusion    : healthy (83.67%)
  Final     : HEALTHY
  Image time: 219.20 ms

P10
  Image     : healthy (99.90%)
  Image risk: 0.10%
  Sensor    : Healthy (60.00%)
  Sensor risk: 40.00%
  Fusion    : healthy (83.94%)
  Final     : HEALTHY
  Image time: 219.33 ms

P11
  Image     : healthy (99.76%)
  Image risk: 0.24%
  Sensor    : Healthy (60.00%)
  Sensor risk: 40.00%
  Fusion    : healthy (83.86%)
  Final     : HEALTHY
  Image time: 217.46 ms

P12
  Image     : healthy (99.98%)
  Image risk: 0.02%
  Sensor    : Healthy (60.00%)
  Sensor risk: 40.00%
  Fusion    : healthy (83.99%)
  Final     : HEALTHY
  Image time: 217.86 ms

========================================
Updating SQLite predictions...
========================================
12 plant records updated.

========================================
 INFERENCE COMPLETED
========================================
Capture ID           : CAP_20260831_160003
Plants processed     : 12
Average image latency: 222.36 ms
Min image latency    : 217.38 ms
Max image latency    : 260.99 ms
Sensor latency       : 175.608 ms
Total script time    : 6427.52 ms

Predictions saved to:
/hydroponic_project/database/hydroponic.db

Processing CAP_20260831_161503

========================================
 HYDROPONIC EDGE-AI INFERENCE
========================================
Device        : cpu
Image weight  : 0.60
Sensor weight : 0.40
Threshold     : 0.50

========================================
Loading MobileNetV2...
========================================
Model       : mobilenet_v2
Classes     : ['healthy', 'unhealthy']
Class map   : {'healthy': 0, 'unhealthy': 1}
Best epoch  : 9
Load time   : 342.53 ms

========================================
Loading Random Forest sensor model...
========================================
Model       : Random Forest
Features    : ['pH', 'TDS', 'water_level', 'DHT_temp', 'DHT_humidity', 'water_temp']
Classes     : [0 1]
Class map   : {'0': 'Unhealthy / Stress warning', '1': 'Healthy'}
Load time   : 3104.86 ms

========================================
CAPTURE
========================================
Capture ID : CAP_20260831_161503
Timestamp  : 2026-08-31 16:15:03
Plants     : 12

========================================
SENSOR VALUES
========================================
pH            : 6.19
TDS           : 799.9 ppm
Water level   : OK
Air temp      : 32.7 C
Humidity      : 66.0 %
Water temp    : 29.81 C

Sensor model  : Unhealthy / Stress warning
Sensor conf.  : 96.33%
Sensor risk   : 96.33%
Sensor time   : 177.943 ms

========================================
PLANT INFERENCE
========================================

P01
  Image     : healthy (99.84%)
  Image risk: 0.16%
  Sensor    : Unhealthy / Stress warning (96.33%)
  Sensor risk: 96.33%
  Fusion    : healthy (61.37%)
  Final     : HEALTHY
  Image time: 267.24 ms

P02
  Image     : healthy (100.00%)
  Image risk: 0.00%
  Sensor    : Unhealthy / Stress warning (96.33%)
  Sensor risk: 96.33%
  Fusion    : healthy (61.47%)
  Final     : HEALTHY
  Image time: 218.70 ms

P03
  Image     : healthy (100.00%)
  Image risk: 0.00%
  Sensor    : Unhealthy / Stress warning (96.33%)
  Sensor risk: 96.33%
  Fusion    : healthy (61.46%)
  Final     : HEALTHY
  Image time: 218.61 ms

P04
  Image     : healthy (99.82%)
  Image risk: 0.18%
  Sensor    : Unhealthy / Stress warning (96.33%)
  Sensor risk: 96.33%
  Fusion    : healthy (61.36%)
  Final     : HEALTHY
  Image time: 218.93 ms

P05
  Image     : healthy (99.76%)
  Image risk: 0.24%
  Sensor    : Unhealthy / Stress warning (96.33%)
  Sensor risk: 96.33%
  Fusion    : healthy (61.32%)
  Final     : HEALTHY
  Image time: 219.12 ms

P06
  Image     : healthy (100.00%)
  Image risk: 0.00%
  Sensor    : Unhealthy / Stress warning (96.33%)
  Sensor risk: 96.33%
  Fusion    : healthy (61.47%)
  Final     : HEALTHY
  Image time: 218.55 ms

P07
  Image     : healthy (99.99%)
  Image risk: 0.01%
  Sensor    : Unhealthy / Stress warning (96.33%)
  Sensor risk: 96.33%
  Fusion    : healthy (61.46%)
  Final     : HEALTHY
  Image time: 219.76 ms

P08
  Image     : healthy (98.34%)
  Image risk: 1.66%
  Sensor    : Unhealthy / Stress warning (96.33%)
  Sensor risk: 96.33%
  Fusion    : healthy (60.47%)
  Final     : HEALTHY
  Image time: 218.64 ms

P09
  Image     : healthy (99.62%)
  Image risk: 0.38%
  Sensor    : Unhealthy / Stress warning (96.33%)
  Sensor risk: 96.33%
  Fusion    : healthy (61.24%)
  Final     : HEALTHY
  Image time: 218.16 ms

P10
  Image     : healthy (99.93%)
  Image risk: 0.07%
  Sensor    : Unhealthy / Stress warning (96.33%)
  Sensor risk: 96.33%
  Fusion    : healthy (61.43%)
  Final     : HEALTHY
  Image time: 220.04 ms

P11
  Image     : healthy (99.92%)
  Image risk: 0.08%
  Sensor    : Unhealthy / Stress warning (96.33%)
  Sensor risk: 96.33%
  Fusion    : healthy (61.42%)
  Final     : HEALTHY
  Image time: 217.85 ms

P12
  Image     : healthy (99.96%)
  Image risk: 0.04%
  Sensor    : Unhealthy / Stress warning (96.33%)
  Sensor risk: 96.33%
  Fusion    : healthy (61.45%)
  Final     : HEALTHY
  Image time: 218.14 ms

========================================
Updating SQLite predictions...
========================================
12 plant records updated.

========================================
 INFERENCE COMPLETED
========================================
Capture ID           : CAP_20260831_161503
Plants processed     : 12
Average image latency: 222.81 ms
Min image latency    : 217.85 ms
Max image latency    : 267.24 ms
Sensor latency       : 177.943 ms
Total script time    : 6437.76 ms

Predictions saved to:
/hydroponic_project/database/hydroponic.db

Processing CAP_20260831_163004

========================================
 HYDROPONIC EDGE-AI INFERENCE
========================================
Device        : cpu
Image weight  : 0.60
Sensor weight : 0.40
Threshold     : 0.50

========================================
Loading MobileNetV2...
========================================
Model       : mobilenet_v2
Classes     : ['healthy', 'unhealthy']
Class map   : {'healthy': 0, 'unhealthy': 1}
Best epoch  : 9
Load time   : 339.09 ms

========================================
Loading Random Forest sensor model...
========================================
Model       : Random Forest
Features    : ['pH', 'TDS', 'water_level', 'DHT_temp', 'DHT_humidity', 'water_temp']
Classes     : [0 1]
Class map   : {'0': 'Unhealthy / Stress warning', '1': 'Healthy'}
Load time   : 3104.65 ms

========================================
CAPTURE
========================================
Capture ID : CAP_20260831_163004
Timestamp  : 2026-08-31 16:30:04
Plants     : 12

========================================
SENSOR VALUES
========================================
pH            : 6.23
TDS           : 796.7 ppm
Water level   : OK
Air temp      : 32.5 C
Humidity      : 67.5 %
Water temp    : 29.94 C

Sensor model  : Unhealthy / Stress warning
Sensor conf.  : 96.67%
Sensor risk   : 96.67%
Sensor time   : 178.025 ms

========================================
PLANT INFERENCE
========================================

P01
  Image     : healthy (99.72%)
  Image risk: 0.28%
  Sensor    : Unhealthy / Stress warning (96.67%)
  Sensor risk: 96.67%
  Fusion    : healthy (61.16%)
  Final     : HEALTHY
  Image time: 263.59 ms

P02
  Image     : healthy (100.00%)
  Image risk: 0.00%
  Sensor    : Unhealthy / Stress warning (96.67%)
  Sensor risk: 96.67%
  Fusion    : healthy (61.33%)
  Final     : HEALTHY
  Image time: 219.09 ms

P03
  Image     : healthy (100.00%)
  Image risk: 0.00%
  Sensor    : Unhealthy / Stress warning (96.67%)
  Sensor risk: 96.67%
  Fusion    : healthy (61.33%)
  Final     : HEALTHY
  Image time: 217.78 ms

P04
  Image     : healthy (99.97%)
  Image risk: 0.03%
  Sensor    : Unhealthy / Stress warning (96.67%)
  Sensor risk: 96.67%
  Fusion    : healthy (61.31%)
  Final     : HEALTHY
  Image time: 218.43 ms

P05
  Image     : healthy (99.83%)
  Image risk: 0.17%
  Sensor    : Unhealthy / Stress warning (96.67%)
  Sensor risk: 96.67%
  Fusion    : healthy (61.23%)
  Final     : HEALTHY
  Image time: 219.66 ms

P06
  Image     : healthy (100.00%)
  Image risk: 0.00%
  Sensor    : Unhealthy / Stress warning (96.67%)
  Sensor risk: 96.67%
  Fusion    : healthy (61.33%)
  Final     : HEALTHY
  Image time: 218.24 ms

P07
  Image     : healthy (100.00%)
  Image risk: 0.00%
  Sensor    : Unhealthy / Stress warning (96.67%)
  Sensor risk: 96.67%
  Fusion    : healthy (61.33%)
  Final     : HEALTHY
  Image time: 217.93 ms

P08
  Image     : healthy (99.46%)
  Image risk: 0.54%
  Sensor    : Unhealthy / Stress warning (96.67%)
  Sensor risk: 96.67%
  Fusion    : healthy (61.01%)
  Final     : HEALTHY
  Image time: 217.71 ms

P09
  Image     : healthy (99.60%)
  Image risk: 0.40%
  Sensor    : Unhealthy / Stress warning (96.67%)
  Sensor risk: 96.67%
  Fusion    : healthy (61.09%)
  Final     : HEALTHY
  Image time: 219.66 ms

P10
  Image     : healthy (99.98%)
  Image risk: 0.02%
  Sensor    : Unhealthy / Stress warning (96.67%)
  Sensor risk: 96.67%
  Fusion    : healthy (61.32%)
  Final     : HEALTHY
  Image time: 217.52 ms

P11
  Image     : healthy (99.88%)
  Image risk: 0.12%
  Sensor    : Unhealthy / Stress warning (96.67%)
  Sensor risk: 96.67%
  Fusion    : healthy (61.26%)
  Final     : HEALTHY
  Image time: 217.87 ms

P12
  Image     : healthy (99.94%)
  Image risk: 0.06%
  Sensor    : Unhealthy / Stress warning (96.67%)
  Sensor risk: 96.67%
  Fusion    : healthy (61.30%)
  Final     : HEALTHY
  Image time: 217.38 ms

========================================
Updating SQLite predictions...
========================================
12 plant records updated.

========================================
 INFERENCE COMPLETED
========================================
Capture ID           : CAP_20260831_163004
Plants processed     : 12
Average image latency: 222.07 ms
Min image latency    : 217.38 ms
Max image latency    : 263.59 ms
Sensor latency       : 178.025 ms
Total script time    : 6426.88 ms

Predictions saved to:
/hydroponic_project/database/hydroponic.db

Processing CAP_20260831_164504

========================================
 HYDROPONIC EDGE-AI INFERENCE
========================================
Device        : cpu
Image weight  : 0.60
Sensor weight : 0.40
Threshold     : 0.50

========================================
Loading MobileNetV2...
========================================
Model       : mobilenet_v2
Classes     : ['healthy', 'unhealthy']
Class map   : {'healthy': 0, 'unhealthy': 1}
Best epoch  : 9
Load time   : 340.40 ms

========================================
Loading Random Forest sensor model...
========================================
Model       : Random Forest
Features    : ['pH', 'TDS', 'water_level', 'DHT_temp', 'DHT_humidity', 'water_temp']
Classes     : [0 1]
Class map   : {'0': 'Unhealthy / Stress warning', '1': 'Healthy'}
Load time   : 3107.68 ms

========================================
CAPTURE
========================================
Capture ID : CAP_20260831_164504
Timestamp  : 2026-08-31 16:45:04
Plants     : 12

========================================
SENSOR VALUES
========================================
pH            : 6.3
TDS           : 795.7 ppm
Water level   : OK
Air temp      : 32.0 C
Humidity      : 69.0 %
Water temp    : 29.94 C

Sensor model  : Unhealthy / Stress warning
Sensor conf.  : 96.67%
Sensor risk   : 96.67%
Sensor time   : 175.199 ms

========================================
PLANT INFERENCE
========================================

P01
  Image     : healthy (98.28%)
  Image risk: 1.72%
  Sensor    : Unhealthy / Stress warning (96.67%)
  Sensor risk: 96.67%
  Fusion    : healthy (60.30%)
  Final     : HEALTHY
  Image time: 262.04 ms

P02
  Image     : healthy (100.00%)
  Image risk: 0.00%
  Sensor    : Unhealthy / Stress warning (96.67%)
  Sensor risk: 96.67%
  Fusion    : healthy (61.33%)
  Final     : HEALTHY
  Image time: 218.38 ms

P03
  Image     : healthy (100.00%)
  Image risk: 0.00%
  Sensor    : Unhealthy / Stress warning (96.67%)
  Sensor risk: 96.67%
  Fusion    : healthy (61.33%)
  Final     : HEALTHY
  Image time: 218.82 ms

P04
  Image     : healthy (99.36%)
  Image risk: 0.64%
  Sensor    : Unhealthy / Stress warning (96.67%)
  Sensor risk: 96.67%
  Fusion    : healthy (60.95%)
  Final     : HEALTHY
  Image time: 221.52 ms

P05
  Image     : healthy (99.95%)
  Image risk: 0.05%
  Sensor    : Unhealthy / Stress warning (96.67%)
  Sensor risk: 96.67%
  Fusion    : healthy (61.30%)
  Final     : HEALTHY
  Image time: 217.74 ms

P06
  Image     : healthy (100.00%)
  Image risk: 0.00%
  Sensor    : Unhealthy / Stress warning (96.67%)
  Sensor risk: 96.67%
  Fusion    : healthy (61.33%)
  Final     : HEALTHY
  Image time: 218.98 ms

P07
  Image     : healthy (100.00%)
  Image risk: 0.00%
  Sensor    : Unhealthy / Stress warning (96.67%)
  Sensor risk: 96.67%
  Fusion    : healthy (61.33%)
  Final     : HEALTHY
  Image time: 217.12 ms

P08
  Image     : healthy (97.56%)
  Image risk: 2.44%
  Sensor    : Unhealthy / Stress warning (96.67%)
  Sensor risk: 96.67%
  Fusion    : healthy (59.87%)
  Final     : HEALTHY
  Image time: 218.62 ms

P09
  Image     : healthy (99.83%)
  Image risk: 0.17%
  Sensor    : Unhealthy / Stress warning (96.67%)
  Sensor risk: 96.67%
  Fusion    : healthy (61.23%)
  Final     : HEALTHY
  Image time: 217.79 ms

P10
  Image     : healthy (99.99%)
  Image risk: 0.01%
  Sensor    : Unhealthy / Stress warning (96.67%)
  Sensor risk: 96.67%
  Fusion    : healthy (61.33%)
  Final     : HEALTHY
  Image time: 217.88 ms

P11
  Image     : healthy (99.96%)
  Image risk: 0.04%
  Sensor    : Unhealthy / Stress warning (96.67%)
  Sensor risk: 96.67%
  Fusion    : healthy (61.31%)
  Final     : HEALTHY
  Image time: 217.23 ms

P12
  Image     : healthy (99.97%)
  Image risk: 0.03%
  Sensor    : Unhealthy / Stress warning (96.67%)
  Sensor risk: 96.67%
  Fusion    : healthy (61.31%)
  Final     : HEALTHY
  Image time: 218.22 ms

========================================
Updating SQLite predictions...
========================================
12 plant records updated.

========================================
 INFERENCE COMPLETED
========================================
Capture ID           : CAP_20260831_164504
Plants processed     : 12
Average image latency: 222.03 ms
Min image latency    : 217.12 ms
Max image latency    : 262.04 ms
Sensor latency       : 175.199 ms
Total script time    : 6423.69 ms

Predictions saved to:
/hydroponic_project/database/hydroponic.db

Processing CAP_20260831_171503

========================================
 HYDROPONIC EDGE-AI INFERENCE
========================================
Device        : cpu
Image weight  : 0.60
Sensor weight : 0.40
Threshold     : 0.50

========================================
Loading MobileNetV2...
========================================
Model       : mobilenet_v2
Classes     : ['healthy', 'unhealthy']
Class map   : {'healthy': 0, 'unhealthy': 1}
Best epoch  : 9
Load time   : 344.65 ms

========================================
Loading Random Forest sensor model...
========================================
Model       : Random Forest
Features    : ['pH', 'TDS', 'water_level', 'DHT_temp', 'DHT_humidity', 'water_temp']
Classes     : [0 1]
Class map   : {'0': 'Unhealthy / Stress warning', '1': 'Healthy'}
Load time   : 3133.19 ms

========================================
CAPTURE
========================================
Capture ID : CAP_20260831_171503
Timestamp  : 2026-08-31 17:15:03
Plants     : 12

========================================
SENSOR VALUES
========================================
pH            : 6.16
TDS           : 826.0 ppm
Water level   : OK
Air temp      : 31.7 C
Humidity      : 70.7 %
Water temp    : 28.12 C

Sensor model  : Healthy
Sensor conf.  : 72.67%
Sensor risk   : 27.33%
Sensor time   : 180.187 ms

========================================
PLANT INFERENCE
========================================

P01
  Image     : healthy (98.97%)
  Image risk: 1.03%
  Sensor    : Healthy (72.67%)
  Sensor risk: 27.33%
  Fusion    : healthy (88.45%)
  Final     : HEALTHY
  Image time: 260.66 ms

P02
  Image     : healthy (100.00%)
  Image risk: 0.00%
  Sensor    : Healthy (72.67%)
  Sensor risk: 27.33%
  Fusion    : healthy (89.07%)
  Final     : HEALTHY
  Image time: 218.04 ms

P03
  Image     : healthy (100.00%)
  Image risk: 0.00%
  Sensor    : Healthy (72.67%)
  Sensor risk: 27.33%
  Fusion    : healthy (89.06%)
  Final     : HEALTHY
  Image time: 219.07 ms

P04
  Image     : healthy (99.84%)
  Image risk: 0.16%
  Sensor    : Healthy (72.67%)
  Sensor risk: 27.33%
  Fusion    : healthy (88.97%)
  Final     : HEALTHY
  Image time: 217.62 ms

P05
  Image     : healthy (99.98%)
  Image risk: 0.02%
  Sensor    : Healthy (72.67%)
  Sensor risk: 27.33%
  Fusion    : healthy (89.05%)
  Final     : HEALTHY
  Image time: 216.98 ms

P06
  Image     : healthy (100.00%)
  Image risk: 0.00%
  Sensor    : Healthy (72.67%)
  Sensor risk: 27.33%
  Fusion    : healthy (89.07%)
  Final     : HEALTHY
  Image time: 217.12 ms

P07
  Image     : healthy (100.00%)
  Image risk: 0.00%
  Sensor    : Healthy (72.67%)
  Sensor risk: 27.33%
  Fusion    : healthy (89.07%)
  Final     : HEALTHY
  Image time: 217.47 ms

P08
  Image     : healthy (99.55%)
  Image risk: 0.45%
  Sensor    : Healthy (72.67%)
  Sensor risk: 27.33%
  Fusion    : healthy (88.79%)
  Final     : HEALTHY
  Image time: 217.26 ms

P09
  Image     : healthy (98.04%)
  Image risk: 1.96%
  Sensor    : Healthy (72.67%)
  Sensor risk: 27.33%
  Fusion    : healthy (87.89%)
  Final     : HEALTHY
  Image time: 218.36 ms

P10
  Image     : healthy (99.99%)
  Image risk: 0.01%
  Sensor    : Healthy (72.67%)
  Sensor risk: 27.33%
  Fusion    : healthy (89.06%)
  Final     : HEALTHY
  Image time: 216.76 ms

P11
  Image     : healthy (99.97%)
  Image risk: 0.03%
  Sensor    : Healthy (72.67%)
  Sensor risk: 27.33%
  Fusion    : healthy (89.05%)
  Final     : HEALTHY
  Image time: 218.19 ms

P12
  Image     : healthy (99.92%)
  Image risk: 0.08%
  Sensor    : Healthy (72.67%)
  Sensor risk: 27.33%
  Fusion    : healthy (89.02%)
  Final     : HEALTHY
  Image time: 219.54 ms

========================================
Updating SQLite predictions...
========================================
12 plant records updated.

========================================
 INFERENCE COMPLETED
========================================
Capture ID           : CAP_20260831_171503
Plants processed     : 12
Average image latency: 221.42 ms
Min image latency    : 216.76 ms
Max image latency    : 260.66 ms
Sensor latency       : 180.187 ms
Total script time    : 6450.06 ms

Predictions saved to:
/hydroponic_project/database/hydroponic.db

Processing CAP_20260831_173003

========================================
 HYDROPONIC EDGE-AI INFERENCE
========================================
Device        : cpu
Image weight  : 0.60
Sensor weight : 0.40
Threshold     : 0.50

========================================
Loading MobileNetV2...
========================================
Model       : mobilenet_v2
Classes     : ['healthy', 'unhealthy']
Class map   : {'healthy': 0, 'unhealthy': 1}
Best epoch  : 9
Load time   : 339.16 ms

========================================
Loading Random Forest sensor model...
========================================
Model       : Random Forest
Features    : ['pH', 'TDS', 'water_level', 'DHT_temp', 'DHT_humidity', 'water_temp']
Classes     : [0 1]
Class map   : {'0': 'Unhealthy / Stress warning', '1': 'Healthy'}
Load time   : 3319.87 ms

========================================
CAPTURE
========================================
Capture ID : CAP_20260831_173003
Timestamp  : 2026-08-31 17:30:03
Plants     : 12

========================================
SENSOR VALUES
========================================
pH            : 6.1
TDS           : 822.0 ppm
Water level   : OK
Air temp      : 31.6 C
Humidity      : 72.2 %
Water temp    : 28.19 C

Sensor model  : Healthy
Sensor conf.  : 73.00%
Sensor risk   : 27.00%
Sensor time   : 202.105 ms

========================================
PLANT INFERENCE
========================================

P01
  Image     : healthy (97.78%)
  Image risk: 2.22%
  Sensor    : Healthy (73.00%)
  Sensor risk: 27.00%
  Fusion    : healthy (87.87%)
  Final     : HEALTHY
  Image time: 340.42 ms

P02
  Image     : healthy (100.00%)
  Image risk: 0.00%
  Sensor    : Healthy (73.00%)
  Sensor risk: 27.00%
  Fusion    : healthy (89.20%)
  Final     : HEALTHY
  Image time: 218.74 ms

P03
  Image     : healthy (99.99%)
  Image risk: 0.01%
  Sensor    : Healthy (73.00%)
  Sensor risk: 27.00%
  Fusion    : healthy (89.20%)
  Final     : HEALTHY
  Image time: 220.35 ms

P04
  Image     : healthy (98.65%)
  Image risk: 1.35%
  Sensor    : Healthy (73.00%)
  Sensor risk: 27.00%
  Fusion    : healthy (88.39%)
  Final     : HEALTHY
  Image time: 218.40 ms

P05
  Image     : healthy (99.77%)
  Image risk: 0.23%
  Sensor    : Healthy (73.00%)
  Sensor risk: 27.00%
  Fusion    : healthy (89.06%)
  Final     : HEALTHY
  Image time: 217.20 ms

P06
  Image     : healthy (100.00%)
  Image risk: 0.00%
  Sensor    : Healthy (73.00%)
  Sensor risk: 27.00%
  Fusion    : healthy (89.20%)
  Final     : HEALTHY
  Image time: 217.75 ms

P07
  Image     : healthy (100.00%)
  Image risk: 0.00%
  Sensor    : Healthy (73.00%)
  Sensor risk: 27.00%
  Fusion    : healthy (89.20%)
  Final     : HEALTHY
  Image time: 221.54 ms

P08
  Image     : unhealthy (86.87%)
  Image risk: 86.87%
  Sensor    : Healthy (73.00%)
  Sensor risk: 27.00%
  Fusion    : unhealthy (62.92%)
  Final     : STRESS WARNING
  Image time: 217.92 ms

P09
  Image     : healthy (93.21%)
  Image risk: 6.79%
  Sensor    : Healthy (73.00%)
  Sensor risk: 27.00%
  Fusion    : healthy (85.13%)
  Final     : HEALTHY
  Image time: 218.82 ms

P10
  Image     : healthy (99.97%)
  Image risk: 0.03%
  Sensor    : Healthy (73.00%)
  Sensor risk: 27.00%
  Fusion    : healthy (89.18%)
  Final     : HEALTHY
  Image time: 217.96 ms

P11
  Image     : healthy (99.86%)
  Image risk: 0.14%
  Sensor    : Healthy (73.00%)
  Sensor risk: 27.00%
  Fusion    : healthy (89.12%)
  Final     : HEALTHY
  Image time: 220.22 ms

P12
  Image     : healthy (99.28%)
  Image risk: 0.72%
  Sensor    : Healthy (73.00%)
  Sensor risk: 27.00%
  Fusion    : healthy (88.77%)
  Final     : HEALTHY
  Image time: 218.24 ms

========================================
Updating SQLite predictions...
========================================
12 plant records updated.

========================================
 INFERENCE COMPLETED
========================================
Capture ID           : CAP_20260831_173003
Plants processed     : 12
Average image latency: 228.96 ms
Min image latency    : 217.20 ms
Max image latency    : 340.42 ms
Sensor latency       : 202.105 ms
Total script time    : 6753.14 ms

Predictions saved to:
/hydroponic_project/database/hydroponic.db

Processing CAP_20260831_174503

========================================
 HYDROPONIC EDGE-AI INFERENCE
========================================
Device        : cpu
Image weight  : 0.60
Sensor weight : 0.40
Threshold     : 0.50

========================================
Loading MobileNetV2...
========================================
Model       : mobilenet_v2
Classes     : ['healthy', 'unhealthy']
Class map   : {'healthy': 0, 'unhealthy': 1}
Best epoch  : 9
Load time   : 342.43 ms

========================================
Loading Random Forest sensor model...
========================================
Model       : Random Forest
Features    : ['pH', 'TDS', 'water_level', 'DHT_temp', 'DHT_humidity', 'water_temp']
Classes     : [0 1]
Class map   : {'0': 'Unhealthy / Stress warning', '1': 'Healthy'}
Load time   : 3189.56 ms

========================================
CAPTURE
========================================
Capture ID : CAP_20260831_174503
Timestamp  : 2026-08-31 17:45:03
Plants     : 12

========================================
SENSOR VALUES
========================================
pH            : 6.26
TDS           : 818.6 ppm
Water level   : OK
Air temp      : 31.5 C
Humidity      : 72.4 %
Water temp    : 28.31 C

Sensor model  : Healthy
Sensor conf.  : 72.00%
Sensor risk   : 28.00%
Sensor time   : 185.565 ms

========================================
PLANT INFERENCE
========================================

P01
  Image     : healthy (92.56%)
  Image risk: 7.44%
  Sensor    : Healthy (72.00%)
  Sensor risk: 28.00%
  Fusion    : healthy (84.34%)
  Final     : HEALTHY
  Image time: 305.20 ms

P02
  Image     : healthy (100.00%)
  Image risk: 0.00%
  Sensor    : Healthy (72.00%)
  Sensor risk: 28.00%
  Fusion    : healthy (88.80%)
  Final     : HEALTHY
  Image time: 241.87 ms

P03
  Image     : healthy (99.87%)
  Image risk: 0.13%
  Sensor    : Healthy (72.00%)
  Sensor risk: 28.00%
  Fusion    : healthy (88.72%)
  Final     : HEALTHY
  Image time: 251.32 ms

P04
  Image     : healthy (81.49%)
  Image risk: 18.51%
  Sensor    : Healthy (72.00%)
  Sensor risk: 28.00%
  Fusion    : healthy (77.69%)
  Final     : HEALTHY
  Image time: 247.39 ms

P05
  Image     : healthy (99.72%)
  Image risk: 0.28%
  Sensor    : Healthy (72.00%)
  Sensor risk: 28.00%
  Fusion    : healthy (88.63%)
  Final     : HEALTHY
  Image time: 256.72 ms

P06
  Image     : healthy (100.00%)
  Image risk: 0.00%
  Sensor    : Healthy (72.00%)
  Sensor risk: 28.00%
  Fusion    : healthy (88.80%)
  Final     : HEALTHY
  Image time: 250.12 ms

P07
  Image     : healthy (100.00%)
  Image risk: 0.00%
  Sensor    : Healthy (72.00%)
  Sensor risk: 28.00%
  Fusion    : healthy (88.80%)
  Final     : HEALTHY
  Image time: 261.37 ms

P08
  Image     : unhealthy (65.03%)
  Image risk: 65.03%
  Sensor    : Healthy (72.00%)
  Sensor risk: 28.00%
  Fusion    : unhealthy (50.22%)
  Final     : STRESS WARNING
  Image time: 254.41 ms

P09
  Image     : healthy (97.94%)
  Image risk: 2.06%
  Sensor    : Healthy (72.00%)
  Sensor risk: 28.00%
  Fusion    : healthy (87.57%)
  Final     : HEALTHY
  Image time: 252.63 ms

P10
  Image     : healthy (99.83%)
  Image risk: 0.17%
  Sensor    : Healthy (72.00%)
  Sensor risk: 28.00%
  Fusion    : healthy (88.70%)
  Final     : HEALTHY
  Image time: 251.47 ms

P11
  Image     : healthy (99.08%)
  Image risk: 0.92%
  Sensor    : Healthy (72.00%)
  Sensor risk: 28.00%
  Fusion    : healthy (88.25%)
  Final     : HEALTHY
  Image time: 247.77 ms

P12
  Image     : healthy (97.97%)
  Image risk: 2.03%
  Sensor    : Healthy (72.00%)
  Sensor risk: 28.00%
  Fusion    : healthy (87.58%)
  Final     : HEALTHY
  Image time: 257.34 ms

========================================
Updating SQLite predictions...
========================================
12 plant records updated.

========================================
 INFERENCE COMPLETED
========================================
Capture ID           : CAP_20260831_174503
Plants processed     : 12
Average image latency: 256.47 ms
Min image latency    : 241.87 ms
Max image latency    : 305.20 ms
Sensor latency       : 185.565 ms
Total script time    : 6943.11 ms

Predictions saved to:
/hydroponic_project/database/hydroponic.db

Processing CAP_20260831_180003

========================================
 HYDROPONIC EDGE-AI INFERENCE
========================================
Device        : cpu
Image weight  : 0.60
Sensor weight : 0.40
Threshold     : 0.50

========================================
Loading MobileNetV2...
========================================
Model       : mobilenet_v2
Classes     : ['healthy', 'unhealthy']
Class map   : {'healthy': 0, 'unhealthy': 1}
Best epoch  : 9
Load time   : 340.21 ms

========================================
Loading Random Forest sensor model...
========================================
Model       : Random Forest
Features    : ['pH', 'TDS', 'water_level', 'DHT_temp', 'DHT_humidity', 'water_temp']
Classes     : [0 1]
Class map   : {'0': 'Unhealthy / Stress warning', '1': 'Healthy'}
Load time   : 3106.14 ms

========================================
CAPTURE
========================================
Capture ID : CAP_20260831_180003
Timestamp  : 2026-08-31 18:00:03
Plants     : 12

========================================
SENSOR VALUES
========================================
pH            : 6.16
TDS           : 817.7 ppm
Water level   : OK
Air temp      : 31.5 C
Humidity      : 71.8 %
Water temp    : 28.44 C

Sensor model  : Healthy
Sensor conf.  : 73.33%
Sensor risk   : 26.67%
Sensor time   : 175.247 ms

========================================
PLANT INFERENCE
========================================

P01
  Image     : healthy (67.06%)
  Image risk: 32.94%
  Sensor    : Healthy (73.33%)
  Sensor risk: 26.67%
  Fusion    : healthy (69.57%)
  Final     : HEALTHY
  Image time: 261.59 ms

P02
  Image     : healthy (99.38%)
  Image risk: 0.62%
  Sensor    : Healthy (73.33%)
  Sensor risk: 26.67%
  Fusion    : healthy (88.96%)
  Final     : HEALTHY
  Image time: 229.01 ms

P03
  Image     : healthy (80.80%)
  Image risk: 19.20%
  Sensor    : Healthy (73.33%)
  Sensor risk: 26.67%
  Fusion    : healthy (77.82%)
  Final     : HEALTHY
  Image time: 217.04 ms

P04
  Image     : unhealthy (52.20%)
  Image risk: 52.20%
  Sensor    : Healthy (73.33%)
  Sensor risk: 26.67%
  Fusion    : healthy (58.01%)
  Final     : HEALTHY
  Image time: 218.01 ms

P05
  Image     : healthy (81.37%)
  Image risk: 18.63%
  Sensor    : Healthy (73.33%)
  Sensor risk: 26.67%
  Fusion    : healthy (78.16%)
  Final     : HEALTHY
  Image time: 217.79 ms

P06
  Image     : healthy (99.61%)
  Image risk: 0.39%
  Sensor    : Healthy (73.33%)
  Sensor risk: 26.67%
  Fusion    : healthy (89.10%)
  Final     : HEALTHY
  Image time: 219.37 ms

P07
  Image     : healthy (99.34%)
  Image risk: 0.66%
  Sensor    : Healthy (73.33%)
  Sensor risk: 26.67%
  Fusion    : healthy (88.94%)
  Final     : HEALTHY
  Image time: 218.05 ms

P08
  Image     : healthy (77.28%)
  Image risk: 22.72%
  Sensor    : Healthy (73.33%)
  Sensor risk: 26.67%
  Fusion    : healthy (75.70%)
  Final     : HEALTHY
  Image time: 218.10 ms

P09
  Image     : healthy (80.17%)
  Image risk: 19.83%
  Sensor    : Healthy (73.33%)
  Sensor risk: 26.67%
  Fusion    : healthy (77.43%)
  Final     : HEALTHY
  Image time: 217.89 ms

P10
  Image     : healthy (98.62%)
  Image risk: 1.38%
  Sensor    : Healthy (73.33%)
  Sensor risk: 26.67%
  Fusion    : healthy (88.51%)
  Final     : HEALTHY
  Image time: 220.16 ms

P11
  Image     : healthy (97.58%)
  Image risk: 2.42%
  Sensor    : Healthy (73.33%)
  Sensor risk: 26.67%
  Fusion    : healthy (87.88%)
  Final     : HEALTHY
  Image time: 217.48 ms

P12
  Image     : healthy (79.13%)
  Image risk: 20.87%
  Sensor    : Healthy (73.33%)
  Sensor risk: 26.67%
  Fusion    : healthy (76.81%)
  Final     : HEALTHY
  Image time: 217.90 ms

========================================
Updating SQLite predictions...
========================================
12 plant records updated.

========================================
 INFERENCE COMPLETED
========================================
Capture ID           : CAP_20260831_180003
Plants processed     : 12
Average image latency: 222.70 ms
Min image latency    : 217.04 ms
Max image latency    : 261.59 ms
Sensor latency       : 175.247 ms
Total script time    : 6430.02 ms

Predictions saved to:
/hydroponic_project/database/hydroponic.db

Processing CAP_20260831_210013

========================================
 HYDROPONIC EDGE-AI INFERENCE
========================================
Device        : cpu
Image weight  : 0.60
Sensor weight : 0.40
Threshold     : 0.50

========================================
Loading MobileNetV2...
========================================
Model       : mobilenet_v2
Classes     : ['healthy', 'unhealthy']
Class map   : {'healthy': 0, 'unhealthy': 1}
Best epoch  : 9
Load time   : 340.26 ms

========================================
Loading Random Forest sensor model...
========================================
Model       : Random Forest
Features    : ['pH', 'TDS', 'water_level', 'DHT_temp', 'DHT_humidity', 'water_temp']
Classes     : [0 1]
Class map   : {'0': 'Unhealthy / Stress warning', '1': 'Healthy'}
Load time   : 3111.98 ms

========================================
CAPTURE
========================================
Capture ID : CAP_20260831_210013
Timestamp  : 2026-08-31 21:00:13
Plants     : 12

WARNING: Very low camera light.
Camera Lux: 3.628141403198242
Image prediction may be less reliable.

========================================
SENSOR VALUES
========================================
pH            : 6.24
TDS           : 797.2 ppm
Water level   : OK
Air temp      : 30.7 C
Humidity      : 73.7 %
Water temp    : 29.06 C

Sensor model  : Unhealthy / Stress warning
Sensor conf.  : 92.67%
Sensor risk   : 92.67%
Sensor time   : 179.693 ms

========================================
PLANT INFERENCE
========================================

P01
  Image     : unhealthy (57.67%)
  Image risk: 57.67%
  Sensor    : Unhealthy / Stress warning (92.67%)
  Sensor risk: 92.67%
  Fusion    : unhealthy (71.67%)
  Final     : STRESS WARNING
  Image time: 261.51 ms

P02
  Image     : unhealthy (99.94%)
  Image risk: 99.94%
  Sensor    : Unhealthy / Stress warning (92.67%)
  Sensor risk: 92.67%
  Fusion    : unhealthy (97.03%)
  Final     : STRESS WARNING
  Image time: 217.74 ms

P03
  Image     : unhealthy (100.00%)
  Image risk: 100.00%
  Sensor    : Unhealthy / Stress warning (92.67%)
  Sensor risk: 92.67%
  Fusion    : unhealthy (97.06%)
  Final     : STRESS WARNING
  Image time: 218.34 ms

P04
  Image     : unhealthy (99.39%)
  Image risk: 99.39%
  Sensor    : Unhealthy / Stress warning (92.67%)
  Sensor risk: 92.67%
  Fusion    : unhealthy (96.70%)
  Final     : STRESS WARNING
  Image time: 218.67 ms

P05
  Image     : unhealthy (97.79%)
  Image risk: 97.79%
  Sensor    : Unhealthy / Stress warning (92.67%)
  Sensor risk: 92.67%
  Fusion    : unhealthy (95.74%)
  Final     : STRESS WARNING
  Image time: 214.23 ms

P06
  Image     : unhealthy (98.20%)
  Image risk: 98.20%
  Sensor    : Unhealthy / Stress warning (92.67%)
  Sensor risk: 92.67%
  Fusion    : unhealthy (95.98%)
  Final     : STRESS WARNING
  Image time: 214.43 ms

P07
  Image     : unhealthy (59.22%)
  Image risk: 59.22%
  Sensor    : Unhealthy / Stress warning (92.67%)
  Sensor risk: 92.67%
  Fusion    : unhealthy (72.60%)
  Final     : STRESS WARNING
  Image time: 217.60 ms

P08
  Image     : unhealthy (77.75%)
  Image risk: 77.75%
  Sensor    : Unhealthy / Stress warning (92.67%)
  Sensor risk: 92.67%
  Fusion    : unhealthy (83.72%)
  Final     : STRESS WARNING
  Image time: 217.71 ms

P09
  Image     : unhealthy (100.00%)
  Image risk: 100.00%
  Sensor    : Unhealthy / Stress warning (92.67%)
  Sensor risk: 92.67%
  Fusion    : unhealthy (97.06%)
  Final     : STRESS WARNING
  Image time: 218.05 ms

P10
  Image     : unhealthy (100.00%)
  Image risk: 100.00%
  Sensor    : Unhealthy / Stress warning (92.67%)
  Sensor risk: 92.67%
  Fusion    : unhealthy (97.07%)
  Final     : STRESS WARNING
  Image time: 216.77 ms

P11
  Image     : unhealthy (85.48%)
  Image risk: 85.48%
  Sensor    : Unhealthy / Stress warning (92.67%)
  Sensor risk: 92.67%
  Fusion    : unhealthy (88.36%)
  Final     : STRESS WARNING
  Image time: 218.59 ms

P12
  Image     : unhealthy (75.66%)
  Image risk: 75.66%
  Sensor    : Unhealthy / Stress warning (92.67%)
  Sensor risk: 92.67%
  Fusion    : unhealthy (82.47%)
  Final     : STRESS WARNING
  Image time: 218.07 ms

========================================
Updating SQLite predictions...
========================================
12 plant records updated.

========================================
 INFERENCE COMPLETED
========================================
Capture ID           : CAP_20260831_210013
Plants processed     : 12
Average image latency: 220.98 ms
Min image latency    : 214.23 ms
Max image latency    : 261.51 ms
Sensor latency       : 179.693 ms
Total script time    : 6378.27 ms

Predictions saved to:
/hydroponic_project/database/hydroponic.db

